timestamp,time_s,lat,lon,altitude_m,vx_ms,vy_ms,vz_ms,speed_ms,roll_deg,pitch_deg,yaw_deg,battery_pct,motor1_pwm,motor2_pwm,motor3_pwm,motor4_pwm
2024-05-20 00:00:00.000000,0.0,12.971574241018295,77.59460855267231,0.0,0.0,0.2413282843745851,0.6686733556298773,0.7108891596926352,0.3276741269060106,-1.3009730539395084,359.92223433297164,100.06411942327897,1181.820390649754,1206.6998579084766,1207.1309447779515,1195.7259437477583
2024-05-20 00:00:00.100033,0.10003334444814939,12.971566264814511,77.59460434474752,0.06688963210702341,0.0,0.20589601321812523,0.6686733556298773,0.6996550755825607,0.6994246972425123,1.386350196343959,359.9666945480115,100.0231859366934,1195.0018386017257,1202.5543645511818,1199.9913334821013,1205.3973233360127
2024-05-20 00:00:00.200067,0.20006668889629878,12.971561949208763,77.5946019212726,0.13377926421404682,0.0,-0.23373303911945675,0.6686733556298771,0.7083468007306432,4.075703407831053,-1.917345708470661,359.99917312253916,99.91463747323347,1221.034031198982,1194.5207943953314,1193.037963912943,1188.7564350593182
2024-05-20 00:00:00.300100,0.3001000333444482,12.97155171556164,77.59462277456274,0.2006688963210702,0.0,0.09026103636334172,0.6686733556298774,0.6747378092375623,0.509005164821582,2.6569485030480595,359.9348785087654,99.95987174930376,1205.4034416746767,1216.8110695303578,1204.1528945093337,1195.3740761787553
2024-05-20 00:00:00.400133,0.40013337779259756,12.971549718949824,77.59462930339728,0.26755852842809363,0.0,0.39162973894074693,0.6686733556298776,0.7749180014376479,-1.4784010187423824,-2.124834697138327,0.018937970835255086,99.76127376317685,1205.4386934285749,1207.4129599195962,1216.1480152068743,1215.6025013673118
2024-05-20 00:00:00.500167,0.500166722240747,12.9715300376907,77.59464571221513,0.33444816053511706,0.0,0.10408468314499147,0.6686733556298772,0.6767257035126666,2.555104140489515,2.4739271631462953,359.90952188961813,99.80337234409397,1216.0038180558995,1201.0566337954247,1206.0526278854636,1208.8308775652317
2024-05-20 00:00:00.600200,0.6002000666888964,12.971526913599192,77.59463692086705,0.4013377926421404,0.0,-0.10658503007122709,0.668673355629877,0.6771147799041196,0.23262999010992472,-4.738837695912232,359.8054822716398,99.92111671065739,1206.3643035348382,1210.1252685983538,1212.5145956018355,1197.6938566626127
2024-05-20 00:00:00.700233,0.7002334111370457,12.971532235587194,77.5946443378448,0.46822742474916385,0.0,0.2888396299444379,0.6686733556298772,0.728390272007912,0.26296824315749123,2.0903952486982904,359.7672308422001,99.79131327296798,1195.6193601271361,1207.3993256646265,1192.7218625069022,1196.0914013146532
2024-05-20 00:00:00.800267,0.8002667555851951,12.971526738620502,77.59465181653336,0.5351170568561873,0.0,-0.11396492976403683,0.6686733556298772,0.6783156062965395,6.171165246843584,1.753479572670289,359.52314441056905,99.75470837678101,1197.764083196092,1201.155942777416,1186.975840942187,1202.6795984075654
2024-05-20 00:00:00.900300,0.9003001000333445,12.971529679685116,77.59465514555023,0.6020066889632106,0.0,-0.4515349231004435,0.6686733556298776,0.8068505706192717,-1.544745126627298,0.20479473482953206,359.23881212126423,99.66324008062317,1203.0838684748614,1212.2911957041813,1200.793437554203,1200.2454519232488
2024-05-20 00:00:01.000333,1.000333444481494,12.971535204773303,77.59465209398495,0.6688963210702341,0.0,-0.04524119498005744,0.6686733556298767,0.6702020756850453,0.7366121209770008,-0.10628913278634418,359.25937608149025,99.70332555946294,1210.6179825308197,1212.2504790157905,1208.225405067341,1220.8430082333227
2024-05-20 00:00:01.100367,1.1003667889296433,12.971548600675218,77.59465111734465,0.7357859531772575,0.0,-0.10465475691886726,0.6686733556298772,0.6768136188605157,-1.4602965847905685,-3.317293555017698,359.0650788090292,99.67035182632036,1232.9873987846224,1196.385278153255,1200.4185927904089,1195.1091318380936
2024-05-20 00:00:01.200400,1.2004001333777927,12.971561447391391,77.59464586306585,0.8026755852842808,0.0,-0.10958476027713299,0.6686733556298776,0.6775934446364704,1.3523623073599693,0.3213128021004525,359.07227952600164,99.57780166911762,1208.4836516296973,1202.518298748654,1216.3895133267674,1233.1865205433733
2024-05-20 00:00:01.300433,1.300433477825942,12.971546366381432,77.59464377727284,0.8695652173913043,0.0,0.2555584879976292,0.6686733556298767,0.715845093101122,-0.42613086373221537,0.35657278340031817,359.151655199771,99.43516757593918,1201.2597189387784,1200.615609618106,1221.7017853266834,1201.1526231916928
2024-05-20 00:00:01.400467,1.4004668222740915,12.971548710122516,77.59467359757873,0.9364548494983277,0.0,-0.34621867231939646,0.6686733556298776,0.7529883303158996,0.482350768884295,2.248457261856308,359.07186436914776,99.48763643897703,1208.107409322075,1214.438246741893,1206.5350631669735,1204.543871378977
2024-05-20 00:00:01.500500,1.5005001667222408,12.97155420028549,77.59467323015986,1.0033444816053512,0.0,0.32932333705336797,0.6686733556298776,0.745370992766211,-0.4150642278459081,0.5584246290707131,359.11125563594777,99.30964180327865,1196.1563510839326,1217.2720214021024,1200.7646961123635,1225.4736062746817
2024-05-20 00:00:01.600534,1.6005335111703902,12.971556397369326,77.59466659494886,1.0702341137123745,0.0,-0.4462542310566391,0.6686733556298767,0.8039072678271243,-0.02080803554490517,-0.3480519858429601,358.9867274994733,99.51191634092808,1206.2405634989047,1202.2466506597498,1190.279354468722,1196.748905893687
2024-05-20 00:00:01.700567,1.7005668556185396,12.971550835692534,77.59467800615802,1.137123745819398,0.0,-0.15506938470236611,0.6686733556298767,0.6864186554875166,-0.10081395089887307,-4.323992651716957,359.2887521765886,99.2688214795414,1196.1662370633624,1194.2767030158002,1203.6410937011917,1214.919697318652
2024-05-20 00:00:01.800600,1.800600200066689,12.971553129853847,77.5946921966329,1.2040133779264213,0.0,-0.09883349840485202,0.6686733556298776,0.675937953466339,-3.8276973135873744,0.526073614078212,359.2445988165098,99.31968653112709,1197.492523441027,1211.5311756745925,1195.3423041615993,1201.513090608709
2024-05-20 00:00:01.900634,1.9006335445148383,12.971580563069473,77.59468694102657,1.2709030100334449,0.0,0.04257146206216646,0.6686733556298776,0.6700271531150296,2.373330652487268,0.6755504175700611,359.3344350293334,99.42967223102865,1203.0184548994855,1204.3872254595615,1194.313217940944,1203.6666102609502
2024-05-20 00:00:02.000667,2.000666888962988,12.971561059297619,77.5946758894613,1.3377926421404682,0.0,0.41923866293159584,0.6686733556298767,0.7892307096318489,-1.0330235593099406,0.08603718944992315,359.2737182393083,99.35348738768637,1216.3515757731789,1186.2979744794852,1216.4897095003973,1195.6582853214893
2024-05-20 00:00:02.100700,2.1007002334111373,12.971557506809171,77.59467452967489,1.4046822742474916,0.0,0.36257994260892246,0.6686733556298767,0.7606499006189438,2.618532171897872,4.394776675860639,359.33232389594525,99.27510296188667,1192.844140905013,1199.915658405602,1207.9456095956486,1203.5299513425973
2024-05-20 00:00:02.200734,2.2007335778592867,12.971539845258132,77.59467448286635,1.471571906354515,0.0,-0.22731202092251557,0.6686733556298776,0.7062540699954931,0.55123216591582,1.426226043138494,359.12225923149794,99.35597628927819,1200.3112156533875,1186.0966571108308,1202.2713512707505,1207.0877220909579
2024-05-20 00:00:02.300767,2.300766922307436,12.971542546931168,77.59467331525612,1.5384615384615383,0.0,-0.3028467304446662,0.6686733556298776,0.7340573538016938,2.0619724964482566,-0.027774353498563265,359.21291884892105,99.27236707728483,1212.7021152067953,1201.9598636951591,1191.2994429557864,1212.6606037312622
2024-05-20 00:00:02.400800,2.4008002667555854,12.971543326240257,77.59468715145691,1.6053511705685617,0.0,0.09904605589939237,0.6686733556298776,0.6759690656520803,0.5124569710383894,-2.511894613365854,359.1706266004917,99.31342051236601,1213.8732345500077,1197.7984558757787,1209.657698574523,1189.1365332033788
2024-05-20 00:00:02.500834,2.500833611203735,12.971550692122728,77.59467298796235,1.6722408026755853,0.0,0.08662282990984455,0.6686733556298776,0.6742607590472033,0.6813310430752946,-1.2940357982829191,359.2694773016055,99.10068424572673,1218.787704210982,1207.990564258388,1200.7296697305544,1188.0155000428106
2024-05-20 00:00:02.600867,2.600866955651884,12.971558681181826,77.59466936800688,1.7391304347826086,0.0,0.2257078855026165,0.6686733556298776,0.7057394038222488,-1.6649876677731787,-0.966163824617358,359.3690930095329,98.95665152270537,1220.4821112581803,1175.952456097102,1230.312817147762,1204.2465650122551
2024-05-20 00:00:02.700900,2.7009003001000336,12.97155342263691,77.59466931234071,1.806020066889632,0.0,0.047019403631026,0.6686733556298758,0.6703244593830183,1.8646654684584103,1.2445103984688293,359.43138160149704,99.08095915118538,1207.965067249908,1186.7673449617912,1202.7608649965764,1187.2439334895887
2024-05-20 00:00:02.800934,2.800933644548183,12.971548675371082,77.59467411823684,1.8729096989966554,0.0,-0.15019306583863268,0.6686733556298758,0.6853335053500057,-3.3071481235731945,-1.3701938696079285,359.34324444717504,99.19119100163658,1209.1479430519976,1197.5263538650693,1197.4204250107305,1221.9794873815965
2024-05-20 00:00:02.900967,2.9009669889963323,12.971547458519805,77.59467229913133,1.9397993311036787,0.0,-0.10226472208870366,0.6686733556298794,0.6764481723777536,1.7252400244600803,-1.025764081702578,359.38727234430866,98.96259887473076,1208.7174352096008,1218.0012640446819,1233.3232187671094,1203.5196006490467
2024-05-20 00:00:03.001000,3.0010003334444817,12.97153589543718,77.59466711215231,2.0066889632107023,0.0,-0.11070562023607063,0.6686733556298776,0.6777756198633689,-1.7729342562100843,-1.9324225825423205,359.31146112225383,98.843680241173,1216.4270040013157,1201.9833740693666,1210.502965489866,1202.06715556486
2024-05-20 00:00:03.101034,3.101033677892631,12.971531213306701,77.59465547172938,2.0735785953177257,0.0,0.008394307537327911,0.6686733556298758,0.6687260432556441,-0.7535682285171225,-0.4141798902392839,359.31753607470415,99.09370730834108,1230.9650592044602,1210.1073353847187,1226.506409329022,1221.605059085175
2024-05-20 00:00:03.201067,3.2010670223407804,12.971522520741136,77.59464133036148,2.140468227424749,0.0,0.2212042169623422,0.6686733556298776,0.7043119778416691,-0.475929222120658,0.2410976687245036,359.23464608364196,98.77300001853949,1209.8147905757705,1199.2681094545158,1208.3001071715817,1202.6946130669357
2024-05-20 00:00:03.301100,3.30110036678893,12.971508515601888,77.59464123921816,2.2073578595317724,0.0,0.041547389975445465,0.6686733556298776,0.6699628662419228,0.9912708910878711,1.9827677934580947,359.54142809156565,98.91857412204344,1207.1112282087931,1202.4163413663157,1210.219577056529,1220.1529427272849
2024-05-20 00:00:03.401134,3.401133711237079,12.971505897295646,77.59463071544481,2.274247491638796,0.0,0.19318672001072182,0.6686733556298776,0.6960209517807793,2.2089685144057496,1.6338356973053083,359.6544233538698,98.93170679769892,1228.0001894726618,1223.3862549733287,1221.4351446650826,1184.6462768862434
2024-05-20 00:00:03.501167,3.5011670556852286,12.971505179035976,77.59461777517218,2.341137123745819,0.0,0.18589741068253945,0.6686733556298758,0.6940330711340715,0.0700862226136405,-2.277731205350433,359.59973181086616,98.96211883766921,1219.7989712033623,1198.6509506401944,1202.6787741634519,1200.385344175307
2024-05-20 00:00:03.601200,3.601200400133378,12.971490132481268,77.5946296514776,2.4080267558528425,0.0,-0.14374135065941837,0.6686733556298758,0.6839485597753038,-0.1923300889988561,-1.0074720911648365,359.51311059521765,98.79852604445168,1205.9394880244881,1207.9374130599128,1214.8088425902245,1204.9130781340184
2024-05-20 00:00:03.701234,3.7012337445815273,12.971496364904596,77.59462040666777,2.474916387959866,0.0,-0.12644291736389698,0.6686733556298794,0.6805232309633643,0.950622019066517,0.636342080471502,359.3377139862051,98.88092867071063,1220.2011259058027,1201.7576299430634,1225.7421057299487,1229.1766536158195
2024-05-20 00:00:03.801267,3.8012670890296767,12.971488833324244,77.59461998421534,2.5418060200668897,0.0,0.050945042469799785,0.6686733556298794,0.6706112539180751,-0.6676341398866045,4.436884649844682,359.38996497153187,98.79609499273444,1213.1695621909657,1225.988630795884,1217.1675395234984,1190.306589195396
2024-05-20 00:00:03.901300,3.901300433477826,12.971495511372586,77.59460632133583,2.608695652173913,0.0,-0.15436483859177802,0.6686733556298723,0.6862598341173548,3.0742514850901137,1.1966821076857768,359.5648961681837,98.82410953317606,1211.982706035313,1215.0539338502936,1207.7627608844937,1224.7266425153655
2024-05-20 00:00:04.001334,4.001333777925976,12.971496469038593,77.59459775053911,2.6755852842809364,0.0,0.038067030339048895,0.6686733556298776,0.6697560416511037,1.5342345581834982,-1.9741439511456067,359.5350451422649,98.61164909964637,1218.324363199777,1221.5301377349144,1212.7236394202512,1202.4799650738287
2024-05-20 00:00:04.101367,4.101367122374125,12.971496704120836,77.5945954427276,2.74247491638796,0.0,-0.021675400945929443,0.6686733556298776,0.6690245731925604,-0.5960996312097944,2.5529707569896085,359.49830706253437,98.8061171322047,1212.901116091154,1224.4645852108895,1219.5027582072094,1226.814160170874
2024-05-20 00:00:04.201400,4.201400466822275,12.971488990501648,77.59460025363886,2.809364548494983,0.0,0.016957312737660376,0.6686733556298794,0.6688883367084569,-0.04209596161042689,2.190759568471788,359.5245567388715,98.514858781904,1193.5945773997873,1207.9998518860245,1220.8037514660487,1217.20641582923
2024-05-20 00:00:04.301434,4.301433811270424,12.97149130013587,77.59461111936147,2.8762541806020065,0.0,0.147430470334955,0.6686733556298776,0.6847333788508537,-0.9614901620967501,-1.80524513460161,359.66512756176917,98.44334433981396,1213.6446907240668,1214.59038142951,1199.938748866795,1213.833141908094
2024-05-20 00:00:04.401467,4.401467155718573,12.971509550340079,77.59460415142567,2.94314381270903,0.0,-0.11887321722403704,0.6686733556298776,0.6791574915308775,-2.29929552670279,-2.1450329754400372,359.9161389471428,98.66133113745204,1212.1123020426144,1208.4236716321384,1223.2638763697107,1209.2894547189856
2024-05-20 00:00:04.501501,4.501500500166722,12.971498074677692,77.59460082030124,3.0100334448160533,0.0,-0.13082300130821015,0.6686733556298758,0.6813506543627931,0.016408303743718648,1.526705790137703,359.7729792592317,98.71350745153535,1217.7415214438724,1219.9056678048003,1222.4976558100682,1218.780709550368
2024-05-20 00:00:04.601534,4.601533844614872,12.971504931963622,77.59459798304428,3.0769230769230766,0.0,-0.3379231570234706,0.6686733556298776,0.7492103286674777,1.4072028702535206,0.13693008693395115,359.8930046672775,98.48421464870694,1216.3398623616163,1203.421053690349,1217.9124377172047,1221.9959967497543
2024-05-20 00:00:04.701567,4.701567189063021,12.971496220531186,77.59458684028371,3.1438127090301,0.0,0.11909865633796533,0.6686733556298758,0.6791969865001075,4.051926676774525,2.224325922177148,359.89696819650413,98.43821275921188,1213.805252297925,1198.428662124408,1210.8473261291408,1207.2428731448979
2024-05-20 00:00:04.801601,4.801600533511171,12.971494828376947,77.5945920530988,3.2107023411371234,0.0,0.07580388134549425,0.6686733556298812,0.6729563767112748,-1.8265122454565024,0.9057497796960277,359.92390165893374,98.2875650858858,1202.2903922814853,1186.6065712630577,1218.2033740790514,1200.4251480211103
2024-05-20 00:00:04.901634,4.90163387795932,12.97147889720053,77.59459462339025,3.277591973244147,0.0,0.3539065487262325,0.6686733556298776,0.7565539648700772,-0.4819831168124394,-0.9006119605054234,359.8875000887195,98.19020592318492,1214.761701939016,1224.9238092536962,1208.8691876764728,1234.9823824879575
2024-05-20 00:00:05.001667,5.00166722240747,12.971494478458496,77.59459955999081,3.3444816053511706,0.0,0.0018510475097351462,0.6686733556298741,0.6686759176957096,-0.6380349155647317,-1.935477569468981,359.9906037817422,98.39253572272702,1201.2444981077424,1206.3049481132598,1198.1516851623894,1219.7825389860327
2024-05-20 00:00:05.101701,5.101700566855619,12.971488930891834,77.59460219369201,3.411371237458194,0.0,0.017761195458570144,0.6686733556298741,0.6689091990647412,1.3772349237025638,0.727529157977559,0.12387345640165157,98.43698222491929,1207.417083932697,1210.7779307516748,1214.3354285735086,1226.7594866157517
2024-05-20 00:00:05.201734,5.201733911303768,12.97148074803685,77.59459947870825,3.4782608695652173,0.0,0.25868082615719834,0.6686733556298776,0.7169657079321796,-1.7256726165069125,2.2277817730035396,359.9875293242749,98.06540227319437,1226.8358341075682,1231.1318427758688,1233.103326231231,1217.0566627821634
2024-05-20 00:00:05.301767,5.301767255751917,12.971478245018599,77.59459322102711,3.5451505016722407,0.0,-0.15451365894809993,0.6686733556298776,0.686293324556527,1.8157464296894794,1.9298195464926613,0.016469763357496114,98.30919131693796,1208.5753811166062,1211.141846607195,1230.1023047227845,1227.3148827676412
2024-05-20 00:00:05.401801,5.401800600200067,12.97147794349037,77.59459140595213,3.612040133779264,0.0,0.4232832131113073,0.6686733556298776,0.791386590125934,1.5277642028501697,3.373388144487105,359.8513085575141,98.13350163741086,1196.221673201378,1217.137024450889,1221.141519648636,1233.4957972677316
2024-05-20 00:00:05.501834,5.501833944648216,12.971467912187117,77.59459790897411,3.6789297658862874,0.0,0.1360626147224968,0.6686733556298741,0.6823760632191304,-4.241420127596064,0.370085171810473,359.9481822797296,98.29030371901281,1237.1399036555033,1217.881628563765,1220.72554563649,1216.137458438205
2024-05-20 00:00:05.601867,5.601867289096366,12.97146593697467,77.59460120380346,3.7458193979933108,0.0,0.20134394047620813,0.6686733556298776,0.6983290334046034,2.760645666629775,2.806661789984287,0.011948721315418923,98.22740067750414,1224.534858444048,1219.7038380488602,1220.623627264791,1228.635281702901
2024-05-20 00:00:05.701901,5.701900633544515,12.971461284857808,77.59460938672683,3.812709030100334,0.0,-0.09672838501979068,0.6686733556298776,0.6756333598911896,-0.5544249099152362,-1.4464392992728752,0.07653049202711426,98.32154461148194,1218.8859861606145,1231.3440273125839,1222.988381292431,1234.728912734462
2024-05-20 00:00:05.801934,5.801933977992665,12.971448776170584,77.59461906636199,3.8795986622073575,0.0,-0.5037720426373236,0.6686733556298776,0.8372038744967095,-3.166464362868733,0.7787293958200472,0.182374530790762,98.13117184526374,1187.1191376197758,1215.5013734724562,1221.2421738361877,1222.2378176285843
2024-05-20 00:00:05.901967,5.901967322440814,12.971441282730632,77.5946119182614,3.9464882943143813,0.0,-0.03259535003460464,0.6686733556298776,0.6694673355535722,-2.5990812656510904,4.555208155130578,0.20767653542207695,97.89932933451229,1219.2517593818527,1217.392233671045,1234.6677780866216,1234.698560886336
2024-05-20 00:00:06.002001,6.002000666888963,12.971445927988789,77.59461363913418,4.013377926421405,0.0,0.06359097759646781,0.6686733556298812,0.6716903073299479,-4.341461290955065,-1.5434940429124742,0.13125679343527694,98.0724420663896,1236.879352852999,1235.9439052230882,1213.3592135214922,1221.7135596902456
2024-05-20 00:00:06.102034,6.102034011337112,12.971442624982286,77.59461799475713,4.080267558528428,0.0,0.16072640887307976,0.6686733556298776,0.6877187179643705,-0.5857305781510828,-0.5400025406481972,0.04442361827498102,97.82993434673394,1220.9614637667053,1227.3709968595958,1220.7313270407046,1220.021450090911
2024-05-20 00:00:06.202067,6.202067355785262,12.971438042397041,77.59462574524107,4.147157190635451,0.0,0.23608821850843525,0.6686733556298776,0.709127423985145,-1.130824702048694,1.4278897805856874,0.019975446414083192,98.00221478154965,1226.1259872427456,1223.1344748036831,1218.6090600081013,1237.828320779615
2024-05-20 00:00:06.302101,6.302100700233411,12.971439029805376,77.59462407410301,4.214046822742475,0.0,-0.37405417307377886,0.6686733556298776,0.7661857352647785,2.2403821179054964,-1.4996161715764975,359.8604080207166,97.64890796999288,1229.6199117491353,1209.2724938372583,1207.1063269644058,1217.892284733697
2024-05-20 00:00:06.402134,6.402134044681561,12.971434079319447,77.59462241688097,4.280936454849498,0.0,-0.2055252604422905,0.6686733556298741,0.6995460593907933,-1.7985036436827189,0.8777712036453663,359.87572041510236,97.91483630500252,1222.5264551068958,1215.0144476080284,1212.446179183354,1222.9372671437598
2024-05-20 00:00:06.502167,6.502167389129711,12.971423564793298,77.59462148864048,4.3478260869565215,0.0,-0.2307739939763745,0.6686733556298741,0.707375920444797,2.3596037074812766,2.019760795477805,359.9509734024022,97.92855398456443,1225.1538006938865,1209.4751763126544,1227.2454152823022,1212.854352269096
2024-05-20 00:00:06.602201,6.60220073357786,12.97142606819076,77.59460313526964,4.414715719063545,0.0,0.35692120272157923,0.6686733556298741,0.7579688657732154,-1.5989769749490754,-1.6637861275298613,0.040180921166125844,97.75168862041959,1200.162829207674,1224.3340613413625,1223.2764542989455,1226.1516919296025
2024-05-20 00:00:06.702234,6.7022340780260095,12.971424764880666,77.5946022737345,4.481605351170568,0.0,-0.10644093047831507,0.6686733556298776,0.677092112057444,1.2373754354892812,-0.4687356513087932,0.004123055683247445,97.76200786705844,1213.930212778236,1214.2420241166549,1217.2215603630993,1212.6951082801415
2024-05-20 00:00:06.802267,6.802267422474158,12.971419511470517,77.59458622692343,4.548494983277592,0.0,0.0012130306508944847,0.6686733556298776,0.6686744558996409,2.9479066590058283,-1.3847797909843176,0.05691430184722438,97.62624336629547,1220.233119909739,1214.8878007541975,1227.5920793538921,1213.1043446608985
2024-05-20 00:00:06.902301,6.902300766922308,12.971411519071754,77.59458584243764,4.615384615384615,0.0,-0.0188995261503909,0.6686733556298776,0.6689403924252371,-5.078669372773625,1.6453136588995283,0.04700259862820713,97.68271065280526,1209.7130789785883,1233.5379064384883,1231.331392474224,1220.3817907258658
2024-05-20 00:00:07.002334,7.002334111370457,12.97141251843146,77.59457827323874,4.682274247491638,0.0,0.1589410507262886,0.6686733556298741,0.687303654970125,2.0194442876554235,3.714660627516301,0.10695042571335672,97.64268915798687,1224.546763088656,1237.5010706367443,1229.7033395123035,1225.7776453992046
2024-05-20 00:00:07.102367,7.102367455818607,12.971413330700738,77.59457795052552,4.749163879598662,0.0,0.09196356055117846,0.6686733556298776,0.6749676681134964,-2.4519323668274087,1.4050496332835158,0.06391139242254391,97.52677816444121,1218.0200749312369,1208.6082086476792,1220.4003447171053,1227.349784386828
2024-05-20 00:00:07.202401,7.202400800266756,12.971394392742447,77.59458404283555,4.816053511705685,0.0,-0.0056178506677181115,0.6686733556298741,0.668696954363814,-1.9881081327614172,-0.2685373756276325,359.99265305131746,97.57356105550609,1216.0214010991067,1232.90613854492,1236.2886184302624,1211.72730626685
2024-05-20 00:00:07.302434,7.302434144714906,12.971396185053369,77.59457567535598,4.882943143812708,0.0,0.131803249296753,0.6686733556298776,0.6815395462146733,3.55594540167684,-0.06567839848941408,359.85815160787564,97.4522844957758,1218.7935725271525,1225.3413943255596,1213.845440329326,1218.140269196872
2024-05-20 00:00:07.402467,7.402467489163055,12.971397561491397,77.59458392768126,4.949832775919732,0.0,-0.06502324588338458,0.6686733556298812,0.671827417596615,0.32898877087060946,0.5563436690829208,359.88704607197957,97.3560177327579,1246.0496732463182,1220.323564536117,1214.9842589786272,1233.4000533341164
2024-05-20 00:00:07.502501,7.5025008336112045,12.971401757154593,77.59458727603015,5.016722408026756,0.0,-0.0758895641093155,0.6686733556298812,0.6729660336673965,0.9036606828777801,4.724861666414254,359.8117130934818,97.51584936733595,1242.2564192994207,1223.3518858940993,1243.3931257465429,1238.1092343079088
2024-05-20 00:00:07.602534,7.602534178059353,12.971409470860944,77.5945897504609,5.083612040133779,0.0,0.23549627390914943,0.6686733556298776,0.7089305689236527,-1.1630486140533853,1.7288531539073317,359.9416838891708,97.46792661000077,1217.8594276392523,1240.0543696930088,1233.04640399691,1224.2196032801123
2024-05-20 00:00:07.702568,7.702567522507503,12.971409347209832,77.59458085369133,5.150501672240803,0.0,-0.27712323356844343,0.6686733556298741,0.7238241106185577,2.3502872124848824,0.2504959254134353,359.8888721935283,97.41394958589936,1204.611483343403,1218.3444967345567,1215.6052598021809,1227.994170740826
2024-05-20 00:00:07.802601,7.802600866955652,12.971407000544897,77.59457215703542,5.217391304347826,0.0,-0.0795302416170806,0.6686733556298741,0.6733863050738315,1.202159671829234,0.8330613484797943,359.9373197610615,97.37451330933384,1215.430020334779,1239.3787256111727,1228.0473046388931,1232.475779587166
2024-05-20 00:00:07.902634,7.902634211403802,12.971408486212463,77.59459332676953,5.2842809364548495,0.0,-0.10078318661120825,0.6686733556298741,0.6762257812541796,-0.8348110655859614,-1.0292757777662156,359.82657030828403,97.44798795109321,1221.8656171403507,1228.5170834265623,1222.6720575416539,1221.862542233313
2024-05-20 00:00:08.002668,8.002667555851952,12.971407469610154,77.5945818709045,5.351170568561873,0.0,-0.5565660114943469,0.6686733556298847,0.8699941273825105,0.7997494958483542,-1.0244109513653674,359.87952167298323,97.45425657816915,1227.4596934217404,1224.3333193443475,1239.8685422511585,1216.6656072607445
2024-05-20 00:00:08.102701,8.1027009003001,12.97141389004712,77.59459999356095,5.418060200668896,0.0,0.3374114981869569,0.6686733556298776,0.7489796897367028,3.848185044821868,0.012247322741320671,359.78782152095465,97.4058998236189,1211.9469120283516,1233.2763872549717,1211.3403032761898,1237.9339056282276
2024-05-20 00:00:08.202734,8.20273424474825,12.971405860169105,77.59460956127104,5.48494983277592,0.0,0.12786449475686854,0.6686733556298741,0.6807887965799271,-3.6800086064328505,-3.716812130897932,359.845370838365,97.19569428687137,1219.573777342463,1224.1249296365838,1217.5541466685984,1234.2237011773684
2024-05-20 00:00:08.302768,8.3027675891964,12.971396891551468,77.59461256263877,5.551839464882943,0.0,-0.06998785230067117,0.6686733556298741,0.672326078624782,0.32945285363070614,-1.5780915675525864,359.73906898883814,97.2182623278144,1233.3069490347104,1224.3845478348724,1224.6630647237569,1218.560272564316
2024-05-20 00:00:08.402801,8.40280093364455,12.97138957687335,77.5946158119118,5.618729096989966,0.0,-0.05420012534112254,0.6686733556298847,0.6708663876781454,0.8978496805517351,0.07297713107601556,359.75251468947243,97.21610102398965,1213.596920089418,1216.2811191405424,1226.5274260341844,1225.9564641137401
2024-05-20 00:00:08.502834,8.502834278092697,12.971375320355046,77.59460091900658,5.68561872909699,0.0,-0.008249963111424818,0.6686733556298741,0.6687242469214466,0.10179041384833488,-0.8921383259280447,359.68282493130386,97.24907765967454,1207.101887702277,1247.0807092422658,1214.3156738406306,1226.6322208551467
2024-05-20 00:00:08.602868,8.602867622540847,12.971378356988534,77.59461078497691,5.752508361204013,0.0,0.3071502371067615,0.6686733556298741,0.7358432745388489,0.9767749651838591,3.618243626877249,359.5054706876774,97.09474247674386,1246.6956599147752,1238.9913807295686,1248.3846124699098,1230.3267600629524
2024-05-20 00:00:08.702901,8.702900966988997,12.9713823701009,77.59460835832338,5.8193979933110365,0.0,0.057132525373723465,0.6686733556298741,0.6711096646487035,0.4090100743011817,0.11154200970975782,359.47089827330495,96.91963804696927,1221.408558679935,1229.6397571712787,1252.6774357675247,1235.2214059391547
2024-05-20 00:00:08.802934,8.802934311437147,12.971370019260169,77.59461010021967,5.88628762541806,0.0,0.20729479060553813,0.6686733556298847,0.7000679872280435,-0.6270328085224204,0.236470441963434,359.6485037708023,97.02796532509375,1245.3722148150198,1223.7148249436862,1246.5157573571,1229.6359788926395
2024-05-20 00:00:08.902968,8.902967655885295,12.971391386884044,77.5946040285752,5.953177257525083,0.0,-0.26807228493099994,0.6686733556298741,0.7204073892440604,-2.239314497105042,0.17084985008442194,359.5081531973551,97.02145620412398,1239.9256529476327,1232.6731244400023,1226.9198406989963,1249.2810379328826
2024-05-20 00:00:09.003001,9.003001000333445,12.971383748488467,77.59461525447121,6.020066889632107,0.0,-0.2184994002633026,0.6686733556298741,0.7034671594642773,-0.5160384277626308,0.3749999454597325,359.3596576743237,97.02661287206872,1245.1077061349201,1244.059957705628,1223.668509019224,1236.611600073621
2024-05-20 00:00:09.103034,9.103034344781594,12.97138032713363,77.59462124839735,6.08695652173913,0.0,-0.43711551101811497,0.6686733556298741,0.7988704691637711,-1.772996384923123,-1.065422030704289,359.3152209663397,97.0011257162505,1224.0033080485023,1254.0900196837274,1219.1689798729424,1234.1448329539858
2024-05-20 00:00:09.203068,9.203067689229744,12.971380239295168,77.59461700538273,6.153846153846153,0.0,-0.21985254487750702,0.6686733556298847,0.7038886261465279,1.314472272205054,-0.632243657099696,359.3777160113019,96.8815119020004,1233.4195199037133,1207.167144129036,1221.9382559567164,1228.6053202139412
2024-05-20 00:00:09.303101,9.303101033677892,12.971372640049069,77.5946072817419,6.220735785953177,0.0,-0.14433158072820165,0.6686733556298741,0.6840728482587344,-1.8053487090647682,1.1528028588511288,359.3485828094518,96.93082401689092,1234.594081633382,1215.9005210583693,1242.6709129249161,1227.3220506363812
2024-05-20 00:00:09.403134,9.403134378126042,12.971360238630252,77.59461454110881,6.2876254180602,0.0,-0.07289823298369923,0.6686733556298741,0.6726352718237885,-0.20752227006814922,2.5756648490477665,359.35055443902746,96.861663994965,1228.3683161663319,1244.1352766167809,1228.5560296863184,1235.3519138030788
2024-05-20 00:00:09.503168,9.503167722574192,12.971365797675471,77.59459415067207,6.354515050167223,0.0,-0.19116914660191364,0.6686733556298705,0.6954636576714956,1.457104491446793,0.6391493915816139,359.3538167063655,96.77496185169424,1240.378611124404,1246.2725804869933,1242.5137821903504,1239.991983679229
2024-05-20 00:00:09.603201,9.603201067022342,12.971372899320414,77.59460033260062,6.421404682274247,0.0,-0.08757943984452222,0.6686733556298812,0.6743843227810132,1.5662406710287082,2.9348666705885456,359.26398816594286,96.90254520452183,1234.6231355937691,1238.4519618551362,1219.042970090095,1215.9291624651205
2024-05-20 00:00:09.703234,9.703234411470492,12.971384266689224,77.594610351928,6.488294314381271,0.0,0.06335802505181808,0.6686733556298918,0.6716682930344461,-0.4187235338566441,-1.6832544838271228,359.33430750653554,96.69937197533737,1209.705853762927,1238.2622374477073,1246.729726311462,1242.3583613485825
2024-05-20 00:00:09.803268,9.80326775591864,12.97139060159163,77.59460771895539,6.555183946488294,0.0,-0.16991646571578528,0.6686733556298776,0.689924388502584,-0.2561952293166051,0.7457025365722001,359.36646163937246,96.561406758511,1236.2736964612175,1229.2496592720565,1233.6059984009441,1222.1106510936547
2024-05-20 00:00:09.903301,9.90330110036679,12.97140244644211,77.59461871814781,6.622073578595318,0.0,-0.02072620161911299,0.6686733556298776,0.6689944932231333,0.06860446263871098,2.203116377783197,359.29864361674134,96.75706306701976,1212.0262169430152,1228.8991165300956,1224.4753597393287,1234.4515140694457
2024-05-20 00:00:10.003334,10.00333444481494,12.971400158691328,77.5946141221576,6.688963210702341,0.0,0.2334037876002177,0.6686733556298776,0.7082382258784458,-2.3947932446245805,2.060679713619735,359.1944564809016,96.65398312999406,1227.4720146607194,1230.9328962208044,1238.5380357196364,1240.4897026022147
2024-05-20 00:00:10.103368,10.103367789263089,12.97140276386848,77.59460634402018,6.7558528428093645,0.0,-0.07953907233052689,0.6686733556298847,0.6733873480817196,-1.1474559127996045,1.0074733825768476,359.01028710848544,96.63485100626201,1240.3772520516359,1241.3565680158638,1230.2213565144625,1227.102223009198
2024-05-20 00:00:10.203401,10.203401133711237,12.971398578410144,77.59459901903452,6.822742474916388,0.0,0.07571466022141678,0.6686733556298705,0.6729463324082805,-0.09823090411037934,4.393300089310472,359.07434090637446,96.60923183861752,1240.6213188276695,1246.8832076656272,1231.451358294887,1218.1792024539782
2024-05-20 00:00:10.303434,10.303434478159387,12.971375304321345,77.59459977613635,6.889632107023411,0.0,-0.27024725923260956,0.6686733556298776,0.721219548856004,0.6149646678837489,-2.445510559659896,359.0756767682548,96.66166938089098,1231.668450850629,1239.5847122143011,1229.1770407064284,1230.097220237697
2024-05-20 00:00:10.403468,10.403467822607537,12.971366524956101,77.59460052313268,6.956521739130435,0.0,0.16078981137047252,0.6686733556298776,0.687733538494287,0.5479590869646532,-0.27965439359643024,359.16166907746174,96.63772212313714,1235.5565155868242,1234.2776007244454,1213.2296377210262,1244.0529275503222
2024-05-20 00:00:10.503501,10.503501167055687,12.971352615018358,77.59460633324743,7.023411371237458,0.0,-0.0707003082047735,0.6686733556298847,0.6724006172733487,-0.6767516220273717,2.54471689975188,359.16405345046803,96.54629322613009,1221.5584955657723,1225.7852757424746,1230.716204870254,1216.7726319971507
2024-05-20 00:00:10.603535,10.603534511503835,12.971364677101631,77.59460719263843,7.090301003344481,0.0,0.20843809986552597,0.6686733556298776,0.7004073800331289,1.8051897105643566,2.0746243292027398,359.1774490389048,96.52968645553501,1232.6560286425993,1232.5134379792848,1227.68242807603,1236.7705329018295
2024-05-20 00:00:10.703568,10.703567855951984,12.971353955837042,77.59461537042012,7.157190635451505,0.0,0.433926305101462,0.6686733556298776,0.7971299108604116,0.18824250765405698,0.2503943940606824,359.38710672039645,96.60297262824493,1242.0860375887644,1231.1252887417463,1251.770701540669,1252.6454785008586
2024-05-20 00:00:10.803601,10.803601200400134,12.971355886837937,77.5946100296965,7.224080267558528,0.0,-0.0603636798056199,0.6686733556298776,0.6713924562943765,6.879820264728805,1.7580230384896074,359.55383950441626,96.5210101019982,1227.1993767868823,1233.1540288781107,1243.9534990550746,1255.074978523524
2024-05-20 00:00:10.903635,10.903634544848284,12.971344375488362,77.59460011944124,7.290969899665551,0.0,0.02951370568404976,0.6686733556298847,0.6693243722983162,-0.8490406518597214,-2.1060516449159734,359.5041224793246,96.4881627030857,1236.7845984227058,1245.0103553442948,1243.7446064626606,1248.3174110302953
2024-05-20 00:00:11.003668,11.003667889296432,12.9713452515879,77.5945879386827,7.357859531772575,0.0,0.20911381483865546,0.6686733556298776,0.7006087667776476,-2.2110298523236738,-0.3215036421285504,359.6224786684923,96.31497855827068,1221.433312629043,1225.9084122013855,1238.1191905979808,1247.3887487199445
2024-05-20 00:00:11.103701,11.103701233744582,12.971346829937556,77.5945960890253,7.424749163879598,0.0,0.04393975064104502,0.6686733556298776,0.6701154812535807,0.8914407498898916,0.5127295270259298,359.7985995567757,96.29262228063092,1222.531183901836,1249.9692127485073,1236.581263474298,1234.7106188556106
2024-05-20 00:00:11.203735,11.203734578192732,12.971346574508079,77.59460475775073,7.4916387959866215,0.0,-0.37033779166245834,0.6686733556298776,0.7643782679163159,3.850817844556522,1.539505856047259,359.92813143650034,96.16560498977559,1231.4302080634336,1261.5257491215143,1232.1860530500649,1225.8582766950901
2024-05-20 00:00:11.303768,11.303767922640882,12.971346081327445,77.59458532327656,7.558528428093645,0.0,-0.4077380901124394,0.6686733556298847,0.7831822308108567,3.4192715698465834,2.4224025653927184,359.93343353997165,96.38199487513737,1257.7410720841856,1261.0645631766956,1243.3563302341438,1217.3612680919882
2024-05-20 00:00:11.403801,11.40380126708903,12.971349582020054,77.59458851061464,7.625418060200668,0.0,-0.1689863745571931,0.6686733556298776,0.6896959122071877,-0.6102836961829495,-0.9746008221546377,359.931897386151,96.16733878057003,1239.0588481823588,1242.9591343880477,1254.011444223668,1247.265445562568
2024-05-20 00:00:11.503835,11.50383461153718,12.97134615110044,77.59459118386144,7.692307692307692,0.0,-0.1413067547314364,0.6686733556298776,0.6834410402236986,2.5604491021504874,-1.341082737801563,0.03085660678362466,96.26634352677364,1239.343072336052,1252.8350130580347,1246.8240943694514,1252.8914904033415
2024-05-20 00:00:11.603868,11.60386795598533,12.971370055885924,77.5945872645839,7.759197324414715,0.0,-0.21405084070954788,0.6686733556298776,0.7020981547745194,0.13579008741020443,0.12150052889170823,0.007706812513647108,96.13729393589811,1243.179492729386,1241.8268979649747,1231.4823014094168,1225.4878715080768
2024-05-20 00:00:11.703901,11.703901300433479,12.97137914668757,77.5945801243899,7.826086956521738,0.0,0.0940624358279279,0.6686733556298918,0.6752568388126275,-0.6820914725920895,0.125600999448889,359.88965148863684,95.90938785688806,1242.363596245728,1237.7655558037143,1247.1260329280085,1255.0083171176773
2024-05-20 00:00:11.803935,11.803934644881627,12.971371505489529,77.59458142826155,7.892976588628763,0.0,-0.08790536399411339,0.6686733556298776,0.674426726596936,-3.469425797318808,-0.143008447528562,359.95137545375684,96.02521934066218,1243.6958714689952,1236.5681067356595,1246.6400431515553,1254.763176414302
2024-05-20 00:00:11.903968,11.903967989329777,12.971368101655754,77.59459534836115,7.959866220735786,0.0,0.12810300280091977,0.6686733556298705,0.6808336330234602,-0.9756633586462192,-3.017960942770657,359.94744822176733,96.04283641061268,1237.4495569080864,1235.9406562870454,1241.9966005516662,1235.252482073904
2024-05-20 00:00:12.004001,12.004001333777927,12.971368590519806,77.5945625160152,8.02675585284281,0.0,-0.16448809708599796,0.6686733556298705,0.6886075737401413,4.06730684836343,0.2978596327033994,359.9005425652808,95.97205082705503,1230.2978145544457,1223.431033390048,1230.592315537479,1230.376817240129
2024-05-20 00:00:12.104035,12.104034678226077,12.971372481556475,77.59455332502203,8.093645484949832,0.0,-0.5832109688615725,0.6686733556298918,0.8872762200858275,0.33001238437890934,-1.1618624918447775,0.058201070007996514,95.81870549326214,1237.68753275573,1262.268420164862,1243.1938081712865,1232.6827439619103
2024-05-20 00:00:12.204068,12.204068022674225,12.971363560438453,77.59456429553498,8.160535117056856,0.0,-0.1452253297141974,0.6686733556298776,0.6842619768187607,-0.49052600220398135,0.19331415434141788,0.0742749090182652,95.90502130830457,1250.024045252599,1232.3156815415164,1250.6091820968795,1246.2209957509945
2024-05-20 00:00:12.304101,12.304101367122374,12.97136258630812,77.5945666564175,8.227424749163879,0.0,-0.28296817127005464,0.6686733556298705,0.7260819805512531,-1.4388536900354256,0.787979083903968,0.13024372218299773,95.81884506995702,1242.6340335830644,1248.3812331150157,1247.1203588100059,1235.5082950942515
2024-05-20 00:00:12.404135,12.404134711570524,12.971358301324539,77.59456535993394,8.294314381270903,0.0,-0.21073103359658818,0.6686733556298776,0.7010931643155617,2.191434462730058,-3.026706994470808,0.17894197615963614,95.81323006871324,1218.528798802062,1246.451073010972,1239.2620737907848,1231.1476105901984
2024-05-20 00:00:12.504168,12.504168056018674,12.971376635291056,77.5945507300439,8.361204013377925,0.0,-0.11019256954882826,0.6686733556298847,0.6776920088898081,-1.491694642403121,1.7735614099054804,0.21801102793162697,95.7062191554032,1226.4682344570754,1263.6478019460485,1238.0128709553533,1243.0364588710795
2024-05-20 00:00:12.604201,12.604201400466822,12.971369266988562,77.59455694527058,8.42809364548495,0.0,-0.08477026408742162,0.6686733556298776,0.6740252622882706,1.4250827688719905,-2.0273803852086325,0.3326388526478668,95.82755940268225,1219.3873944894783,1230.2148697506295,1253.947343118219,1239.851648125769
2024-05-20 00:00:12.704235,12.704234744914972,12.971370048212842,77.59455437726062,8.494983277591972,0.0,-0.025546361049886824,0.6686733556298705,0.669161171237694,-0.6987906994088424,-0.9507776462105634,0.18351445621378792,95.55916298541948,1250.7707435915231,1245.3883849441347,1227.6800580382142,1222.663878186195
2024-05-20 00:00:12.804268,12.804268089363122,12.971383817029947,77.59454860094336,8.561872909698996,0.0,-0.41499746639047025,0.6686733556298847,0.7869859932932985,0.4066282548149129,-1.5936474631980722,0.1886197704156735,95.83731019563434,1238.7785869531679,1239.8592331168848,1243.320144912492,1248.6538422441458
2024-05-20 00:00:12.904301,12.904301433811272,12.971387445116607,77.59454420846292,8.62876254180602,0.0,-0.04387719635395699,0.6686733556298776,0.6701113824501151,0.8499316395828233,-2.8796258579067415,0.24882791359713463,95.69546320641102,1235.543328116988,1236.3328281952063,1241.3814267858204,1244.8569124947217
2024-05-20 00:00:13.004335,13.004334778259421,12.971375541307278,77.59454308987259,8.695652173913043,0.0,-0.2413866792724293,0.6686733556298918,0.7109089853557279,0.0990421869462785,-2.341003260745153,0.300629081589445,95.60037813163711,1243.5670835357637,1246.75323082915,1240.9003126201806,1247.046067640346
2024-05-20 00:00:13.104368,13.10436812270757,12.971375230963298,77.59453010472402,8.762541806020067,0.0,-0.1569272369578605,0.6686733556298705,0.6868407488119351,-3.848070660190735,0.21230749521912207,0.32624148923167945,95.50912129853337,1254.1553931285953,1254.1501501326825,1239.3151174213615,1235.3431318344183
2024-05-20 00:00:13.204401,13.20440146715572,12.971368402805881,77.59452644493074,8.82943143812709,0.0,-0.06209530565088239,0.6686733556298776,0.6715503581364523,1.7598319741857846,5.680601337175095,0.40479147499245915,95.45767722418468,1221.8519283338426,1248.3299230220082,1250.8486842923721,1251.765220661531
2024-05-20 00:00:13.304435,13.304434811603869,12.97135815221359,77.59451572019684,8.896321070234114,0.0,0.28899470259761845,0.6686733556298776,0.7284517792268798,0.020725568676107142,1.2957891970350937,0.3050112452822413,95.52013227222005,1233.9761570743617,1228.1788498659937,1262.5760931265813,1235.5580879796496
2024-05-20 00:00:13.404468,13.404468156052019,12.971345157118197,77.59452110186102,8.963210702341136,0.0,0.2301237323135344,0.6686733556298918,0.7071640465289868,-0.8308592344522652,2.4696728070011225,0.2653313575217003,95.42502242685136,1253.0229411068276,1244.4113534117987,1235.7277973829032,1231.3004409354885
2024-05-20 00:00:13.504502,13.504501500500167,12.971344976490197,77.59452444770193,9.03010033444816,0.0,0.43588228569441556,0.6686733556298705,0.7981963564884892,-1.4567162135240865,2.1933952350284436,0.21937779453091263,95.4474622886129,1242.5589405801363,1252.9584178053399,1252.5889257551312,1226.1528398195646
2024-05-20 00:00:13.604535,13.604534844948317,12.971347969559332,77.59453547027346,9.096989966555183,0.0,-0.07780169530649646,0.6686733556298776,0.6731843434913544,1.2700450852662373,3.3464300509704716,0.2611125614685036,95.62527359189541,1236.5698480622068,1247.296145823291,1253.2661973320912,1237.8777446618517
2024-05-20 00:00:13.704568,13.704568189396467,12.971345276602554,77.59455700704619,9.163879598662207,0.0,0.085920161114238,0.6686733556298776,0.6741708467556405,0.24488708445268528,0.7294844875094445,0.46056395320310417,95.35548191870808,1246.6956366782854,1222.816954688567,1238.78234513047,1248.4003132122577
2024-05-20 00:00:13.804602,13.804601533844616,12.971346868495512,77.59455652066009,9.23076923076923,0.0,-0.19886007394219818,0.6686733556298918,0.6976169332360248,-0.7008251528633783,-4.630874718930733,0.4271862027822721,95.5018872879118,1232.3875750530892,1242.34452883117,1247.817989808592,1237.2678961492954
2024-05-20 00:00:13.904635,13.904634878292764,12.971356613486918,77.59454744638683,9.297658862876254,0.0,0.017694289153556003,0.6686733556298705,0.6689074258804135,-1.2447775517118111,1.107179464018435,0.46914919322577076,95.41396350207401,1250.6957459119358,1254.7951171636205,1249.962209388336,1245.6692604369043
2024-05-20 00:00:14.004668,14.004668222740914,12.971362196481632,77.59455768570757,9.364548494983277,0.0,0.0237012652451081,0.6686733556298776,0.6690932719012648,0.4509937188991474,0.7857830451996863,0.46812869393300754,95.59585833336179,1227.3316090946398,1241.183759590145,1240.9087409134236,1257.107764070573
2024-05-20 00:00:14.104702,14.104701567189064,12.971362219546027,77.59456040332887,9.431438127090301,0.0,0.22128409277451097,0.6686733556298776,0.7043370686286213,-2.4737107961526172,-0.5548558942480901,0.47295261810522476,95.30411220460776,1263.5314216406312,1257.812799443274,1252.5236335779598,1243.7054020236199
2024-05-20 00:00:14.204735,14.204734911637214,12.97135801458568,77.5945474334668,9.498327759197323,0.0,-0.045005939918238286,0.6686733556298918,0.6701862361741427,-0.5826596354597996,4.507339932907029,0.4058567635712179,95.45992718911086,1247.9573175136695,1260.5668492244977,1252.4687057996014,1240.847573393792
2024-05-20 00:00:14.304768,14.304768256085362,12.971349136016103,77.5945380836,9.565217391304348,0.0,0.27753327864101796,0.6686733556298705,0.7239811995366621,1.6258188434044387,0.6868375921504355,0.5215980239562169,95.21891878552742,1251.004889809756,1251.2397769631937,1240.1163368073587,1241.5288783276221
2024-05-20 00:00:14.404802,14.404801600533512,12.971354286789133,77.59453059600223,9.63210702341137,0.0,0.08195353771866487,0.6686733556298776,0.673676805949207,0.0030191898959813592,1.0096692183538014,0.5771697566561703,95.21161413709862,1258.5855347530137,1235.9856795963813,1226.8003982310552,1248.0597390062283
2024-05-20 00:00:14.504835,14.504834944981662,12.971339527982323,77.59453276102434,9.698996655518394,0.0,0.0993716012338446,0.6686733556298776,0.6760168427347791,-4.168632523300257,-0.2502622292934736,0.6208635677076565,95.11978110830938,1265.116471491892,1241.4195222602075,1231.8765710996886,1243.753480995086
2024-05-20 00:00:14.604868,14.604868289429811,12.971338107956248,77.59453469187767,9.765886287625417,0.0,0.3109408754985537,0.6686733556298918,0.7374335797786448,-1.2335554896397247,-0.9278798626520928,0.542414346428731,94.89329643686692,1248.5349296127822,1246.6966348434605,1236.8053076021688,1255.6147722015724
2024-05-20 00:00:14.704902,14.70490163387796,12.971324882308597,77.59453326581809,9.832775919732441,0.0,-0.10157515546134764,0.6686733556298705,0.6763442679111787,1.500525762763892,1.0125364117774291,0.4180784182998034,95.16258642869407,1257.1299118702827,1240.5426749516844,1231.7447969426137,1253.291539890909
2024-05-20 00:00:14.804935,14.80493497832611,12.97132653758598,77.59453604654978,9.899665551839464,0.0,0.05422724713000276,0.6686733556298776,0.670868579425672,0.5058107493362154,-3.2696340947390317,0.376782704424924,95.14042373504607,1235.3564018465306,1245.5304393148422,1263.396184092618,1256.8340635015775
2024-05-20 00:00:14.904968,14.904968322774259,12.97131653780662,77.5945374141287,9.966555183946488,0.0,0.07398465537964392,0.6686733556298847,0.6727538820110777,1.1286673289686366,-2.803146088641559,0.3205874509747139,94.88462372669768,1266.7610843619457,1244.5451682382006,1238.0207796538034,1230.4147426310965
2024-05-20 00:00:15.005002,15.005001667222409,12.971291613687606,77.59455137436387,10.033444816053512,0.0,0.09256433441254792,0.6686733556298918,0.6750497852266734,0.014641280956677395,-0.2487733995607618,0.482587687050369,94.8945807889487,1235.226262294715,1240.370171545582,1252.5367425041413,1242.7078935436655
2024-05-20 00:00:15.105035,15.105035011670557,12.971293519277207,77.59455237778685,10.100334448160535,0.0,0.27204862103898625,0.6686733556298705,0.7218964667724349,0.4100893075915804,0.7774250880321004,0.4795863705332195,94.9375076919612,1231.3619831976264,1238.336097456006,1253.3608351874157,1242.6260492604813
2024-05-20 00:00:15.205068,15.205068356118707,12.971302491440504,77.59453647004865,10.167224080267559,0.0,0.04223904851676656,0.6686733556298776,0.6700061147100992,2.807284756935084,-0.3600930476215045,0.4475484066152647,95.0204972727819,1258.6750029494215,1252.0506588055007,1236.4592986673392,1261.6914902523208
2024-05-20 00:00:15.305102,15.305101700566857,12.971281118547374,77.59455268730629,10.234113712374581,0.0,0.029890601740394086,0.6686733556298705,0.6693410973500089,-0.8167394121990891,4.738560925333578,0.3737030824869224,95.0562705019664,1257.7861468140818,1254.428140198208,1266.6437074772941,1278.2010759708455
2024-05-20 00:00:15.405135,15.405135045015006,12.971288250996933,77.59456215180903,10.301003344481606,0.0,-0.21933329389557976,0.6686733556298918,0.7037266161944029,1.5342699245808942,-2.3636672608603617,0.2625597450078628,94.99454981829452,1258.7376775307944,1238.6129832319807,1255.3041484907392,1243.4370243380656
2024-05-20 00:00:15.505168,15.505168389463154,12.971270663144502,77.59455576074413,10.367892976588628,0.0,-0.5080081325029197,0.6686733556298705,0.8397596794431221,1.56674247546335,0.8508213372604113,0.4193114782336111,94.85364190672979,1260.285189342574,1243.8179024197796,1243.730911542499,1253.1211264600506
2024-05-20 00:00:15.605202,15.605201733911304,12.971291365914078,77.59453716438833,10.434782608695652,0.0,-0.1354893113758147,0.6686733556298776,0.6822619804931338,1.3006866756248674,0.925775985374959,0.3580852613352622,94.83347421796897,1250.6140183298958,1252.9349854083284,1247.7935260831355,1246.4781863879532
2024-05-20 00:00:15.705235,15.705235078359454,12.971287900901489,77.59454144185976,10.501672240802675,0.0,0.25691175241681347,0.6686733556298705,0.7163293272365647,1.0448962067277447,0.3176062734973993,0.5176523170586383,94.78141230954306,1248.8037360360374,1247.6543853964072,1255.573292858015,1282.840025315535
2024-05-20 00:00:15.805268,15.805268422807604,12.971273056359747,77.5945483934716,10.568561872909699,0.0,-0.03363253921698467,0.6686733556298918,0.6695186362032962,-1.7487315435415893,1.4005774033079041,0.3285473930888796,94.88775526355438,1248.5403702895744,1252.002493088483,1246.4088184277598,1234.6923507542176
2024-05-20 00:00:15.905302,15.905301767255752,12.971280393325593,77.59454532479207,10.635451505016722,0.0,0.23921923434798958,0.6686733556298705,0.7101759631326237,0.07526969015003715,1.7466979814540828,0.25006811822344566,94.69110609162873,1241.6817103073483,1236.2030541056843,1248.559834179878,1247.8624232812056
2024-05-20 00:00:16.005335,16.005335111703904,12.971284137032153,77.59453862004983,10.702341137123746,0.0,-0.06367124108688785,0.6686733556298776,0.6716979108727862,0.3263847832561591,-0.06182073947289988,0.21202424617745158,94.55018427555679,1245.9567608755347,1245.245354971591,1256.5911087965108,1252.8584550705705
2024-05-20 00:00:16.105368,16.105368456152053,12.971288058175809,77.59452268446478,10.769230769230768,0.0,0.20247868949772874,0.6686733556298776,0.6986570519432538,-2.577085887935782,3.1595986261708195,0.21829950448956612,94.61315022048412,1221.4505070435841,1241.9961562665455,1243.1443736278734,1265.564621940287
2024-05-20 00:00:16.205402,16.2054018006002,12.97129612830375,77.59453010471793,10.836120401337793,0.0,0.03193216029897824,0.6686733556298918,0.6694353735729084,-1.1704371397043194,-1.1158801818138135,0.2870088085938935,94.75851121006609,1255.6976932891064,1256.4599752030435,1254.9033181866077,1238.4177059334074
2024-05-20 00:00:16.305435,16.30543514504835,12.971305941141924,77.59452362181055,10.903010033444815,0.0,-0.17874154946292503,0.6686733556298776,0.6921507047122961,0.45999706307626037,1.922254959899615,0.33868174221287567,94.52091055440823,1244.1991034975483,1247.015405712616,1266.198281711363,1266.1335669013292
2024-05-20 00:00:16.405468,16.4054684894965,12.971309596534997,77.59452765993582,10.96989966555184,0.0,-0.05802726183237244,0.6686733556298776,0.6711864268927699,-3.191375716003828,1.9347389810589994,0.45583901148401706,94.59762909320571,1255.5576747310104,1261.4813632273601,1268.336561213384,1237.6289578233634
2024-05-20 00:00:16.505502,16.50550183394465,12.971309333887842,77.59452339541198,11.036789297658862,0.0,0.09696453884660536,0.6686733556298705,0.6756672097438547,-0.7912201523281316,3.0173138390393546,0.5049627659998223,94.49471386206132,1237.9795790335063,1256.4264529651487,1260.2283347955606,1260.0360602687515
2024-05-20 00:00:16.605535,16.6055351783928,12.971317962419397,77.59453638437937,11.103678929765886,0.0,0.11679864239220837,0.6686733556298705,0.6787974509336157,-0.7514786170835779,2.3500630596746395,0.5594109812370307,94.48797067487256,1256.2575743328766,1255.337995242302,1265.0095041262578,1236.271745857144
2024-05-20 00:00:16.705569,16.70556852284095,12.971318164569244,77.59454435666923,11.170568561872908,0.0,0.020607883130867238,0.6686733556298776,0.6689908380362591,2.4168522496799856,-2.7980468533213143,0.5379711362879717,94.28431428874036,1275.4108882916203,1255.8290762472695,1260.4554322493718,1263.7170261815352
2024-05-20 00:00:16.805602,16.8056018672891,12.971327730113954,77.59454687273906,11.237458193979933,0.0,-0.07577428315460291,0.6686733556298776,0.6729530433224258,2.048004178910486,-3.321694436787869,0.4554679966420048,94.2115602575006,1252.16655126615,1257.8584074632015,1267.3744030692612,1247.506074738088
2024-05-20 00:00:16.905635,16.90563521173725,12.971336634809806,77.5945484537299,11.304347826086955,0.0,0.12436253431478153,0.6686733556298776,0.6801397624536563,1.4145891300850069,2.0191005006175886,0.4849971750737731,94.31981700660609,1249.9801561810257,1251.0861103125446,1250.8753438953677,1260.2236840624576
2024-05-20 00:00:17.005669,17.005668556185395,12.971340533623701,77.59454970294803,11.37123745819398,0.0,0.0014742216356020887,0.668673355629906,0.6686749807333826,1.8479537270252562,-0.39232246900326484,0.5084336108151504,94.29406411458955,1262.1108895961725,1251.1351890712956,1253.6381564434053,1260.6680429777032
2024-05-20 00:00:17.105702,17.105701900633544,12.97133848977313,77.59454571702148,11.438127090301004,0.0,0.19641981948516474,0.6686733556298776,0.6969252485137165,-0.9707419561183331,3.3763906002595605,0.5498037152471252,94.23446092130871,1246.8566840766614,1276.4790151549635,1244.3591477847986,1266.431212699194
2024-05-20 00:00:17.205735,17.205735245081694,12.971345960182482,77.59454571711284,11.505016722408026,0.0,-0.026565635560612963,0.6686733556298705,0.6692008588772511,0.2358700757334942,1.4241967006219665,0.5628296139061187,94.2974362444102,1265.2344820434434,1266.4762048846371,1261.096817930444,1249.1692200047207
2024-05-20 00:00:17.305769,17.305768589529844,12.971345040644774,77.59454450170621,11.57190635451505,0.0,-0.08521313217775661,0.6686733556298705,0.6740811037440934,-0.5148939579346457,1.363764479375579,0.43612906087577386,94.196638099376,1262.001647179029,1239.7302876984606,1264.1792990096953,1256.2684682653667
2024-05-20 00:00:17.405802,17.405801933977994,12.971332675754873,77.59455801975228,11.638795986622073,0.0,-0.23130441388626766,0.6686733556298776,0.707549142047809,4.823462528252412,0.18479732558644796,0.4498978616162048,94.14913026677641,1261.185360038612,1260.3055209235213,1244.754158821146,1258.9612472406554
2024-05-20 00:00:17.505835,17.505835278426144,12.971324137735559,77.59454618163618,11.705685618729097,0.0,0.321891390471822,0.6686733556298776,0.7421173248140781,2.86197108540504,2.0683594872152833,0.5220187787760112,94.14518790479514,1262.1108007446073,1258.2081986862902,1262.0793298718306,1272.3406653241607
2024-05-20 00:00:17.605869,17.605868622874294,12.971316658345133,77.59452548353357,11.77257525083612,0.0,-0.09778016522344113,0.6686733556298705,0.6757847417931503,-0.06304492370476263,0.31782171413444177,0.6079615425802554,94.13993420085181,1261.5682978775906,1256.0667442340905,1281.3076298040164,1273.4219636403102
2024-05-20 00:00:17.705902,17.705901967322443,12.971341078915646,77.59453069850375,11.839464882943144,0.0,0.008198943054712218,0.6686733556298776,0.6687236194397019,0.5781972182403572,-3.0705178363961423,0.5351320709024247,94.09480992096137,1269.7385714604266,1254.2952528352605,1255.4549099224057,1261.2451814587394
2024-05-20 00:00:17.805935,17.80593531177059,12.971356183011476,77.59452862584097,11.906354515050166,0.0,-0.2257268820667886,0.6686733556298918,0.7057454794874237,2.888751141518035,-1.2865849855723797,0.4334088642166478,93.90938319769545,1259.295788525159,1243.3820948748296,1280.6247754360213,1261.7166104839196
2024-05-20 00:00:17.905969,17.90596865621874,12.971352410560032,77.59453544379056,11.97324414715719,0.0,0.18278490461579033,0.6686733556298776,0.6932058697708239,-3.249876460974565,-0.5369424575031503,0.4579752494730453,94.11540769091884,1244.4666108749327,1246.816551052224,1269.5870292757427,1250.9704819063331
2024-05-20 00:00:18.006002,18.00600200066689,12.971338038712693,77.59453034394059,12.040133779264213,0.0,0.10003737529264692,0.6686733556298705,0.6761150294030989,0.03311493269589448,1.1074583610982418,0.49783833811894973,94.01037415182465,1263.576834141928,1270.5288828571945,1257.7834028056598,1264.7311234473852
2024-05-20 00:00:18.106035,18.10603534511504,12.971344798722706,77.59453761354514,12.107023411371237,0.0,-0.1609869801544545,0.6686733556298705,0.6877796626162785,-2.8698595836573952,-0.9393727651398578,0.6155314831577421,94.03327229163257,1273.6842866745171,1255.0285331372295,1253.9042222427397,1249.5138482232946
2024-05-20 00:00:18.206069,18.20606868956319,12.971356092861514,77.59455545189986,12.17391304347826,0.0,-0.18393682712310663,0.6686733556298705,0.6935104994889602,2.3772631852710924,2.126159360992903,0.6395600544653507,93.92084135571777,1259.2662139848546,1267.9236666965664,1251.4961542564567,1248.411341863891
2024-05-20 00:00:18.306102,18.30610203401134,12.971348066178718,77.59456153124968,12.240802675585284,0.0,0.09678257792383516,0.6686733556298776,0.6756411206542302,-2.2118656843933127,-2.5012697036825258,0.525442785367429,93.96349459826699,1261.347094043797,1264.9137999525922,1274.1493668268006,1275.4988782776923
2024-05-20 00:00:18.406135,18.40613537845949,12.971351009496223,77.59455431012047,12.307692307692307,0.0,-0.17131290065733573,0.6686733556298776,0.690269633158631,2.0085950611143115,2.3059104976689464,0.3586897733192276,93.82443591932302,1247.6060058833,1266.1617932074562,1257.3752885274619,1272.034381034863
2024-05-20 00:00:18.506169,18.50616872290764,12.971367924195034,77.59456438733265,12.37458193979933,0.0,-0.14689841735251777,0.6686733556298776,0.6846190192727597,1.3338857662320256,-2.926267234446654,0.4790961708091936,93.61057295924087,1250.6102364001033,1262.2988390900168,1258.5140544556377,1255.484071320467
2024-05-20 00:00:18.606202,18.606202067355785,12.971360304142225,77.59455444262595,12.441471571906353,0.0,0.11582751989409788,0.6686733556298989,0.6786310270641676,-1.2793682800235935,-1.2497753662844608,0.4877075709578031,93.86119686939097,1256.862344727841,1252.5110357429132,1256.732640496349,1261.1922028721722
2024-05-20 00:00:18.706235,18.706235411803934,12.97135230148506,77.5945437718836,12.508361204013378,0.0,0.18344549153861328,0.6686733556298776,0.6933803464875279,1.6820162729404968,2.7140786400260684,0.4483542111802217,93.75650460717077,1264.7855550656716,1275.9117695306354,1264.7445299349183,1267.5342971934913
2024-05-20 00:00:18.806269,18.806268756252084,12.971341312964931,77.59453006765587,12.5752508361204,0.0,0.3000370029728153,0.6686733556298776,0.7329026263305582,-2.56720086832145,-0.34836706519684457,0.5005872078815103,93.6185068833686,1265.663353878411,1283.2153162301365,1260.963650451428,1244.3526332621852
2024-05-20 00:00:18.906302,18.906302100700234,12.97134787920327,77.59452482119345,12.642140468227424,0.0,-0.03262904095277369,0.6686733556298705,0.6694689767590497,-4.025500940930443,-4.467848748760406,0.3745583812570953,93.54437265556284,1258.582778286767,1274.0243768602468,1248.540763771205,1269.7896389589114
2024-05-20 00:00:19.006335,19.006335445148384,12.971358881663475,77.59454608417886,12.709030100334447,0.0,-0.04038867961982367,0.6686733556298705,0.6698920076928401,-0.9325546498573755,-2.6474740358454913,0.33340895144248467,93.56674149602316,1269.2763380784154,1262.0539197918754,1263.2478611791014,1288.9057519621722
2024-05-20 00:00:19.106369,19.106368789596534,12.97137563292946,77.59455679970631,12.775919732441471,0.0,-0.19157669394396826,0.6686733556298705,0.6955757947138559,-1.676606567455903,-0.19624379441378112,0.2580474762800042,93.696147820854,1268.7841167147506,1259.3736327240115,1261.0504300915027,1274.986359766664
2024-05-20 00:00:19.206402,19.206402134044684,12.971370516605106,77.59455459057261,12.842809364548494,0.0,0.519041481253513,0.6686733556298776,0.8464798377936487,0.26252646653226935,0.42871454974540063,0.1543758814703632,93.5934210961647,1262.4940066171582,1278.9975140245922,1277.137849405669,1272.7291369265572
2024-05-20 00:00:19.306435,19.306435478492833,12.971396722588246,77.59455655581851,12.909698996655518,0.0,-0.18044488093059327,0.6686733556298918,0.6925925292575684,1.5085939598067997,0.8679782625422219,0.12861648894370512,93.46027112585013,1262.1403019631205,1273.6018064192856,1250.3426260620577,1265.5566481193844
2024-05-20 00:00:19.406469,19.406468822940983,12.971407489374503,77.59454850250759,12.976588628762542,0.0,0.06520727983104925,0.6686733556298776,0.6718452544092914,-2.029135681656399,0.3144524386135479,0.13711943813293784,93.47304840873333,1267.6141623236538,1251.3203441328847,1277.4357583856483,1246.3178411480317
2024-05-20 00:00:19.506502,19.50650216738913,12.97142190135806,77.59454053606704,13.043478260869565,0.0,0.13831696207755503,0.6686733556298918,0.6828291429982346,1.4180092739748822,1.2147903758954939,0.31167850813135367,93.41146951720873,1268.157731225981,1255.4863208983263,1263.9138177834639,1271.750697025893
2024-05-20 00:00:19.606536,19.60653551183728,12.971423948089653,77.59454592391006,13.110367892976589,0.0,0.1603313231309069,0.6686733556298634,0.6876264899683614,-0.7191814469529104,0.8621847888804898,0.3482929777299972,93.368516831185,1275.4612827016658,1256.2507640972237,1266.7669670477962,1270.50634599717
2024-05-20 00:00:19.706569,19.70656885628543,12.971410484875593,77.59452248868845,13.177257525083611,0.0,0.1245416071053394,0.6686733556298776,0.680172528429149,-1.3386932906894253,1.441046142156466,0.4031399125905356,93.263441324831,1269.0163626085857,1263.2974106801757,1281.7877669683148,1263.0034993630165
2024-05-20 00:00:19.806602,19.80660220073358,12.971408120634413,77.59453664386595,13.244147157190636,0.0,0.18891642296187786,0.6686733556298776,0.6948478044824147,-0.5240501109640777,1.5464818535999698,0.353849459996964,93.40646809456489,1257.8169050976699,1270.7966749943014,1262.4578977506874,1253.8615005357835
2024-05-20 00:00:19.906636,19.90663554518173,12.971407870324361,77.5945357673235,13.311036789297658,0.0,0.30374320984105657,0.6686733556298776,0.7344276642759782,0.4412233159122185,0.4347139234119993,0.4849217250431674,93.40772195806304,1268.6182529147754,1265.7718482233765,1244.0689563278238,1278.5507207235837
2024-05-20 00:00:20.006669,20.00666888962988,12.971402422149866,77.59454178123123,13.377926421404682,0.0,-0.06537554467849656,0.6686733556298776,0.6718616065614488,3.1947803201328884,0.19001618537677692,0.6236563423457583,93.13196500582409,1266.7567332014967,1285.8176475468044,1242.8329584699338,1276.7609205701806
2024-05-20 00:00:20.106702,20.10670223407803,12.971411170330155,77.59454025180077,13.444816053511705,0.0,-0.18292179693458308,0.6686733556298776,0.6932419781887834,1.0157603360036884,1.1047309452714136,0.5895645807227042,93.4771526067763,1253.2312609954008,1253.6985398994525,1267.026028183569,1247.9818615709084
2024-05-20 00:00:20.206736,20.206735578526178,12.971406869180163,77.59453742490453,13.511705685618729,0.0,0.13102304760036873,0.6686733556298634,0.68138909261287,1.641925680299442,3.9265781476043444,0.5102853141723566,93.29227353484512,1252.118912732788,1280.6840126565405,1273.807904058924,1274.7531080680217
2024-05-20 00:00:20.306769,20.306768922974324,12.971410265723657,77.5945553793642,13.578595317725751,0.0,-0.0974709522728322,0.6686733556298918,0.6757400706383427,-2.1918454379334302,-2.7663177774570475,0.3378707140853232,93.24544224462895,1266.578940023212,1264.1446491264314,1262.0275562264665,1272.3637583498926
2024-05-20 00:00:20.406802,20.406802267422474,12.97140789933476,77.59455736207357,13.645484949832776,0.0,-0.00956593632972879,0.6686733556298634,0.668741776523021,2.1857073881714086,1.9245926200108192,0.40348189623139874,93.1260147014355,1274.9306201924387,1271.8465252665994,1257.882781858127,1248.811801004684
2024-05-20 00:00:20.506836,20.506835611870624,12.971414487149977,77.59454593845638,13.712374581939798,0.0,0.2597814892015027,0.6686733556298776,0.7173635610072979,-0.2843406665138324,-0.992730404559216,0.4440258296067161,93.24595301297303,1272.6222426560464,1239.3234433641808,1251.0174980800928,1243.6476730327859
2024-05-20 00:00:20.606869,20.606868956318774,12.971427239301775,77.59455694484565,13.779264214046822,0.0,-0.055897565845141176,0.6686733556298776,0.6710056589900958,-0.7486712558532821,1.5872591840028767,0.20009439361792558,93.17953078646015,1264.2804871491785,1248.960514396552,1282.1434473552854,1266.148329784161
2024-05-20 00:00:20.706902,20.706902300766924,12.971421862446753,77.59455642465402,13.846153846153845,0.0,-0.4412919136284143,0.6686733556298776,0.8011632852066729,-3.757308534394312,-1.1186806885259006,0.011311408612992652,93.22992369846854,1259.946613019396,1254.7163994275932,1276.0625073325598,1276.33441750276
2024-05-20 00:00:20.806936,20.806935645215074,12.971416432128581,77.59454630063256,13.91304347826087,0.0,-0.006834917774890217,0.6686733556298776,0.6687082866469581,4.034190813044223,-2.609760640998788,0.16100757215225242,93.0815560679533,1265.8373512027104,1253.9544357882307,1267.6371366786,1264.8357144772804
2024-05-20 00:00:20.906969,20.906968989663223,12.97141956401743,77.59453077173633,13.979933110367892,0.0,-0.14076235557587355,0.6686733556298776,0.6833286890483887,-1.2717668133057443,-2.121137469562653,0.12759592836326103,93.00688034757111,1261.5292851265774,1278.37750427344,1279.9336490884518,1263.6684365205729
2024-05-20 00:00:21.007002,21.007002334111373,12.971407572234648,77.59452783446588,14.046822742474916,0.0,0.11857801730248729,0.6686733556298634,0.6791058847607571,4.782915060849543,-0.41330956919046513,0.024890108422120374,93.10199095279054,1265.8569115739142,1271.6132868695338,1278.812149539667,1276.176653555154
2024-05-20 00:00:21.107036,21.10703567855952,12.971418248733668,77.5945373732899,14.113712374581938,0.0,0.10230447611023695,0.668673355629906,0.676454183490315,0.7073651956903275,-0.14798382374824562,359.87850293575895,92.9650045181731,1265.0628268210564,1274.055853871701,1266.3012564604005,1278.5368384213423
2024-05-20 00:00:21.207069,21.20706902300767,12.97140318628115,77.59452737258567,14.180602006688963,0.0,-0.26516842634015503,0.6686733556298634,0.7193318781042697,-0.2583538192784023,1.193373313237033,359.7998131551085,92.91829948880647,1271.7610332174893,1254.8934848248841,1266.767439212921,1273.4466041941885
2024-05-20 00:00:21.307102,21.30710236745582,12.971397121428984,77.59453334912526,14.247491638795985,0.0,-0.16162527364509996,0.6686733556298776,0.687929346379535,0.36768694644724065,0.09713098963605839,359.8378525936291,92.89802669698248,1278.1177499279086,1279.1216929931688,1279.2607554244962,1294.1256619016035
2024-05-20 00:00:21.407136,21.40713571190397,12.971378381221422,77.59452379473183,14.31438127090301,0.0,-0.20374394683117708,0.6686733556298918,0.699024786684768,-1.3114813579884517,-2.0923432178586996,359.95079001013545,93.00600338335926,1267.1712092682376,1264.837491810488,1290.3271868900551,1254.0750207006631
2024-05-20 00:00:21.507169,21.50716905635212,12.971382894866982,77.5945158201572,14.381270903010034,0.0,-0.4863098708845339,0.6686733556298776,0.8268139736658137,3.870224896894421,5.501537177526868,359.78395566935404,92.94249473700148,1289.5400397614126,1279.0812021591157,1284.311485456152,1294.0407589647145
2024-05-20 00:00:21.607202,21.60720240080027,12.97138430712745,77.59449343485862,14.448160535117056,0.0,0.03427488603670528,0.6686733556298776,0.6695512111423217,-0.47145665901116257,-2.8941150751167566,359.8520632587954,92.81313394780797,1266.5956201213005,1275.1421911398788,1280.0691144871857,1266.2843465283136
2024-05-20 00:00:21.707236,21.70723574524842,12.971382823204657,77.594521582425,14.51505016722408,0.0,0.13950342591020368,0.6686733556298776,0.6830704666211272,-0.4590134370657591,-0.8395895982290625,359.95910788293105,92.7303940462029,1281.1885795151973,1280.1612278836246,1278.553934095609,1271.6779831719634
2024-05-20 00:00:21.807269,21.807269089696568,12.97138438214531,77.59450940618483,14.581939799331103,0.0,-0.08716538269954871,0.6686733556298776,0.6743306759079551,0.29746881188261093,-0.7564345377927816,0.06642095365784856,92.81770204466639,1295.9561592738487,1277.9763087003298,1252.3546181931536,1259.3804080046864
2024-05-20 00:00:21.907302,21.907302434144714,12.971395369122003,77.59452097756844,14.648829431438127,0.0,0.02307579014881572,0.6686733556298918,0.6690714077139539,1.830981283230067,-2.8080540055613565,359.8045589078293,92.60309334933142,1260.4566604773074,1268.528157858882,1261.0176245305254,1284.12934023293
2024-05-20 00:00:22.007336,22.007335778592864,12.971405493964182,77.59453779370628,14.71571906354515,0.0,-0.35572960689989763,0.6686733556298776,0.7574084827584627,1.3111996414575224,1.575072468424421,359.7706659508524,92.769321621859,1267.2534718375477,1266.040607482298,1276.9323971828446,1270.1990177084604
2024-05-20 00:00:22.107369,22.107369123041014,12.971377737714175,77.59453065251772,14.782608695652174,0.0,0.2104401299267638,0.6686733556298776,0.7010057808698257,-0.8697013418925394,-1.9379343287714001,359.7616233227388,92.75231331289146,1280.2691290302705,1270.6926387559329,1272.9401364825842,1288.1191314683633
2024-05-20 00:00:22.207402,22.207402467489164,12.971383525568871,77.59453264986197,14.849498327759196,0.0,-0.13209815383025944,0.6686733556298776,0.6815966393510782,-1.1132390311572018,-2.765542529062685,359.7814891581474,92.66232568062702,1276.0479377687204,1266.1511436268186,1261.8303929008391,1268.064183012957
2024-05-20 00:00:22.307436,22.307435811937314,12.971375048630515,77.59454652266137,14.91638795986622,0.0,-0.1717999804405567,0.6686733556298776,0.6903906791148736,-0.6705761294982228,-0.33302357395436416,359.5904699589446,92.48291191778412,1274.168790109552,1274.2115811909455,1274.9321189174136,1258.7288439008319
2024-05-20 00:00:22.407469,22.407469156385464,12.97136507264209,77.59454203419496,14.983277591973243,0.0,-0.1267060306983782,0.6686733556298776,0.6805721671833629,2.2141060745747443,-3.346109482872659,359.49202403281384,92.6342148680672,1276.282910401975,1281.5498489946287,1261.6978939340288,1247.527090020961
2024-05-20 00:00:22.507503,22.507502500833613,12.971362463134614,77.59455977159263,15.050167224080267,0.0,-0.2504475452153725,0.6686733556298776,0.7140364342480899,2.5315558480980545,-2.3500795703343784,359.7193123021601,92.45101036770396,1291.7203947735397,1283.9351020195822,1274.6926524088574,1276.308432756953
2024-05-20 00:00:22.607536,22.607535845281763,12.971369353218499,77.59457247381019,15.11705685618729,0.0,-0.08929093125597845,0.6686733556298634,0.6746087213591755,1.0339059954570693,0.4563961770881365,359.57319875643407,92.68477842678166,1275.8908576155827,1259.8770536345676,1292.1026770060407,1274.932426074379
2024-05-20 00:00:22.707569,22.707569189729913,12.971361286406664,77.59458727793012,15.183946488294314,0.0,0.02088660364420348,0.6686733556298776,0.66899948186909,-2.108194470593072,-0.3365958522317915,359.38755345833505,92.43611746754208,1273.8969420932553,1282.7342409830246,1284.795940444619,1281.0884621731152
2024-05-20 00:00:22.807603,22.80760253417806,12.971368899465386,77.59457229906013,15.250836120401337,0.0,-0.179068767690999,0.6686733556298918,0.6922352779884255,-2.6801746729884415,-1.8104062780343875,359.4719510827744,92.28987220490637,1275.865190334037,1275.7341002793826,1273.8474189178548,1268.7011033154452
2024-05-20 00:00:22.907636,22.90763587862621,12.97136735616313,77.59457567677866,15.31772575250836,0.0,0.4012607687553933,0.6686733556298776,0.7798296359279314,-1.6628927535066294,0.9766701894604383,359.4383330088505,92.43021991797798,1276.370094513905,1277.1762310105598,1288.171424691361,1268.9542848772298
2024-05-20 00:00:23.007669,23.00766922307436,12.971367333947999,77.59458163927789,15.384615384615383,0.0,0.3227826844846116,0.6686733556298776,0.7425043554972678,-2.6586651725927264,2.066209533051113,359.32082231619677,92.30621539367255,1276.4018598730095,1289.2090405130145,1282.0261843894202,1261.287095067381
2024-05-20 00:00:23.107703,23.10770256752251,12.971384796990568,77.59456407355333,15.451505016722408,0.0,0.1294093659746329,0.6686733556298776,0.6810806417240746,2.3227812498218006,0.9067309138890581,359.32648465779454,92.14379049239942,1276.404609365988,1274.8339849921895,1272.3006188517784,1288.6241799345257
2024-05-20 00:00:23.207736,23.20773591197066,12.971395967951867,77.59455388116216,15.51839464882943,0.0,0.1323372258538623,0.6686733556298776,0.6816430135166185,2.8477434455989576,2.728573178850085,359.1382290687487,92.11986222322446,1274.569601706237,1283.6604970504375,1269.185190376088,1274.281134626114
2024-05-20 00:00:23.307769,23.30776925641881,12.971387472563935,77.59455837472142,15.585284280936454,0.0,0.11183687264635611,0.6686733556298776,0.6779613135073698,-0.9472753788065538,-1.5521452306582286,359.11715662894727,92.18780486541732,1284.3544845997505,1270.5370641463912,1253.5428352264328,1263.1908235055998
2024-05-20 00:00:23.407803,23.407802600866958,12.971377638784002,77.59455550613716,15.652173913043477,0.0,-0.2849190812914153,0.6686733556298634,0.7268445084151396,-0.6326777656173391,-0.016081075257771745,359.17449946372386,92.04950277267045,1272.9685293850737,1275.8062182138285,1272.8251166608113,1269.3396912707944
2024-05-20 00:00:23.507836,23.507835945315108,12.971381124214117,77.59456936705642,15.719063545150501,0.0,0.15753704439176444,0.6686733556298776,0.686980332240315,-0.019263422000241826,0.2825534942205747,359.0731794548159,92.17314496307695,1266.9973809323665,1277.1555473982858,1266.3890234129503,1288.0996235138477
2024-05-20 00:00:23.607869,23.607869289763254,12.971387379394255,77.59456080023475,15.785953177257525,0.0,0.11066508049114179,0.6686733556298918,0.6777689994160626,4.1448376307362675,-5.256478531735826,359.0758597189597,92.11608734823973,1279.5499957597178,1281.70912949249,1286.4361549980435,1267.3600143001493
2024-05-20 00:00:23.707903,23.707902634211404,12.971383843905432,77.59456186377334,15.852842809364548,0.0,0.04362171158423872,0.6686733556298776,0.6700947024494817,-3.632218894678212,-0.8401377971239936,359.0739280350391,92.07069235221516,1276.911301173791,1283.9500854329492,1278.1760916445214,1292.180889338729
2024-05-20 00:00:23.807936,23.807935978659554,12.97139225854862,77.59456866799765,15.919732441471572,0.0,-0.40682256241065745,0.6686733556298776,0.7827059817170775,4.903118930941297,-1.0575341766751942,359.0025536928605,91.97473139848977,1279.482491865733,1283.6435801369003,1269.3960801758633,1280.7788243336242
2024-05-20 00:00:23.907969,23.907969323107704,12.971382382860673,77.59456312655355,15.986622073578594,0.0,0.4358090287211912,0.6686733556298634,0.7981563543844087,-2.5552577249109056,0.5848579016750342,359.0663884691854,91.91199957822286,1286.9765671798148,1286.4307750282026,1275.625861102303,1268.7855230257132
2024-05-20 00:00:24.008003,24.008002667555854,12.971374685992593,77.59457094125712,16.05351170568562,0.0,0.04020647784364468,0.6686733556298776,0.669881047194136,-0.7986278072982194,0.6122213582289436,359.1359384277857,92.03822461645206,1287.5951235373761,1291.0744562663251,1295.880019294227,1276.0262583688152
2024-05-20 00:00:24.108036,24.108036012004003,12.97138729911706,77.5945797606482,16.120401337792643,0.0,0.11725464446895045,0.6686733556298776,0.6788760624582817,0.30233435533838093,1.8538709197776913,359.03814302874116,91.82414332666487,1269.4109766998781,1285.9032540874869,1315.4460272844508,1275.0186826706083
2024-05-20 00:00:24.208069,24.208069356452153,12.971395884864252,77.59456065267183,16.187290969899664,0.0,-0.15114217202230185,0.6686733556298634,0.6855421305017809,0.29388137763683775,-2.6728907745360977,359.04108879180296,91.96343392988251,1289.8683171456819,1274.9080477894854,1294.2496969129838,1299.20367691124
2024-05-20 00:00:24.308103,24.308102700900303,12.971400875143656,77.59456384420416,16.254180602006688,0.0,0.02148639136794368,0.6686733556298918,0.6690184762346674,1.2837355699945836,2.2817991256135937,359.17692194986955,91.84927251254894,1286.6702876083361,1283.695884600364,1294.6478470190561,1285.3445221863763
2024-05-20 00:00:24.408136,24.40813604534845,12.971410536387507,77.59456870968837,16.321070234113712,0.0,0.23802386248152088,0.668673355629906,0.70977420046095,0.6190479462665665,-1.9393072334443764,359.35528140911197,91.77481205417536,1280.6413184491691,1275.6791504484033,1281.4690927244742,1265.512068399264
2024-05-20 00:00:24.508169,24.5081693897966,12.97140698712895,77.59456513244152,16.387959866220736,0.0,0.008932282499020573,0.6686733556298634,0.6687330126440179,1.7793097607532757,-1.2073157916297443,359.2573860346963,91.85391158912334,1278.8049144283316,1278.698280999379,1272.3744738364953,1264.1986193413443
2024-05-20 00:00:24.608203,24.60820273424475,12.97139615030234,77.59456988850333,16.454849498327757,0.0,-0.054443737205094656,0.6686733556298634,0.6708861133233861,0.6107664307608359,0.36594117612854915,359.20554329813723,91.83178012763409,1280.9849453657337,1277.649737020155,1285.6321979900627,1279.3317078947223
2024-05-20 00:00:24.708236,24.7082360786929,12.971372695593715,77.59457565124538,16.52173913043478,0.0,-0.06043949121264161,0.6686733556298776,0.6713992766062261,0.18072324504465515,-1.8552850773967267,359.3410150223316,91.81425067457572,1282.2329782147026,1285.7861902659508,1271.9168823439375,1274.257025220044
2024-05-20 00:00:24.808269,24.80826942314105,12.971376661956235,77.59456543005385,16.588628762541806,0.0,0.0359353358168747,0.6686733556298776,0.6696382642065732,-2.4826569299143366,0.6721147402546339,359.23228954658873,91.71672181286904,1274.2579750668256,1284.5457563790878,1288.3681071820854,1298.2694428990546
2024-05-20 00:00:24.908303,24.9083027675892,12.971374090333072,77.59458604852826,16.65551839464883,0.0,-0.027896339670722234,0.6686733556298776,0.6692550054324174,-1.2230436459883822,-0.2538639826641069,359.23582032408956,91.7809682700851,1282.9176841521303,1265.7342843369252,1269.6887334510639,1280.46122650969
2024-05-20 00:00:25.008336,25.008336112037348,12.97137646623563,77.59458249789218,16.72240802675585,0.0,-0.07651417670959994,0.6686733556298634,0.6730367566239229,2.0318907626478855,-1.3137614533202124,359.15540467799406,91.51915981562635,1285.3995959315776,1278.148210896815,1288.4832395918963,1273.240110238366
2024-05-20 00:00:25.108369,25.108369456485498,12.971368086678986,77.594593075035,16.789297658862875,0.0,0.3192300864702512,0.6686733556298918,0.740966871484241,3.381383721858706,-4.751126032868416,359.121227108866,91.68298485610889,1275.6490732110058,1286.3138835974278,1283.8048328139162,1279.7566081954137
2024-05-20 00:00:25.208403,25.208402800933644,12.971389290733153,77.59458814245723,16.8561872909699,0.0,-0.1577464169264744,0.668673355629906,0.6870283753837972,2.5982880253864815,-0.5468850978450284,359.1319959932517,91.57266770347353,1287.77699817373,1278.9767492598203,1297.3008621991983,1296.6417375365736
2024-05-20 00:00:25.308436,25.308436145381794,12.971394583764015,77.5946013787962,16.923076923076923,0.0,0.33561310805189204,0.6686733556298634,0.7481712469919923,-0.5840164307688718,0.7366353231415061,359.29566345556344,91.57724020812589,1294.9906691779975,1274.3457349482603,1285.1532310141697,1295.5414072782228
2024-05-20 00:00:25.408469,25.408469489829944,12.971403954130967,77.5946013142922,16.989966555183944,0.0,0.2833030905635504,0.6686733556298634,0.7262125705688115,-2.564246704980254,-4.1550703813773655,359.1500460483487,91.44660290800194,1288.0689870538881,1268.127895931804,1277.9240118987768,1297.7268679079705
2024-05-20 00:00:25.508503,25.508502834278094,12.971404286914298,77.59459269636093,17.05685618729097,0.0,-0.2512578196800897,0.6686733556298776,0.714321040205112,-0.24034078414962606,0.02252635853944461,359.230038839645,91.4068858336654,1285.8082481332294,1296.3657502495494,1272.8996093340456,1268.5921844838365
2024-05-20 00:00:25.608536,25.608536178726244,12.971396462309302,77.59459966859202,17.123745819397993,0.0,-0.19515427106004435,0.6686733556298776,0.696569627562312,0.517078371081373,1.11673701494165,359.25975896987046,91.41860462059067,1296.135460191864,1281.5710527394388,1302.3944842301364,1281.714609051844
2024-05-20 00:00:25.708570,25.708569523174393,12.971407318034373,77.59461074040946,17.190635451505017,0.0,0.2369485079304132,0.6686733556298918,0.7094143020406263,2.0102004363959307,2.7398343094953588,359.08792241035354,91.57044152279354,1286.3222315628668,1313.1981098182125,1296.2642532534153,1284.7853139309289
2024-05-20 00:00:25.808603,25.808602867622543,12.971414152295008,77.5946102979706,17.25752508361204,0.0,-0.08244133685720892,0.6686733556298634,0.6737363212356193,1.1411487564107954,-0.7564659722719183,358.9884678713935,91.37981008772226,1283.0842840790237,1291.20817603827,1275.4648176381918,1285.5812539368335
2024-05-20 00:00:25.908636,25.908636212070693,12.971409294552009,77.59461217543762,17.32441471571906,0.0,-0.06203536375658247,0.6686733556298634,0.671544818225644,1.3024268619597734,0.894309864403611,358.89953858393125,91.48702095793428,1285.2461245745114,1271.9794535203916,1292.8524801243625,1272.1706087887399
2024-05-20 00:00:26.008670,26.008669556518843,12.97140934709433,77.59459743865054,17.391304347826086,0.0,0.4252369031845327,0.6686733556298918,0.7924332655557258,1.0101183260088498,4.1759757120062195,359.0497890003064,91.47286319134945,1270.7862452285485,1284.704988094842,1285.872955368051,1304.7072460178624
2024-05-20 00:00:26.108703,26.10870290096699,12.97141532153662,77.59457378129953,17.45819397993311,0.0,-0.10111537678867931,0.668673355629906,0.6762753699141166,3.4297495675521295,3.0303062578616413,359.0928311943289,91.24384110356206,1267.8409224074999,1290.3816115735708,1285.0887372072914,1289.7451209250721
2024-05-20 00:00:26.208736,26.20873624541514,12.971409093195968,77.594574017672,17.525083612040135,0.0,-0.17641721126167362,0.6686733556298634,0.6915541113742639,2.021030291357207,0.2445784200891179,358.90956958006365,91.22031630260764,1288.7736241052166,1296.1744325614227,1292.262493311071,1293.0049134289707
2024-05-20 00:00:26.308770,26.30876958986329,12.971417172721404,77.5945602591487,17.591973244147155,0.0,-0.18862157805844237,0.6686733556298634,0.6947676994784363,-0.045946425399115864,-2.644168059768943,358.90201681705344,91.17945625895406,1286.0703784729553,1276.930582597665,1274.4840644244205,1310.6319781710895
2024-05-20 00:00:26.408803,26.40880293431144,12.971406612830226,77.5945656449213,17.65886287625418,0.0,0.17357238489474403,0.6686733556298776,0.6908338652146188,1.4594616471770092,1.0907296388042833,358.96003291236025,91.22571046875184,1303.8399538665901,1283.6757445301873,1312.3028415868814,1302.1926159767152
2024-05-20 00:00:26.508836,26.50883627875959,12.971396236241539,77.59456514795978,17.725752508361204,0.0,0.3149902416389021,0.6686733556298918,0.7391501260617316,-2.8560240597549,0.5417323638690322,358.7437354348294,91.242214779378,1277.7517856545796,1278.6660258806135,1284.3666856699494,1305.6011767835257
2024-05-20 00:00:26.608870,26.608869623207738,12.97139301959469,77.59456717041499,17.792642140468228,0.0,0.29455296356866323,0.6686733556298634,0.7306746915532137,-1.4715022810785061,1.5573386408666228,358.7144826744295,91.2136679071694,1276.153144290043,1284.9394781108908,1289.5348544276653,1286.9361173231962
2024-05-20 00:00:26.708903,26.708902967655888,12.971403794057053,77.59456978664524,17.85953177257525,0.0,0.41039654594625347,0.6686733556298634,0.7845695516994763,-0.7558278708232521,2.4325605850570433,358.7456691329733,91.15248530638236,1291.8797530010277,1285.9109272754044,1282.8177321445366,1287.7923794126118
2024-05-20 00:00:26.808936,26.808936312104038,12.971403348384984,77.5945547883025,17.926421404682273,0.0,0.1370137436170753,0.6686733556298776,0.6825663502321855,-0.7518821951127845,-1.7580463379946814,358.76280993097083,91.12388057392397,1284.3343615292374,1293.4428132703022,1303.5236617683684,1302.6701081788465
2024-05-20 00:00:26.908970,26.908969656552184,12.971406256823878,77.5945512942317,17.993311036789297,0.0,-0.06075827376710117,0.668673355629906,0.6714280485357436,-2.002184334565056,-0.4976874931179125,358.8885596803768,90.85235023957053,1272.590840739184,1290.277333549149,1279.2945457888984,1284.9609795819063
2024-05-20 00:00:27.009003,27.009003001000334,12.971402124344964,77.5945573876779,18.06020066889632,0.0,0.001181888760188218,0.6686733556298634,0.6686744001308433,-2.6324659450735015,4.144984779572892,358.8335946766485,90.88703120462769,1309.2410108721183,1288.2559056098391,1289.8155516364516,1295.0898969620466
2024-05-20 00:00:27.109036,27.109036345448484,12.97139328106608,77.59456397771714,18.127090301003342,0.0,0.093452864444671,0.6686733556298634,0.6751721961116407,-0.0028816911953698315,1.570144701979079,358.9887422134693,90.96622573987503,1279.6501995377532,1289.266984579983,1285.0341641856598,1298.4985629894416
2024-05-20 00:00:27.209070,27.209069689896634,12.971369822174902,77.59456379479145,18.193979933110366,0.0,0.3708780159601781,0.6686733556298776,0.7646401501699207,-4.461584896330075,-1.9231324941529353,358.9018701850639,90.93546919961555,1310.210073105333,1290.7546282053543,1289.243156784432,1285.5303698408352
2024-05-20 00:00:27.309103,27.309103034344783,12.97136176526746,77.59456785226098,18.26086956521739,0.0,0.17136184154349932,0.6686733556298918,0.6902817810622841,1.360301216307981,-0.8200400120543091,358.78852265263896,91.15767478087672,1294.219818359283,1294.2550229122414,1299.4762168590505,1294.1154902674446
2024-05-20 00:00:27.409136,27.409136378792933,12.97136635862193,77.59458342751186,18.327759197324415,0.0,0.4105506678225937,0.6686733556298634,0.7846501815324326,-1.5094756631838224,-1.3885202615309349,358.983178347017,90.9309137594279,1288.2855660903253,1298.3417929204215,1288.1961840735503,1291.8195207712072
2024-05-20 00:00:27.509170,27.509169723241083,12.971383339904639,77.59459916755432,18.394648829431436,0.0,0.1880577521102548,0.6686733556298634,0.6946148390713114,0.540201903040494,-0.4118832801419178,358.9025977175663,90.90950193378946,1277.7515985962716,1298.638025390371,1293.9510331958481,1275.3546307441634
2024-05-20 00:00:27.609203,27.609203067689233,12.971396270723547,77.59459779078304,18.46153846153846,0.0,0.045235917361443195,0.6686733556298918,0.6702017194463702,1.5051653127444669,0.10737891313134439,358.9938106617461,90.80680918637202,1282.6038419243355,1290.8428034561541,1299.9636605499331,1293.6276463164393
2024-05-20 00:00:27.709236,27.70923641213738,12.971405012163768,77.5945898340783,18.528428093645484,0.0,-0.09309046308734283,0.668673355629906,0.6751221303195257,-2.8133822162290723,4.176041167579781,358.8723196343429,90.56674228715602,1288.982495282023,1285.1658634107619,1308.3690357847172,1271.166819826986
2024-05-20 00:00:27.809270,27.80926975658553,12.971404439414927,77.59458631622637,18.59531772575251,0.0,0.22673965234101057,0.6686733556298776,0.7060700577655472,-1.60855517296045,0.49072544839667515,358.7307743247586,90.59592166881399,1292.187364868,1278.6979420800549,1312.5695420836255,1279.4568462619227
2024-05-20 00:00:27.909303,27.90930310103368,12.97139867070197,77.5945952800162,18.662207357859533,0.0,0.09627589111482765,0.6686733556298634,0.6755687261406169,-2.0011145396505414,-2.606795323011614,358.87947566388664,90.71263038986173,1287.554206690107,1297.1822202228807,1296.0434640847773,1298.2282540791598
2024-05-20 00:00:28.009336,28.00933644548183,12.971402550740818,77.59458713840877,18.729096989966553,0.0,0.030142810030862534,0.6686733556298634,0.6693524075745589,-0.4315474438315873,3.4520120285659917,358.81560529388327,90.76370378328421,1274.9618925605218,1301.4054540839647,1295.6210528656186,1298.4415201769466
2024-05-20 00:00:28.109370,28.10936978992998,12.971394117866057,77.59460299033101,18.795986622073578,0.0,-0.17646307317020074,0.6686733556298918,0.6915658122854335,2.264700505413958,4.921147386918419,358.6319638955993,90.66875858620708,1280.1042610434465,1287.2432673583276,1297.3794864920505,1286.7433547033554
2024-05-20 00:00:28.209403,28.209403134378128,12.971390220577101,77.59459147743169,18.862876254180602,0.0,0.16384920575809322,0.6686733556298918,0.6884552409248533,-2.660593479450297,-0.729491650175137,358.54194778176793,90.52445287004532,1300.9696454741077,1275.2751510463188,1299.0244393376927,1293.938936432662
2024-05-20 00:00:28.309436,28.309436478826278,12.971385136859576,77.59457469174812,18.929765886287626,0.0,0.08360529782726424,0.6686733556298634,0.6738797387917872,-0.030665913437836857,2.981216928729398,358.4661148599985,90.5664914319646,1287.8530627927896,1297.9758519450997,1285.6751609279067,1287.3008160594093
2024-05-20 00:00:28.409470,28.409469823274428,12.971383480463698,77.59457997128219,18.996655518394647,0.0,0.05677677095635119,0.6686733556298634,0.6710794723797858,1.0625009475053515,-1.3282826108586816,358.37167154451475,90.49761363441682,1294.955654122226,1315.4562876994883,1282.5592614244906,1291.9729594743983
2024-05-20 00:00:28.509503,28.509503167722574,12.971382128407939,77.59456944464307,19.06354515050167,0.0,-0.017157783396493945,0.668673355629906,0.6688934489591296,-0.39404062523640565,-2.6824464337989666,358.39971353439023,90.61809205550469,1314.7762922997563,1289.5228050216595,1295.0745613012157,1278.409058620779
2024-05-20 00:00:28.609537,28.609536512170724,12.971373890294535,77.59455160595786,19.130434782608695,0.0,0.13889224455870577,0.6686733556298776,0.6829459071755801,0.9011158095347768,-0.11499416469609008,358.3660998457344,90.4675557335227,1284.7983849723955,1282.2505959089717,1283.8583879169228,1296.979233674474
2024-05-20 00:00:28.709570,28.709569856618874,12.97139489633248,77.5945511950646,19.19732441471572,0.0,0.08394366475938758,0.6686733556298634,0.6739218021273227,-2.695561777901736,-3.395962362590484,358.489216346555,90.31211166957998,1299.1955937766677,1309.4288017080592,1286.136806962054,1293.7923169981239
2024-05-20 00:00:28.809603,28.809603201067024,12.971381645619013,77.59454364797442,19.26421404682274,0.0,0.06105554210735481,0.6686733556298634,0.6714550139445864,1.1411913644699059,1.95813653946263,358.53845917614893,90.30335195056752,1303.2360709177221,1287.312733141219,1313.1303520101735,1303.849486558593
2024-05-20 00:00:28.909637,28.909636545515173,12.971368924217579,77.59454355605935,19.331103678929765,0.0,0.12282703485553884,0.6686733556298918,0.6798606747126529,-0.17983320576043907,2.492264974134402,358.5082965906253,90.32776392786981,1301.2684509101914,1306.2663597488643,1288.0373650004253,1299.297245014252
2024-05-20 00:00:29.009670,29.009669889963323,12.9713733684006,77.59455903538529,19.39799331103679,0.0,-0.16312998636277207,0.6686733556298918,0.68828442447876,0.18740054310788726,0.9298253705474903,358.45164827703394,90.36972361959995,1287.7745519736686,1305.5640274438128,1292.250991418933,1279.0675460138793
2024-05-20 00:00:29.109703,29.109703234411473,12.971379839907408,77.5945630747245,19.464882943143813,0.0,0.01937206182812206,0.6686733556298634,0.668953909704379,-1.71566393780148,-1.277306622008112,358.19097328892616,90.30964696423166,1299.597426624141,1310.2534591385474,1290.7961960162024,1296.7289633737055
2024-05-20 00:00:29.209737,29.209736578859623,12.971382050929464,77.59455622311282,19.531772575250834,0.0,-0.03798594896506985,0.6686733556298634,0.6697514381082572,-1.5132267246443953,-2.3301262546435457,358.108507378053,90.29931327924832,1312.8342267522542,1295.9149275755037,1293.6207767497044,1293.578722169366
2024-05-20 00:00:29.309770,29.309769923307773,12.971376647030484,77.59454111331479,19.598662207357858,0.0,0.24914869115755509,0.6686733556298776,0.7135818991782538,0.5933876285104029,1.0625334268831559,358.12441930899735,90.39808096042115,1295.1334860656516,1298.2004858254707,1313.9391911428856,1285.6430416660505
2024-05-20 00:00:29.409803,29.40980326775592,12.971374701570005,77.59455469729456,19.665551839464882,0.0,0.09160825649626235,0.668673355629906,0.6749193501357357,1.386596368455042,-1.603717882891827,358.1109939401041,90.12967845783308,1307.3250469592574,1304.4179147346258,1288.3983646044614,1302.5552041528952
2024-05-20 00:00:29.509837,29.50983661220407,12.971376294515915,77.59456308802632,19.732441471571907,0.0,-0.031938794990458846,0.6686733556298634,0.6694356900813881,4.241739141785004,-0.38901607742732486,358.09789872983225,90.13959790340084,1290.8017911380782,1311.7115122873001,1318.3405533326052,1306.1061232160555
2024-05-20 00:00:29.609870,29.60986995665222,12.971373990980926,77.59456532240641,19.799331103678927,0.0,-0.22442813075756046,0.6686733556298634,0.7053311579709451,0.5169815765738904,-0.7300476355410619,358.1323895345171,89.93291954169669,1295.4891274783465,1299.8757412956754,1313.3387416626197,1303.2338556182133
2024-05-20 00:00:29.709903,29.70990330110037,12.971392995494744,77.59455854546866,19.86622073578595,0.0,-0.062262536558518135,0.6686733556298918,0.6715658418859916,1.0188283497867936,-0.3227398875822913,358.1917966747128,90.1271134825427,1297.5955299392938,1281.8440563240272,1303.1170120781987,1294.0553467410382
2024-05-20 00:00:29.809937,29.809936645548518,12.971394838826786,77.59457044708832,19.933110367892976,0.0,0.12023439478624068,0.6686733556298918,0.6793970607965223,0.2792607913778201,1.470758522051501,358.04149353953983,90.04267939842856,1293.5252008487396,1292.7195092467812,1314.592908009487,1297.607329171627
2024-05-20 00:00:29.909970,29.909969989996668,12.971378388998062,77.59456881358298,20.0,0.0,-0.28645556623625973,3.6324351921610685,3.643712696780298,1.0133301771472936,-1.278504918101138,358.08748436325567,90.09844284892608,1319.6506004805115,1303.1236390164534,1316.3340836271682,1296.2547606223236
2024-05-20 00:00:30.010003,30.010003334444818,12.971363755296498,77.59455764845544,20.659839649419034,5.620392019404962,-0.06764119164347514,-0.21118156329492876,5.624764833775154,1.9316835884236236,-0.698367934467352,357.95344204527765,90.07272324476791,1299.9539862908762,1282.1034859674185,1306.6764274478742,1310.4046509154987
2024-05-20 00:00:30.110037,30.110036678892968,12.971359304199547,77.59456402216477,19.95774960387564,5.739461108298673,0.14879655930852334,0.10684854238085961,5.742383724616808,1.1544652954277874,3.0729859824920753,357.92239652166313,89.85337270062277,1317.9839567534284,1309.1551902664435,1290.0074375674594,1302.5396067102868
2024-05-20 00:00:30.210070,30.210070023341114,12.971364243956065,77.59455981091038,20.68121648350652,5.373687721857621,0.13364261628156246,2.362000890280939,5.871407692080144,3.034376793270111,2.1999565182379097,358.07989172323283,89.8742132422613,1313.1264438823714,1306.8215766437636,1293.7300863789296,1308.3630911461894
2024-05-20 00:00:30.310103,30.310103367789264,12.971365212968056,77.59455524822755,20.430307301164213,5.743628735883165,0.18093603962871552,-4.4898918025618855,7.29253983909665,0.7118358441230568,-2.843172502075883,358.14686457253566,89.85549435211762,1292.9435932647398,1299.1751119814824,1320.7900032096668,1319.381837884943
2024-05-20 00:00:30.410137,30.410136712237414,12.97134676183614,77.5945465317723,19.782938697065326,5.57683888252721,0.1844379378023645,-0.21225396966136145,5.583923443440565,0.5785947568935911,-0.038599493336779346,358.15358093008814,90.04553147572045,1317.0446108038484,1316.0848304840817,1295.4502786647254,1306.0640083847027
2024-05-20 00:00:30.510170,30.510170056685563,12.971345928865409,77.5945215690411,20.387842352248967,5.607840779863934,-0.05196901354302891,-5.668997148904452,7.974215175486574,-2.090699361216828,0.2856871322044852,358.21932105096226,89.87867017643453,1308.7741329265252,1297.2337875245626,1287.1390547029478,1293.6468140800428
2024-05-20 00:00:30.610203,30.610203401133713,12.971332199231979,77.59451595335392,18.64876120812145,5.969373572829833,-0.19788867767836915,-1.3160903322897752,6.115936113425247,-0.8644914953917134,-1.0000061373663818,358.1127684266315,89.66829358057797,1283.48943295439,1294.6895652090188,1286.3882911041007,1299.8645936198723
2024-05-20 00:00:30.710237,30.710236745581863,12.97132990518602,77.59453120709277,20.124536517179322,5.860679576217298,0.28175505066564116,5.364015068835343,7.949818152785559,0.6497275363279599,-2.40204813714765,358.06432738089535,89.73321018995566,1301.6296006391506,1292.259856955372,1305.6484834909381,1308.7691655545796
2024-05-20 00:00:30.810270,30.810270090030013,12.971321709770494,77.5945298645974,19.721921942133193,5.142513829959808,-0.2783138756421239,-0.3746417086883014,5.16364827564695,2.492220602418899,0.515408570778792,358.1606394321545,89.73075292196347,1293.9636122076827,1314.665477678843,1289.7275715422595,1297.1155298200877
2024-05-20 00:00:30.910303,30.910303434478163,12.97132816342075,77.59453202945585,20.049583190999602,5.7724347040623405,0.0057621359773038575,-1.2521151959567476,5.906676567988137,2.413496118246914,0.17733315967985838,358.2532296254772,89.84231115719442,1279.9047997758735,1298.5916346589916,1286.195512225404,1309.209602477919
2024-05-20 00:00:31.010337,31.01033677892631,12.971337315673455,77.59454498233644,19.471415400761423,5.832786737187556,0.07432794399163802,2.700863810498163,6.428187231842873,0.1608299076641435,2.0055598174858194,358.26414054958855,89.70886803798781,1291.4754364897476,1300.9815133791942,1294.831910447608,1291.53169775059
2024-05-20 00:00:31.110370,31.11037012337446,12.971333208135208,77.59454079266816,20.589936070725862,5.559080567944622,0.01967615531288928,0.7901419678647557,5.614987822014273,2.222046300014871,2.6887330113873316,358.28379474530897,89.49834853511459,1282.353756134035,1292.3638305161544,1300.4916911476473,1315.1403317738066
2024-05-20 00:00:31.210403,31.21040346782261,12.971312242569793,77.5945419006666,19.62949648803013,5.638654739941805,-0.39985776873561346,-6.387139483622093,8.529353099428509,0.4663261191577632,-2.9239051883759664,358.1475973850002,89.66207637430428,1300.5442054154303,1289.0213955381712,1306.3680987062,1293.8455530563635
2024-05-20 00:00:31.310437,31.31043681227076,12.97131652432931,77.59454956690438,19.312082222718768,5.827578052033208,-0.15917980115074207,1.7961484074649405,6.100176494436238,3.6193640202146486,1.561572483954933,358.3837842359493,89.69191943604757,1306.8110475754893,1305.512301684356,1298.377848984422,1301.704192626588
2024-05-20 00:00:31.410470,31.410470156718908,12.97130149265616,77.59455952075879,19.988845952678002,5.942660459622348,0.26767413756967134,1.1960080549851,6.067725937274344,0.7556106810734899,2.6858261567250836,358.50875180101474,89.51049476861331,1297.7038207327994,1291.326617089317,1310.0280851758016,1294.0803704074476
2024-05-20 00:00:31.510504,31.510503501167058,12.971309466577525,77.5945620639661,19.55136359417294,4.779892953376508,0.21129614415978648,-3.187393312227428,5.749043297202355,-1.7629411964358914,1.1853868778045527,358.53114301818664,89.50825180451507,1292.5202322505731,1304.2171895220436,1280.4500158472206,1295.727628435257
2024-05-20 00:00:31.610537,31.610536845615208,12.971307898916963,77.59456508547899,19.351154726490453,6.192278484575201,0.24920504564660365,1.251783487338031,6.322450306999719,2.2150419028822856,3.5678114635445213,358.48399360651973,89.42296342895345,1266.893910985597,1288.5953410272405,1296.4809100085051,1306.0594439139593
2024-05-20 00:00:31.710570,31.710570190063358,12.971324731894343,77.59457469372452,19.801803771699724,5.065327226657132,-0.06630036226542615,5.126335145411602,7.207027658767014,1.1825699754745134,-4.055814721332111,358.598354525994,89.436416408327,1292.4600338904456,1293.9750372291846,1300.1046830946168,1282.3671876417427
2024-05-20 00:00:31.810604,31.810603534511504,12.971313258777585,77.59459308063971,20.376763625205662,5.689337209699406,-0.08013421788539944,-1.6985544606394285,5.938018746543702,3.907378561928262,2.3675865912490823,358.6693536597477,89.3815149867469,1294.4584794416696,1297.1835650688727,1311.3950378649502,1305.1291245169857
2024-05-20 00:00:31.910637,31.910636878959654,12.971315795221377,77.59459862770814,19.461979604849503,5.949701035790244,-0.3413174612176792,3.73778553469991,7.034662801302382,-2.255002587610408,0.6758831208863413,358.5548974200375,89.43689530694137,1293.7726823835997,1308.5373055935393,1289.1221382842732,1313.982585460303
2024-05-20 00:00:32.010670,32.01067022340781,12.971324187307479,77.5945948324518,21.124570000937663,5.790415305950916,-0.23197476774521056,1.6453535329159337,6.024110719146854,3.092090157334896,1.1380867069768932,358.5028332838286,89.17732810454014,1306.8713845679936,1322.2553003241303,1283.3768485202556,1307.0547831927338
2024-05-20 00:00:32.110704,32.11070356785596,12.97130243954729,77.59460678043247,19.791160038243934,5.683205895092845,-0.1684055117340546,-2.517545260314037,6.218136682329374,2.363263287836377,-0.8673440150102995,358.37712638569906,89.24636051834928,1283.1905727032786,1306.7024527540157,1308.298200756765,1296.899705273157
2024-05-20 00:00:32.210737,32.21073691230411,12.971294528671695,77.59460044083065,20.62089305656006,5.358709939340067,-0.1542861899474905,2.080999509837781,5.750663909700829,2.3667604794451607,3.987157872302652,358.285984874861,89.30173685006343,1312.4105360033745,1321.2362430364299,1328.1308778789332,1298.7347540896617
2024-05-20 00:00:32.310770,32.31077025675225,12.971293919606394,77.59462265225504,20.207498719772072,5.477475133127782,0.14683414073891138,-6.829865852327217,8.75621845660015,-0.03585723202113083,-2.730294567168545,358.26975113199234,89.20561927430226,1298.407623747011,1309.429132708821,1303.5955321920153,1305.465583148803
2024-05-20 00:00:32.410804,32.4108036012004,12.971291902436684,77.59461198213718,19.254464409879063,5.33421481503377,-0.08795069667779608,-5.0230320538657764,7.327512131148941,-1.235018084692861,1.7556241139959037,358.3565042870197,89.34700924443527,1279.6326554591508,1291.8302138071706,1294.6473128224409,1308.0968962505394
2024-05-20 00:00:32.510837,32.51083694564855,12.971297682986915,77.59461757472421,19.202557328535168,5.595188399044884,-0.29618547666424555,4.765295086335229,7.355399126984474,0.11815511138319966,2.7391567527166623,358.37922135309475,89.03370747469833,1285.6342142899255,1290.4745471228919,1277.7392149522852,1290.1632679990312
2024-05-20 00:00:32.610870,32.6108702900967,12.971311856568065,77.59461964371826,20.207841219415958,5.929433892882591,-0.3131335535046495,6.616165151726477,8.889875152515646,0.2600438686248519,1.6339528361969802,358.5335204946694,89.07878759236041,1309.9860299554744,1293.2356041408593,1304.4284473415182,1293.0156968377482
2024-05-20 00:00:32.710904,32.71090363454485,12.971318299376613,77.59460259456414,20.526231583632168,5.58719489068785,0.497892736280876,0.31519567169405605,5.61818406914764,-0.9850137418008796,-0.41183065177702455,358.50085717438895,89.03291183853051,1308.7598398847565,1294.4642100482909,1299.3319965028475,1284.267998990718
2024-05-20 00:00:32.810937,32.810936978993,12.971331958794869,77.5945959372798,20.270901373806232,5.568601536438344,-0.06492784327694673,-4.764908715866127,7.329249195312782,0.435416142088046,-0.7828316090831888,358.444933180678,88.87425444641661,1308.1390170615282,1291.7385818477514,1290.987401594979,1305.6947474803317
2024-05-20 00:00:32.910970,32.91097032344115,12.971333066965794,77.59459695113233,19.572932073955712,5.588719054884795,0.0021356362873931035,-0.0963410803316549,5.589549788590689,1.247233310796682,1.5499351541397537,358.13072917266675,88.84775871052483,1300.6550992530604,1301.1937864909526,1278.2132534447437,1287.0564806564378
2024-05-20 00:00:33.011004,33.0110036678893,12.971321406752205,77.59461502803903,20.251626732859588,5.809691183355952,-0.09811557787497566,5.8625129317722156,8.254162355307901,-5.445429508066271,-1.7894106974442865,358.15030202719294,89.00042353107985,1291.118496685329,1293.1011932186502,1307.91487916406,1332.1411463383622
2024-05-20 00:00:33.111037,33.11103701233745,12.971312061715807,77.59462602965412,20.745825624827116,5.783093144489482,-0.08109338959036307,-5.135254880825883,7.734441488997286,0.39601302499124424,-0.4856336195678162,358.25960163940135,88.80599329112621,1310.9898074225048,1309.1297644102915,1299.0237508054104,1323.7758044659042
2024-05-20 00:00:33.211070,33.2110703567856,12.971302382835313,77.59461579255064,19.22423329221419,5.423011762891239,-0.005350485953876895,-3.690657638697928,6.5597285777870455,-0.47254181457048844,-3.227326922763741,358.26685385634863,89.00417694328014,1322.2954629553392,1315.613975584651,1286.8736190791265,1287.3025732671051
2024-05-20 00:00:33.311104,33.31110370123375,12.971296032206872,77.59461510015278,20.007447971202986,5.503925102534732,-0.1575047571996096,7.73596611475719,9.495428953529373,-0.2702390430290666,1.4324659591746745,358.3665038301568,88.91239025773424,1303.4303877172513,1296.623579008302,1306.0647267760103,1313.8805366213126
2024-05-20 00:00:33.411137,33.4111370456819,12.9712978056758,77.5946109289631,20.771942418207633,4.8982776483317,0.0917296836503827,-3.285986257798342,5.899088399189156,2.2101591329591854,-1.9085826461226796,358.5129538333502,88.91500351930416,1303.1093586339255,1293.305638379958,1313.50707333729,1298.9481438943549
2024-05-20 00:00:33.511170,33.51117039013005,12.971288632197341,77.59462099254286,19.35003158084653,6.146536018814245,-0.07535502741529643,-3.0996108655524637,6.884269818113503,-0.3147156262799966,0.025371901041927027,358.6050825254337,88.70849655299982,1298.1500445051756,1295.0008096623485,1280.1263663491059,1302.0946360496173
2024-05-20 00:00:33.611204,33.6112037345782,12.971300170563808,77.59462391125871,20.151813535469557,6.063466506194677,-0.3246101550246544,0.05894580748076805,6.07243546138692,-1.291787694756277,2.433291394992332,358.5038727190756,88.78616117275281,1300.2257484122458,1294.1722492758659,1297.6406740365019,1304.1457689817842
2024-05-20 00:00:33.711237,33.71123707902635,12.971300702498718,77.59463559077219,19.361824673373526,5.451222922564632,-0.1813200069683637,-5.067627312275647,7.445102744257006,-2.9824285020209054,1.0876487190899755,358.5094619172854,88.9302806313224,1293.7275351002806,1298.066478822313,1310.6914849861362,1300.0674790713456
2024-05-20 00:00:33.811270,33.8112704234745,12.971286364607497,77.59462948008796,19.137950118542115,4.758481713239224,0.2613399423986746,0.6765147769681477,4.813431107243699,3.2922625223027406,2.305132560182283,358.5592944211102,88.68746546747494,1293.5996182526133,1303.3887632257788,1282.6452553014133,1301.7491284583439
2024-05-20 00:00:33.911304,33.91130376792264,12.971285267290812,77.59462773224033,19.497172744790912,5.204954880613106,-0.19828655025052028,3.6166575418268394,6.341221068538882,-2.667441034433737,2.2679433593301304,358.54934111723344,88.74135035705535,1293.3529146802857,1299.935327184895,1280.3870688407953,1301.520725626458
2024-05-20 00:00:34.011337,34.01133711237079,12.97129830146493,77.59460610501532,19.861522817807217,5.845232149409503,0.1337237011303376,1.7342804367149824,6.098553069532702,0.3147513345858784,-2.203068425106363,358.4143704528483,88.70193030199505,1303.0030065884819,1309.9135944384088,1300.2730194750056,1308.1808522086044
2024-05-20 00:00:34.111370,34.11137045681894,12.97129383797737,77.59461310863983,19.84414448938211,5.226051383943255,0.008157090557745937,1.187762429814967,5.359333838773391,1.5217513699781504,-1.125831727031019,358.42997335468175,88.69267477940332,1302.5602558397195,1304.7527439711473,1283.0596081789254,1290.7292093643068
2024-05-20 00:00:34.211404,34.21140380126709,12.971277384085715,77.59462872835459,20.09915451433572,5.33612954206703,0.12085002799998501,2.797592887295835,6.026226778178559,-5.967125033335278,0.8723208660382673,358.4045692549883,88.4859604866564,1290.4495551633902,1295.885315370618,1287.3419959320863,1299.915721244328
2024-05-20 00:00:34.311437,34.31143714571524,12.971299002386877,77.59462369612993,20.403849635223224,5.6497107343643265,0.44112640440143497,1.6125595870063307,5.891873412446814,-0.9605919499220711,-1.1242909632976394,358.3386320564668,88.48991666228332,1313.5455419051955,1326.823233450796,1304.5692506489138,1302.643202333199
2024-05-20 00:00:34.411470,34.41147049016339,12.971281628593935,77.59461501903483,20.42177397155606,5.896841159366672,-0.1354125764694593,2.4543194257984737,6.388642740717212,1.0691306624849188,1.5397747974993963,358.2662205856055,88.56135185670378,1307.0363908122085,1314.5118938866146,1286.7023633376834,1284.1071044541197
2024-05-20 00:00:34.511504,34.51150383461154,12.97127969584987,77.59461547483798,20.894877196236592,5.2989473309278,-0.26037842573806386,-3.8351557659696454,6.546377585335795,0.8670235128170114,-3.0342557360775277,358.1478140952717,88.47643673626858,1307.0733740145936,1304.1223958228034,1316.0579379144526,1303.9443329301398
2024-05-20 00:00:34.611537,34.61153717905969,12.971268026297261,77.5946157769473,19.65448705605696,6.014705605747277,0.07304585487971153,-5.170740446730193,7.932123044190274,-3.958081906271862,-0.23175352307134295,358.28720395154994,88.3576294564409,1302.469180687419,1271.22213780287,1300.239259806874,1286.116688664924
2024-05-20 00:00:34.711571,34.71157052350784,12.971280330024658,77.59460484797756,19.86038427591711,5.084702530041998,-0.03762980185504587,1.6301262376901917,5.339749748050851,-2.269663089357634,1.251587140474527,358.2246621951807,88.47465948741709,1303.6407392919718,1312.300265708221,1312.859423869773,1300.7995416800668
2024-05-20 00:00:34.811604,34.81160386795599,12.971270358054962,77.59460889848202,19.98062101491462,5.627092558426898,-0.22916651144642733,-0.6917053994729088,5.674076516115364,3.8786015027440106,3.6065006648439444,358.26506979712633,88.47522494899196,1303.7320151591891,1294.0957168856146,1283.4767346697868,1322.1731726988414
2024-05-20 00:00:34.911637,34.91163721240414,12.97128119267527,77.5946238032032,19.721997066952873,5.840523935783117,0.1672337874282688,-1.5362823595986868,6.041510611802914,4.534766729170395,2.6013876613552718,358.23673814742165,88.53475072345141,1300.0102852935152,1302.5235686810731,1301.0994826933002,1299.288210282878
2024-05-20 00:00:35.011671,35.01167055685229,12.97127748266797,77.59463923647914,19.673262090019918,5.603850065782883,-0.003534376218514372,1.3336429788607091,5.760360374720886,0.0605285767528264,-1.552743336091156,358.24758090253044,88.45216845760142,1290.943920302591,1306.9883811544007,1318.775245491053,1302.916668884916
2024-05-20 00:00:35.111704,35.11170390130044,12.971282728349276,77.59466141381883,19.988814601903332,4.952529968529819,-0.5191613735963524,4.578158614043389,6.764363821998349,-2.0092768498577858,0.6938712326859068,358.188514893168,88.36243707334674,1309.119805757651,1300.1701467280589,1287.1075287618428,1304.89039064195
2024-05-20 00:00:35.211737,35.21173724574859,12.97127928566988,77.59466757170328,20.58919912517365,5.884648567009727,-0.11560187462248966,-0.13827370108411685,5.887407932786496,1.221536954984376,-0.42805464585779107,358.2716791956754,88.32077001490485,1311.4946007701217,1306.642343863964,1310.891515327306,1306.8523256651135
2024-05-20 00:00:35.311771,35.31177059019674,12.971279276815014,77.5946741423038,19.961150640365997,5.660731860915551,-0.09790274686273447,-4.999762673817514,7.553217654981654,1.7605024156258302,0.22346051943479361,358.28515747593593,88.35734810869457,1296.642665436875,1295.6964891614011,1277.9037113566833,1303.6698770753717
2024-05-20 00:00:35.411804,35.41180393464489,12.97128970909252,77.59467897437776,19.58891316175567,5.810058057476127,-0.34708823204274325,-2.4619815255258146,6.319699194114878,-1.0937441699468495,2.951510993517166,358.3570386314011,88.15118745228925,1286.252636799235,1307.6246488836043,1289.273701510174,1305.57358382852
2024-05-20 00:00:35.511837,35.51183727909304,12.971270134376503,77.59467661907034,19.468590148430188,5.363250081134189,0.06809104302190204,3.286269620919299,6.290362139360719,1.0902899859940367,-0.8227970771962339,358.2515665115856,88.03291605340193,1305.598813861404,1320.998019621261,1298.2816514322728,1295.9338882172003
2024-05-20 00:00:35.611871,35.61187062354118,12.971275232178131,77.59467362415864,20.246386243633403,5.412987048563139,0.06720123964395988,4.543805032593369,7.067609848367607,-1.4865618687975224,-0.9046332852849127,358.3583954859161,88.21744424378807,1300.7665585570305,1309.4827248613117,1303.3959741274969,1287.8871306668927
2024-05-20 00:00:35.711904,35.71190396798933,12.97127240772348,77.5946685923967,20.37765417629141,5.329495282580952,-0.02234510764479007,1.4902101098742264,5.533962905771923,-1.5670565717324962,-1.8896932390030212,358.27279406231116,88.18302774380822,1290.291244207442,1309.6484054240684,1293.7328960021698,1306.5982147950444
2024-05-20 00:00:35.811937,35.81193731243748,12.97127626287812,77.59466005979313,20.54452764607573,4.934473138703985,-0.00349400226757162,-5.519077953926711,7.403327550916741,-2.789433597567119,-0.7910499544134887,358.1699588048215,87.92107098767833,1307.218060708046,1305.7870929744981,1303.421961528733,1293.5232233533354
2024-05-20 00:00:35.911971,35.91197065688563,12.971264342811848,77.59467382115237,19.27347052428873,5.923201444629438,0.09221707790812117,-3.6459546853410814,6.9559905772419475,2.5058882111160674,-3.0494922814149548,358.2431512007492,87.94201127571398,1308.8415331889364,1291.749403743455,1315.2282959223403,1289.846187912558
2024-05-20 00:00:36.012004,36.01200400133378,12.971265293327646,77.59466555381779,19.81509356431359,5.529957540776911,-0.05712806899896,5.000044158999728,7.455476886893974,1.178310539606104,-0.2963758951149627,358.1822432600491,88.04677662853025,1291.4581915740089,1305.2593740469142,1281.0471203147895,1305.0219474344742
2024-05-20 00:00:36.112037,36.11203734578193,12.971269983584978,77.59466079120612,20.27381280351509,5.844881305723313,-0.09759920646457178,-1.0063648020750406,5.9316888992893,-3.5354902024465193,-0.7951074181291196,358.1780876701206,88.02435041003018,1313.4631595764067,1278.2042192919685,1290.4287936341102,1317.463451947821
2024-05-20 00:00:36.212071,36.21207069023008,12.971276569195268,77.59466072620462,19.613753490540656,5.399432107561484,-0.02866060031162966,-1.3478351028449964,5.565190740544052,-1.935997490814071,1.0121744901617498,358.07822520033994,87.90019049432436,1317.039029303077,1310.4639915549706,1310.3100610844156,1294.0466556103472
2024-05-20 00:00:36.312104,36.31210403467823,12.971286906742808,77.5946641034906,20.004155897310685,5.213889039013737,-0.16662415741610986,-0.40944538714040846,5.23259477181568,-0.6634539497874866,-2.7617620325209873,358.20556468311105,87.88277899206705,1312.048821934056,1295.6696218113636,1303.4386565995571,1307.5677908183604
2024-05-20 00:00:36.412137,36.41213737912638,12.971283618338518,77.59465050378029,19.53183710765161,5.3746697161026,0.03924449141560693,0.3306868320325975,5.384976180836516,-0.5651558698754905,-0.16555700474726914,358.1596486463776,87.84332565157167,1296.2274734767589,1300.7331127570117,1303.5963858828125,1290.1075121019055
2024-05-20 00:00:36.512171,36.51217072357453,12.971287912122664,77.59464224624392,20.070315316857055,5.401066511950608,-0.12999135903694706,0.016127101650084796,5.402654653348317,-1.9623521320324449,-1.1548886095544821,358.1757545657009,87.60392138398807,1312.9018734277581,1308.6566639169362,1299.894925844431,1309.613539894189
2024-05-20 00:00:36.612204,36.61220406802268,12.971277455391363,77.59463721812236,19.535063603480236,5.2020172498525605,0.2759729814072742,2.778765315832487,5.904124087000885,0.2392637473509356,2.080910597830009,358.21083892098284,87.70730713100059,1304.7201524476413,1304.9780795509591,1283.9556017901646,1295.731889998318
2024-05-20 00:00:36.712237,36.71223741247083,12.97126890773349,77.59462642769931,20.626253692815542,5.2120940409606344,-0.04128021594009828,3.337547447287136,6.189252887945224,0.7127463515404044,2.8771656245379766,358.17005701927826,87.60788920665378,1305.06544791132,1286.1465514271404,1295.6304367552627,1315.067687809791
2024-05-20 00:00:36.812271,36.81227075691898,12.971279450852647,77.59462683007926,20.20279567029327,5.954824286750025,-0.14630198779831383,1.1554157465809567,6.067645515778663,1.3067084916257528,-0.8573471434981056,358.07118087683403,87.58134006748166,1304.7110157834807,1294.8526058948619,1293.0082066545372,1308.9394483886706
2024-05-20 00:00:36.912304,36.91230410136713,12.971276690230601,77.59462289159177,20.857413895532638,6.0567229284221025,-0.04928968622532042,-0.8064118211853071,6.110370048547764,-3.261959589793917,3.5112502709848155,358.0121147604505,87.64706193071221,1299.4651218444064,1306.160431809103,1299.5254109554153,1307.4194121651922
2024-05-20 00:00:37.012337,37.01233744581528,12.971277782913727,77.59462592790088,20.041459527341893,5.031311290898429,-0.054477513593568706,-2.5428041830799373,5.6376337428834615,0.731902374058885,-2.735668893882948,357.9869386647934,87.69350202415194,1315.5767056764719,1286.830165665008,1296.6375782732,1294.053030067323
2024-05-20 00:00:37.112371,37.11237079026343,12.97126825330245,77.59463435115387,20.348683482112175,5.665475853243965,0.19275401927270852,1.1293313892715275,5.780152259450453,0.9538648704903449,-3.5019882284147164,358.07854156255064,87.74058173998266,1321.6708838444385,1302.1085048370078,1298.9410513728953,1303.4342142795117
2024-05-20 00:00:37.212404,37.21240413471157,12.971277568252763,77.59462779949571,20.267401119060125,5.44832024585997,-0.020857736184732634,-3.3056063722696365,6.3727279900366085,-2.417232412855584,1.9318681922819925,358.16714607046595,87.44729635174957,1308.2898615325148,1302.3636469353344,1310.7133391098826,1307.1181284638988
2024-05-20 00:00:37.312437,37.31243747915972,12.97126909559346,77.59464090104427,19.68734176041767,5.55381140029127,-0.3590256007336105,-3.714976156498139,6.69139509335214,-2.528023531582605,-1.4258931131330226,358.18816975932657,87.51092722854834,1296.8301821724106,1302.8900330428473,1299.7373611470516,1307.2223723737684
2024-05-20 00:00:37.412471,37.41247082360787,12.971277079708843,77.59465040471561,19.52415814010084,5.64083842414898,-0.10205606143902178,-0.1316146053439553,5.643296551783527,-0.4367399511651909,-1.5278992778698213,358.14400430407807,87.5885318549155,1301.395220424541,1294.2700844849712,1296.3117205612841,1282.379239849723
2024-05-20 00:00:37.512504,37.51250416805602,12.971288426849283,77.59464863709056,19.661010062116112,5.195112535109421,-0.32730335356252904,-0.6317308725167265,5.243606166846921,3.9768104998322946,-3.236596066366747,358.0599084187812,87.48327969027939,1291.2965883681886,1296.3131503919983,1296.8831434695385,1312.8810736252567
2024-05-20 00:00:37.612538,37.61253751250417,12.971281563627656,77.59466869942271,19.397769836162848,5.143021928457295,0.18651722095075574,-0.17411119941360198,5.149347331464933,1.5588395149936904,0.6907701965006854,358.1126228230091,87.39770382906381,1293.322902700385,1280.8738544972541,1314.2474746190535,1309.7769684758357
2024-05-20 00:00:37.712571,37.71257085695232,12.971279382294899,77.5946859521497,19.62617621094967,5.2076245606113085,-0.014703116934543415,6.223410255721021,8.114826243176331,6.111607476510617,2.5025904458160673,358.05703922695267,87.35328077672212,1284.9195911410623,1297.176655227895,1304.5959229783386,1298.233096950538
2024-05-20 00:00:37.812604,37.81260420140047,12.97127853694227,77.59467481246935,20.642866919668226,5.761340537593842,0.43938250743821144,2.0215951371624215,6.121515227177299,2.2504152667618147,3.5356989520735795,358.0265629018164,87.47235679240897,1294.1788110160876,1290.7883075970703,1299.588283149633,1309.0118013530528
2024-05-20 00:00:37.912638,37.91263754584862,12.971270068268492,77.59468316027922,20.030630056330615,5.6630908425164606,-0.09401286856571342,-5.683717555350313,8.023969189811679,1.0564096224702564,1.9820845211915001,357.82795568829187,87.41315649235617,1306.418950600828,1305.735897796666,1300.5426508582766,1300.934070152079
2024-05-20 00:00:38.012671,38.01267089029677,12.971283580111512,77.59468045372196,19.505744367747518,5.4991582284422496,0.19293136014044665,0.44292704790686344,5.520339491456774,6.299407521631522,4.876998044305487,357.75286229981225,87.55585534600223,1303.2904439318377,1294.4151794573154,1291.1769376978277,1282.4012858876872
2024-05-20 00:00:38.112704,38.11270423474492,12.971293751328037,77.59467765033769,20.119245004227952,5.5049643797561165,0.2236390717512085,1.0825988060341842,5.614861301192046,-0.3121066503239386,0.3370622185495728,357.5313002464786,87.19746065363769,1310.1150476919008,1301.3226606520316,1309.1012951466705,1301.4489290057743
2024-05-20 00:00:38.212738,38.21273757919307,12.97131099139275,77.59467300032134,19.722336326273865,5.803162248186959,-0.02645008062611768,-3.27215318462504,6.662160171385798,-2.301518286263934,-2.236115603934036,357.6709441977695,87.41162475427691,1306.294379171406,1289.8431757572116,1295.0021031585766,1309.6516872750938
2024-05-20 00:00:38.312771,38.31277092364122,12.971299428628088,77.59466188696578,19.46459615101854,5.781838408189563,-0.23594846535419278,-4.563321946168912,7.369479916595597,0.007877831710497725,2.657181173536975,357.6554416636378,87.24094273768038,1296.4525831130113,1276.4280155065285,1288.1877958257917,1300.0817738482417
2024-05-20 00:00:38.412804,38.41280426808937,12.971288449666263,77.5946575630378,18.809367614136033,5.734934324284424,-0.24573343902253067,1.7164192233587414,5.991323023942618,-2.589210522272891,-0.20558231820372116,357.69440563979225,87.19750945186829,1304.453797330698,1290.8169685611324,1293.753046168658,1283.9558289025967
2024-05-20 00:00:38.512838,38.51283761253752,12.971277769481135,77.59464873490813,19.807994461793882,5.86168172688893,0.10226703960908573,5.6750287732615305,8.159394756480426,-1.5705738116099512,0.7818178295544541,357.6499133384547,87.26780492416249,1311.0693474200582,1295.1069325474264,1294.3181617994594,1316.0492103600632
2024-05-20 00:00:38.612871,38.61287095698567,12.971278443772466,77.59462790967676,19.944751830193695,5.8978581755160295,0.044660486470490056,1.5329232643815516,6.09397894253297,1.5193764770828029,-2.3749048793518255,357.54988822570186,87.21310953749004,1311.1709073852146,1300.9244600841023,1292.789732418625,1284.39996572275
2024-05-20 00:00:38.712904,38.71290430143382,12.971275933292734,77.59462270432498,20.114681343630807,5.506586567655861,-0.056256470470914866,0.8035990813679916,5.565198280486805,-0.22614908890064972,-0.4436549361193049,357.59967314229954,87.23887017416665,1287.1817648478038,1307.9602050051642,1298.8009066425777,1312.296934542621
2024-05-20 00:00:38.812938,38.812937645881966,12.971280182928446,77.59464100490231,20.1055252376031,5.465112964499427,0.20996330796045154,-2.6659622137264023,6.084315806271597,0.5030181086233184,-1.4367735712785616,357.60771312267445,87.01526586210446,1307.3415963814648,1299.7184373350071,1292.2258487706013,1294.0256019941746
2024-05-20 00:00:38.912971,38.91297099033011,12.97127996788093,77.59465118049003,19.58131111080797,5.813280550549394,-0.2972178388410423,-2.010335712563176,6.1582480366032755,0.09708966905760343,3.4198671028914958,357.5577182440365,86.94661467173033,1298.2713957950916,1298.3606621910722,1276.833437901602,1296.4127941682982
2024-05-20 00:00:39.013004,39.01300433477826,12.971297895720761,77.59464949345262,19.703324028020663,5.215412637213554,-0.31391474257663193,4.8072055752379015,7.0998800612835815,-1.2990139763072022,-1.10507134741013,357.5636891352247,87.00738395743046,1292.2853101787466,1284.916121727102,1301.3635282798377,1304.1301183356165
2024-05-20 00:00:39.113038,39.11303767922641,12.971309312683996,77.5946549315495,20.54307281308965,5.2807421087856286,0.1230939115439518,0.6572668592792041,5.322911708347944,-0.3026147490351553,0.16873940804566323,357.60006380791884,87.04235633298218,1299.3950472983372,1295.8189839615934,1305.9441320131962,1300.1985401454115
2024-05-20 00:00:39.213071,39.21307102367456,12.97130475304544,77.59465334188118,19.834821232277925,5.465398070224277,-0.5281411300125524,-5.632641601842877,7.866140129315856,1.4115665401219157,2.6469410898449457,357.56954075442,86.95465879254331,1291.9303324530533,1290.92318019424,1289.126910153792,1303.7732118564402
2024-05-20 00:00:39.313104,39.31310436812271,12.971316961198257,77.5946487470487,19.416168858069398,5.207045564250831,0.12927977825899636,2.5654123983324553,5.806149975910786,-0.8148602484383493,-1.1626717010348329,357.54786678627727,86.97934676084337,1283.0256271037065,1299.2994123335018,1290.7480700750841,1298.1838182070694
2024-05-20 00:00:39.413138,39.41313771257086,12.971325127336884,77.59466642757707,20.348074796465813,5.165708259501493,-0.1807179820723498,6.61276681237436,8.393204735151288,1.1520083610618428,-5.129268191102939,357.48150163571387,86.73467061532097,1306.129381824305,1302.590527548978,1322.4136309997464,1315.1550805327995
2024-05-20 00:00:39.513171,39.51317105701901,12.971337119400047,77.5946666952833,20.739163218664473,5.74052464266364,0.04825197587054215,-2.423274846563473,6.231228804031446,1.7305419236622697,-0.6531614581822275,357.4897117303008,86.7434892055217,1287.2167279909656,1311.679260407984,1315.307319117389,1307.320239198251
2024-05-20 00:00:39.613204,39.61320440146716,12.97132698057132,77.59466372396402,19.863258221628172,5.63983667692637,0.10730623405644357,1.0927838639989176,5.74573310759277,-0.9724809933806714,-0.12412889650044805,357.44660367516497,86.93053559631106,1317.997901376636,1310.62188289615,1302.0804626467582,1295.6116027667874
2024-05-20 00:00:39.713238,39.71323774591531,12.971322799266687,77.5946538683112,20.95779286801404,5.615976290622687,-0.025735107321534265,-0.23896291995572483,5.6211169058914585,0.18918393574919964,3.0505970749455678,357.3693418307837,86.78564548419,1325.4674893081958,1300.8693591907595,1314.863237471763,1288.0022406439764
2024-05-20 00:00:39.813271,39.81327109036346,12.97130903448723,77.59465427233869,19.81544970146364,5.496051310219592,0.11837348733520894,-1.6332762316732925,5.734822014327847,1.6720502363805492,-0.42073111388688345,357.33567346080923,86.59881466413735,1286.6267819448458,1316.5835742684787,1283.7413179677724,1297.3715892177136
2024-05-20 00:00:39.913304,39.91330443481161,12.971318659157921,77.59465579444242,20.631028700290138,5.649772896862295,-0.3175330502685418,3.6023384643408605,6.708025300772373,0.3402863448872072,-1.708107684001066,357.22830265822483,86.88984112283197,1287.0106585525195,1296.2978870303482,1304.6226881359391,1309.4918743315554
2024-05-20 00:00:40.013338,40.01333777925976,12.971321585116428,77.59464881474146,20.536157630308093,5.9488484862435795,-0.2697459088162149,2.2056783796003714,6.350321116435147,-0.5572532346339364,4.781527319217367,357.1526312535815,86.74821889731918,1301.0565889777247,1304.6441113873566,1302.0105544922149,1304.7914749553784
2024-05-20 00:00:40.113371,40.11337112370791,12.971314181039103,77.59464678816089,21.07231147046694,6.1142822061467665,-0.13150586999301173,-1.3804840091854942,6.269567512186343,-0.9505002297620259,-0.17859769542474985,357.14630079066706,86.7128237871413,1304.533385797036,1313.74754754589,1303.1608324481995,1313.2238303008644
2024-05-20 00:00:40.213404,40.21340446815606,12.971309532879191,77.59464084133641,20.259968765516064,5.480735665107934,0.22607144641973084,-8.489719600581722,10.10766593364531,2.8693228046957286,0.5604951692166471,357.14552315562224,86.49668234102757,1297.8677725721318,1320.1567184596759,1293.2497026135266,1313.9244007829898
2024-05-20 00:00:40.313438,40.31343781260421,12.971330504695842,77.59465550603257,19.37380138032054,5.838162439110051,-0.07293964732039203,-5.31990442253344,7.898787496981894,1.2004931422906249,0.6637621596870401,357.1566323950618,86.59921400027416,1303.8438213314166,1310.4954257627928,1304.1105965833533,1300.5806070483432
2024-05-20 00:00:40.413471,40.413471157052356,12.971342238240751,77.59463771638137,19.195633102455016,5.429559239152297,0.07628487331678152,4.668171884043176,7.160849227035313,2.1690962357399024,1.9114972976188018,357.1493291065567,86.51119105482685,1305.2487813507921,1286.7445753752081,1282.0830843056438,1290.6515483714834
2024-05-20 00:00:40.513505,40.5135045015005,12.97134195773107,77.59463647503019,20.30774707235973,5.707028063429117,0.014963595098634886,4.250539358709801,7.116001550441575,0.6885289075306207,-0.014041425501785635,357.14149291593014,86.5114988614268,1312.9176375176069,1301.0387866359163,1295.044727393903,1310.9379774869972
2024-05-20 00:00:40.613538,40.61353784594865,12.971350788104356,77.59463644737865,20.046024437975362,5.353917733390461,0.36247830639755696,1.0925396940425287,5.476264109918388,-1.1489937601732072,0.6712117048365103,357.03108851716183,86.37464862698502,1303.7642161295362,1283.749200433283,1296.1734991518454,1303.5134513400774
2024-05-20 00:00:40.713571,40.7135711903968,12.971352311136352,77.5946335717553,20.526327871434596,5.691317121042902,0.2630211615857807,2.015443227210895,6.043366785644262,-1.1391648611803085,-0.7003560188136597,356.93652931644533,86.39592947950975,1282.4906148373655,1304.6628741866464,1302.2540714724787,1309.581259015539
2024-05-20 00:00:40.813605,40.81360453484495,12.971352979070417,77.59462246655964,20.449247491101918,5.7906734689333135,-0.07585467329448682,0.9752413100990083,5.872712215679601,2.3390434488060063,3.869556749086797,357.1147852757449,86.50935590193843,1305.6446007019856,1321.5135968914935,1296.5636589896933,1298.914756596456
2024-05-20 00:00:40.913638,40.9136378792931,12.971362440922269,77.59460686135887,20.721441171220995,5.236196851041124,-0.1711942745543413,-4.510639673081698,6.913243464747335,5.095206023556994,1.8119251281188717,357.1225835095026,86.44610909231046,1307.0933663426215,1297.8287399603873,1311.8172353496984,1303.1390189511737
2024-05-20 00:00:41.013671,41.01367122374125,12.971362195310808,77.59460939923312,19.546818746904176,5.9896318990236,0.17482483604454013,-5.438327905955873,8.092074173028658,-0.3880337141892403,-2.4218612693649035,356.9920591549739,86.27448630012097,1287.2914556381043,1300.4220332096495,1297.527254418239,1297.7852895428457
2024-05-20 00:00:41.113705,41.1137045681894,12.971356793558913,77.59459730237698,19.633412913944056,5.581303789967959,0.03598307616390354,2.216241885563022,6.005328873009775,-1.7939033809040512,1.970613395031602,357.013747286654,86.305356363364,1297.2612154562614,1299.1946298912449,1278.0252997243751,1295.403072427798
2024-05-20 00:00:41.213738,41.21373791263755,12.971356930594808,77.59458478325227,19.990214922742062,5.495836144261519,0.13894000302208745,3.4614555962801603,6.4965524775861185,-1.3168659151069837,-1.3354498013509941,356.9169221280217,86.16849216075839,1284.6911214431534,1307.5009745892814,1306.186162094702,1305.6718554450276
2024-05-20 00:00:41.313771,41.3137712570857,12.97135503869117,77.59457460453906,20.325934873853395,5.201279284787615,0.12941859397992894,0.9019653564166532,5.2804921053822556,-2.470008524491127,2.4432604770676205,356.90715138606487,86.1421325748174,1315.1372839841144,1295.4497522955273,1312.4646444474727,1308.7226603054646
2024-05-20 00:00:41.413805,41.41380460153385,12.971353139967924,77.5945697566414,20.170668145099512,5.309059374826597,-0.2306901381123292,-1.738788192550217,5.591306981718006,0.9331865409413049,-0.8557012540299643,356.9601007721876,86.18976609007366,1285.9875911461352,1298.9473132674043,1305.7629423813835,1295.3657445449567
2024-05-20 00:00:41.513838,41.513837945982,12.971346449759816,77.59455739653885,19.97806127747789,5.5688952284412645,-0.062444740734584975,-4.486830232696946,7.1517927086881246,1.1341805719264217,2.489218810087805,357.02076116607816,86.139827668114,1307.5466187625307,1291.6877569720646,1290.6842780960324,1303.9445578616883
2024-05-20 00:00:41.613871,41.61387129043015,12.971335907251676,77.59455384989738,19.27300287680402,6.213055367774978,0.17209155445533306,-0.6904260980161752,6.253667780029106,-3.642513078456047,-0.45139814304044185,357.03945642688893,85.98173658685624,1289.2117363825505,1281.3797473459692,1308.324533786686,1295.4336229849632
2024-05-20 00:00:41.713905,41.7139046348783,12.971335695252272,77.59454785431168,19.839930014120203,5.869747887126811,0.2022796637235561,4.1652865040207985,7.200310339239802,4.6954080312624304,0.0713465757032587,357.0399087905751,86.23736329830227,1278.2142025718504,1291.490023361417,1295.6456407893197,1299.9897316455947
2024-05-20 00:00:41.813938,41.81393797932645,12.971347984069803,77.59453888269668,20.106337955967906,5.848372758692851,0.19902511259549147,-0.4868526785867573,5.871975855767067,1.0624428964348211,2.991663975544796,357.11579532298117,86.00945236848452,1310.645371779388,1293.330446850151,1306.282755095441,1308.6951150005264
2024-05-20 00:00:41.913971,41.9139713237746,12.971331198649084,77.59454956547829,19.742527010735056,5.648269776388559,-0.20175291443494658,0.011230896180279615,5.651883034739526,0.3939263869640185,-0.22277509383472993,357.0827342752079,85.99416065232212,1303.0561590722057,1284.4420976957033,1287.4883672661604,1307.063191194296
2024-05-20 00:00:42.014005,42.014004668222746,12.971330181793427,77.59453764395379,20.108584884180033,5.690728664614551,0.12179030039744909,6.146397858254602,8.377197159163282,4.373634947967226,1.6348424047391565,357.31814468965933,85.94924646564404,1292.080541722528,1297.1100597458367,1309.6505566993449,1307.6737761963805
2024-05-20 00:00:42.114038,42.114038012670896,12.971339272315076,77.59452242027947,20.97221647887536,5.918342189188489,-0.11222774426555648,0.4431688804993996,5.93597237119197,0.0955758072319673,1.17843799043716,357.4209284204178,86.10255728023756,1297.4453247930655,1306.325981023088,1304.534055443793,1305.3754130680559
2024-05-20 00:00:42.214071,42.21407135711904,12.971351524194247,77.59455123568014,20.19724821472354,5.477485412684642,0.09002875520807412,-6.903361612716424,8.812908326929541,-0.0043184877384527705,-4.100390604561202,357.52175432070976,85.90261559476673,1284.9524953292846,1300.6736493386693,1307.516197578966,1301.8767329505913
2024-05-20 00:00:42.314105,42.31410470156719,12.971354748829865,77.59455399642066,19.59108377876543,5.925950149348197,-0.13739934310671506,-1.5950445362443446,6.138398066649719,-0.0037756460326704333,-2.13613549919433,357.6755061141112,85.81290403090627,1294.3780946381016,1299.012312124585,1317.8299136789042,1290.7546674191697
2024-05-20 00:00:42.414138,42.41413804601534,12.971372276786296,77.59454918316094,19.878132935715,5.390000880001622,-0.1769402516959617,-0.8225693437133543,5.455276130894339,-2.560986214343692,1.3480184402707767,357.57048908597983,85.9645169732799,1309.9987340611426,1294.88200206949,1301.3403020388237,1315.2663274411295
2024-05-20 00:00:42.514171,42.51417139046349,12.971371355878084,77.59455101168741,19.426515053781095,5.455720687924597,-0.0758469348210685,1.7077004179152908,5.717244239974207,3.4051819152805964,-3.7053981589567573,357.51381049915256,85.90323370878694,1299.4359461146064,1301.9458036165088,1290.291153303219,1322.830365834123
2024-05-20 00:00:42.614205,42.61420473491164,12.971363429594742,77.59456490379665,20.21978690395414,5.825573159832749,-0.253577552069364,-1.3177739905207915,5.978137879437903,-1.7416441241045968,0.3537179535226469,357.5931605900994,85.55042205162017,1293.0552854681584,1294.6898963076649,1302.8362631145537,1288.022365317815
2024-05-20 00:00:42.714238,42.71423807935979,12.971372307129508,77.59454552691963,19.162872374783937,5.903030284542229,0.23607653747847268,0.5591976584686194,5.934155432157749,2.1080211898107803,-1.0607048813050604,357.44699449644537,85.90443525158803,1284.9289698653913,1277.1707265061273,1306.4632375834103,1298.3976281815646
2024-05-20 00:00:42.814271,42.81427142380794,12.971373832347895,77.5945288288987,20.33166372792252,5.611330751440441,0.41861855030190914,4.8104827975627416,7.402906121136826,3.384369123404178,-0.06509672464119319,357.54364060894534,85.65861868203386,1291.495544872346,1288.3542278312161,1300.9231336720372,1296.3846205903717
2024-05-20 00:00:42.914305,42.91430476825609,12.971371929093767,77.59453633216816,20.125289740084924,5.409153089379035,0.17929913634843392,-4.023578815992963,6.743906272564987,2.2199654632054533,0.7742513986820532,357.52710770835046,85.8634711223351,1292.1145645888403,1294.885185596316,1299.0676258193569,1306.9868000616425
2024-05-20 00:00:43.014338,43.01433811270424,12.97137619623551,77.59453872500687,19.526679636693515,5.42374363585057,0.1412968729279011,-2.459713863726307,5.957109376630259,0.08866471893027375,1.0569804113949708,357.4595007514173,85.46930922348822,1303.4363837671115,1303.9627211011568,1295.916580423881,1292.8323784733714
2024-05-20 00:00:43.114371,43.11437145715239,12.971372834121732,77.59455361868494,19.63318293173688,5.748077933371066,0.23702794149935338,3.145322541340377,6.556648233832794,3.401377649442525,-0.6663538253379294,357.49062196449944,85.58557400723025,1295.7611557283533,1294.9862012220922,1301.3159595926581,1291.9713221444174
2024-05-20 00:00:43.214405,43.21440480160054,12.97136794971135,77.594552928928,20.155953903050378,5.437265803254111,0.03342331554307914,2.018580334950869,5.79996923284157,3.4676932243090133,-3.0452555730162993,357.5693489207697,85.62631457834561,1293.8968619410284,1313.0569265094475,1322.3182942510246,1297.8988754612458
2024-05-20 00:00:43.314438,43.31443814604869,12.971360087057253,77.59454848720215,20.03703361562168,5.944301823454684,-0.09359861676483595,-1.6342473579902759,6.1655696652041145,1.1957402820483063,0.9512142775239415,357.49068017569266,85.68409261143121,1282.7997137282548,1295.55719738184,1298.1839110993208,1305.7058923051045
2024-05-20 00:00:43.414471,43.41447149049684,12.971353640948132,77.5945390305802,19.82899544529974,5.881914607002602,-0.14719604964541186,-0.26592461289217795,5.889762475757714,0.987147533786942,4.31767542802977,357.4378504409048,85.69225299631226,1292.252360454261,1291.7701799898077,1309.525660870334,1298.4666768775223
2024-05-20 00:00:43.514505,43.51450483494499,12.971350646605636,77.59453452664911,19.983830958824313,5.668578080442729,-0.04190593144467678,-0.10561673130207794,5.669716787908983,2.9646865303243426,3.7494732295471875,357.4060509798257,85.60846780708056,1290.3507124370944,1324.4510034534433,1303.8685966876915,1317.303211032002
2024-05-20 00:00:43.614538,43.614538179393136,12.971348622287154,77.59453657209936,19.80786505557608,5.403886602991395,-0.013994943973172176,0.7975382386641314,5.462440253090021,-2.992412858592483,1.3878104706717924,357.3160544818145,85.62403675277385,1302.2375186116847,1308.3658459540598,1296.6605347948923,1294.40406598854
2024-05-20 00:00:43.714572,43.714571523841286,12.971342763072899,77.59454410832156,20.143391793502033,5.563227536623146,0.1790581377805373,3.2752816553439743,6.458253042640884,0.14310674244270524,-1.0773607248801753,357.41289734432263,85.31039000347344,1309.2047511652202,1298.1877320647166,1290.2351924466668,1303.6385213732622
2024-05-20 00:00:43.814605,43.81460486828943,12.97135627757448,77.59456377763318,20.463139811563515,5.891828251632756,0.2946765296009256,1.1543565294358444,6.011074230192695,-1.3833083701860582,-0.26391608958999707,357.2979242546969,85.55334454895241,1298.6441623067415,1303.1491882392208,1289.7481699601492,1318.4936872514957
2024-05-20 00:00:43.914638,43.91463821273758,12.971339575465752,77.59457957970537,20.374340082152052,5.414886916670895,-0.08735488671776805,-3.3362197411132826,6.360738428638697,-1.5538064946071741,-2.0058285031071232,357.2118024673459,85.28024119360968,1296.0186692538316,1279.1866728330035,1299.8405567557804,1305.037326526566
2024-05-20 00:00:44.014672,44.01467155718573,12.971337352428574,77.59458936836596,19.795673374528512,5.747123320292484,0.04379240830811601,-3.3508972232590537,6.652808161560077,-1.5924479035028964,4.207373486657745,357.26174207054294,85.25914906325882,1301.8247441126869,1297.7552125545824,1299.7080966902388,1313.362681224306
2024-05-20 00:00:44.114705,44.11470490163388,12.97133732200931,77.59459086026965,19.703937169862808,5.801148798242916,0.09704862054642238,-1.7837310405896005,6.069962293068059,-3.7764844287171244,-2.5404126978862704,357.49107677398183,85.19223754829623,1290.2258285611022,1294.7499793828945,1289.3320905026987,1289.1301474618729
2024-05-20 00:00:44.214738,44.21473824608203,12.971341067648357,77.59459466916852,19.4388082113562,5.531398617871793,0.11253637368402654,-0.09158379216674462,5.533301247554084,-2.097609477700883,0.061943795872879216,357.3680400990504,85.49281909614936,1308.1608480498705,1282.0485706391617,1284.0415202068782,1283.145382668158
2024-05-20 00:00:44.314772,44.31477159053018,12.971352202638814,77.59460623069005,19.68561430380744,6.127162373901545,-0.30882572984752416,-0.6718712505769417,6.171620781036575,-1.006631356257163,2.3654067654013384,357.44494960138354,85.25805209773752,1301.670232380467,1305.425861568084,1283.492074071404,1306.2815376969163
2024-05-20 00:00:44.414805,44.41480493497833,12.971342010762864,77.59462136844655,19.304389154888653,5.662196797340953,-0.03865602063383502,2.3107497852895023,6.1156791470747445,0.6174208163872587,-1.8420310895680132,357.32175732894143,85.08769460609037,1297.9649312722852,1304.9117597358431,1290.1756877469932,1307.0094137390515
2024-05-20 00:00:44.514838,44.51483827942648,12.971338009312097,77.5946186015781,20.147918362218146,5.866798634161066,0.26785059709633635,2.181650793452704,6.265035541857031,-0.29407101820888176,-0.3375048847027292,357.30821806500404,85.1370007614836,1297.9266686800775,1307.4917076590496,1282.1439738500628,1302.9628231893498
2024-05-20 00:00:44.614872,44.61487162387463,12.971332254706722,77.59461671021572,19.74086480546272,5.936102429659266,0.2845206189683899,0.0801136785900951,5.943457094950888,-0.35935567127403717,1.6638085025233067,357.4180736465363,85.12170758037188,1305.5644941448918,1293.4428883780513,1300.059847738102,1305.3722571416379
2024-05-20 00:00:44.714905,44.71490496832278,12.971326413367505,77.59462237110564,20.16394644062897,6.083031653525998,0.16796897632715674,-3.1036131338303647,6.83109816642185,0.1558254000545791,3.9623289472974337,357.2781363218385,85.1468439657484,1312.7882263100273,1300.939418755987,1292.5306520573633,1295.9593032736432
2024-05-20 00:00:44.814938,44.81493831277093,12.971319820980604,77.59460482167937,19.119935202162214,5.471735635091328,0.23052290644071127,-2.8564268440322707,6.176747201078439,-0.5733091596527092,0.15545711115978061,357.1873157627124,85.03072408140982,1302.6669721994906,1292.817567167297,1299.060398037325,1300.848064568299
2024-05-20 00:00:44.914972,44.91497165721908,12.971310220963547,77.59460983840353,19.592470579868927,5.6494714828761,0.1048729948262211,1.630772001852094,5.881066544675275,0.4581894858751189,-1.4614251194559882,357.02954881620553,85.268291063796,1294.582331335713,1304.5241515926011,1301.4955389057016,1295.9540740727668
2024-05-20 00:00:45.015005,45.01500500166723,12.971297699634503,77.59461076610715,19.446198356917552,5.582862778570234,0.05445200977072376,1.9909790226455044,5.927505317950163,1.458682341921659,-0.8576585170383858,356.9630451318405,84.83453020067823,1298.06122549502,1291.83533316737,1277.9558240416127,1306.0850399009112
2024-05-20 00:00:45.115038,45.11503834611538,12.971287951948288,77.59459501977052,19.990799160591603,5.810438937567766,-0.31029958252388795,2.6674164864743517,6.400984079845325,1.9931773293078583,2.4847813431502663,357.03468333262146,85.06409743159323,1295.4590486444297,1300.5906983269551,1311.8824369232077,1310.0942723307246
2024-05-20 00:00:45.215072,45.215071690563526,12.971276269451451,77.5946055772415,19.979859541273875,5.812726845622749,-0.20738733204241655,-1.7844399516810938,6.083997766967925,0.3230336458443278,1.1847159920203965,357.0715255424149,84.91024974039378,1300.8583045773773,1308.2339002955443,1300.2860636242096,1304.4589754617311
2024-05-20 00:00:45.315105,45.315105035011676,12.971270822000395,77.59459152998332,19.633792167924494,6.021898646674527,-0.00802153004378646,-1.121480921148489,6.125442605417571,3.091092834785963,0.11770081874389075,357.1899120456451,84.90140248253556,1286.331977793823,1293.3650225617291,1283.485671103676,1294.3089935631963
2024-05-20 00:00:45.415138,45.415138379459826,12.97126417489312,77.59460551922203,19.755488566719325,5.356083710202816,0.14608775978669972,2.6595550329694504,5.9818230764251625,-2.7399121250064455,1.4924901336250906,357.2100364999908,84.84912573461868,1285.8621826343772,1291.4296544895708,1301.954283921955,1280.9216863042584
2024-05-20 00:00:45.515172,45.51517172390797,12.97126445300124,77.59459852217319,20.165880537308137,5.679375817173563,-0.0461164592425339,2.845882310662816,6.352675225969959,-3.094203832378148,-0.033609992872829494,357.09789364040387,84.9619058492226,1293.8830996639394,1312.154155917383,1300.7728273417488,1302.0352752977674
2024-05-20 00:00:45.615205,45.61520506835612,12.971258324393803,77.59459307551539,20.324854817602148,5.373334298813263,0.021683183559373712,1.0214217149818126,5.469597239933547,2.8930454739649734,2.9932650599148785,357.10007446640003,84.78450481237167,1305.0515554223484,1307.0452002150428,1278.3036638655474,1306.1960290099937
2024-05-20 00:00:45.715238,45.71523841280427,12.971267236322628,77.59457682812989,20.37023299779133,5.54960550049268,0.06720569378281102,-2.7877757396924068,6.210823728877917,-0.40775872196034274,0.5315922831476897,357.15922825004446,84.50187142840605,1311.7174153367653,1308.6556363424716,1293.269447919252,1297.0084295357108
2024-05-20 00:00:45.815272,45.81527175725242,12.971276248225445,77.59458446451293,19.767113755976457,5.855905746718659,-0.28560292621796596,-2.3113801222656463,6.302037703435424,3.7097908574620617,1.4764723821869703,357.1214917526554,84.80386992853455,1289.8450306413831,1293.0416968930024,1289.3904588065907,1299.3215142414197
2024-05-20 00:00:45.915305,45.91530510170057,12.971281213399692,77.59459194082964,19.907802829948917,5.320923732188132,0.3813783584542327,6.636966763765429,8.515104617054748,-2.7636144734346626,-0.22592647974838528,357.1657358965327,84.69035545155896,1294.3170385875223,1318.4494566737767,1291.0040797328436,1297.0248767544233
2024-05-20 00:00:46.015338,46.01533844614872,12.971259832788425,77.59459686459228,21.094949720717796,5.610426271181082,-0.11577268179019512,-2.8571154766913907,6.297094179489237,-0.2603709997354334,-1.3118481134970938,357.05836122838866,84.70401421761956,1330.199721226785,1296.552222998566,1322.0846563659472,1300.3742514625324
2024-05-20 00:00:46.115372,46.11537179059687,12.971245825290367,77.59459338853154,19.3361891967329,5.880261817700381,0.16507043591579618,-6.720669225850656,8.931524065735617,-1.2835990879162837,0.012671355243443977,357.17586902316566,84.60350623467541,1310.6426248048451,1300.6426714786112,1290.5885162538389,1305.7843320279078
2024-05-20 00:00:46.215405,46.21540513504502,12.971251167881073,77.5945888831783,19.7503676815346,5.950512731274622,-0.17324705198729834,6.77408458437354,9.018139401358292,-4.555226498765241,-0.7356795193209628,357.3925837331635,84.56899428277755,1286.7770959828717,1298.8309533001975,1306.3733485868866,1299.503277502692
2024-05-20 00:00:46.315438,46.31543847949317,12.971240477636545,77.59459145262694,20.69145786983198,5.532919572105533,0.14893406767872372,2.3235500773200783,6.00285476333702,1.0829072029133187,-0.3789887474453586,357.32694356081635,84.64891750057603,1311.4175753765082,1293.551461914855,1294.7811824994465,1300.034849658285
2024-05-20 00:00:46.415472,46.41547182394132,12.971224517558605,77.59460076182506,20.215232651988767,5.545719300055303,0.01683569696467364,-4.208057594598529,6.961539679924012,0.6772236074655386,1.8601084323674977,357.4117036649586,84.44869087552398,1310.9836212568114,1284.9792634329574,1313.8716275260047,1289.044751169903
2024-05-20 00:00:46.515505,46.51550516838947,12.971220182256483,77.59459804817892,19.849565720195724,6.315760398580356,0.04590039786579632,-1.9172115454526448,6.600502736066175,0.5555926715958452,-0.17238034039510877,357.3603017035921,84.3640823485901,1304.65495067556,1296.2202843371076,1305.3383096770888,1298.2971721956876
2024-05-20 00:00:46.615539,46.61553851283762,12.971221861976858,77.59459961163496,19.8316624861763,5.456438520490232,0.036166503717832414,-0.01892704090711561,5.45659120484193,-0.5905234843077714,-1.2107586263439882,357.2795156867989,84.40486431474639,1304.1059653817313,1298.118219965688,1295.7935741156825,1301.6546905517228
2024-05-20 00:00:46.715572,46.71557185728577,12.97123499709936,77.59458895148789,19.84577904979083,5.9370963161703525,0.26972190060967066,5.414887771880444,8.040079113616509,1.4333528560414603,0.9577651602356879,357.27853353894267,84.50310306498373,1300.1222154263512,1305.6655993294592,1293.4272893995803,1314.2637353750526
2024-05-20 00:00:46.815605,46.815605201733916,12.971239398162167,77.59457957947482,20.91500115344148,5.352220420097124,-0.44100117661972105,-0.9523417714712394,5.454145241261328,3.132402890134069,1.9867201580861007,357.4159148688142,84.28584905951156,1313.5638600943832,1309.1764338715345,1306.8082011598508,1293.4789130898469
2024-05-20 00:00:46.915639,46.915638546182066,12.971233515185835,77.5945768276736,19.655247184874945,5.723270495999873,-0.38593301689334836,0.5584521577540471,5.763387743021562,1.5910626594831767,-0.9727213658843746,357.4631778073627,84.52789811589739,1298.6834788409421,1312.0258556295166,1288.0483446245933,1280.4929553116222
2024-05-20 00:00:47.015672,47.015671890630216,12.971233656858049,77.59458916209921,21.026728827550325,5.179347631076005,0.29727561640717554,1.8573084335884005,5.510318438449949,1.9234170286290162,-0.2766091399677147,357.5631319688149,84.2104132158206,1313.77466547598,1303.7120744644176,1307.8986502490675,1312.5449846438144
2024-05-20 00:00:47.115705,47.11570523507836,12.971235060415784,77.59457413654586,20.0268327334423,5.564842689578524,0.262493988627631,-5.472359231610312,7.809167229200037,-1.194013980110377,-0.4419648159633445,357.6019578462911,84.27064603174682,1286.2121487159764,1298.8990781876876,1323.433725053365,1292.8230469376167
2024-05-20 00:00:47.215739,47.21573857952651,12.971224771490538,77.59455926469171,19.931892035631055,5.3073969372313385,-0.33875474572282627,0.8289785260030982,5.3824178975304955,-5.271862773842058,4.611634850047995,357.55615972846107,84.2743628542691,1302.272753103187,1293.8704603627507,1304.3099845837255,1299.3468039969052
2024-05-20 00:00:47.315772,47.31577192397466,12.971241020184479,77.59456145370446,20.192683722305876,5.347830086615307,0.09623615696528673,-0.6293900213676409,5.38559930111891,-2.844473222618942,1.0106786265290222,357.4087648809705,84.09122461776344,1301.7438730055708,1305.1482790831706,1293.978560164077,1297.3906271644805
2024-05-20 00:00:47.415805,47.41580526842281,12.971249751003064,77.59455369048506,19.80597205803166,5.241713303832382,-0.14949836107569056,-2.3057171261291245,5.728371460132701,-2.5870786579867238,-1.6942246672855885,357.476312231194,84.12735893557372,1306.9123135461082,1299.2775793991182,1313.127454202795,1303.2838730847081
2024-05-20 00:00:47.515839,47.51583861287096,12.971243472325433,77.59454141407004,19.73138653134973,5.820004059002325,0.12242655210800586,1.5031588646635186,6.012231040128208,-0.742451295831432,0.3520135992965181,357.4004082313683,84.30751601287322,1305.961329511663,1295.4306442011464,1306.1737522070712,1302.0560964361916
2024-05-20 00:00:47.615872,47.61587195731911,12.9712292450953,77.59454024211642,20.10670407497001,5.155006419257628,0.1694019042155065,5.106618796960916,7.258122603346801,-2.2092609482754164,-1.4839930941645993,357.37938046878173,84.32426465854101,1288.8107666569715,1308.805556947886,1289.7100491954752,1302.9304730219671
2024-05-20 00:00:47.715905,47.71590530176726,12.971231877364083,77.59453987307603,20.753050845513307,5.910039490720178,-0.0520609692649514,-4.110951430135458,7.199388778731539,-1.6372256383348076,-0.362748576599433,357.30983562275287,83.90670633706456,1316.4245938350202,1287.3951312780296,1302.767877522022,1320.0958021793429
2024-05-20 00:00:47.815939,47.81593864621541,12.971230410915606,77.59454045727877,19.284239634129303,5.437729126146026,0.0033214085749011554,-6.294199219261003,8.317803369450228,-2.0965657280905554,-1.160805369443151,357.25822684983353,84.03751239782311,1298.2632787598736,1299.9032951196195,1292.351293857808,1285.4625293393865
2024-05-20 00:00:47.915972,47.91597199066356,12.971210259895843,77.59453845690936,19.493791248462085,5.255883597078029,-0.21227215319883938,5.31159444116507,7.475453655830743,-0.7431043874051901,3.2186869478916407,357.26301339737984,84.20998695792527,1297.5594054075623,1308.8409166209276,1303.03919580753,1317.858764879054
2024-05-20 00:00:48.016005,48.01600533511171,12.971205915314561,77.59452938528868,20.34691274673319,5.684587969969366,-0.10917852408161342,-2.543652474291804,6.228693944031277,-0.5706131666673905,-4.027550894288677,357.255203876741,83.91155092651279,1303.0406692848724,1300.2421105850767,1301.0687955905498,1322.9829043303885
2024-05-20 00:00:48.116039,48.11603867955986,12.971210426071673,77.59453056170895,18.984891120227644,5.8956949740332,-0.43407669671674115,-2.6571462607469414,6.4813631325882595,-2.2158510333339527,-4.238244876537364,357.07833253101336,83.95604685921253,1284.128705081076,1307.4774974482862,1303.5667056258465,1295.3146588508118
2024-05-20 00:00:48.216072,48.21607202400801,12.971196570776605,77.59451874314593,19.815306292432364,5.4107501507185285,-0.19579627345783338,5.809602750204803,7.941412814442262,1.668920026916119,0.7090667989927879,356.99249147584925,84.1517297605726,1292.0733442196583,1310.347534025694,1319.9549385069286,1307.933595969239
2024-05-20 00:00:48.316105,48.31610536845616,12.97120810910555,77.59450623853392,20.147199106263955,5.969341212044426,-0.020945907314739873,-0.8526874250269572,6.029970902222029,-0.2386985393136589,1.1669034621416083,357.0450145215149,83.92962431467458,1288.3586414804001,1283.5756931485978,1303.5146085373733,1299.3457647722191
2024-05-20 00:00:48.416139,48.416138712904306,12.97120700691206,77.59449185577527,19.64471194264371,5.774651844551492,-0.053648828409432296,-1.5588121418878274,5.981586530032694,1.4518096574870962,-0.49053424475431623,357.0141185937964,83.97567633457048,1307.2920257114472,1292.5139336238826,1316.115734108381,1303.7803784125026
2024-05-20 00:00:48.516172,48.516172057352456,12.971201524348281,77.59449242769814,19.835332722425107,5.148152893106869,0.08295437111046093,2.928219198154963,5.923244660735723,2.8602974690255407,-2.0257549144921385,356.9472015855218,83.79301135090304,1295.5366292450908,1314.1708513856195,1310.435176275121,1310.9368590612576
2024-05-20 00:00:48.616205,48.616205401800606,12.971200822577897,77.59451075011552,20.23055106198115,5.85922570960926,-0.023363408982803386,4.627694883368619,7.466366699980756,-0.1528393611272456,-2.045906216059951,356.93802217688864,83.72667011836023,1297.2074890926674,1299.246636921943,1287.4425232485303,1294.259154654678
2024-05-20 00:00:48.716239,48.716238746248756,12.97120366268195,77.5945302304865,20.761180314963013,5.308799606653835,-0.021576158564371388,1.7640843036157037,5.594266013025267,0.4851485723394246,-0.9948646365887068,356.95246584920966,83.79142066004398,1316.398105135615,1298.2156027706433,1303.065094177019,1287.7247007315962
2024-05-20 00:00:48.816272,48.8162720906969,12.971205229390277,77.59453074916536,20.583485567539512,5.788023188871892,-0.3071240814741241,-1.2862062100464016,5.937159594545358,-1.6115103459293363,1.8677674590659108,356.85271084555126,83.77267304223668,1318.1121050134052,1296.9494282121063,1291.0768883170701,1319.041965734181
2024-05-20 00:00:48.916305,48.91630543514505,12.971203637994565,77.59452419072792,20.50385329728119,5.886964040881892,-0.18018396555309668,0.9272078063721523,5.962258481169393,-0.4848119768002917,-5.205373715205692,357.06480354392045,83.67743097872497,1293.4216970213927,1297.1093298172636,1336.7779328036595,1310.1175686879096
2024-05-20 00:00:49.016339,49.0163387795932,12.971221460077873,77.59452891114174,20.76898896327919,5.456210872883612,-0.32195662961352856,-3.1941873122795528,6.3306181172657325,-2.8017960077152138,-3.5655781222022385,357.2070841955687,83.70662442942312,1334.7831053102213,1302.2089356062343,1281.1354247293293,1305.9431892555335
2024-05-20 00:00:49.116372,49.11637212404135,12.971209075386701,77.5945187475116,19.86480281799885,5.204902931738933,0.4906093130488679,-3.0470307249394892,6.051124545536977,3.556045531141052,0.8769112518634337,357.0721931134695,83.58705163827703,1278.3910650484409,1303.9181346062387,1300.7261155763827,1297.271669646874
2024-05-20 00:00:49.216405,49.2164054684895,12.97120552457232,77.5945253077431,20.159379615175254,5.808286522309133,-0.018425485489106542,0.5408892663314333,5.83344606747898,2.6609659523247133,-1.1959109196981121,357.13194023654216,83.67824743589418,1302.9259518857625,1313.4458923465513,1281.7571801154043,1307.7320761622016
2024-05-20 00:00:49.316439,49.31643881293765,12.971209738527117,77.59450899709984,19.97301674257333,6.058690256377281,0.17569944228212733,2.3573671573121544,6.503520418289869,-1.8576829063465594,-1.4804745285860574,357.1456281404126,83.54718603908279,1311.9009512404043,1313.3312339774839,1301.2344137209934,1281.978949969329
2024-05-20 00:00:49.416472,49.4164721573858,12.971203968695733,77.5945032544296,20.63101025685158,5.335842827452227,0.1225428371934225,0.07147967313269987,5.337728427888773,0.47498431585695267,-2.0257235996220366,357.01723660393503,83.4910925036854,1306.583169155711,1317.4788160039218,1298.860684561872,1285.648005987265
2024-05-20 00:00:49.516506,49.51650550183395,12.971197328806262,77.59450025779672,19.987317444100377,5.562748164337678,0.27735359390432607,-1.4010565421919523,5.743174347894439,-0.09662855263622738,1.3084250512171045,357.0102566584139,83.62328565104407,1299.5593264988927,1297.3668633242082,1315.4275915418493,1310.5221741310238
2024-05-20 00:00:49.616539,49.6165388462821,12.971187911851107,77.59451073141307,20.35070551349874,5.562181306269377,-0.3253369148199253,-3.0006868946126133,6.328335233808094,2.7343966799261015,0.10196035554380722,356.9135671446938,83.59764072740994,1295.2805486006278,1299.6756279819065,1300.9528962847187,1297.6577584767347
2024-05-20 00:00:49.716572,49.71657219073025,12.971181297436448,77.59452144352609,19.38697995268071,5.338299457561339,-0.3111610493065292,-3.1865610957317614,6.224824006671709,2.7182662140973113,-0.035051232392852884,356.9493166713991,83.31884608179934,1301.0884955578817,1303.4816170956651,1302.4707832995489,1292.8767984320843
2024-05-20 00:00:49.816606,49.8166055351784,12.97118316173233,77.59453176616829,19.71318078610992,6.073818432792769,-0.13469908326882993,2.3373976891757025,6.509442537954428,-0.49427493343451345,-0.01863428005699869,357.100174925439,83.46131118319916,1313.1243638849319,1281.17795598167,1310.7669818926863,1300.5801444583794
2024-05-20 00:00:49.916639,49.91663887962655,12.971186459983793,77.59453392455886,19.854615368987957,5.608668954403673,0.38876468110088036,-2.0179620436430383,5.973313672238136,-2.78956947429724,-2.1461236692250263,356.9894659563118,83.30968041498102,1303.2795738799696,1296.116242956021,1294.370143700111,1278.9276876206443
2024-05-20 00:00:50.016672,50.016672224074696,12.97119242044421,77.59452901860601,19.309453801719847,5.968797354596267,-0.07228460339479313,-4.60872604972306,7.541360800645946,-4.3695399561044095,0.5987463548526062,356.9583685319609,83.45612486625785,1308.1742968304725,1284.7085629311055,1291.5352614357762,1280.8540040385005
2024-05-20 00:00:50.116706,50.116705568522846,12.971193352943438,77.59451306316402,18.93256280818974,5.867699713415676,0.009262071707053064,5.898609756765552,8.320071079948805,-0.06913318532147325,0.3531819222770632,357.02433262058065,83.31860937240508,1303.6351461862512,1303.268056656982,1290.9226355132007,1288.5058977954527
2024-05-20 00:00:50.216739,50.216738912970996,12.97119298426477,77.59451974249384,20.48956912484734,5.410325628812587,-0.16780919341061115,4.153129892047502,6.822629349114455,1.540599642084883,0.35225306686610885,357.1142324533536,83.21791702051664,1308.3315878986014,1305.0531249718879,1317.9538511986043,1310.2755285342696
2024-05-20 00:00:50.316772,50.316772257419146,12.971192891731842,77.59450595662507,19.76346575424793,5.534248692793619,0.05015480431580034,-2.977305501891351,6.284486625785462,-0.21092651845530375,2.705727210181508,357.06271326455413,83.22310398681418,1290.501996955031,1300.4273606229162,1286.2997543620281,1295.7739192906163
2024-05-20 00:00:50.416806,50.41680560186729,12.97121438820282,77.59449446253642,19.89390947125116,5.468002619889737,-0.287731245224215,0.875704444834497,5.545151052523475,-4.15188956621798,-0.5235957047199719,356.87711494021033,83.21604720883168,1296.6285066286234,1307.0933728286648,1290.8880941669918,1306.4543144749155
2024-05-20 00:00:50.516839,50.51683894631544,12.971213602373616,77.59448466062159,19.938665042977732,5.281561020693863,0.1869612437779108,1.0858642592754535,5.395270383545166,-0.9737724780942283,0.5963974633761148,356.76680163643226,83.09492362941072,1294.75956834851,1307.8706468725918,1295.0582248126875,1313.8796005722354
2024-05-20 00:00:50.616872,50.61687229076359,12.971213837483452,77.59448424440058,20.111154738195232,5.637139036884102,0.04471624280620537,0.06655122343860853,5.637709209322036,-3.8707824433225264,-1.0245167489673463,356.78843396479397,83.22241629489476,1313.1930927314254,1303.1171237785713,1308.8193085401033,1301.9545003467756
2024-05-20 00:00:50.716906,50.71690563521174,12.971221832845421,77.59448514990791,19.951979725893093,5.3913484578394035,0.0308831635167586,-4.206818970246431,6.838487977035666,1.1147565629372427,0.4098693704324985,356.85487619195857,83.18036389664822,1288.4990750867385,1315.1702927257643,1299.1860895475204,1303.6407668018364
2024-05-20 00:00:50.816939,50.81693897965989,12.971216515387013,77.59449661007804,19.26951039603189,5.204522490794738,0.14289829292735043,-5.926068539666645,7.88833078769752,0.3564522380954833,1.7825834124188822,356.7819146462061,83.08892500844593,1289.5644570377676,1302.6727680542574,1302.7240028093865,1297.720145327257
2024-05-20 00:00:50.916972,50.91697232410804,12.97121218795848,77.59449969918822,18.766370814989457,5.050842690433955,0.21179446299509458,7.321238514681738,8.8969883762386,0.04510685954946376,-2.1917599119807285,356.8196654964697,82.89727700344812,1313.7236105954994,1314.015955733459,1293.1710884603347,1310.0139968065557
2024-05-20 00:00:51.017006,51.01700566855619,12.971223797235897,77.59450178271902,20.734246344284326,5.871919155985635,0.1388447884010718,9.052830849332125,10.791314045857279,1.853589058064358,1.5637263895045341,356.84605192380286,83.0353325660573,1304.933766942408,1306.695886961485,1309.9784253579548,1298.648982448323
2024-05-20 00:00:51.117039,51.11703901300434,12.971215813503619,77.5945132984165,20.577540708153613,5.728511809130636,0.34895493854808346,-3.906335405675904,6.9424112092358365,-0.7347834742428191,1.8413087543329716,356.9247974037581,82.88271009961079,1303.1152575257956,1301.7179901557527,1300.8566923742853,1299.5313786120334
2024-05-20 00:00:51.217072,51.21707235745249,12.971228021134623,77.59450100020463,19.952718753952364,5.120495999592717,0.10463325625737607,-5.512325277704463,7.524370895123367,-0.889934244580843,1.8046572234029987,356.97870803188704,83.14052651693603,1313.966755904429,1291.4610289995728,1312.2559672489492,1297.0717473083864
2024-05-20 00:00:51.317106,51.31710570190064,12.971234407779031,77.59450247232378,19.474708041723904,5.4659508075069905,0.2856307729112864,-3.4518990627783666,6.470997628506009,-0.9798108177467147,-0.0054003799113586945,357.0156527367548,82.78997732582835,1291.5232571394763,1300.4792160761126,1312.5943111746017,1300.0668389471437
2024-05-20 00:00:51.417139,51.41713904634879,12.971234892471314,77.594504378913,19.262108738058057,5.535799876722026,0.2612945254970644,2.5980918981437355,6.120738241043351,1.9333778725495894,-0.8334564379828537,357.1688964575,82.79570732069841,1300.9618173335646,1299.3231716968496,1291.3139188014845,1310.0505616533692
2024-05-20 00:00:51.517172,51.51717239079694,12.971225539830629,77.59449318833394,19.994499685233823,5.231057371784932,0.2053164292648711,3.1859379284386904,6.1283208586770135,-0.14735000303840046,-3.261669396926847,356.93360303495194,82.79996190729855,1302.0188276089925,1300.4674106839088,1289.1298322414266,1296.8723324941925
2024-05-20 00:00:51.617206,51.617205735245086,12.971239866384723,77.59449801802796,19.899508790429923,5.7810731996899944,-0.0456602576413625,-0.5174132285043669,5.804361174869556,0.5654682120315417,-0.9972488591921472,356.96398974945464,82.85688688908965,1297.0772518445112,1274.030455005789,1296.0799307953819,1294.421278477949
2024-05-20 00:00:51.717239,51.717239079693236,12.971233036735862,77.59450667347735,19.890982533815812,5.163338615417016,0.21411078446581444,-0.4737923348718738,5.189449707056078,-1.6044199974481226,1.6614996283306342,356.6727298890028,82.69053598807484,1289.8620069828714,1302.4421513549858,1282.7793574111472,1309.7536312576767
2024-05-20 00:00:51.817272,51.817272424141386,12.971245562754103,77.59450473897097,19.80471872676766,5.82885041849922,0.03817159703183495,2.297526496243961,6.265427541118127,-0.528995664302933,1.4834962768202327,356.55274743250277,82.72608397034621,1307.3055889596737,1314.0944803613038,1296.4487439621794,1297.3315536633472
2024-05-20 00:00:51.917306,51.917305768589536,12.971269864213502,77.59449941027783,20.350641052570857,5.653392664747627,-0.06577365531485756,-0.3826143142752869,5.6667070251640945,1.0285088461514562,0.5035263356270846,356.6159866348184,82.70734535982731,1300.607247141028,1304.7046672650397,1291.1405110275984,1310.1020479523668
2024-05-20 00:00:52.017339,52.017339113037686,12.971272297550398,77.59448817628395,19.728170347786275,5.469356760125555,0.4472536454468863,-4.8674125362970955,7.335230329812333,-2.4781164011368806,3.3157032189415414,356.6582913601506,82.65622796780525,1302.0648977020694,1268.6054380276967,1298.7425530631463,1301.433563978831
2024-05-20 00:00:52.117372,52.11737245748583,12.97125042770711,77.59448655523934,19.376833942941573,5.718291574421307,0.14775564887835993,-0.5248640390182686,5.744229497620002,2.1499881149882962,3.9226307334509083,356.53320045720983,82.57335858292733,1300.7180799274638,1298.3183395348133,1302.1156293224326,1279.1219905173346
2024-05-20 00:00:52.217406,52.21740580193398,12.971249997100374,77.5944825501365,19.6231625373792,5.794791819383195,0.4139723412316705,2.474626650111688,6.314646655731279,-3.338095454504633,0.6764366014902707,356.6566511491044,82.58653622440637,1291.1637940139005,1306.096297699222,1292.65083470267,1302.8437993858558
2024-05-20 00:00:52.317439,52.31743914638213,12.97125474615426,77.59451677359093,19.87192430308396,5.10600933521522,-0.2663635654666499,4.134217451554036,6.575259296563675,2.3386103965659117,1.8142147880648276,356.7736555361268,82.55657419386763,1288.5805289133414,1285.1974431582812,1288.1242985116767,1300.1104559421017
2024-05-20 00:00:52.417472,52.41747249083028,12.971239265706409,77.5945287502952,20.450281734088914,5.2703627811751,0.2758434985787227,4.389964065321848,6.864735827089126,0.1298481829591171,-0.8758258807071118,356.6375829201339,82.59700295410475,1288.4101731606052,1309.3245692182168,1294.8674653347728,1305.766348296223
2024-05-20 00:00:52.517506,52.51750583527843,12.971242005005832,77.59452593066301,20.750209878006643,5.790725306902861,-0.2995856951971748,-6.0614339000160555,8.388279447719649,-1.1336662407586675,-0.6661240696893544,356.5699057899285,82.42696114166287,1297.2495765156614,1294.8107148401962,1301.6820088085967,1317.1207482221364
2024-05-20 00:00:52.617539,52.61753917972658,12.971220908371178,77.59451730068109,19.23759072374892,5.680139388508107,-0.15632325381613107,-5.613283887119579,7.987325987460459,1.7484799779830746,0.31452492314001096,356.545446291349,82.43606715920686,1298.4791252719178,1287.4693226061634,1302.2497167237034,1290.6881272369167
2024-05-20 00:00:52.717573,52.71757252417473,12.971210968520868,77.59449653855727,19.62717875687568,5.658781406371427,-0.41309941436860104,9.279124874100674,10.87633286362644,-0.018510726088794782,-0.4904502476128318,356.586850777416,82.3239246136273,1288.2136668581809,1289.016482365102,1290.3950719661113,1300.3380945733766
2024-05-20 00:00:52.817606,52.81760586862288,12.971207069916508,77.59450647545621,21.094034513165532,5.385212283037747,0.09122260323856907,0.6023747683988603,5.419565320053429,1.0511423364351844,1.1976827423076817,356.5564839257761,82.4266444736959,1304.1556631698975,1292.6517933351608,1304.1978155807763,1297.4384113761394
2024-05-20 00:00:52.917639,52.91763921307103,12.971201131648396,77.59450861127897,19.747693882263913,5.176033476086115,-0.1390006202475009,-5.482723025038126,7.541279433045597,1.8291917286626,3.028834499241548,356.71861225779827,82.36390875535655,1299.3084544191192,1306.023031704619,1305.7229354282001,1300.861983613017
2024-05-20 00:00:53.017673,53.01767255751918,12.971210878908,77.59451583565281,19.99712427141065,6.3278682176590735,0.06787805225500797,2.7114718543767964,6.884664351086064,0.8985171899124325,1.532242481531789,356.768923158577,82.17779629073867,1291.3343492311817,1283.0809598164703,1306.196532479106,1282.0121813652922
2024-05-20 00:00:53.117706,53.11770590196733,12.97121337684093,77.59451180084233,20.29016907820459,5.198415881512781,0.16903459156541595,0.6485650000059735,5.2414441644972944,0.09415371476757715,-1.7316080397283742,356.632844763932,82.3794322076652,1302.9900126328332,1296.6912447884522,1294.8459537279468,1298.223331140494
2024-05-20 00:00:53.217739,53.217739246415476,12.971210667521635,77.59451435879728,20.126880523495874,5.122933821269262,0.012086896627756572,-1.7498892958143841,5.413567176804989,2.418282159118362,0.1437747807146846,356.52665915809877,82.27585563191857,1287.8323220133886,1319.2668316587449,1310.275259912399,1301.2180023505057
2024-05-20 00:00:53.317773,53.317772590863626,12.971219749343062,77.59451302277465,19.940074520855926,5.263392410281413,-0.12586232361929742,0.7509069300354128,5.318176586640391,-1.1520325857874234,-2.9371732713101535,356.43710935886287,82.25935638064449,1311.5666995593222,1299.0002311595708,1302.503289138839,1309.2309793949914
2024-05-20 00:00:53.417806,53.417805935311776,12.971216230060616,77.59452281940797,20.277111986657346,5.84798692055419,0.04790403288321313,-1.5284321616732512,6.044613361678026,0.4291473901556307,-3.81497255712311,356.6907929908146,82.08329692844408,1313.0512836263779,1301.144007265763,1302.2519439234513,1286.7727777114728
2024-05-20 00:00:53.517839,53.517839279759926,12.971205538883888,77.59451609385124,19.634286159067347,5.628398202364173,-0.07486636098746105,-4.305551595878882,7.086765541568237,-2.5329423315450272,0.18796093070884307,356.4525555615049,82.09827334279636,1300.1059553868533,1282.7891984159635,1296.1103865856826,1288.0194948277954
2024-05-20 00:00:53.617873,53.617872624208076,12.971195752600169,77.59450987401128,19.41571453499768,5.865749075865591,0.09798556107793083,3.2296372362053205,6.696802973709301,0.945940665119355,0.18692729975822261,356.5255189178051,82.19643247354902,1302.659185060976,1312.447690220994,1308.6027858502318,1292.4284294013219
2024-05-20 00:00:53.717906,53.71790596865622,12.971209733874485,77.59450177338353,20.28042898725104,5.683238607114105,-0.10586872414565614,9.656402421965097,11.205200443859892,-1.0414212154954179,0.6945419637805449,356.68234273904943,82.19598984666145,1316.2605650959993,1285.3080488100047,1289.3889264057295,1295.6441055790744
2024-05-20 00:00:53.817939,53.81793931310437,12.971220311031011,77.59449974889313,21.347638994210392,5.8848146394559375,-0.20216774332754484,-0.7411707372648948,5.9347492953767516,0.2612238517358512,2.652698169765529,356.72240623558605,82.25762245317145,1317.1766949121384,1299.5057697639215,1305.1806643904943,1300.6103646860706
2024-05-20 00:00:53.917973,53.91797265755252,12.971233253839053,77.59450987861895,20.13214541193962,5.28843742774385,0.1839004715853806,-4.730310683931378,7.097691806293555,-4.6972665473502,1.0167384959927923,356.65187806307796,82.31070846814893,1295.5272756139636,1299.8365017416118,1302.751950423643,1300.3822577690064
2024-05-20 00:00:54.018006,54.01800600200067,12.97122885961668,77.5944911427124,20.40126139822545,6.058984191172336,0.3472319826534032,-1.9921634465648737,6.387532753456763,-3.396435312691753,1.3359452897800053,356.7701509631834,81.9301992022353,1306.775030119946,1305.163066112117,1298.4035654483002,1314.4323592932471
2024-05-20 00:00:54.118039,54.11803934644882,12.971210320128288,77.5944950431421,19.733579867445147,5.45578941353284,-0.18788894277750337,-1.3208476196244305,5.61654509586655,-0.7102359822592125,-0.5409341035113169,356.7020896380166,82.0343428752303,1283.6254884808993,1303.8386601790878,1305.7922311531217,1280.3209332945075
2024-05-20 00:00:54.218073,54.21807269089697,12.971194350637207,77.59450861589592,20.137003788430633,5.7767447078209,0.3177934814590242,-1.58429209040753,5.9984792692750455,-1.9976671853194052,-3.295668883190576,356.8817127999074,81.9701621533388,1285.1442376222947,1304.6731587943993,1296.6431455493062,1291.4274899712086
2024-05-20 00:00:54.318106,54.31810603534512,12.971188138876666,77.59450524193079,19.416615794672715,5.618157218593701,-0.008721374758715032,2.1165007245332106,6.003610739560303,-0.18326969076732,-0.7421450129069198,356.8391006173566,81.93876658838941,1297.307299520833,1294.5359323009777,1289.7575596932877,1308.2261421764583
2024-05-20 00:00:54.418139,54.41813937979327,12.971185541450689,77.59450300185969,20.56044508043461,5.992587114091384,0.08940070637899339,4.577650882048076,7.541483965652296,-1.1262468023070968,-2.3749538330625897,356.8032576584966,81.84068105862048,1312.3409205006917,1298.4873217664178,1311.812864107639,1288.2153228685704
2024-05-20 00:00:54.518173,54.51817272424142,12.971196665624797,77.59449951323123,20.3324512495673,5.397051472303056,-0.11107450694422089,-5.84859020667848,7.9590520507430345,0.5495033249176597,0.1932245175302971,356.8008049923433,81.63907933987151,1308.6923100044894,1300.5076387800427,1318.5172920418754,1283.0614604316852
2024-05-20 00:00:54.618206,54.61820606868957,12.97119488530536,77.59448711246004,19.390337003073125,5.456714434234102,-0.252376082365779,-4.602356115663611,7.142906125598693,0.05867570848216526,0.27978510828824066,356.5766877671673,81.81610661660889,1292.0256987914622,1302.7876930597176,1298.705803321829,1295.3973714212286
2024-05-20 00:00:54.718239,54.71823941313772,12.971194895283123,77.5944923341098,19.411673100384846,5.201454561688219,0.05506564735267566,5.872193419452685,7.844795557456482,-4.408352551449427,-2.6367728976368796,356.7031496057543,81.68168742115357,1322.1300504485052,1294.8603234036684,1279.7668787510163,1301.4121898937349
2024-05-20 00:00:54.818273,54.818272757585866,12.971194410114341,77.59449676976496,20.565167297061663,5.695867475659367,0.12108387624815305,3.959652693370103,6.938041298340232,0.0016956662876571181,-2.4691333460612945,356.68672619506145,81.77515278079814,1288.7849729179345,1311.495411207814,1314.0569799186646,1308.1191829841323
2024-05-20 00:00:54.918306,54.918306102034016,12.971188754988283,77.59449422211213,20.20386770392672,5.590258001052646,0.33119261105578907,2.8902859933942295,6.301938288142939,1.4921738737275594,-1.1965539415428637,356.55840916870557,81.65597397451566,1300.423055559981,1293.6346699799178,1287.8608780424436,1300.1161038361965
2024-05-20 00:00:55.018339,55.018339446482166,12.971207459919023,77.59448914890545,21.1434172457234,6.073769199472166,0.07487370594477662,2.5823347257044134,6.600358399047551,1.821347053900574,-0.5113395482041434,356.61592946155633,81.55414257321694,1291.6833908429971,1310.7063091194555,1303.2059360203846,1312.7793332667038
2024-05-20 00:00:55.118373,55.118372790930316,12.971212094577858,77.59450737870273,20.720506862120335,5.788603169542372,0.04125547473283117,-3.15777739091871,6.594026593761114,0.4375495484879667,0.6459779332629269,356.743282629532,81.59102549777869,1308.8895339683957,1301.2494683210432,1307.4035961834481,1291.5285280918242
2024-05-20 00:00:55.218406,55.218406135378466,12.971240773621211,77.59451781921041,20.511651178850695,5.727769399853995,0.07690599176521148,-2.4547142735110867,6.232084642722067,-2.2652200183677738,-0.23574219557895887,356.7110925410139,81.41587524456429,1314.892129652021,1306.5230224821637,1321.9375547435302,1291.4372619804178
2024-05-20 00:00:55.318439,55.318439479826615,12.971227354288226,77.59453164241218,20.229400305232485,5.737958978336655,-0.060566635458617235,-3.7763944707139814,6.869424775979728,0.7303031155179232,-0.8062753100092055,356.65381531728775,81.37851289384058,1307.3341805845014,1309.8936880565543,1308.6264617187753,1305.2166097752201
2024-05-20 00:00:55.418473,55.41847282427476,12.971233983063538,77.59454444976882,19.756120441128694,6.144003220969786,0.13658411538424206,-2.0585741794041326,6.481138669398441,1.7567012602789835,-5.453143952224934,356.61715411527354,81.48406586549267,1307.6603154271104,1302.7198287777267,1300.2236000904697,1294.138824307076
2024-05-20 00:00:55.518506,55.51850616872291,12.97122795553633,77.59452184392661,19.81754818531174,5.636833490491246,-0.06689445316443886,-2.1092898188201588,6.0189260011372685,-0.8912429944856853,-3.6786326116601953,356.4252489799333,81.63869860984697,1306.9140816302338,1287.2231092527454,1302.3615318545797,1313.4652585201616
2024-05-20 00:00:55.618540,55.61853951317106,12.97123447078941,77.59452202859792,19.33412181115467,5.444783422310772,0.0673093798829762,5.213134303325745,7.538366290715916,2.5295920510480716,0.9998745814557022,356.4559678072356,81.48751030561576,1288.227555842852,1293.9845867516383,1300.3897896571882,1288.9768457628788
2024-05-20 00:00:55.718573,55.71857285761921,12.97123131121407,77.59451801667414,20.86052270414984,5.385351960766194,0.2767396833369564,5.915748288304712,8.004666039519817,-1.0962552699884591,-2.062205945057985,356.52840404921307,81.3034051170088,1314.3390075162602,1325.092179173563,1309.5720246864043,1320.6532290490431
2024-05-20 00:00:55.818606,55.81860620206736,12.971236247228846,77.59451231711452,20.517665983539747,5.024948882043183,0.17269251311651385,-0.860873840991772,5.101082016723262,-1.2778089290363681,-0.30210849132211787,356.6760839454497,81.28114764476864,1306.526441920661,1320.0221094130757,1303.0074085733409,1301.594749610524
2024-05-20 00:00:55.918640,55.91863954651551,12.971230412668822,77.59452270669979,20.688290525225177,4.957977802614505,-0.08837086056136169,-5.17983316671878,7.17077575547126,1.5307281958218273,2.7495904171143954,356.6436741396663,81.25381445168271,1301.4657182130502,1309.3314524887105,1320.024487131009,1291.9020050306813
2024-05-20 00:00:56.018673,56.01867289096366,12.9712322507813,77.59449730198963,19.481353912839086,5.032445439884719,0.2181357582414108,-5.344530357527077,7.34418784189025,-1.773492429988935,3.9953528921118053,356.6611419255535,81.34395894029697,1294.4826861223669,1312.5659745612454,1281.5298231324448,1283.5915229152354
2024-05-20 00:00:56.118706,56.11870623541181,12.971229145320999,77.59450396907657,19.619028032888977,6.0196472805028804,-0.1782711620621235,2.2652848400450125,6.434240389931547,-2.185585422971026,-3.2217461798311833,356.6553330589839,81.46969239340272,1292.2624712984452,1294.0216695327922,1301.358644010739,1301.1405004378025
2024-05-20 00:00:56.218740,56.21873957985996,12.971237091333025,77.59451217456991,19.934561950193874,5.363730665399588,-0.00880982263571252,1.030347445795428,5.4618037426275166,-2.081217506039026,-1.407421716755812,356.6119435010785,81.35971604703008,1300.6877927470657,1278.0978028988807,1304.431865759276,1303.6888701081482
2024-05-20 00:00:56.318773,56.31877292430811,12.971239809172728,77.59451117405806,19.825166234782028,5.7759825700543965,-0.24907673325774182,-0.25119861092696283,5.786805216244467,3.861490907905321,-0.8628692144261914,356.72571935121897,81.20665754872894,1294.5743772656049,1291.7968149052379,1311.5131975663542,1304.8802753614991
2024-05-20 00:00:56.418806,56.418806268756256,12.971239127786042,77.59452628970612,19.88430547585037,5.869361232051808,0.4602932501567268,-2.332757004549336,6.3326950337693155,1.301933689858649,0.4339886023387455,356.5480989747194,81.22672461198762,1287.7229603968997,1312.6279288013604,1301.1198453071015,1304.5409030702654
2024-05-20 00:00:56.518840,56.518839613204406,12.971240829600688,77.5945261344269,19.358459264882192,5.928139557749425,-0.2853107778307209,0.5812890395174861,5.96339985273192,-0.13534992923160316,0.8128669710771477,356.46238056092847,80.94223415400181,1286.7233154555136,1308.5700920382988,1308.3522180281834,1300.2287606404477
2024-05-20 00:00:56.618873,56.618872957652556,12.97123682390878,77.59453837113739,20.000602049278342,5.874129315780669,0.25259182918797224,5.165576424125746,7.826389821889153,0.24111151767559966,1.8167842180458669,356.529490213496,81.07577396046304,1304.3184895581744,1296.5679549296588,1294.2435050341523,1301.9224105966855
2024-05-20 00:00:56.718906,56.718906302100706,12.971227069577235,77.59454960551734,20.391919036297818,6.121977264533471,-0.5316792813487203,-5.883358726827154,8.507361423744348,1.9889917955163405,-0.14259742471783823,356.51499548059405,81.0701951291684,1299.5750866502542,1301.390120458428,1300.0452517835104,1297.3653541619742
2024-05-20 00:00:56.818940,56.818939646548856,12.971227084235137,77.5945327380812,18.823537949212884,5.74090799303365,0.012219723374037983,-4.3710659455675085,7.215565910350827,-0.17290809933899767,-2.2909615075956644,356.38416650966076,81.18449864539544,1310.4480930811833,1296.7567609031646,1280.539958083433,1304.626641121374
2024-05-20 00:00:56.918973,56.918972990997005,12.971235865602454,77.59453194938123,19.517414345620754,5.4566173411324455,0.18023460346037626,9.227888506405733,10.721990655027026,0.19676694901149988,-0.4680881848638108,356.47762987364337,81.12269998922424,1293.6160205238648,1299.9519550970415,1282.497636577551,1282.6764225535321
2024-05-20 00:00:57.019006,57.01900633544515,12.971231847268895,77.5945318798092,20.669731048193597,5.740290064800041,0.042429921895694556,0.11590926518876188,5.741616957275253,0.7108115200214177,0.9745369305021617,356.56497932361964,81.00115718701458,1302.641614580983,1312.1244741339158,1295.9577677533364,1306.17872073996
2024-05-20 00:00:57.119040,57.1190396798933,12.971245808414256,77.59451365544702,19.54060392851931,5.790616449527097,-0.35862247280190285,-4.43466307614257,7.30247119422149,1.3215330468456294,0.6107016785583396,356.6343697783771,80.82683115031108,1287.6834708351794,1290.4127472594798,1289.7940667977446,1304.5402243813178
2024-05-20 00:00:57.219073,57.21907302434145,12.971245539452404,77.59454647302272,19.782502690179076,5.309099244871562,-0.0006695773583424126,-1.144389531550388,5.431036976503819,-3.8726007211380455,0.790537636841605,356.6724926293596,80.87013940215311,1314.7237483311887,1302.349047984862,1283.21213936355,1270.8506157144889
2024-05-20 00:00:57.319106,57.3191063687896,12.971236304287034,77.59455751975652,19.311649704134435,5.457285900078839,-0.32788014281414246,5.028081625467692,7.427723716968541,-0.8555704682020906,3.329276568237037,356.70653626879295,80.8900623161605,1290.9141128053743,1286.757536999516,1296.8827682592528,1298.710304275433
2024-05-20 00:00:57.419140,57.41913971323775,12.971254819992174,77.59454118723855,20.788454332486722,5.547395365798918,-0.031677632547926604,2.0585640422566485,5.917117941444398,-0.8706845947232551,-1.0537527071777864,356.7293563422438,80.73492919256607,1283.5366867600007,1300.262388452561,1309.4015289076426,1303.2438831791885
2024-05-20 00:00:57.519173,57.5191730576859,12.971246098757002,77.59451900984749,19.723499795949706,5.875974227868564,0.0009451565129995868,-6.011462013121843,8.406232780211557,-3.263635144442437,1.7601769311596445,356.7727399323568,80.82134683717454,1290.8712768571058,1293.6003682902176,1300.6317525783263,1288.8181828029715
2024-05-20 00:00:57.619206,57.61920640213405,12.971251507976497,77.59450899968671,19.58576103209555,5.936989790195427,-0.16165527880815966,3.158704404057403,6.726915616407189,0.9789031950311337,-5.456322319377373,356.5492709666918,80.74516010790687,1302.3589299709313,1283.3238316709158,1305.1594743014573,1286.7019944695385
2024-05-20 00:00:57.719240,57.7192397465822,12.971257316384168,77.59451960921807,20.35545132727163,6.054062546861475,0.23957422450301613,0.17414664853589557,6.061303175518724,-1.5205562147275793,-2.0232007540038075,356.3396511541976,80.6079453719128,1302.3633160989828,1311.0762422831763,1297.5159741418775,1312.290912638325
2024-05-20 00:00:57.819273,57.81927309103035,12.971268062774218,77.59453250190208,19.620601975450516,6.096552690550259,-0.05692627025884605,2.260131159331081,6.502260235201329,-1.9592837792567794,-0.565633437282636,356.4945073828501,80.61985209776577,1284.7358364015936,1279.4533340924984,1298.396800222897,1306.792630800671
2024-05-20 00:00:57.919306,57.9193064354785,12.971279359060238,77.59453657952724,20.807628284790354,5.640856823257651,-0.23196176691350595,5.773867285790416,8.075308996919116,-0.6636066067781574,-0.18926994201302158,356.45717054749457,80.69525394640785,1309.09543044946,1307.7486250198058,1311.593646821564,1302.619452182825
2024-05-20 00:00:58.019340,58.019339779926646,12.971257203422581,77.59452083601134,20.775760485445268,5.966794159865819,0.1362155347822221,-5.874251556658379,8.374247343435005,-1.0059213302948349,4.0420293586613605,356.3961965704337,80.84688077810195,1304.2432416911256,1296.318411608056,1320.9882284273729,1326.3568031886678
2024-05-20 00:00:58.119373,58.119373124374796,12.971269741783892,77.59451756696542,19.63238622610578,6.117647918541187,0.07517352204749236,-4.692396268223703,7.710372873712923,2.460061722642638,2.365305596887706,356.41285987914097,80.59911446251492,1294.7771677551386,1298.5710663121217,1295.1831037488305,1299.2713034555943
2024-05-20 00:00:58.219406,58.219406468822946,12.971244858147774,77.59450982967397,19.8369683010724,5.61688801797126,0.1093673634769294,4.564964478880654,7.238804660996533,-0.2981691936881284,-0.4633969297259036,356.4990063392607,80.63462852793437,1302.5440207734391,1303.6953708477517,1302.5679374644735,1308.8403239262602
2024-05-20 00:00:58.319440,58.319439813271096,12.9712372230837,77.59450725476333,20.545683554324654,5.75162404757002,0.08260330194527415,-4.935559251345779,7.5794292406237895,-0.6219658349430153,-0.6345062055233983,356.46005722261077,80.56287561546776,1300.6136046295596,1293.5570331720692,1310.2767750604628,1293.9838275097254
2024-05-20 00:00:58.419473,58.419473157719246,12.9712381224754,77.59450180239863,18.849527303804148,5.625991893543976,0.13081426650975467,-2.8724527102222623,6.318218240216797,0.25667236385992037,1.0049349726455128,356.4226494970691,80.4854540207077,1295.767333910481,1290.8975372069945,1288.8135510126087,1304.8505062875688
2024-05-20 00:00:58.519507,58.519506502167395,12.971232915562927,77.59451173259127,19.971001451579284,5.90153484830262,-0.15928727623688066,6.252215232281031,8.599051186780326,-2.997722613068619,1.010892762450347,356.4125331805252,80.4526236576468,1301.634845708167,1282.4789671099468,1278.5377091120083,1308.6999335978717
2024-05-20 00:00:58.619540,58.619539846615545,12.971213854881418,77.594522570285,20.100387303593624,5.557495513526244,0.1625655609725928,-2.20693170120137,5.981866889044443,-2.264158231990055,-3.7135174336849133,356.3135659085506,80.54860108994302,1305.1194672976083,1290.9838854994648,1314.4522660700197,1315.0907031597085
2024-05-20 00:00:58.719573,58.71957319106369,12.97120527360513,77.59452486877792,19.52946793349971,4.9611271617337716,0.24664544815414313,-1.7105394404486418,5.253528516084985,0.5614004004174831,2.6859080688738346,356.2174173085461,80.20945017343733,1295.9507063080337,1317.9411884261438,1285.8737382020663,1305.8295458765876
2024-05-20 00:00:58.819607,58.81960653551184,12.971195008863043,77.59452165622791,19.758165341516605,5.6698436838644675,0.014558064273532853,1.9735064346337623,6.003504558525299,-0.21044353434414337,1.682868775753163,356.28271893151197,80.32862903874181,1308.198208106903,1301.706600012795,1299.1306307547302,1303.6971226389971
2024-05-20 00:00:58.919640,58.91963987995999,12.97117953137524,77.59451794316281,19.92430083139243,5.406994973394135,-0.4888341940321362,3.408828534637337,6.410512108257985,2.1337798963272276,-1.822358566374675,356.0820790439504,80.31167463093078,1291.4557831410864,1318.6529702220391,1284.5324836431682,1307.221488729973
2024-05-20 00:00:59.019673,59.01967322440814,12.971190057014217,77.59451858277669,20.440158379456722,5.8298311771285825,0.2568477672121207,-0.28752426725614555,5.842565578031921,1.1755117980114451,-0.747996080643713,356.07604378114223,80.49654070477564,1276.9762406327818,1308.2022219327655,1293.9277014956365,1285.136979515227
2024-05-20 00:00:59.119707,59.11970656885629,12.971201647111936,77.59452675340677,19.866776803265157,5.614768407299912,-0.057227791066823686,-4.020216828730781,6.905870157894206,-2.983122455190107,-0.5284678337132779,356.02316427100465,80.34901589562965,1298.278475268705,1296.460105747297,1300.6576056028034,1302.249424100797
2024-05-20 00:00:59.219740,59.21973991330444,12.971220025723639,77.59453641678543,19.635846909887373,5.662160254315418,-0.10156414856829366,0.16076116613876934,5.665352431611112,0.5432290637585551,0.10333633975383034,355.98058600083243,80.19885570008834,1291.8720136704826,1297.711495352894,1277.042449920966,1326.7771352245654
2024-05-20 00:00:59.319773,59.31977325775259,12.971216618573928,77.59453137339455,19.89893975747765,6.085559307763899,0.10754699626601319,2.2173346726678886,6.477821508449649,2.790602869203346,-0.3864374754495583,356.23657388841383,80.10520491156835,1289.141386746582,1306.9496556161498,1294.3143587932195,1321.6606519756247
2024-05-20 00:00:59.419807,59.41980660220074,12.97122151352536,77.59454468104778,20.079461716022998,5.780518568782431,-0.0905990231606339,-1.8438355966886775,6.068140803792578,-2.8732235153779593,-0.3359544001655936,356.322000602602,80.22323905170285,1298.6734922967185,1288.9748688363748,1297.071151148444,1292.9616306731978
2024-05-20 00:00:59.519840,59.51983994664889,12.971228649696705,77.59454198937107,19.53004967477901,5.704836557223179,-0.04110624907963107,1.4552873161209021,5.887674501940965,0.666638446856152,-4.887031090378278,356.333115141511,80.21175082694756,1308.9283538586371,1286.5153957144096,1291.8435993654248,1302.6093959524144
2024-05-20 00:00:59.619873,59.619873291097036,12.971230937229514,77.59453677274928,20.37061623075209,5.749539421512965,0.04421332671771991,5.107032232934287,7.690314467303718,-0.6995502324811251,1.9138630952918771,356.4094059535637,80.24219278536903,1303.6695779976135,1297.1430667361133,1312.7779944809533,1293.9235576619396
2024-05-20 00:00:59.719907,59.719906635545186,12.971248284580494,77.59454602402246,20.55179670370885,5.327239885907762,0.0843318818055569,-1.368021479439193,5.500734445190243,1.5217355539339636,-1.2189631141670043,356.49202199088273,80.14380552216564,1300.029847334889,1309.6050066733837,1302.8854157970056,1284.0916870051083
2024-05-20 00:00:59.819940,59.819939979993336,12.971246735928313,77.59455809071059,20.096920703021674,5.4927016069191055,-0.23802643079752334,-1.1583140597964245,5.618551324454731,-0.08453512429215991,1.8421824719910633,356.42252563514836,80.11488132732032,1302.6917245274906,1285.8169868712698,1312.5768521047712,1306.5595613897503
2024-05-20 00:00:59.919973,59.919973324441486,12.971230861900647,77.59453860679446,20.32005664506335,5.3323354780726016,0.013013538394716063,-2.154782823481767,5.751265949272852,0.8687169500330536,-1.516074811712417,356.32184351006424,79.97209766953034,1290.5665245317189,1314.6958995805487,1290.348337821662,1307.7442014089952
2024-05-20 00:01:00.020007,60.020006668889636,12.971228660235536,77.59455535408507,19.665820438237056,5.037490136176754,0.4073712335911277,3.0983766698794994,5.928085372402225,-2.2261832460084174,1.5645329460224566,356.2372799423472,79.96293079145418,1280.8238258390195,1297.7418723481462,1301.3289536034024,1302.148829784445
2024-05-20 00:01:00.120040,60.120040013337785,12.971233249839399,77.59456132114813,20.939938606359682,5.435524269225221,-0.3100965046964222,2.7944981065517,6.119665316917449,0.8957268728652615,3.4138512909265724,356.1325445351426,80.07823603856657,1293.011475740785,1302.7807417617298,1301.8106909173168,1307.4419730340155
2024-05-20 00:01:00.220073,60.220073357785935,12.971227037108351,77.59455652298657,20.224906421541835,5.888073650226148,-0.5440660359573027,-6.769366030379942,8.98831105465491,0.9990473629834402,-1.1383673288164688,356.09821777456176,79.8925976353707,1298.750917838713,1290.326451725287,1295.3809203351486,1301.5219622776249
2024-05-20 00:01:00.320107,60.32010670223408,12.971223550388663,77.59454723828846,19.585613958734523,5.951627797565601,0.10345586908975613,0.38598274912969543,5.9650280167179766,1.856605770995363,-0.6299713614278292,356.0977728990117,79.94923627141057,1305.7812964872912,1291.6196373441644,1286.7054558731688,1307.8828230230947
2024-05-20 00:01:00.420140,60.42014004668223,12.971203857781559,77.59454564159269,20.3021287121314,5.33424671607662,-0.07833491878385615,4.087529040107114,6.720730469316119,1.881509935656607,1.6885656594191698,356.1187130653063,79.85963240031805,1324.1159669675596,1291.8359474050387,1303.4120572117085,1297.0227154366967
2024-05-20 00:01:00.520173,60.52017339113038,12.971204568972304,77.59454661003163,20.403392359556225,5.5631212520282745,-0.5393175123000366,-4.705805353335748,7.306420838367136,-0.27635623655147673,0.07407148844794971,356.1952251686026,79.88976826408131,1295.9579103097687,1299.805324514494,1306.3747943079309,1298.1868962251167
2024-05-20 00:01:00.620207,60.62020673557853,12.971219365138246,77.59453088016498,19.360653816499035,5.663885801124779,-0.5145112829837418,-3.8215809125043165,6.8519197966203444,1.2125857343864406,1.0414303346125362,356.2822545916937,79.80755278998099,1278.0137594923442,1273.8137277601836,1309.8071318906163,1285.8278878230042
2024-05-20 00:01:00.720240,60.72024008002668,12.971216900631642,77.59454722394423,19.638821320042187,5.764669664476446,0.15048503349438447,2.851698777868478,6.433214438019096,2.25476051837925,2.936469173934394,356.2811583810286,79.73207125075467,1301.441742679211,1310.9708138951958,1282.8207160104948,1296.9781754717628
2024-05-20 00:01:00.820273,60.82027342447483,12.971222736645537,77.59455749028915,19.931183748716805,5.747381460700807,0.046970444560765226,2.843772075631236,6.412615651636201,-0.11527520306721327,2.3552235727434923,356.2458873532341,79.65124007546088,1300.6177066285625,1292.755504437112,1315.0474217231301,1300.9825320027421
2024-05-20 00:01:00.920307,60.92030676892298,12.9712267814412,77.59455168546577,20.207765383189486,6.209624961961518,-0.4015331283120139,-5.334731102429458,8.196342291325799,0.7097556798550725,-2.086657318046747,356.31289912137663,79.76853244392217,1314.7449797474494,1312.0722677720348,1300.258548593206,1300.0043791227995
2024-05-20 00:01:01.020340,61.02034011337113,12.971227481070065,77.59454384409415,18.863881760901638,5.643655212149505,0.11006027860720369,-0.7440242927308987,5.693551577593996,-2.389111371343819,7.272683575800808,356.23177828096084,79.78869521826526,1293.5883920397223,1275.1564967569761,1286.5669599150997,1308.321008220419
2024-05-20 00:01:01.120373,61.12037345781928,12.971231273902063,77.59453819732569,20.058910906484403,5.612741002635421,0.258663609350841,6.233427796602982,8.39198370594998,-3.5003431515709873,0.8067067170269963,356.14569750097456,79.60538756789498,1294.7887501220773,1297.1294047944432,1293.2750148352216,1285.88910207605
2024-05-20 00:01:01.220407,61.220406802267426,12.971247507220161,77.59454057568684,20.110983020642152,6.302873378271922,-0.11965110272182039,3.043905178786275,7.000420554963349,-3.6704416601479495,-1.5664202713877682,356.1412119791073,79.47981484137472,1303.5262566864005,1294.069154691856,1295.8914986807933,1301.1138061417575
2024-05-20 00:01:01.320440,61.320440146715576,12.971261632355008,77.59454237482177,20.667894936918472,6.3190802267862285,-0.4077317814514443,-0.6458211961319762,6.36506913831575,-1.7812627567256154,1.6350619265630189,356.2014303550382,79.59244317815107,1297.9597328726857,1309.6613391103954,1320.6379862986214,1294.3558815008344
2024-05-20 00:01:01.420473,61.420473491163726,12.97125906444269,77.59455551150576,19.98177571231298,5.40036500852819,0.0005014863069884257,-1.5511884915216,5.618730124596949,2.2308827914923626,0.532977859638621,356.17246697753905,79.524274945238,1302.666049076525,1299.1575903315943,1291.861693916332,1309.2515022260955
2024-05-20 00:01:01.520507,61.520506835611876,12.971272811734,77.59455747269952,20.3575537915657,5.640771338290394,0.40334577549804645,1.727529036949278,5.9131502330816375,1.3957837927944412,-3.5124039185848255,356.27943984605133,79.57637297000501,1302.5322321775145,1300.9548021687742,1292.4929029843447,1315.172554986299
2024-05-20 00:01:01.620540,61.620540180060026,12.971274817372334,77.5945630104267,20.327396726707637,5.4490477244416535,0.20379633279162604,-5.148691092093529,7.499511584783727,0.9009956578245594,1.9180994488871794,356.0396393247253,79.31084820472631,1303.4718571031049,1302.2891409746067,1306.2507517145082,1298.647555610788
2024-05-20 00:01:01.720574,61.720573524508175,12.971265750658674,77.59456477113116,19.327472212620673,6.316403013821892,-0.2753628653418269,-2.304687170727874,6.729365103451083,-3.47668228061575,1.879795105058384,356.2722762112881,79.52872709657963,1301.4650829942188,1302.0064451108683,1307.8775311277316,1296.8877192274745
2024-05-20 00:01:01.820607,61.820606868956325,12.971270642138643,77.59455390274704,19.86630559551833,5.543072709680258,-0.13026889971884736,2.8442303227939476,6.231554475420765,3.483631783070238,-0.5101741152188661,356.22687849318254,79.41801778168157,1281.47186200374,1278.1507774919414,1292.0819439995562,1313.1111150837592
2024-05-20 00:01:01.920640,61.920640213404475,12.97126910282854,77.59457477213799,19.896507955760512,5.720056374808474,0.2922534282202899,-1.510207018026037,5.923274620899209,1.1048367908146097,-1.9425576599937286,356.16630513211294,79.32574899121136,1285.3488145223625,1300.51611295812,1296.9831082076194,1293.5924958722799
2024-05-20 00:01:02.020674,62.02067355785262,12.97126247496019,77.59456932063034,19.56416347787394,5.71018179770983,-0.2959156871218908,-2.0566375291856076,6.076471030395535,-3.2894849985440078,0.842433460847049,356.0862867667807,79.21134080325746,1312.80025338382,1292.350590298027,1295.7963758943217,1300.2516689451681
2024-05-20 00:01:02.120707,62.12070690230077,12.971288856727345,77.59457218064975,19.485043295036515,5.7231698935197715,-0.0949700330622833,-2.2205358635854395,6.139582433581301,0.13480103078585998,-0.07746845224195104,355.9614145053585,79.32571605855436,1301.944073996473,1281.732331803711,1306.4190444633712,1300.2840059451726
2024-05-20 00:01:02.220740,62.22074024674892,12.971274149880914,77.59456300710046,19.119908220070915,5.381902210106703,-0.06452843299882659,2.6501979149331163,5.999381993683394,0.3546944003517559,2.1837364480560133,356.0421295745055,79.14776744866973,1301.0375587691012,1283.949466767994,1296.5135707840195,1291.0935241028192
2024-05-20 00:01:02.320774,62.32077359119707,12.971270305703516,77.59455719280598,20.01525961679706,5.150619722837819,-0.2448796807537145,5.861907611805549,7.807100001708432,0.06632920095928155,0.7313301786030543,356.10066462637235,79.3117015526166,1310.3131616219532,1299.2080388396068,1289.7070032130548,1300.4127167210934
2024-05-20 00:01:02.420807,62.42080693564522,12.971255678628195,77.59455589744206,20.292680666580868,5.429808627010376,0.21063118265934766,-4.168613555294087,6.848687917728942,2.1101319519324337,-3.5980931435288936,356.03440039229423,79.11926883840323,1300.356801729873,1293.4412730948886,1316.5877400458844,1308.1915186171407
2024-05-20 00:01:02.520840,62.52084028009337,12.971249300088857,77.59454610954838,19.181258905501142,5.527507987081951,-0.18772841005869023,-0.5911438419591093,5.562197186821419,3.04367576919181,3.49659813991941,356.0575629945972,79.04274130894193,1297.8476515842976,1293.2143605239519,1286.0349237955083,1275.4035622756987
2024-05-20 00:01:02.620874,62.62087362454152,12.97125912899552,77.59454040135061,20.17441247545867,5.785140520612996,0.2505433731779069,7.02554606789495,9.104335251801526,-2.2614807600429963,-0.8482187486791152,356.1287259087879,78.98568383145714,1315.8679542401276,1294.513887069163,1292.090476723161,1296.6624962720316
2024-05-20 00:01:02.720907,62.72090696898967,12.971266916160895,77.594550723744,20.5868366449933,5.281534433337916,-0.056308908317503785,0.19810742226000855,5.28554852540817,2.513183736532383,-1.0456954005860712,356.01036133270304,79.16979543854214,1310.7527767489944,1300.5971979113665,1313.9223583925739,1301.9743455905561
2024-05-20 00:01:02.820940,62.820940313437816,12.971270492302821,77.59454735106316,20.21404717147601,5.164981802798741,0.17668399102446497,-2.719337228248918,5.839781606949611,-4.881822391291003,-0.5581131038369741,355.91914513026757,79.09885635804457,1315.4606198171534,1302.7094085111557,1291.1894766949865,1304.0354727653882
2024-05-20 00:01:02.920974,62.920973657885966,12.97126075185469,77.5945327195804,20.0427878497451,5.634616174908795,0.01608942391110819,0.9907823680515264,5.721084513354737,-1.3482643255908977,2.539664737368091,355.9814653703668,79.13103388583005,1301.282952835298,1288.3142187964302,1306.4622793295234,1304.4760300537866
2024-05-20 00:01:03.021007,63.021007002334116,12.97124235382639,77.59453360269401,20.412269719268917,5.523446843201502,-0.1288605580793557,-1.9249740368311024,5.850691849309362,-1.0426548615728102,-0.68853739013589,355.9702339268224,79.01679528508096,1301.4883107492108,1296.0750219728548,1297.7758879415644,1320.5776172993126
2024-05-20 00:01:03.121040,63.121040346782266,12.971235326344893,77.59450446735595,19.657664667984957,5.346641696288711,0.12063439743741684,-3.440693737138858,6.359206198821098,1.1078894649008035,-4.078765940055817,356.1299418695935,78.83039980877105,1298.9980375607604,1297.345948252399,1301.721942993804,1314.4473236076026
2024-05-20 00:01:03.221074,63.221073691230416,12.971248181013378,77.59449136519574,19.72390151577331,5.241211382490206,0.18914938973245968,2.5589000943066935,5.835584284390369,2.1916018965213926,0.32467642621513704,356.10412017813536,79.00593308984561,1307.9619081301882,1280.6141073997292,1294.3577702455466,1299.7112206957897
2024-05-20 00:01:03.321107,63.321107035678565,12.971247635191823,77.5944882424436,20.169615337069327,5.675521604890183,-0.017333726188055364,4.385393286647599,7.172413835258855,0.027451926673865572,2.8955429359472267,356.018825518781,78.67689310505102,1316.2206679351154,1308.2031041684206,1307.8374707576902,1302.794203645361
2024-05-20 00:01:03.421140,63.421140380126715,12.971264657326532,77.59449396353072,20.601272630140954,5.54684042426859,-0.2502443380689938,-0.5445579705294818,5.579122180442271,0.37704251571389097,2.3058860843381423,355.8439136348837,78.90054321307406,1290.4092434358886,1307.271356782897,1312.8300791458212,1313.8431521383613
2024-05-20 00:01:03.521174,63.521173724574865,12.97124897217686,77.59450379134259,20.060667426993405,5.155657385917555,-0.33624117450859403,-8.638796584130787,10.065916134678995,1.6644991544802865,2.4476639116101544,355.82148225274597,78.78192502705986,1304.539997572112,1288.8250170017814,1307.345537595802,1325.3324200498703
2024-05-20 00:01:03.621207,63.62120706902301,12.971270595752184,77.59448284157317,18.872937201505348,5.774606325943328,-0.09367477915792115,-2.6473266676703986,6.353203260500473,-0.9599981639477857,1.0072605057589465,355.8098963442786,78.75167237834306,1297.589504278717,1282.4537380464908,1275.3885549569923,1294.0656468230275
2024-05-20 00:01:03.721240,63.72124041347116,12.971269966519728,77.59449044737813,19.531025546165864,6.148689959456038,0.2098552761381106,5.799002789243872,8.454517183381716,2.5712119884245372,2.0610997727035856,355.74566715113514,78.8194137340946,1302.1824403748847,1283.7236273187216,1283.5045757172186,1290.9098679863284
2024-05-20 00:01:03.821274,63.82127375791931,12.971253596480999,77.59450350115168,20.033124488449776,5.300025680396149,0.25887958132073424,5.681104365260836,7.773817444439327,-0.0366412825401092,3.9795596990253785,355.9306291557352,78.79437822862674,1294.4710685766195,1326.292338286665,1304.5000088883623,1281.2694487780416
2024-05-20 00:01:03.921307,63.92130710236746,12.971261811487338,77.59452020714959,20.667625285797914,5.510146002377336,0.29226892615755146,1.330684824448113,5.676077183647941,0.5669678875947127,-2.810499828342177,356.0145182305517,78.64669388976215,1311.32135555077,1298.2010867927834,1309.4084897054117,1309.5024243504251
2024-05-20 00:01:04.021340,64.02134044681561,12.971274163079247,77.59453177794646,20.299350195241598,5.538005802339108,0.06201810902017272,-1.597437015139647,5.764126952967495,-1.736245184726343,-2.3716035446387402,356.13286309738163,78.72054029931131,1305.7672543355557,1289.7312650477156,1302.0287896093175,1306.0352273895398
2024-05-20 00:01:04.121374,64.12137379126376,12.971265021668716,77.59452944039676,20.348031351458495,5.2715181078394115,0.4249420542424119,0.23706459871942798,5.293928459538207,-0.6972880509906704,-2.1193639064488554,356.20807067231516,78.57288695374251,1280.7501428389724,1296.8053818683575,1282.5883365744658,1308.384911693201
2024-05-20 00:01:04.221407,64.22140713571191,12.971263719020826,77.59453109223954,20.346778924561924,5.425925555449895,0.12756827727566095,-4.01032260692304,6.7483056547736,2.088082779140481,-0.10847866263132472,356.322910439615,78.65297740560145,1309.5444825926636,1289.9367657229566,1299.5447880807658,1308.0037175736327
2024-05-20 00:01:04.321440,64.32144048016006,12.971265877246898,77.59452288728743,19.545699386085424,5.392513220250177,0.1916571294606335,1.8967432046017905,5.719577438067352,-3.5962859255241897,-1.1716105392521892,356.2167529217317,78.71845541121706,1311.4162581070696,1299.2220037793672,1303.2583494145274,1314.043976892658
2024-05-20 00:01:04.421474,64.42147382460821,12.9712615782002,77.59452690813306,20.72625405719316,5.473032235654265,0.021293506539493072,5.279582923727844,7.604507289394239,-0.3740974375208262,-0.20773472888560396,356.28421688746715,78.49574503366105,1300.8472950464518,1300.6436950599061,1323.1925511754823,1295.6437278894489
2024-05-20 00:01:04.521507,64.52150716905635,12.971250345132136,77.59453805891238,20.601968060389208,5.671507885188147,0.06972340001664844,-3.229420684328474,6.5268691576152955,-0.794358975412375,-0.46267646063464685,356.2687078988541,78.59347142653542,1300.5716523361007,1306.139359951051,1312.3798191659916,1300.1598319647671
2024-05-20 00:01:04.621541,64.6215405135045,12.971252655395801,77.59453503936754,20.08015455382633,5.729890550456125,-0.012233345636940236,-1.4044604147993454,5.899517304974214,-0.02221169926938654,-2.670005370755185,356.12266881361114,78.38912969649687,1312.8771445461407,1301.7144767594784,1301.2699746531152,1291.8570997800634
2024-05-20 00:01:04.721574,64.72157385795265,12.97124679993704,77.59452122540566,20.320982315514378,6.1035537588884905,0.26099428971013683,-1.5644763349080506,6.306272489307012,-1.0370282817376366,-0.3026458655970132,356.2256935876372,78.56636818616938,1289.0050781036175,1287.1484582429814,1297.7095531465952,1299.4568926007921
2024-05-20 00:01:04.821607,64.8216072024008,12.971245576794814,77.59449482037957,19.767154953644656,5.041855119444618,-0.019915522114709944,-1.1009035036190369,5.160686795163185,-1.3162308716218671,-1.1836783644908533,356.25141302479057,78.48813920094044,1294.319781599597,1304.3833419519722,1290.6703438452084,1275.2277127212683
2024-05-20 00:01:04.921641,64.92164054684895,12.971240917745561,77.59448727426614,20.100728196750982,5.584238081384881,0.21017096685295522,0.7849111226621659,5.643046363036174,-3.1585349752069103,-0.6937993480991336,356.29864099795367,78.3756587614158,1286.2475793384062,1304.7455002060478,1317.8907936436738,1308.3204123886876
2024-05-20 00:01:05.021674,65.0216738912971,12.971216663740737,77.59448214313363,19.924189523033554,5.57389104748007,0.050830581989582936,0.7529315582751366,5.624744535415854,-0.09315025918992577,-0.7874462174806781,356.3263143687369,78.27779060764439,1295.8200320353367,1298.4856692313629,1319.0099357635368,1299.4599070300562
2024-05-20 00:01:05.121707,65.12170723574525,12.971221010309447,77.59447893320602,20.25136472058062,5.38697179326902,0.1950710621240077,0.08004917159307468,5.39109689122974,-3.2390704149330447,0.22730107186101411,356.18860912421775,78.21450890723956,1295.9624358936617,1308.5321988723676,1305.396558634406,1314.6736360220252
2024-05-20 00:01:05.221741,65.2217405801934,12.971220236483335,77.59447280571386,19.940204695743073,5.477681383351311,-0.002902438411820257,-3.7133875614006655,6.6177223379972245,-1.3928937978165665,-5.011580451007616,356.08008254605596,78.2006297748059,1299.1208933206349,1308.2868053978457,1296.4578474464356,1311.783085203983
2024-05-20 00:01:05.321774,65.32177392464155,12.97122498335202,77.5944662711525,19.508439566582485,6.040942781626175,-0.25974078654666755,0.05784530537299304,6.046800893566032,4.775412684381661,2.71783083329991,356.1588857774039,78.57883699997922,1287.7405513606332,1307.7210281490995,1314.5606708954783,1305.5382003346572
2024-05-20 00:01:05.421807,65.4218072690897,12.971239224250304,77.59446833219639,19.951777614457242,5.709456366600317,-0.11148473594518778,3.1655203279605644,6.529229647913543,-0.7487424408917738,-0.7169657509529156,356.28349083283223,78.17092007031057,1309.0654546934677,1298.718177575933,1280.3232687293992,1303.4968865238557
2024-05-20 00:01:05.521841,65.52184061353785,12.97122919698405,77.59447374660454,20.141754737231484,5.434149625598043,-0.019481830129083586,0.9677428838470377,5.519681873471433,2.651128658420505,-2.890401415288141,356.40223929046226,78.11396213898112,1282.0208096395545,1305.949228172606,1308.328202036062,1298.2815999566315
2024-05-20 00:01:05.621874,65.621873957986,12.971249876905066,77.59446610661549,20.145390728931474,5.616488488621537,-0.19691786786627022,0.9558253903961145,5.700642224033107,0.47549361736454904,-1.4055322404531416,356.33321299372886,78.26833874178315,1319.917195650677,1319.4077672546898,1299.9841922156781,1301.3070179790693
2024-05-20 00:01:05.721907,65.72190730243415,12.971254235756312,77.5944511537171,20.332983558251048,5.708256246428359,-0.09874927654698083,-0.4069823868028237,5.723598121608003,0.6933174317347499,-2.3297085505301176,356.44888575812905,78.1158697425589,1302.8488169828336,1312.76079925469,1305.2060486555697,1328.5208814678726
2024-05-20 00:01:05.821941,65.8219406468823,12.971245510655438,77.59445455640893,20.06396711036472,5.579303373405449,-0.1517584905188315,-3.352654837612903,6.510910169254923,2.355062434206864,2.2281306992033594,356.4428425219799,78.03655422785,1299.3378514824262,1283.380058939619,1301.8782534879447,1297.8548296292313
2024-05-20 00:01:05.921974,65.92197399133045,12.971240183752649,77.59445677342116,19.662229005877673,5.950843776841235,0.2307653046952714,-3.8522045255541286,7.092621094413606,0.05599063439642515,-3.6870681558973666,356.44401504602007,78.0040194873467,1289.543415408682,1283.7301652954657,1289.6632273241657,1293.1859114914196
2024-05-20 00:01:06.022007,66.0220073357786,12.971214164336672,77.59445219377827,19.293269305985767,5.547072928814961,-0.14298434993623912,0.30819745005607047,5.557467792991655,0.7898614666972441,0.4185159163848838,356.5831534767251,78.10614330309505,1307.3055349458702,1280.3313701292857,1291.155298665706,1296.7477652588052
2024-05-20 00:01:06.122041,66.12204068022675,12.97122665377523,77.59444547874426,19.72388904923667,5.2364217419545,0.14900754133969873,2.875299073238139,5.975756074971099,1.247056664692986,-1.6221889199232506,356.4719682649236,77.84346340006562,1284.057172320213,1314.4288440227722,1299.380500597807,1296.6365992473734
2024-05-20 00:01:06.222074,66.2220740246749,12.97123561897187,77.59442991952712,19.86852087115512,5.8950867765754245,0.18537736556863504,1.525845547634816,6.092176746143909,4.33209547147374,0.1984682780374394,356.3366458831102,77.91448130462372,1289.4424202196574,1308.7773244546956,1285.9079552158446,1316.1210294983528
2024-05-20 00:01:06.322107,66.32210736912305,12.971248348702458,77.59444682146106,20.02915991571913,5.407468062956214,-0.0732560410647583,-3.250770008355701,6.309800547296946,1.6979387920200752,-0.5177684039889581,356.3526757002211,77.82855547830526,1317.464392934774,1320.7202094924985,1305.9098266449066,1307.8202253125883
2024-05-20 00:01:06.422141,66.4221407135712,12.971239214814155,77.5944457255659,19.21815007922,5.3604154857986615,0.10118200708666661,1.3850157699945242,5.5373785008866525,-2.440615739969038,-0.9300503451413847,356.3611071271285,77.88059759235753,1292.6783268672152,1306.7126727484927,1295.4019863591213,1290.392364678008
2024-05-20 00:01:06.522174,66.52217405801935,12.971227086536695,77.59443947597721,20.306255434891096,5.440876782999254,-0.034822434668999036,4.608414358535299,7.13034611149353,1.0922764374837342,-0.2495480542786185,356.38471829857275,77.77171774415054,1290.2156589537835,1289.9717915560816,1291.1946862113396,1299.2585591945906
2024-05-20 00:01:06.622207,66.6222074024675,12.971227120911083,77.59443847900577,20.14014028099432,6.23282288525972,-0.11854662998733774,-0.3535487720641015,6.243967581332137,2.9184358226508498,-2.427396642975081,356.3346510998632,77.83782192829345,1295.6289753379876,1312.5041125431096,1301.8133529838685,1295.1935570502174
2024-05-20 00:01:06.722241,66.72224074691565,12.971222911512145,77.59443776279583,20.235522102700877,5.32584044033938,-0.17935756181911844,-4.234799769938661,6.8066346032682405,-0.7051797425946841,-2.364347800388932,356.2914334719218,77.74400572301302,1303.8194831213775,1288.6727746797133,1288.0771891962943,1312.9915307635201
2024-05-20 00:01:06.822274,66.8222740913638,12.971232155443175,77.59442532483298,19.29289791288388,5.478874327704077,0.45665115224737357,-0.36333273210821915,5.509864322090416,0.2251632768129975,0.45921090818363497,356.2600935620299,77.85914870360367,1314.3346180567635,1273.6824036545615,1296.5185539977574,1318.5095942594985
2024-05-20 00:01:06.922307,66.92230743581194,12.971234604619433,77.59440960035636,20.16283132602034,5.33686482951118,0.014999854938193398,5.796475201326842,7.879179904261523,-1.3969857482566723,4.510203388914379,356.15448310347523,77.67294136586739,1279.4910174222994,1304.782377401073,1287.1897365009354,1298.949581627886
2024-05-20 00:01:07.022341,67.0223407802601,12.971241915841311,77.59441054917883,20.452579513682853,5.4543743577115125,-0.2195390113787295,-0.11275021528783213,5.4599550934623515,-3.374044956035166,3.503854129947687,356.1421665030426,77.61796943238602,1326.872790869244,1305.1847063710693,1304.165929487032,1307.128663626237
2024-05-20 00:01:07.122374,67.12237412470824,12.971237022558944,77.59440199039508,20.140273763775358,6.191386116135126,0.16888942111438712,-1.0094719340409597,6.2754138717101,1.3273677549469187,0.19931769096775948,356.21249438159464,77.52465552805766,1280.9038488006497,1293.9380177336118,1292.5058253260333,1298.7837133705655
2024-05-20 00:01:07.222407,67.2224074691564,12.971237291316722,77.59440910100129,20.250617806305534,5.528400998405987,-0.10712059196520987,-1.7211578602930757,5.791120513376312,-0.225796174736687,-2.0773409385583457,356.0727468680102,77.67456965142239,1273.750042906147,1306.2704349454336,1308.8698358637703,1299.6941535319743
2024-05-20 00:01:07.322441,67.32244081360454,12.97124247577066,77.59441614054744,19.795927409598683,5.468583095119275,-0.19515837157770033,-3.1531971170902864,6.3155474756704715,1.2665810152281392,-4.91416714366681,356.2263058490236,77.5754962807524,1306.1978922087292,1293.4831212768188,1295.2336679857747,1315.1884437720141
2024-05-20 00:01:07.422474,67.4224741580527,12.971247661950374,77.59442524531465,19.619768099651925,5.306623374674578,-0.012524735591400544,-0.14547595252130918,5.308631816429373,-1.2519713965747425,-3.3768990705260404,356.3601286580877,77.57041910370451,1296.6367142685854,1299.450990766836,1300.0084262387752,1301.0834612488304
2024-05-20 00:01:07.522508,67.52250750250084,12.971245914472851,77.59440929056683,19.76682251746371,5.211698370274595,0.472870228022619,1.9269582278057982,5.576609558412844,-5.811227501309142,-1.352122866842906,356.30039491428806,77.61655281308254,1300.9805588358838,1288.314077597508,1303.9245282898896,1305.726714108144
2024-05-20 00:01:07.622541,67.622540846949,12.971234997093362,77.59440930691117,20.005288251930512,6.196708537641356,-0.06000154738583925,2.104978908033587,6.544748512313689,3.604435499365093,-0.871087366078002,356.16881842074963,77.47841435591783,1297.4674142111517,1301.3055907739017,1301.895560726368,1308.8352348885528
2024-05-20 00:01:07.722574,67.72257419139714,12.97123743670969,77.59440763689955,20.187958677790537,5.547789395484597,-0.1190397972465064,-1.5427284045280203,5.759526767028469,-1.3637979248199308,-2.1871046993357437,356.2655043795798,77.31765794234973,1307.7363947989188,1291.3432446004192,1313.8095561273872,1313.1163293379318
2024-05-20 00:01:07.822608,67.82260753584528,12.971241571222222,77.59441840233161,19.696639688170436,5.653813016646523,0.005267333670279622,-0.44646618335737287,5.671416174544709,-2.260293335954475,-0.3720316989790648,356.4241658008483,77.41721453310772,1293.826725797847,1303.7451818812601,1300.0826647021363,1293.5275696360516
2024-05-20 00:01:07.922641,67.92264088029343,12.9712376965856,77.59442996177887,20.098635666782194,5.74366739708912,-0.14927766666339745,2.029067654622395,6.093366437133401,-0.7040728400116666,-0.6164597454666865,356.3005744482121,77.40795101146917,1297.0934899458618,1290.8908114587387,1304.7363703486908,1302.4418220179564
2024-05-20 00:01:08.022674,68.02267422474158,12.971237895862153,77.59443988888651,20.10258853537732,6.077025700929433,-0.10917442961542807,-1.7316220700979699,6.319863560195671,-1.0273294543675275,-0.4239870925248085,356.2492696190245,77.26617945853937,1302.7207145692164,1299.5515899081286,1313.154061917433,1296.5131531511306
2024-05-20 00:01:08.122708,68.12270756918973,12.971236123692693,77.59444354099818,19.752195772797936,4.638288919135976,-0.006289051209900094,-2.9187923762316785,5.480247493051101,-3.4977245731033837,-0.19120228495835542,356.2139635668933,77.24846890094433,1303.6917860383414,1307.5286040320645,1310.971616692902,1293.1980037884912
2024-05-20 00:01:08.222741,68.22274091363788,12.971245142993652,77.59444546556153,19.518635409088883,5.444041640330942,0.2489443995278153,0.41087510673294503,5.465197256188133,0.6731110335878905,2.8250223130702263,356.43417270569637,77.41886174884382,1293.6500173658123,1303.1268914313541,1300.2812783285915,1285.3911859677069
2024-05-20 00:01:08.322774,68.32277425808603,12.97124639279407,77.5944689879273,19.83439819495191,5.164715384313081,0.45412827104852493,2.7113673561943443,5.850814509772297,0.5011796205382478,-3.1977946698834256,356.53702185779247,77.12986367171617,1304.8872704353246,1297.5313415516782,1297.3988598535084,1308.4455484516757
2024-05-20 00:01:08.422808,68.42280760253418,12.971240483618352,77.59447775768939,20.0610896984242,5.043849263850013,0.022471389463715644,2.6611782125392125,5.7028755762929055,1.0290330465943196,3.6635553197761723,356.4867509074099,77.13998693135854,1298.407127477203,1296.2263238707214,1296.31746574731,1309.3582908434312
2024-05-20 00:01:08.522841,68.52284094698233,12.97124250590591,77.59447915535934,20.366811308497603,6.011781571049884,0.32741346176104275,1.3412546977301503,6.168280262531896,-0.6651039775234593,-0.9348543686098881,356.4720282123888,77.21501990901602,1296.8625900787395,1283.0619596029705,1300.8900745220515,1306.5639207446234
2024-05-20 00:01:08.622874,68.62287429143048,12.97124878478502,77.59448700807698,20.32943008476568,5.5013888296456885,-0.043860397684271885,-2.4124127221490568,6.0072404589313715,-0.945073258503066,0.006965329130399087,356.49643819579944,77.23447462642397,1290.30048402748,1302.767534649354,1285.8286262829283,1295.2556597567195
2024-05-20 00:01:08.722908,68.72290763587863,12.971245336562689,77.5944886634422,19.884167882925933,5.073403865123365,0.30751445553341605,-1.229110837504706,5.229216515873313,-4.922284915864256,1.4865756271098978,356.59372285349406,77.07674180356138,1298.129010355675,1292.3337200160158,1281.225659298901,1290.4110367405099
2024-05-20 00:01:08.822941,68.82294098032678,12.971236735384188,77.59448518640804,20.083525949219556,5.358492235970082,-0.08077417361228217,0.5108552903938346,5.3833945274146275,-2.089233225106994,0.22644342205165705,356.34522888373135,77.10558814910053,1309.8535252649037,1294.4682724256227,1302.0209334565532,1293.6584850321515
2024-05-20 00:01:08.922974,68.92297432477493,12.971243699484045,77.59448822826893,19.986373009380184,5.574372682644451,0.2860997282979498,0.917286886158081,5.656580158634936,-0.6446221485899561,1.0521511190734563,356.2992596007732,77.006150829636,1300.9005481698946,1296.835560340532,1286.0599800479113,1310.0603301386154
2024-05-20 00:01:09.023008,69.02300766922308,12.971217274370002,77.5944831982462,20.2670444993012,5.207914905980043,0.10106989958482533,-2.8549852619700573,5.939994414020727,-1.5967080214435447,0.2786693330090671,356.36800287796154,76.93784445697116,1322.2779949201658,1300.7287346555759,1298.5873626070859,1322.5703892950578
2024-05-20 00:01:09.123041,69.12304101367123,12.971233954282441,77.59446929460383,19.4151855611701,6.418510184166298,-0.08702681896205905,-5.534243013320406,8.475416944431162,1.0791144052110695,-0.9696173310019992,356.40484164699444,77.04676494286453,1308.3893782946182,1295.6559895228027,1305.6728074978523,1308.5202355819288
2024-05-20 00:01:09.223074,69.22307435811938,12.971214638906511,77.59447828502796,19.159826824078706,5.691844008265219,-0.21594129644083793,3.024091170551884,6.448941484130795,2.8503711395293254,1.569719751245247,356.50075118741523,76.92384520889928,1296.4442689372786,1289.0717564536983,1318.546681813134,1301.3313783756594
2024-05-20 00:01:09.323108,69.32310770256753,12.97120934727601,77.5944823938051,20.02020546858295,5.239718846133847,0.008121921804267967,3.013055904619975,6.044272118006378,2.5099314932673003,0.1873436705610664,356.41769498579737,76.71002488075801,1301.7779258243165,1287.7381542626038,1282.4056814682829,1279.5174343061894
2024-05-20 00:01:09.423141,69.42314104701568,12.971214372085297,77.59449294304798,19.762638942375467,5.45602372208402,0.04334514360407672,-0.5701432105507109,5.485903475085458,1.1354496125749534,-0.8785804470418402,356.4913276497005,76.57314245295439,1293.3872901283694,1299.2738356604016,1292.3444375339416,1308.603251919984
2024-05-20 00:01:09.523174,69.52317439146383,12.971210362965477,77.59449420786503,19.906138804251366,5.612718958089492,0.11694947287544089,-2.730520771243704,6.242758602084206,1.287308115705064,-2.7659680018881603,356.5131340527451,76.83506431208959,1299.5113479060415,1313.2083110364774,1311.1115104870264,1316.400682982721
2024-05-20 00:01:09.623208,69.62320773591198,12.97121139342622,77.59449257417837,19.21635269271017,5.57702514274563,0.10643465637549727,-1.6716366950156072,5.8231354972229,0.8131096277673624,0.9552024547471158,356.4579985997248,76.72600485986021,1288.7265141479763,1289.3185456803042,1307.613195792586,1290.5925511062642
2024-05-20 00:01:09.723241,69.72324108036013,12.971220554890499,77.59451363268374,19.571699985642038,5.804037654468553,0.033861817479099075,3.8285492057206625,6.9531136002366685,0.9354268922553337,-2.0738312995314327,356.3932872160689,76.8098718534643,1272.0162094473253,1279.981887087966,1284.0002277425856,1293.647546477241
2024-05-20 00:01:09.823274,69.82327442480828,12.971218582377801,77.59452122901129,19.98231785557526,6.012532349575763,0.3418312300203283,-0.24718713016365257,6.027312446010312,-2.4498518511019935,2.1361499930807795,356.31954740866587,76.70824865786444,1296.7455334997271,1307.1366523844804,1308.733102256652,1315.4253794231518
2024-05-20 00:01:09.923308,69.92330776925643,12.971210779727945,77.59450242285449,19.52224607497242,5.659072343338344,-0.06332236399129719,-3.297136561196737,6.5498258764717265,-1.2447427772507624,2.722618302258689,356.41999993771594,76.49234475978196,1299.0304886971549,1290.6858419735734,1302.0773178130305,1303.2974579766435
2024-05-20 00:01:10.023341,70.02334111370457,12.97120623819185,77.59450011512394,19.3226706609377,5.970829344451708,0.02152334366528485,3.6459181788614643,6.99599783317867,1.4026193068118287,-0.5621823030199623,356.4619937966163,76.5436995254781,1299.9845644828708,1301.0052255772882,1288.3927698573477,1297.1543568587629
2024-05-20 00:01:10.123374,70.12337445815272,12.971215210360498,77.59450647668632,20.25167285300406,5.6109143338547725,0.11231036174309124,3.841155035223963,6.8006944707021075,-2.3362256758991653,3.185232803625114,356.39376504989053,76.65630422482704,1285.6621376891696,1317.2164086693926,1280.9342675403404,1294.5662515805866
2024-05-20 00:01:10.223408,70.22340780260087,12.97122404965395,77.59449873205185,20.091157830372307,5.538754978608578,0.45823045214102953,-0.05704887853043772,5.55797053202626,-0.8810208358506383,5.467193570904202,356.4558642163403,76.51230981359792,1297.2479544860696,1309.8429279062696,1296.2270827966659,1293.0802441736157
2024-05-20 00:01:10.323441,70.32344114704902,12.971235056396415,77.59448891939901,20.240259272771226,5.742681293618143,0.46699124322514945,2.580648678323655,6.313178031883336,-2.089242818628546,-1.3739127839060636,356.58165315122625,76.47325351044869,1304.2083470136317,1296.2357468682965,1299.870579791697,1296.8448807220534
2024-05-20 00:01:10.423474,70.42347449149717,12.97125236870175,77.59447321123633,20.60745966664913,5.846101125212146,0.4053960013034858,-3.107024914413202,6.632861230484469,1.4737670739877164,-2.5365147129193772,356.61638553649937,76.6804224597963,1307.8706736011532,1303.7233845908468,1306.788913237664,1302.2887454048343
2024-05-20 00:01:10.523508,70.52350783594532,12.971253240079317,77.59448139769789,19.618647085826268,5.647071755123688,-0.2862809791860756,-3.9810678869713456,6.91522072874279,-4.213766124595527,-2.8755732524161948,356.6004696856048,76.55987463313474,1304.2463223671687,1302.0008149331702,1313.2315336970428,1294.3991393527529
2024-05-20 00:01:10.623541,70.62354118039347,12.97125923980316,77.59447368664809,19.810980596231385,5.0160150189465,0.04841988852283327,4.487495391636713,6.730554661085678,5.441668651407959,0.38752818643879083,356.61018252221146,76.58528844911268,1292.8447963939282,1295.5438132369125,1294.582398494597,1289.883398716665
2024-05-20 00:01:10.723575,70.72357452484162,12.971240056676905,77.59447576041426,20.51644543026843,5.691612407827928,-0.07969567122853398,-4.300332170417718,7.13397925262493,-2.9266274731758517,2.4363776228712046,356.52278410752706,76.47061273984139,1308.9994801138798,1292.6303924995543,1302.973695304606,1309.2375274266124
2024-05-20 00:01:10.823608,70.82360786928977,12.971239771836386,77.59447204285728,18.950627377741675,5.852384791421511,0.2116193542565009,4.7807998197585135,7.5598437427344205,-0.18151805410814337,0.5346831498761706,356.56991102356056,76.60464465955587,1308.7757779280719,1293.1378498490967,1310.8022890868306,1294.578468944711
2024-05-20 00:01:10.923641,70.92364121373792,12.971237494621832,77.59446556932184,21.47292422048354,5.516656874230005,0.09939545655363709,8.214868251207704,9.89582957156564,1.6533988439786047,2.633699393122409,356.75600033568713,76.23555416332775,1300.5695694335975,1313.8577562767564,1306.6566546045103,1294.5622227723366
2024-05-20 00:01:11.023675,71.02367455818607,12.971248185982327,77.59447111514734,20.594148868480136,5.4938805856510236,0.22435895532234867,-5.226840299654597,7.586364105968018,-0.29378232870599935,-0.9737364738275388,356.91948871069116,76.20948594317849,1310.8983289844718,1311.4465831377847,1289.084564577572,1279.1036205804019
2024-05-20 00:01:11.123708,71.12370790263421,12.971230952523479,77.59447111225862,20.427207588341876,6.161900406029642,-0.03466874353670228,-4.535865979956597,7.651424620535336,0.33008838530359425,1.795225111519912,356.8118555571424,76.18384646890412,1279.4862323753118,1313.1732195525651,1303.948196260449,1305.4393928149805
2024-05-20 00:01:11.223741,71.22374124708236,12.971241215553537,77.59446911462845,19.686673180592834,5.826162990140754,0.16386874846893162,-1.7426300956876588,6.083402650228489,0.47659032443606697,-0.8811133396888534,356.7399887708442,76.34944264508881,1288.4416252367469,1315.3108426066347,1310.87603710887,1295.2073096490494
2024-05-20 00:01:11.323775,71.32377459153051,12.971235803593713,77.59447088501587,20.078565355126603,4.977578658392056,0.05288240869987557,0.3860675540990002,4.9928082284379744,1.626991340814508,0.5511340460508395,356.80599171742165,76.17912518021792,1300.2209786376986,1304.5415394405993,1294.2127790472314,1287.2097831245749
2024-05-20 00:01:11.423808,71.42380793597866,12.971228430189647,77.59447227063039,19.763912437831713,5.632127161469711,-0.01925673181022368,0.041180245406593485,5.632310626847264,0.990491751753706,2.4167360158546827,356.96999609934164,76.10210477388901,1280.2064572972338,1284.4808671739918,1292.784507022058,1295.9811006847074
2024-05-20 00:01:11.523841,71.52384128042681,12.971208185630687,77.59447517209917,20.086804150473036,5.747021330689093,-0.08338075618870136,-2.928296128844636,6.450591038354897,3.6622647055305424,-0.4291384956630041,357.0786298678386,76.15130234083999,1297.9257451920328,1291.3354010094258,1295.211182048744,1301.1349200991567
2024-05-20 00:01:11.623875,71.62387462487496,12.971218562225971,77.59446400410418,19.178057927225915,5.332742550166173,-0.11947637302498636,0.5122289893099321,5.358618875004407,0.5410101649473315,-5.354842291831364,356.9923604730153,76.16909990121395,1303.2779068416787,1294.262306646175,1297.720740246736,1298.3140461217777
2024-05-20 00:01:11.723908,71.72390796932311,12.97120551391149,77.59445554668568,20.189284108320972,5.743227206446757,0.02100782819203902,6.270247855762705,8.503005835962501,-1.3619481378578282,3.099423360974866,357.06793518164636,76.00808499029047,1285.9250595627723,1307.9186621851752,1303.9063315328674,1317.9318607568023
2024-05-20 00:01:11.823941,71.82394131377126,12.971209622230331,77.5944573066518,20.43252565428748,5.943967977740586,0.4917595541588998,1.0503148223421306,6.0560501984002455,1.21911805533898,2.625993554023818,357.2225902333787,76.08107629606421,1313.9533822642052,1284.4395031820038,1280.9109678714938,1296.0431055114668
2024-05-20 00:01:11.923975,71.92397465821941,12.971203140862768,77.5944585738036,20.39941711712567,5.406357597544072,-0.25984346501029776,-2.9515839570168083,6.165068446834153,-3.06787845517629,1.217829126484795,357.0215486371236,76.14236250943885,1287.1821837805485,1305.8657825672951,1292.7060175236836,1296.0287081174595
2024-05-20 00:01:12.024008,72.02400800266756,12.971201204742638,77.59445224041853,19.84201202500769,5.997150103152836,-0.2250860524028839,0.0831338365414922,6.001948377444653,1.2966491477575628,1.0151240611196228,356.9615211936397,75.94855474815337,1290.0288019520415,1290.6136364211197,1293.955388734839,1303.5325350400392
2024-05-20 00:01:12.124041,72.1240413471157,12.97120811018559,77.59444873822873,20.41604942853777,5.791260771762138,0.03881687847512057,-3.866754743769363,6.963619771718472,0.8065403450685215,2.852246785304858,356.8180225361817,75.91352153607968,1293.3337979851729,1316.383223432909,1317.3996984370174,1300.259937321902
2024-05-20 00:01:12.224075,72.22407469156386,12.971217155094772,77.5944595864019,19.068403206647695,6.086084794847942,-0.07096542652348607,-2.4815482796554136,6.572940444435939,3.4965098294495296,-1.1973454453140924,356.9525128771184,75.84952912474321,1279.5509840013287,1289.674850670441,1298.0946944037512,1299.4272936154573
2024-05-20 00:01:12.324108,72.324108036012,12.97119928830257,77.59448458660862,19.919574280890803,5.478710287023042,0.12886306509926068,0.41543246317273486,5.495949074558156,2.9325679954963526,-0.31061738741514244,357.1010252927699,75.8550819587823,1304.4301743396722,1303.225780036235,1285.9552584954777,1304.8806288887338
2024-05-20 00:01:12.424141,72.42414138046016,12.971182611332004,77.59447345418117,19.151517404014697,5.3257505000584695,-0.3271713937795086,1.7278760526826176,5.608584060457214,-1.5004820842509201,-1.4866405560693536,357.10416415593363,75.92496430381946,1301.9143119537355,1276.1768631526788,1293.7743032059086,1303.8054053492351
2024-05-20 00:01:12.524175,72.5241747249083,12.971181579178129,77.59447237653698,20.265264721574223,5.2658519691094465,0.1440289928796259,3.49610315382634,6.3223950029682765,1.5739727874346652,1.5003149258575048,357.20433326718927,75.95689111427797,1294.1430606445526,1298.9533663381542,1290.6929500878828,1299.4915738886532
2024-05-20 00:01:12.624208,72.62420806935646,12.971191830905708,77.59448440120421,19.850971186040645,5.947538452303252,-0.168100387433162,-4.284137991352139,7.331801259637886,-0.8591894571591665,1.4627623847276598,357.2139678578996,75.84395539747854,1301.7557639882211,1281.5886785927876,1300.2103743199698,1295.9203281905254
2024-05-20 00:01:12.724241,72.7242414138046,12.971195174062018,77.59446704555599,19.408151418869558,5.564639156668511,-0.1891535256035551,3.067860727317182,6.357102912678998,-1.4088227478387227,0.4423743245363838,357.13406970409324,75.93286445201517,1296.8891261031881,1288.4769522895704,1276.0305401895253,1296.3683012547333
2024-05-20 00:01:12.824275,72.82427475825276,12.97120543053009,77.59446674603264,20.464747923749986,6.097692308247463,-0.13747940839577008,0.1414154620009498,6.1008811172392186,-0.799599712292814,0.9950572534932641,356.9879392702056,75.70554830302252,1322.1403299676567,1305.5868295404118,1299.8002270762581,1290.411771016429
2024-05-20 00:01:12.924308,72.9243081027009,12.971204810643718,77.5944614612892,19.436443942110827,5.715923656484964,-0.2766686340503317,0.44910877506787017,5.740211448341836,0.13762298035220824,-3.481241063172009,357.04661566030484,75.71648519993053,1300.6300050054876,1298.029583906881,1294.983857238592,1290.6467092821815
2024-05-20 00:01:13.024341,73.02434144714906,12.971222154896974,77.59447186195557,20.55459962933209,5.602466896683802,-0.03216552701408796,2.2744340390431432,6.046628825016798,0.4513451930530816,-0.5731032673881886,357.01858453137083,75.72601427172957,1306.8459118159622,1319.2169299406094,1307.1920472992595,1303.9554002568798
2024-05-20 00:01:13.124375,73.1243747915972,12.971234669792999,77.59445494518359,19.891482429415227,5.86845990502014,-0.016845033395428043,1.394037280580477,6.031786248834361,2.777327962475114,-1.029989287751002,357.0419377272618,75.63072223840332,1310.09627352152,1304.6919053494353,1275.260268224311,1313.6753700923537
2024-05-20 00:01:13.224408,73.22440813604535,12.97124787037225,77.59443958233767,20.833500052255825,5.279773861503414,0.034603776586094696,-1.7634057513608923,5.5665796764172315,-1.4582916337844267,0.013052377162811836,357.16373533419915,75.65087716648765,1297.0899096166138,1328.810997848033,1286.8855644263308,1322.492679221959
2024-05-20 00:01:13.324441,73.3244414804935,12.971267927896458,77.59441936182263,19.53868367955976,6.216477676533921,-0.14702965331617043,-1.3155711642882864,6.355858707531634,-1.347610525426421,-1.4318347894834418,357.2835765619149,75.67390011744008,1287.0273197914487,1291.4779025008636,1307.9620599326845,1313.6569260556796
2024-05-20 00:01:13.424475,73.42447482494165,12.971262290859737,77.59443687116688,20.57029808540922,5.555887944355334,-0.14967685307710812,6.199225917706755,8.325905115322128,2.272483066695612,1.5017996594212986,357.3895224539505,75.5804603533764,1299.4638315681668,1315.1889966385243,1305.0977949964229,1291.4576248209794
2024-05-20 00:01:13.524508,73.5245081693898,12.971261027383461,77.59443436549454,20.778942282635477,6.105408380518532,-0.3413694008960043,-4.223575966011339,7.431765503663489,-2.862673332521033,4.162494468753263,357.3322186727172,75.49407355474825,1292.2180509257187,1299.7698207699693,1289.8920283431132,1299.3484362513104
2024-05-20 00:01:13.624542,73.62454151383795,12.9712512612258,77.59443831351975,19.72530122658734,5.696860961371446,0.15304031373156785,-2.4788656282721746,6.214693954963048,0.040161949925134575,-4.084727445802623,357.1640104904203,75.55822530983919,1297.9589269311628,1305.4391798147685,1281.2584058546752,1283.9089438573126
2024-05-20 00:01:13.724575,73.7245748582861,12.971252324086237,77.59444160230727,20.283003844168217,5.9195719732507195,-0.015812628248935996,0.48623064567777874,5.93952882192719,2.8816675951148514,0.6576070672584292,357.1033157231882,75.47809936058957,1307.9977294098126,1305.2488463388188,1301.9430475055449,1292.1729819322752
2024-05-20 00:01:13.824608,73.82460820273425,12.97125130170579,77.5944381256732,19.822579781908004,5.5435062702334275,-0.08428597009240957,2.1005016795097333,5.928715982276007,-1.3103920776357745,-1.593041529975864,357.17604160616685,75.42255390324279,1304.067153134363,1289.1948650271727,1299.9898515226794,1297.9412699774252
2024-05-20 00:01:13.924642,73.9246415471824,12.971248677489312,77.59444933556311,20.703244260208844,5.618676393419024,0.006522944805339089,1.27006020435104,5.760435737463734,0.2479507386033509,3.812499436211609,357.26250026708726,75.3392368161032,1287.5651259931246,1295.2762970187655,1305.4367927183278,1310.4793175451946
2024-05-20 00:01:14.024675,74.02467489163055,12.97125340071666,77.59445283866272,20.076676521691475,5.491802579573778,0.1272818486444641,-9.64157290955697,11.096667265999752,-0.6794742821885332,-1.2192906741968268,357.22276162059535,75.3084805412741,1316.4664601457748,1296.3965090167867,1300.6400876100072,1304.1745112019069
2024-05-20 00:01:14.124708,74.1247082360787,12.971254512937255,77.59444975048939,18.77428669244152,5.669414605328523,-0.3986789748389956,-3.400630305645734,6.623103001446319,-0.37335122171767,0.23414508512129825,357.2109054842261,75.27036239918083,1309.630904824909,1294.6480656615245,1290.5505520876297,1298.5297903861658
2024-05-20 00:01:14.224742,74.22474158052685,12.971270325368124,77.5944471702955,19.39632367628052,5.7184852003435065,0.10330722275194365,4.297108091307038,7.153802018311441,-1.0293336403910716,0.943832036508073,357.0721360701757,75.26135109394966,1291.8242890285676,1295.1301589990774,1304.2739310358902,1304.3025562416758
2024-05-20 00:01:14.324775,74.324774924975,12.971277806719703,77.59443619136451,19.633994880098818,5.632010008180143,0.06440584701000282,4.910380316670867,7.472316889674786,-6.851372971523666,0.1048730538210432,356.89712922379056,75.25510066817493,1285.1888155299614,1292.0202672396517,1304.2606075152646,1287.0443191450113
2024-05-20 00:01:14.424808,74.42480826942314,12.971289201844165,77.59444176157997,20.378727207458283,5.645511124134687,0.4776223297415363,7.01207994002344,9.014942264256348,1.1092576405341545,2.8184752493904948,356.959086208193,75.26148345989603,1308.9839686634102,1301.7287229162562,1303.5447052069255,1283.5774038168129
2024-05-20 00:01:14.524842,74.52484161387129,12.971276033313808,77.5944466675268,21.03687849597536,5.712106333886972,0.04511146719643511,-4.1990920105896095,7.08960982900341,2.165760442047672,-0.4216678901261158,356.9903424350878,75.24435292715151,1296.507014034759,1316.0334353703618,1301.7589595760023,1297.4185605532023
2024-05-20 00:01:14.624875,74.62487495831944,12.971283312885937,77.59444135342926,19.538628772528714,5.510438886136612,0.46734803892923565,-1.7549144044307923,5.801988923999786,-1.3720728233049164,-1.3474411153720303,356.8596291655567,75.08125768717458,1297.569242140544,1310.4741640290235,1294.1423672154106,1293.6291139468206
2024-05-20 00:01:14.724908,74.72490830276759,12.971284825957106,77.59444225120372,20.68577858178447,5.803541749374518,0.029200271593434454,3.575986907987854,6.816863784666282,-0.658521806216993,-2.7948187690469304,356.7997062690901,75.037129620541,1281.3101073781384,1308.9761375814821,1308.0533402265662,1303.2293270204186
2024-05-20 00:01:14.824942,74.82494164721574,12.971280009438974,77.59443664208976,20.25406463274636,5.5049462100049755,0.10564548561766934,-6.360237558807441,8.41238465288793,1.299112713545592,-4.71736596515373,356.91521784922725,75.02368501841289,1293.4119012395365,1301.50664352171,1301.1041020193495,1290.7887698309373
2024-05-20 00:01:14.924975,74.92497499166389,12.971285891374036,77.59442331211154,19.41330691279998,5.63382236105721,-0.5631457147364096,-0.5996320113069942,5.693561806194633,-1.1968443743480799,0.3198777619162115,356.9072181164328,74.8886548617339,1302.7823768270534,1298.1843292003982,1276.6383537600707,1304.281409869762
2024-05-20 00:01:15.025008,75.02500833611204,12.971273811680406,77.59442278629281,20.13409824168794,5.268811119248232,0.059799222157148835,6.068566801610615,8.036880587821054,2.7724303812712168,-1.8994917962202684,356.97512143316146,74.88206981021408,1289.2723253908248,1282.187346658428,1301.1186392277286,1282.7458201367517
2024-05-20 00:01:15.125042,75.12504168056019,12.971281328869969,77.59443595833646,20.627424979144223,6.068850921501271,-0.10215053719551011,2.3080099089898596,6.493712033933407,1.28477775350732,2.0842925701082153,356.9439075839151,75.12516504618121,1311.3684591771082,1285.195813990505,1297.2091023277574,1327.8638152284202
2024-05-20 00:01:15.225075,75.22507502500834,12.971290364831106,77.59442334383253,20.595854142119393,5.830074727538737,0.10746861015350667,-7.434827570104815,9.448702653171221,0.2225242304282064,-2.8705739908239325,356.8627542743879,75.00571791724857,1306.50545534039,1303.7312493853942,1295.3950437100452,1314.0778453424969
2024-05-20 00:01:15.325108,75.32510836945649,12.971297663054438,77.59442658346511,19.13996364467843,5.841462801884115,-0.07706320344225076,-6.540971438138229,8.770001924609861,-0.6785217884448058,0.37650731508653623,356.8335624895209,74.85140355573857,1298.847686887007,1303.2368797677561,1287.8044884078026,1295.4195084923533
2024-05-20 00:01:15.425142,75.42514171390464,12.971292709674803,77.5944229565834,19.28722364432581,6.002783125296795,-0.3594991951975321,6.617690351299203,8.941838206228862,-2.053705612245366,-1.912717559222131,356.83530767618055,74.80704291131887,1297.610409784643,1278.0755620162251,1298.4610360681104,1296.7763727099482
2024-05-20 00:01:15.525175,75.52517505835279,12.971295787606268,77.59442229447066,20.463943041403855,6.062041366704871,-0.29437845002013546,10.378681339480167,12.02297927096072,-1.663240812915273,-0.47887238524713416,356.8485462925033,74.78358003108904,1300.8765158966696,1303.5341975120416,1310.9097504315814,1303.2918929450261
2024-05-20 00:01:15.625208,75.62520840280094,12.971283528690256,77.5944213653987,21.36365205502542,5.274527591714688,-0.1991093996569412,-1.4870946161352805,5.48377026015221,-2.2875124017974366,-0.8479450433872,356.90028241282397,74.98972945247061,1304.4112787061622,1314.4347080565847,1316.6279904634507,1322.2044970790173
2024-05-20 00:01:15.725242,75.72524174724909,12.971297000562217,77.59441104485074,20.166424945478155,5.204728839513888,-0.37809095926858444,-8.590503704849041,10.051313793200038,3.1558336037228294,1.4015561860502848,356.96239381380695,74.72833324565731,1293.2969069916219,1303.0522863825654,1306.52696963178,1304.4185221058037
2024-05-20 00:01:15.825275,75.82527509169724,12.971311122504854,77.59442365226717,19.644978422844876,5.4501114534579065,0.24437655213154366,-4.145974295102604,6.85219217550094,-0.6262237576005839,3.61984759157952,357.0338603770119,74.60711231122585,1313.2100369876794,1291.7634833302423,1304.5411671901875,1298.2487636287738
2024-05-20 00:01:15.925308,75.92530843614539,12.971307162214199,77.5944295860352,19.336953596007806,6.009684248433487,0.4426469886882227,4.160194560700603,7.322530976742072,-0.7113772071138771,-2.743158706467949,356.88543647187504,74.65185989422928,1308.1720197283585,1297.8629171436564,1283.2330650028237,1281.6781191030425
2024-05-20 00:01:16.025342,76.02534178059354,12.971324926703556,77.59444219480176,20.47729477376864,5.684441697537703,-0.21210977579481202,1.8318695431799625,5.976086846166429,4.624250484667425,-0.7294957871001816,356.8348910285878,74.76100520228917,1293.797656140266,1314.1637364621454,1298.7484177867766,1294.4895426313112
2024-05-20 00:01:16.125375,76.12537512504169,12.971339864319043,77.59445848619369,19.7034496700018,5.849497528225113,-0.24926086415201706,-2.3140074489392077,6.295504966629417,-0.8096666825763477,-1.1083519723392612,356.84015672075594,74.58556510807392,1288.4740307976492,1292.9641655387227,1282.3582338754964,1297.2231751262216
2024-05-20 00:01:16.225408,76.22540846948984,12.971340620435141,77.59446060005509,20.014338965378002,5.924115186749997,-0.1766199280270576,8.96571064794091,10.747571947535837,0.9370850889156943,2.0387347515740664,357.00691291027186,74.62749340556441,1310.43795438929,1299.8610703749844,1294.8118859420097,1287.5716313337357
2024-05-20 00:01:16.325442,76.32544181393799,12.971344354819797,77.59448838735658,21.497189712937633,5.608447752671631,0.03163768012959147,-0.18824136766387767,5.611695104845898,-0.337868623243106,-2.251125009883657,356.9937559133616,74.61888385532131,1321.0481914580846,1324.4394414408964,1309.9093092761289,1316.0806524352627
2024-05-20 00:01:16.425475,76.42547515838613,12.971366951231346,77.59449644656883,19.976678138236178,5.499487626213933,0.02338081761077166,-8.779671520003845,10.359900714421878,3.1405633435694473,-2.549149282554069,356.9464980499288,74.56671512167539,1324.110362105471,1296.368889770666,1306.4437440734573,1284.5847021807488
2024-05-20 00:01:16.525509,76.52550850283428,12.971383877409734,77.59450215571246,19.740669902333323,5.131286126698686,-0.18615439681216683,-2.4036540158778195,5.6694182595349645,-2.3889779451167685,-0.6701894192538207,356.79285880810625,74.50591357564018,1301.8928789781066,1298.4458605633772,1294.2284153214887,1295.4573923394612
2024-05-20 00:01:16.625542,76.62554184728243,12.971389076649498,77.59449082648551,19.49578703802721,5.5668978789274695,0.3144353265376213,0.3464313773600338,5.586522734957905,-0.06284166596922329,1.8079158879987727,356.82513493903946,74.55801458808267,1293.1728784105196,1280.9802245397514,1291.0819600131326,1320.0591307904826
2024-05-20 00:01:16.725575,76.72557519173058,12.971405733754667,77.59449836832665,19.80997928093153,5.716607602330258,-0.1749697550877157,3.2629428837756222,6.58460425211702,0.35931477027504555,3.269920798513433,356.87987602925426,74.32119437620103,1305.625707372698,1300.2239648098157,1309.9559787559917,1287.8541289313107
2024-05-20 00:01:16.825609,76.82560853617873,12.971411582882327,77.59449434889677,20.14859321684194,5.835917462968102,0.05066535959693959,1.3294177053074918,5.985637062871769,0.012445359766453107,-0.5285844659317182,356.8755959375874,74.29506379438446,1301.0279466567963,1294.611741430544,1303.355179743321,1291.7455803982987
2024-05-20 00:01:16.925642,76.92564188062688,12.971415712503306,77.59448694038443,20.075951479392515,5.427425924535503,0.009750786794157718,2.381872123890872,5.927087147894113,-2.56408940594989,-0.6112356450054643,356.93698092117563,74.46639506698544,1303.9698426327384,1295.9201759632108,1294.8915428511282,1280.9685931844342
2024-05-20 00:01:17.025675,77.02567522507503,12.971411495704237,77.59450083895096,20.625126486043186,5.750537950296552,0.2740618765469063,-3.047533669758124,6.51392800837457,-0.332730747674564,3.415441218926377,356.93192058124475,74.37661758016594,1296.962919931695,1299.9912012308314,1309.0960600469086,1316.0984066851952
2024-05-20 00:01:17.125709,77.12570856952318,12.971413198676057,77.59448917398859,19.46624150878402,5.590732595008477,0.031221999344346486,3.7267137816973275,6.719052118627007,1.5261138254799884,0.8679734322678978,356.9348701438437,74.29380074720602,1288.4575068738216,1316.2369001806462,1288.6173456989097,1277.4054072224274
2024-05-20 00:01:17.225742,77.22574191397133,12.971427168224826,77.59450031219899,21.370717772811577,5.128644222042209,-0.15027734373740498,3.109846555155471,5.9997266965204386,-0.35902015292782186,-1.989472001456356,356.982178510378,74.17990985988139,1310.2168284556126,1310.2613396422887,1320.7438071930806,1294.4421822330487
2024-05-20 00:01:17.325775,77.32577525841948,12.971448877731953,77.5944834074933,20.088418212049536,5.412649756534194,0.04625103177441403,-5.315193179398818,7.586184487552196,0.7152851631852267,-1.5309415111885654,357.2109929120984,74.14115994715354,1300.998675454854,1313.727164368724,1288.77593798462,1315.5011929506818
2024-05-20 00:01:17.425809,77.42580860286763,12.971457094661782,77.59446519136912,20.30732467256506,5.546061470127232,0.0009977891007555888,-0.05485721058178683,5.546332855100363,2.7845712186914477,-0.7972303558495343,357.3053197965409,74.26686935691099,1299.5484905752191,1295.1071002233612,1296.9802945700674,1308.8686535933143
2024-05-20 00:01:17.525842,77.52584194731578,12.971445850847942,77.59446766697086,20.077443111566353,5.630398115546259,0.19457041802105113,-0.31048097005829334,5.642307951528709,3.428890007033489,-1.7089755669499083,357.361537827257,74.14807074673404,1328.4746655859024,1296.3574360439047,1310.4146762815176,1314.2182686501915
2024-05-20 00:01:17.625875,77.62587529176393,12.97143447342832,77.59445913692497,20.245207772920185,5.715359607901947,-0.0019511796788866992,2.347087672315496,6.178524079120725,1.9589704249047442,-0.8869170513449434,357.5048944504686,74.2100988595599,1312.6651991994158,1298.2366675478906,1308.4481588960487,1306.8303766456872
2024-05-20 00:01:17.725909,77.72590863621207,12.971423792351336,77.59445423530865,20.547017170715787,5.50249420518009,0.2025487410044849,-0.49111093331144673,5.528079089461458,3.9729064050932466,-0.3224166026261307,357.4852120565028,74.23649611594257,1299.945020109628,1282.368487043797,1294.3171386547383,1317.1050478389354
2024-05-20 00:01:17.825942,77.82594198066022,12.971412629055015,77.59444903689393,20.1469528346117,5.323065732868263,-0.33380890020131726,-2.559822083158835,5.9160076297886555,2.3908275855596712,-1.8508976450574934,357.6988729796763,74.15179776780954,1300.6563543199247,1311.2020238401367,1277.280707979071,1293.640923190916
2024-05-20 00:01:17.925975,77.92597532510837,12.971414455013022,77.5944529173193,20.034882042374573,5.628651847057202,0.29591384256594017,-7.149955658806576,9.104457838910715,-2.9218255713796015,1.6096224474546967,357.6723272191293,73.96614018823625,1285.809142254494,1290.5854518761712,1308.3596700880978,1298.9806706250688
2024-05-20 00:01:18.026009,78.02600866955652,12.971421994703322,77.59445566958404,18.716484880198905,5.407047684267282,0.4152147982268046,-1.0685086844819125,5.527230662585014,-0.9300658332231797,0.37810515126440447,357.72705701236544,73.98736494479854,1303.1634203400683,1285.6533840468358,1284.656362876166,1297.6290875748352
2024-05-20 00:01:18.126042,78.12604201400467,12.971408626853705,77.59445804626996,19.821109047813334,5.77363135533093,-0.47635558659959654,7.246883706169925,9.277879990757386,-1.3164190302509262,-0.510504488106991,357.7154897875518,74.04700763234575,1304.5566292971587,1286.9859572850714,1301.9360926100587,1302.1015500883193
2024-05-20 00:01:18.226075,78.22607535845282,12.971411478962143,77.59445658824342,20.16634490810887,5.866837268000791,-0.2486627391012538,1.8515485955418995,6.15709711541677,1.82715026739545,-1.1280540555814074,358.012792603921,73.7574356365551,1305.509139124708,1319.807529685004,1285.183223112852,1315.362992985657
2024-05-20 00:01:18.326109,78.32610870290097,12.971412902034444,77.59446350622976,20.191542244653995,5.568033430036124,-0.2780452099911655,0.7206650375570121,5.621357799780754,2.7244845199414627,1.890989203871074,358.12030455761777,73.70546730735582,1284.6923033661183,1289.7788101550939,1284.0289746546207,1305.1162364719778
2024-05-20 00:01:18.426142,78.42614204734912,12.971405963953309,77.59446655081173,20.310525975976226,6.213735326648145,0.15242545708872676,-4.37844324394834,7.602927427647899,-0.03363273613544367,-0.818558968657795,357.98760707388357,73.84215390955472,1295.8448985986709,1308.4125086395236,1300.2765646720143,1307.5392004806602
2024-05-20 00:01:18.526175,78.52617539179727,12.97139924282463,77.59446286643528,19.31556160231688,5.618814404531798,0.3011769495139532,1.2661332982123525,5.7675711002409535,-1.1618973758799165,-0.36020677535219453,357.81757709069285,73.8658824693258,1308.8212510609112,1305.5616023492323,1304.3472278447503,1306.34957992235
2024-05-20 00:01:18.626209,78.62620873624542,12.971402079187563,77.59445622595358,20.563837072650923,5.913264099537624,0.14932307079290913,5.574042252628374,8.127664899861333,-0.4414837769045939,-1.1499892270603995,357.81283705475835,73.89027322885481,1320.2824791630064,1307.9857113144324,1295.1703002849804,1303.4592157864618
2024-05-20 00:01:18.726242,78.72624208069357,12.971403023478855,77.59443917330464,20.430741779568308,5.7251519731394485,-0.44603419413363155,-3.2086229344193384,6.578113160562133,2.513641807352222,-1.453472280745092,357.7585717016398,73.83421211250341,1305.3118794907766,1306.5879066088842,1299.0147100727056,1305.5499120776826
2024-05-20 00:01:18.826275,78.82627542514172,12.971416462628213,77.59445071615131,19.92189850624492,5.516488335176342,-0.040630401755113524,-9.712494820200916,11.169863473387357,-0.7012792927210195,0.3332083439973447,357.7011558997527,73.82336725774536,1289.1427187360437,1292.664320322794,1301.975445257809,1294.2411390281195
2024-05-20 00:01:18.926309,78.92630876958987,12.971391617458458,77.59445427374843,18.48759509996825,5.689724851008661,-0.10274627782479284,-0.5258466628791609,5.714896358697464,1.7166616061916993,-2.7182032201232325,357.6663047365769,73.8071766771563,1287.2995081556771,1293.8326557322564,1287.4677100769416,1293.5122638881332
2024-05-20 00:01:19.026342,79.02634211403802,12.971384872900115,77.5944712930424,19.816694105535515,5.19187046389811,-0.046490562072722216,12.628893879073985,13.654546528360864,-0.404118136302796,0.8596052470656331,357.86137607933716,73.51564953407657,1292.4398589895707,1291.1514760480434,1307.5371079376362,1316.6143349731014
2024-05-20 00:01:19.126375,79.12637545848617,12.971391155111478,77.59446783234881,21.014216082777327,5.908230178818407,-0.2380739580071879,0.6943782947763566,5.953656378364334,-1.2093146313000949,2.199096480318949,357.74975914651833,73.56202920777031,1315.2689218341482,1315.6122263827194,1312.8550922184056,1304.859003781806
2024-05-20 00:01:19.226409,79.22640880293432,12.971390887756245,77.59446095331315,19.95561607181288,5.998616568040669,-0.05263798832643948,-3.451348882285785,6.920836697643025,2.5046073580331893,1.1501089746714817,357.63881930348833,73.68552392201762,1295.84260135936,1283.9347797502003,1294.2182606716856,1302.6215511609312
2024-05-20 00:01:19.326442,79.32644214738247,12.971389908456567,77.5944640559571,20.323716139672467,5.30093601205322,-0.3457173663499397,-5.174019580145995,7.415518978265295,3.7258096468719053,-2.2345708364343744,357.6610082455745,73.63792018241425,1299.8204605905537,1297.6899786892159,1309.2558347638565,1294.9774886486832
2024-05-20 00:01:19.426475,79.42647549183062,12.97138874566679,77.59446185038858,18.92046710612845,5.525452380745904,0.01643897549483479,-4.544495639740589,7.154252921963769,3.022991024956449,-1.8705109784833087,357.6735687355652,73.44601550417498,1296.6863948195987,1307.8572428562,1317.3769533506036,1281.658404014461
2024-05-20 00:01:19.526509,79.52650883627877,12.97138987482446,77.5944702692141,19.414513944325897,5.823902834853036,0.05336992426943643,2.542778951877281,6.355030871422725,1.569860966689388,0.9093457447778315,357.89792383550554,73.65821177698002,1299.616184515521,1296.9764566472397,1293.1404334763417,1303.2274497899093
2024-05-20 00:01:19.626542,79.62654218072691,12.971392044551925,77.59446362754282,19.42919247162574,6.0035235161847265,0.22144488916080035,0.6687864809381665,6.044717347023276,1.8750607149342264,2.269118026747963,357.95953455698447,73.48682657366896,1286.2045344518162,1323.9693885712888,1304.4068831979557,1291.9437191800073
2024-05-20 00:01:19.726576,79.72657552517506,12.971390130550384,77.5944770516326,19.548315841145804,5.976420783065764,0.36545528862882504,2.9477878272878684,6.673875637060801,-2.7639499383268302,0.23098011208575692,358.00025000185985,73.47408778388844,1308.8588162949561,1292.7388367108513,1303.2321620694913,1305.330087380473
2024-05-20 00:01:19.826609,79.82660886962321,12.971392003697463,77.59447237672843,20.01894662180004,5.793960962528639,0.02757041023111187,2.822370019706142,6.444882954015702,4.233737184504982,0.7067211789140518,357.9375856188728,73.63140818858108,1305.7939463342616,1301.4944447727216,1306.7074138316282,1300.6012513130372
2024-05-20 00:01:19.926642,79.92664221407136,12.971396085404825,77.5944653897451,20.112978065828596,5.617975297324034,-0.2865852821380182,0.4125346640853138,5.640386725602526,0.37884077363848373,-0.564465009528216,357.8449094631766,73.38548860189042,1306.9793719214304,1297.684825264049,1317.2782204319526,1294.713466448461
2024-05-20 00:01:20.026676,80.02667555851951,12.971409477958808,77.59446767008524,20.101481066098536,5.647384528097034,-0.019970004481599968,0.9422134506167481,5.725479630196223,1.8998184782971297,2.3622264273027462,357.80780282857313,73.23409051486851,1308.124542675205,1288.4088963202419,1308.1164954218632,1288.6010027080788
2024-05-20 00:01:20.126709,80.12670890296766,12.971397918841163,77.59446934078761,20.301483591127045,5.654152775185334,-0.1422038541021998,0.6947925983090357,5.698456132666334,0.9758817661488993,0.3085939646048993,357.7253024231059,73.28001704092698,1293.4637856215259,1302.4815357563489,1304.5686017449902,1295.1211864156935
2024-05-20 00:01:20.226742,80.22674224741581,12.971399538487029,77.59446486770327,20.24048592071188,6.048341076021729,-0.11719862953891479,-4.578977928317542,7.587041858239395,0.2300609859643263,-2.4329917575508073,357.8138178957191,73.28146983309759,1310.802557834129,1282.50040776559,1319.0854735334196,1318.1545105142566
2024-05-20 00:01:20.326776,80.32677559186396,12.97139912329124,77.59446326594524,19.385382638479317,5.1099640304294045,0.14054740064270668,0.29324933116805596,5.120300883184528,0.0035274956827304658,-4.046623450412585,357.7727609513322,73.30506381775263,1279.516698873203,1294.168574788732,1297.0926207776356,1298.7314430577885
2024-05-20 00:01:20.426809,80.42680893631211,12.97140270909583,77.59446622711147,20.299155343419727,5.617927723476509,-0.11201914209006376,1.1206462960958987,5.729704033835779,1.0577810279863507,1.4277616039568062,357.7597133168695,73.29930333665524,1312.2951868576201,1305.1027835107088,1305.7437468959226,1297.88144429365
2024-05-20 00:01:20.526842,80.52684228076026,12.971392977800548,77.59446577670063,19.609586632363126,5.278420022551795,-0.08511848975483555,0.9608768691343954,5.365840796129843,-1.007087384462659,0.6809792319520439,357.8787579678222,73.08063588378843,1285.6214843711718,1287.8169522992598,1295.9825418132996,1289.6760091252977
2024-05-20 00:01:20.626876,80.62687562520841,12.971381749544433,77.59446359842781,20.49139479706449,6.174273756773103,0.09126819919251324,1.4534259151204196,6.343692394694475,1.4325640456690514,1.1355303998774824,357.8944440190223,73.11061396538337,1316.621900878198,1293.9046983532298,1302.0330126419435,1303.2625344546148
2024-05-20 00:01:20.726909,80.72690896965656,12.971376647669578,77.59444843401603,19.90036874275734,5.669866728015525,0.03599999987526944,-1.8256620017971983,5.956653964958401,1.8298212865400716,-2.237454249749934,357.9147859277233,73.1618092313569,1287.1507577700077,1302.2315496877677,1290.5023389267355,1311.9636601294317
2024-05-20 00:01:20.826942,80.82694231410471,12.971352602711963,77.59444943374078,20.126140645321133,5.832683094270413,0.03548924270809531,-4.3750924064211745,7.291288303808876,1.6186091005677274,-3.4104465167812554,358.15421114042636,73.08758167535717,1317.2036057961334,1299.3498257988333,1311.094005398519,1316.0238937858328
2024-05-20 00:01:20.926976,80.92697565855286,12.971353868776998,77.59444438586588,19.025058491389313,5.322649213687346,-0.035693372905926134,4.252798755341345,6.813087840492652,-1.0918886069251819,-0.602269602894841,357.9802738140109,72.7736987933884,1295.2139582325913,1292.1996131518038,1299.8009056336357,1289.4616003089147
2024-05-20 00:01:21.027009,81.027009003001,12.97135088765713,77.59443995311133,20.976984010844085,5.145015080336502,-0.4420883317778171,0.8786587354815509,5.238192765011817,1.285766986265251,1.9450109373356377,358.2090016239097,73.13998444031736,1304.7363953552533,1308.0588729938072,1312.0554904777257,1318.0572202024973
2024-05-20 00:01:21.127042,81.12704234744915,12.971355855531318,77.59443412919538,19.200848835266374,5.247374304800724,-0.19179937217931653,-8.113140689644595,9.664097264815686,1.7282212924335534,1.3566150995126378,358.20229524230433,73.05395872075334,1312.174428750324,1296.5592472427343,1297.451202104163,1305.1295916681365
2024-05-20 00:01:21.227076,81.2270756918973,12.971352951977003,77.59443474797406,19.353814816517048,5.792405037227426,-0.05226088205671874,2.6588380914118233,6.373704363353659,0.5263785887473382,2.51082424319219,358.1765573273595,73.11727753950304,1313.1878495954436,1284.4094809649164,1303.1892666226047,1292.683425434215
2024-05-20 00:01:21.327109,81.32710903634545,12.971355258780159,77.59442497977368,19.732793768526495,5.1667826820518785,0.000550754663688662,2.127142736610864,5.587520005225777,-3.6213076974363583,0.40006933796804317,358.0111567663155,72.85054600680655,1314.2475124551925,1294.7076230200007,1312.8810821172603,1297.1485814506336
2024-05-20 00:01:21.427142,81.4271423807936,12.971350590175696,77.59441874388087,19.7793852206406,6.0558756172900825,-0.21932078007786823,-3.9444741689623157,7.230533007066177,-1.331082238986298,-0.38331497892060085,357.79000441611885,72.95210390081549,1302.2674907284074,1315.798834221191,1288.0413850997263,1297.0209434063038
2024-05-20 00:01:21.527176,81.52717572524175,12.97134650438528,77.59442703597895,18.94363588210522,5.635228374226768,0.1116519240898062,3.844399979088365,6.822585740103091,3.601180248198325,-1.9991448400069958,357.6384998679868,72.84060398231834,1299.723891326455,1303.3244000203617,1287.3739353349572,1296.589360138557
2024-05-20 00:01:21.627209,81.6272090696899,12.971348224311084,77.59442747957958,20.54852159524981,5.525105178495351,0.24346010562633721,7.228480838967656,9.101483137148048,-0.4914748630936149,-1.7609565368033047,357.8995359865067,72.91870984954849,1304.0991152354975,1319.3570238375582,1305.9645261280673,1297.2029618407691
2024-05-20 00:01:21.727242,81.72724241413805,12.971337652166515,77.59443848136212,20.389814109307824,5.39143512821112,0.22025261810282745,-0.5839521071709584,5.427438071591367,2.0159433142043333,-2.2858757615779997,357.8914828716547,72.82656144607661,1295.7100327368712,1308.935680788932,1295.2720405986622,1302.5141160121627
2024-05-20 00:01:21.827276,81.8272757585862,12.971329359059103,77.59445395185448,20.4316922306941,5.406570372481815,0.3734345356312138,-5.570759715239902,7.771989471810934,-4.290194038322026,-3.59568900191251,357.88510378458244,72.839285780765,1319.9587300794321,1305.3808103120634,1304.0749525757562,1304.1512615341007
2024-05-20 00:01:21.927309,81.92730910303435,12.971339806022007,77.59446000243523,19.275290658442884,5.048595696176144,-0.06030660404517844,-1.067441959916522,5.160560795856413,-2.6671295339987675,-3.0131286552052603,357.82200392588464,72.65319703245436,1297.3167529280088,1294.6262018224052,1305.3602924361574,1295.7129859071267
2024-05-20 00:01:22.027342,82.0273424474825,12.971335177493067,77.59445581787988,20.218132652184625,5.422266690421802,0.042784794273946256,5.744356353349772,7.899394692946338,-0.4285325581359518,-0.04858182553018813,357.8779823840125,72.63793836107318,1286.568088465059,1294.969712640451,1291.5483447177717,1315.1223935874202
2024-05-20 00:01:22.127376,82.12737579193065,12.97133905031785,77.59445413807444,20.424545013897998,6.020951725735616,0.24980579160430139,3.4051212513642497,6.9216409437105435,2.6792515796182528,0.12007571597531512,358.13326332412447,72.52645688808254,1293.9480260383275,1289.5612817790745,1304.7331073757734,1287.9087464676231
2024-05-20 00:01:22.227409,82.2274091363788,12.971341126174181,77.59446818542672,20.899383986235495,5.99233995963612,0.10046922380335206,-7.383491117302981,9.509688393216441,-2.9781352245679567,-1.3839625866110719,358.15557697258083,72.57420718663312,1293.0691217441931,1294.607378716302,1300.3280255293666,1311.3889740513248
2024-05-20 00:01:22.327442,82.32744248082695,12.971324786420302,77.59447953906167,18.94735439356395,5.402849193435405,-0.17562256050205213,-5.115983497049527,7.442775680674919,2.269934304877386,-0.03585043641016042,358.136165162756,72.59661571369378,1292.8634350322286,1292.2348917944566,1284.0591882995022,1319.6434030535265
2024-05-20 00:01:22.427476,82.4274758252751,12.971316933477242,77.5944848200531,19.875846107532684,5.637591234334614,0.24739634959259635,8.000327654542389,9.790244249214313,1.7362304638750823,1.536107322275902,358.03717832523444,72.644270983319,1294.7614151342689,1303.6789995712386,1309.6044561664535,1286.7603895088348
2024-05-20 00:01:22.527509,82.52750916972325,12.971308099261,77.59447297942994,20.547953457493744,5.08231915024244,0.11533200296742185,-2.645287233659971,5.73069053120075,-2.1901917610912136,-3.352166851653897,357.82812962477954,72.5886743571631,1295.4196035122618,1300.817600381907,1302.5850395080074,1297.7459548850516
2024-05-20 00:01:22.627543,82.6275425141714,12.971317050302511,77.59446364376046,19.34661224951468,5.234121254262792,0.21455940404476542,-6.255403257078427,8.159174648875764,1.1560547517282749,0.8629005988784788,357.776729944669,72.35939855752015,1293.0433085209772,1288.133083831556,1310.084748770712,1289.789784515746
2024-05-20 00:01:22.727576,82.72757585861955,12.97132442447448,77.59446200863871,19.296455640138934,5.285687141650765,-0.4932994743725522,2.286465126438017,5.7801172743505544,-1.184897332905377,-2.568372849095794,357.83612283985957,72.23101363654817,1276.1349593413029,1307.1051075712635,1310.9650339493678,1302.0352485324802
2024-05-20 00:01:22.827609,82.8276092030677,12.97130890259758,77.5944658561999,19.804057756637995,6.109534597074188,0.3232685770109911,7.064670623860536,9.345613227036907,-2.348213562723116,2.010279117156469,357.7449869748756,72.3189236709242,1305.4875147512992,1301.354983049374,1287.1768276585158,1293.705099603227
2024-05-20 00:01:22.927643,82.92764254751584,12.971317826193554,77.5944743285308,20.70986089999767,5.560927053084235,-0.10512984738449463,0.9927264110343401,5.649820147730397,-0.6323707973693818,-1.8374904624025798,357.77592120410054,72.24842688194975,1317.2632602806614,1299.277347480316,1313.7415363116609,1303.3047572599637
2024-05-20 00:01:23.027676,83.027675891964,12.971313052428755,77.594468330378,20.00266924267354,5.65767261737247,-0.05610559458129003,-6.065650307377496,8.294849060380683,0.09699829461769607,-1.0515213064376023,357.81565255116084,72.23333165068081,1313.574208955772,1298.9318564578957,1297.324376416426,1289.8666028150953
2024-05-20 00:01:23.127709,83.12770923641214,12.971317556413194,77.59447404173159,19.49632632699783,5.986405163359348,0.06493286116583095,-2.9408102053844516,6.670054551534641,4.298908351001695,-0.3884174926338212,357.6655349079944,72.35497763225963,1296.1260966886355,1309.6031607054356,1314.4727767362822,1301.543005659265
2024-05-20 00:01:23.227743,83.2277425808603,12.971311697394668,77.59445929946757,19.414311082209828,5.185353436399698,-0.11437029282352942,3.805015930612555,6.4326601850617,-0.10083163053173601,-1.530199702916795,357.744796743391,72.29207835190768,1305.9887058606605,1297.9840864480957,1302.7236971847929,1288.7112359182436
2024-05-20 00:01:23.327776,83.32777592530844,12.971297264338478,77.59444937068135,20.257583265433155,5.401179535191284,0.17076328162157228,0.17386661382968782,5.406674585096083,-2.4501546960523912,-1.0550167279443798,357.8647343443962,72.20083454860448,1286.0946235972149,1303.0964154453236,1292.8549194975305,1297.7815804744373
2024-05-20 00:01:23.427809,83.4278092697566,12.971307498456378,77.59443773743376,19.449095999948344,5.787971387372963,0.12360426773967043,-1.823558117639223,6.069699745824291,1.8343724481582486,-0.0917353891757757,358.06891276903195,72.23709168302038,1275.2244425724762,1296.462967255899,1292.0431707617117,1294.6525208099763
2024-05-20 00:01:23.527843,83.52784261420474,12.971301815290392,77.59443324584224,19.89275003082711,5.730778313398457,-0.016530090570009016,4.989686242350601,7.598622382926735,2.146191615847959,-1.9256183151641253,358.0661482253779,72.17854663209685,1295.1202827149368,1289.4066734592575,1296.2241970306372,1298.9050458787135
2024-05-20 00:01:23.627876,83.6278759586529,12.97130786202767,77.59441660828982,20.44736600508685,5.8438519640071025,0.10667195603893065,1.8819052398679474,6.1403218169145894,-0.30407723863974107,-1.3128154870997473,357.8475820395382,72.1866726226199,1296.1120181901467,1306.1392859266393,1309.5722038412925,1300.8212149454723
2024-05-20 00:01:23.727909,83.72790930310104,12.971308773138707,77.59441369981295,20.269256580984084,6.162001766171597,0.10172550336104319,-5.461948082930064,8.234894699081424,-3.0975865989750377,1.4408519424813755,357.91510792089946,72.2154440625467,1311.462009020547,1310.5973415050414,1304.60338682255,1290.3481881142693
2024-05-20 00:01:23.827943,83.8279426475492,12.971314354617231,77.59440961312212,19.35461213721154,5.366649600173525,0.095786508296227,-2.58353319331475,5.956907481837648,-1.5519081104822567,-1.8390268627556936,357.8106689550051,71.94913243071838,1327.826072981843,1289.1645141650345,1298.2166656697455,1280.172081487132
2024-05-20 00:01:23.927976,83.92797599199734,12.971327977372185,77.59439483632003,19.75237764934392,5.042029548383137,0.19564882124497474,1.345449557703887,5.222123604468665,0.9463511856577528,0.643655017576061,357.97152622298887,72.0425831381205,1285.5080042545555,1312.6427826887304,1298.2615314102197,1284.2499573620078
2024-05-20 00:01:24.028009,84.02800933644549,12.971338669641844,77.59440414991484,19.623791775298347,5.6384667792100585,-0.070631886512706,-3.2011221094496136,6.484171438453409,1.808123787982434,-0.7385084203721424,358.04323008670633,71.91108123760814,1295.1141187156525,1291.3123862463278,1326.2247309368659,1295.1775329266495
2024-05-20 00:01:24.128043,84.12804268089364,12.971342955305087,77.59441607589855,19.111939748153596,5.9837619388334575,-0.07757521881466858,3.803244524818993,7.09056371318753,1.3956037212274899,1.429340849905196,358.25016601066056,71.96814355799937,1289.7366518775507,1303.8713211667591,1292.0440746173242,1279.2619450403909
2024-05-20 00:01:24.228076,84.22807602534179,12.971340733051024,77.59441254485814,20.384694314441862,5.692486162833205,0.0732056213383117,4.547151784751989,7.2860378211080015,2.807258505715621,2.9926574413708185,358.4279730544355,72.00681591029269,1310.2333182358343,1300.3516080912957,1313.1180308130317,1304.8223570700065
2024-05-20 00:01:24.328109,84.32810936978993,12.971333850511677,77.59440986290895,20.021673349637993,6.520222832299744,-0.2936320250018967,-0.2626609172123864,6.532114229434485,-0.4633979450691527,2.2538766106589154,358.4393549138274,71.87355193885179,1291.6832463450419,1301.087053029591,1303.760458736079,1292.2726123912219
2024-05-20 00:01:24.428143,84.42814271423808,12.971337335544085,77.59441419742869,20.332144614432814,6.0408411268759625,-0.12630280029161386,1.4906459955990385,6.223322215803469,-0.3655522922389134,0.31906448139226745,358.37564615565225,71.9062976072133,1305.1034854141835,1294.5937632877128,1325.3614021088194,1287.3628999900577
2024-05-20 00:01:24.528176,84.52817605868623,12.971342440811686,77.59441822620435,20.31990195829402,5.839262280218097,-0.07605453574073762,-2.0048826832505853,6.174327723986042,-4.3769190618388265,1.2548392095897132,358.45508275906036,71.82483007958919,1286.1244622044826,1294.3310360016442,1299.599486367015,1318.8444100022916
2024-05-20 00:01:24.628209,84.62820940313438,12.971356613254756,77.59441564113573,19.93103437436934,5.588732850452055,-0.05903409712570146,0.4437653176895964,5.606634244850429,-1.4514841688885682,-0.10041894613864277,358.5183321708906,71.68999784632481,1301.210404416021,1302.4894621122503,1288.042410056647,1287.6236145004864
2024-05-20 00:01:24.728243,84.72824274758253,12.971349536205121,77.59440114785822,20.408684616051193,5.314387824814958,-0.2389912894301227,2.713421981015088,5.971808238383143,-2.781937481209329,-1.2707038989299027,358.5751775868323,71.74434130253672,1320.6312098712842,1297.0776854254934,1307.8905697006276,1315.6104587193527
2024-05-20 00:01:24.828276,84.82827609203068,12.971356282981915,77.59440082116286,20.473899725689467,5.588246515133772,-0.06462099819676131,-0.5702604659680901,5.617639360653087,2.3050880751387828,-0.5875328692840597,358.6038598452886,71.38205758657804,1318.759935701012,1300.0070012080648,1303.4278338410302,1295.4216501230503
2024-05-20 00:01:24.928309,84.92830943647883,12.971361807741161,77.59439785363658,20.294594492816497,5.62041760476006,-0.08866164275570185,-3.8418751009077994,6.8085945120684235,3.4547910496408187,0.028867481135915384,358.53563964407743,71.65236317158174,1302.464720510307,1330.5432300067844,1306.11338949584,1311.0451806943797
2024-05-20 00:01:25.028343,85.02834278092698,12.971362524710486,77.5943897540236,19.705268495097705,5.6193063720237735,-0.06572325914353976,-2.848963632108166,6.300596592905658,-0.8544908227082636,4.083444883542811,358.69596063336866,71.49919247560126,1305.5585412371302,1299.5190569757017,1296.9762124871247,1301.33404084508
2024-05-20 00:01:25.128376,85.12837612537513,12.971363681977893,77.59439488473164,19.724611772154642,5.634869031373187,-0.06072766374162361,0.35154864301931354,5.646151193360025,-0.5062479489494189,0.5988468527961195,358.697728058694,71.68636461322063,1314.6459328137134,1292.469873569852,1284.9547082540164,1291.4132777193638
2024-05-20 00:01:25.228409,85.22840946982328,12.971361741974627,77.59439647120325,19.775601668092566,5.391691346195347,-0.25942411582193786,-2.4449352254875123,5.925820171194656,-1.308418844146869,-4.646485450073788,358.65048408828284,71.66414416352822,1291.2357573013644,1302.9286577903251,1290.8915240902172,1301.5824847738575
2024-05-20 00:01:25.328443,85.32844281427143,12.97137722395673,77.59439346324203,19.235461677025427,5.596675017385352,0.1940211092005773,4.43000470530086,7.140403148984552,-0.797886876784231,-0.5452924520915785,358.640613295129,71.5083362087394,1286.7464197593354,1300.3274088455996,1289.3647230542595,1306.8897657051505
2024-05-20 00:01:25.428476,85.42847615871958,12.971389036168114,77.59439151160772,20.661898041277137,5.6772098114194085,-0.06291057059725165,-0.13022840521335866,5.679051718402825,1.4294181978902392,-0.07785678739655817,358.48375445881646,71.33075203156231,1283.2286534194407,1316.3229699876363,1300.6121229622577,1285.2273301642851
2024-05-20 00:01:25.528510,85.52850950316773,12.971384595759622,77.59439736913252,19.209407311194145,5.793235124164202,0.3330012306989864,-4.3467382516951005,7.250282508443807,4.106685043323852,-0.7062699968366045,358.36928717021726,71.30105947859846,1297.091935752779,1303.3881728509389,1298.4171136434911,1280.0519891269787
2024-05-20 00:01:25.628543,85.62854284761588,12.97136458669265,77.59440332932277,19.792260511761608,5.728329872434633,0.46239009407712955,4.278577063114355,7.164760248014995,1.6423084812216626,0.2745866664531488,358.46335329679846,71.33879737312749,1301.5194449188016,1295.5611614767768,1292.7311998965215,1292.6147482986567
2024-05-20 00:01:25.728576,85.72857619206403,12.971342301420295,77.59440789853112,20.065408057399086,5.698819034435182,0.11470207015300285,-0.9021440872392645,5.77092357480836,0.49795419778480554,-2.2650775157209786,358.58377602514224,71.52336336266761,1291.1337492085208,1282.8541290128242,1304.9705104918423,1292.2559742331448
2024-05-20 00:01:25.828610,85.82860953651218,12.971342746017172,77.59441067803978,19.611771531320276,5.389515475235472,0.31444366782854616,-3.5599712015864924,6.466772520675617,-0.38350220520696154,1.1121681767043805,358.52007849166284,71.38426544939391,1307.1979093904001,1289.7529412579916,1316.893234083603,1309.782527856949
2024-05-20 00:01:25.928643,85.92864288096033,12.971344668261663,77.59441619596731,19.353176406531496,5.534411577413736,-0.38688599769991117,2.9272174436259775,6.272797959897614,4.164532267116122,1.9418390895793562,358.4455367194951,71.37641762079734,1305.5261604151804,1295.4382288660122,1302.8438363359226,1293.5128081303747
2024-05-20 00:01:26.028676,86.02867622540847,12.971336378701832,77.59439369940432,20.197410232946016,6.107044151692233,-0.007774894167700203,1.4464657386705682,6.276010823193776,-0.06707294818461786,-0.26982939150576457,358.4666336416034,71.38906865115138,1295.8224157282737,1299.5067669695165,1298.044485119943,1319.9116361080721
2024-05-20 00:01:26.128710,86.12870956985662,12.971337654433766,77.59438201798545,19.642566017469257,5.627749929852434,-0.001031281359000739,-3.2836995744090984,6.5156928435485515,0.481332019033065,2.0588846207912757,358.6414155641281,71.34626950214738,1302.1715914341407,1302.101365221025,1299.8521446672958,1292.7569376451822
2024-05-20 00:01:26.228743,86.22874291430477,12.971344394486444,77.59436459114913,19.540451331763798,5.693193117586748,-0.01918485229052885,2.442884547195007,6.195199822735234,2.2684999672621267,0.8067107554884104,358.6308055671446,71.19221970438889,1293.0142703446625,1308.196003720862,1288.5671457176659,1297.3215790399224
2024-05-20 00:01:26.328776,86.32877625875292,12.971342364081119,77.5943614787087,20.1313058401825,5.589638145512511,-0.20930136433735572,3.703391164144861,6.708425133632204,1.7599711415731103,1.7738329154115604,358.62881992644714,71.32978708232828,1313.0214738717386,1294.2630540414261,1304.9641949538145,1298.4737583789038
2024-05-20 00:01:26.428810,86.42880960320107,12.971339951123959,77.59436251804941,20.281376539662073,5.266271988523578,0.05789986796153576,4.189857585606532,6.729924192699547,1.082258278924921,-0.42458640458158065,358.70761564936043,71.14530634554895,1314.919430570999,1304.7453482591077,1302.8359155325415,1308.323332915765
2024-05-20 00:01:26.528843,86.52884294764922,12.971325466850566,77.5943612403064,20.96955677428184,5.4785833318679495,-0.2079978037029997,1.4179663197149779,5.662929179710146,-0.3015319209335615,-0.09633101835729715,358.6003505031882,71.08616944319851,1314.5859155103246,1304.6445328462446,1314.589956085596,1304.197876964366
2024-05-20 00:01:26.628876,86.62887629209737,12.971315690200404,77.59435380616011,20.56506436621392,5.230035645511193,0.1539470206841941,-5.738208924250358,7.765565928948236,2.964261674450906,4.191733699089176,358.6676780457222,71.13270891288286,1317.2649395496073,1305.3527879690264,1290.5738045148423,1297.606436370587
2024-05-20 00:01:26.728910,86.72890963654552,12.971314869410273,77.59434990662474,19.821532314611876,5.508764016452819,0.23581024750571228,-3.270404181097973,6.410743402253534,-0.22875707648507335,5.099065953524549,358.80516498795276,71.06542862224025,1309.5690442364503,1286.445913844052,1271.510990858636,1299.395279618162
2024-05-20 00:01:26.828943,86.82894298099367,12.971309230847893,77.5943489108303,19.910765430349034,5.535190422192375,0.10686207137128961,2.08903661572063,5.917248219742811,-0.2686749651460468,3.810124015299684,358.9694700602623,70.92007287474962,1305.2937570393342,1289.40594634054,1300.7017835984386,1302.237547005276
2024-05-20 00:01:26.928976,86.92897632544182,12.971310732858857,77.59435766937523,20.239478953302232,5.81002216459942,-0.011007478709763733,-2.860001901472728,6.475808026350974,0.17300561634576664,-1.1432183444942774,358.9303101001355,71.19615909448979,1318.1076015332244,1296.6972113591937,1311.2339912181205,1304.550883466518
2024-05-20 00:01:27.029010,87.02900966988997,12.971322228695428,77.59435839107076,19.338574319684266,6.0874787972026905,0.3355680258522411,-2.75290225980487,6.689430084723619,-0.05985226465009799,1.1516836355291311,358.9676888498954,70.94861256611917,1308.3673431220016,1301.222960743289,1298.0418955940531,1274.462221993352
2024-05-20 00:01:27.129043,87.12904301433812,12.971327160574841,77.59436109999184,19.68871491332793,5.461113529175231,0.21830618602943247,5.781678777414626,7.95608119959859,0.759563681288571,-0.714804026600067,358.79426720437164,70.99303094655347,1305.185653884215,1299.252131365848,1301.2074396770508,1292.381790307625
2024-05-20 00:01:27.229076,87.22907635878627,12.97134530161336,77.59436749536225,20.495295648943614,5.720588267807018,-0.2903777901048039,0.5849603135756354,5.75774504117853,2.3143437270049003,-1.5954052172827669,358.8306633989993,70.9438167224398,1304.1030069154704,1299.8692551856027,1310.6985949334266,1287.9824325468135
2024-05-20 00:01:27.329110,87.32910970323442,12.971334228963016,77.59437123669423,19.80574598640075,5.144342465072386,0.1647665449579493,-2.043145558879175,5.537675612299091,-4.276766561895553,-6.206154664529479,359.0002366604971,70.71142481726548,1307.9257706801843,1288.0733999159286,1305.718096409078,1294.9861032876715
2024-05-20 00:01:27.429143,87.42914304768257,12.971327145950086,77.59437538923417,20.08653028204548,5.541578196805567,0.10719981357907743,0.8511413191024246,5.607586134552517,-1.562303251257968,-2.255565853110582,358.99264373137913,70.80243718574751,1308.1364511458114,1303.719444766162,1305.7109065750883,1325.4638648155815
2024-05-20 00:01:27.529176,87.52917639213072,12.971312015946609,77.59437284770836,19.976031011896403,5.386704595703133,-0.22435282579604385,-1.0507994652315062,5.492822599351151,-1.4962472782064735,1.2968031269889024,358.7851916203568,70.90870349843863,1310.5141565202516,1284.1009295871736,1301.1220138102778,1287.818338269218
2024-05-20 00:01:27.629210,87.62920973657886,12.971310166869149,77.59437227986784,19.87630031234262,6.079980215775986,-0.11745947107336248,-2.673125707172403,6.64270706850138,-1.267002638541721,0.3712177502226875,358.69251842112214,70.79511703995803,1300.6195958879182,1296.0804711083977,1315.2548483505016,1289.844518728575
2024-05-20 00:01:27.729243,87.72924308102701,12.971318065125685,77.59435037352794,19.44122760265883,5.2894783124851426,-0.14977581113839772,2.7070607173526042,5.9438364159258645,-0.6434668503621503,-2.705547899656637,358.626442421633,70.74387212772473,1302.1211055241706,1304.6633686975567,1302.9946637396051,1290.968645774625
2024-05-20 00:01:27.829276,87.82927642547516,12.971328384129803,77.59434788184349,20.417892986704597,5.406021035672423,-0.041999058095447094,4.900182303930563,7.296479560087034,1.9825824508699594,-3.785024075231869,358.5283741152034,70.73401054086457,1312.6421245884194,1311.7235655249872,1283.081645370668,1286.6859439294922
2024-05-20 00:01:27.929310,87.92930976992331,12.971323189596522,77.59434995439098,20.42159085119446,5.177634075012249,-0.14473476977871189,-1.868640267852328,5.5064198186253535,2.1287797654564162,0.27555464744835817,358.39253617622666,70.53523382362405,1311.8372534955658,1294.788810119475,1305.5888208443503,1301.586572849362
2024-05-20 00:01:28.029343,88.02934311437146,12.971311650639366,77.59433657509135,20.04404031557709,5.319334180837504,-0.108464943976499,-0.496877496570292,5.343591303430305,0.9540176757396988,1.455318601958045,358.36923493490724,70.70487802143772,1288.7271109025628,1316.4728281674918,1308.7253538973175,1303.5494625117906
2024-05-20 00:01:28.129376,88.1293764588196,12.971302305713696,77.59434116142785,20.32218221566856,5.675695349788316,-0.1446121191811312,-1.2917649117443375,5.822635739580197,-0.7518849485989514,-1.8458726601765,358.31677704555057,70.6548765409268,1284.5809182234827,1283.117632854884,1305.175406376115,1296.686881987072
2024-05-20 00:01:28.229410,88.22940980326776,12.97129911253724,77.59433860117966,19.785601186851977,5.129452517968902,-0.1676734802436226,-4.277246353872357,6.68088571237294,-0.1897114771934426,2.300208765781489,358.13990011214617,70.56653253785801,1304.1649340469173,1295.656042227046,1290.1201792873646,1297.8238444443323
2024-05-20 00:01:28.329443,88.3294431477159,12.971286748754876,77.5943286520644,19.466447700055546,5.476789927040121,0.11408192349265354,-0.3382798422523621,5.488412870937299,-0.48953865885050113,1.2500353384082437,358.1720093604585,70.49963996576155,1263.1439131665707,1279.9356261909625,1299.5692057106498,1287.0411133438404
2024-05-20 00:01:28.429476,88.42947649216406,12.971296740796728,77.59431325943808,19.717922658892185,6.068304727682591,-0.05585208745551804,6.743939091436076,9.072384261741103,-1.1293640355004668,0.14734662586427652,358.0794738313092,70.67805952515975,1330.3083068957928,1297.9763219782026,1291.5389934729951,1303.7542191357584
2024-05-20 00:01:28.529510,88.5295098366122,12.971300610734955,77.59431814664035,20.81568526419748,6.054770277655204,0.3306733678890315,3.686868296447045,7.096660188197987,-3.17850804788452,3.024183033107248,358.0558837613413,70.39401678238626,1305.5854430096215,1302.0827395366339,1313.8181662885618,1310.148796820761
2024-05-20 00:01:28.629543,88.62954318106036,12.971295974089616,77.59432500894772,20.455542191359086,5.643450012029637,-0.14837059361011534,-8.187268357017857,9.94494369120064,-0.2628884249501555,-0.6410715897954993,358.0034000103076,70.59955670526989,1314.082528353665,1306.3880696872707,1302.6988843973354,1312.4047831873415
2024-05-20 00:01:28.729577,88.7295765255085,12.971296268602776,77.59432128296021,19.177685592903472,5.570742827929913,-0.07977355063562658,-0.17500019500018027,5.57406176343281,-1.8064909394108621,-4.016023171429309,357.85625684226545,70.4104601925836,1303.0056458465142,1305.571016122098,1281.3721859817115,1289.0022078824427
2024-05-20 00:01:28.829610,88.82960986995666,12.971298921822386,77.59432016080721,20.420530481789193,5.620635633285376,-0.28665145111315465,3.401724752160291,6.576126919855073,0.874735031732367,0.44110403364889256,357.88399210011124,70.43530861920577,1304.7904902208425,1301.9641015873792,1313.2561465467707,1312.301221533502
2024-05-20 00:01:28.929643,88.9296432144048,12.971280251075905,77.59432469620876,19.858257400604767,5.075747381408321,-0.015041925523896436,-2.4691350759460704,5.644472142075298,-1.5611478838804997,2.860449577461625,357.9349223163507,70.50101092198736,1294.700161562413,1291.3359455175496,1297.2070294387968,1294.998046400884
2024-05-20 00:01:29.029677,89.02967655885296,12.97128309285116,77.59432068368257,19.92653880270695,5.35329314885975,-0.350862390440839,-0.8126182154922788,5.425974596218126,-0.3575362899776416,2.980055511759558,357.83860286799796,70.32615882302639,1299.9851392884282,1310.3975406150228,1286.9125107176314,1293.695551122581
2024-05-20 00:01:29.129710,89.1297099033011,12.971303262054581,77.59432620478705,19.695679564894405,5.34085927118044,-0.08309325429279336,-4.651884400682633,7.083199186863054,-0.3798053639036235,0.5181040682560246,357.7277162386211,70.35151829417501,1305.9278652031312,1298.63605966674,1299.844886211414,1297.6225157106603
2024-05-20 00:01:29.229743,89.22974324774925,12.971318691476153,77.59433620573272,18.99585169353403,5.631587590237618,-0.5429290726089477,1.3337970010734068,5.812793235998917,-3.093003592525013,-2.278404396141451,357.6825657452464,70.11347613621867,1312.0612035318036,1281.7509533570421,1286.1114357602423,1294.5173758725061
2024-05-20 00:01:29.329777,89.3297765921974,12.971320447978634,77.59432832257345,19.962527914558976,5.742488871537194,-0.21777115856008078,7.923077356631964,9.7876839710119,3.1468422664626705,-0.4019435807079096,357.4981779163585,70.05898417136791,1297.3018464994645,1302.1445361273757,1292.247833066356,1298.761005442154
2024-05-20 00:01:29.429810,89.42980993664555,12.971327075657504,77.59432968014646,20.58099554614463,5.336008484379915,0.003577926684080728,0.635354382107451,5.373702125890208,-2.7008549480983306,-1.5745179656461368,357.5393968564494,70.22483313584993,1304.7829520739078,1287.9909612461197,1299.9392263000975,1302.5211611637421
2024-05-20 00:01:29.529843,89.5298432810937,12.97132163422006,77.59431746989614,20.089641162062968,6.344059383136331,0.011325864824945549,-2.440346497386713,6.79724273211438,1.241814344058891,-0.7747928388975712,357.5787115605249,70.10266522807633,1300.1251978172133,1302.6630641132042,1297.0219705084476,1309.0796692017202
2024-05-20 00:01:29.629877,89.62987662554185,12.97134024050723,77.59432216546674,20.09276350265279,5.720421625831565,0.03603774632669474,4.7901048942181035,7.461208159142458,-1.215134435165172,-1.1712789428689474,357.8171425722907,70.01279235770883,1284.4864465396922,1289.9344489523608,1300.8120764410164,1316.6240441019609
2024-05-20 00:01:29.729910,89.72990996999,12.971354910417917,77.59430538421803,21.047981587715146,5.5909016405941,0.049197345876451325,0.6005456026323799,5.623278096847085,-1.7937593256608053,0.7689886448666304,357.5097805212406,70.0240436905397,1298.6192624057055,1280.8337554330742,1316.4631685883821,1298.171296031821
2024-05-20 00:01:29.829943,89.82994331443815,12.971347711504018,77.59430146204103,20.212912672902682,5.348931829744179,0.15531492306605246,-5.905173222361128,7.969081831093739,5.231431991709567,-0.3142513971912407,357.54182696751496,69.98959686488645,1295.36593342635,1312.0666115734607,1290.591737162767,1306.9634452951343
2024-05-20 00:01:29.929977,89.9299766588863,12.971343866132957,77.59431109594867,19.866553133758263,5.548955960819794,0.31998456452563373,-4.602239308427542,7.216225400352168,-0.5849743560061154,1.3707589633918311,357.5131183501048,70.00040269330532,1299.31422862482,1303.5262012561273,1295.2285996851554,1304.145877826974
2024-05-20 00:01:30.030010,90.03001000333445,12.971337024372632,77.59432605861717,19.29215789295719,5.527168140215255,-0.25809627202723945,1.5720938430733753,5.752189182152664,2.855854426076101,-5.129606620097697,357.4512615519263,69.86321647751906,1304.5102289496992,1308.4582496958708,1298.334166556005,1283.6165095831784
2024-05-20 00:01:30.130043,90.1300433477826,12.971337325855318,77.59432291207074,20.18107674357621,5.5286847986356955,-0.08115127557354924,5.392320554144334,7.723345265546536,-2.205687888159475,1.9466482609072233,357.43638049248216,69.98863817163864,1305.1401537998984,1319.1606007338485,1304.3534398046336,1309.4165734269336
2024-05-20 00:01:30.230077,90.23007669223075,12.971356410862565,77.59430948598407,20.370981611692304,5.247056046090701,-0.16665528831297796,-4.675071674914719,7.029627749854865,-1.7171329812298584,-1.6467067170972456,357.6207555741389,69.91419305157085,1293.4620687653971,1310.4468608538764,1291.0495263365754,1304.9886583169618
2024-05-20 00:01:30.330110,90.3301100366789,12.971351759468753,77.59431082335406,19.245750633223146,5.779316484696374,-0.06250805035936596,-2.139805635258128,6.163049119009634,-0.5972733383141161,0.5964698614827669,357.46703639595137,70.00550844090787,1307.5858168155648,1307.3938154160282,1295.5243599143644,1303.180643284758
2024-05-20 00:01:30.430143,90.43014338112705,12.971367800864302,77.59431396783198,19.94287778336457,5.601978766264737,-0.14004754150927598,4.395620340820614,7.122026227991561,-1.8386238215647412,2.451084929388521,357.4099688473094,69.97804051654875,1273.3624353105013,1314.9954592550773,1283.951252343183,1310.481744770347
2024-05-20 00:01:30.530177,90.5301767255752,12.971380127790487,77.59431629599615,20.12516784045635,5.575934763657978,0.02164007603615783,-3.64588316326504,6.662130351594743,0.34419436649062374,2.617017742738554,357.3321972643305,69.67875031701199,1301.29380519791,1310.2055425063343,1293.2747117359065,1306.7174528236967
2024-05-20 00:01:30.630210,90.63021007002335,12.971361618644751,77.59429711588226,19.213458010787363,5.777919259030648,0.2313991180002387,-3.2912451159515683,6.653584817898064,0.539612727658112,-3.6079229806402697,357.34304259278565,69.65953860339957,1293.121483020463,1308.132119020408,1301.9774422316914,1292.185317077532
2024-05-20 00:01:30.730243,90.7302434144715,12.971356683053935,77.59429996860587,19.466699327761802,5.6047779276635,0.24495750359176555,3.10789762949922,6.413467663630709,3.597914698649268,-0.5973878339194024,357.50382529576837,69.79457700281331,1302.8552629425758,1311.0046025090812,1291.4184929059275,1307.6227767063033
2024-05-20 00:01:30.830277,90.83027675891965,12.971371041201266,77.59429584526058,19.835244798949933,4.911688228158106,0.020328620290142364,2.3723430733852098,5.454640791222515,0.25694433855250925,1.5450673666591963,357.5072577901922,69.74911012668895,1302.1846398529105,1300.4326393973777,1304.443706344565,1292.627942541334
2024-05-20 00:01:30.930310,90.93031010336779,12.971367187458728,77.59429535182362,19.941326151380053,5.128563543426121,0.005311087628851713,1.772880977189132,5.426352290986126,2.0776023198064326,2.705772878520906,357.53703908695206,69.75551110031797,1300.351950328554,1298.2891559518712,1286.7050937912286,1280.2275608210518
2024-05-20 00:01:31.030343,91.03034344781594,12.971352350914238,77.59430024215554,20.189939225863395,5.371994904763895,0.1743168631655477,-0.750055816382357,5.426905135828535,3.1383567857258186,-0.4585464325697743,357.4019278318273,69.72961004557584,1292.9337712596916,1311.3007975530286,1312.1008268304959,1297.2650624915314
2024-05-20 00:01:31.130377,91.13037679226409,12.971345020312615,77.59429345565712,19.791264967709026,5.825232305523868,0.01848003234423911,1.6852807727312182,6.064144144712582,-1.268919223364866,-2.666759254644631,357.52671872440385,69.63433031632499,1298.2945624677936,1294.292839518673,1271.2962419180515,1290.8371166655463
2024-05-20 00:01:31.230410,91.23041013671224,12.971337486299824,77.59429625113147,20.527107769924328,5.428926642324858,0.23698994356817404,-2.412765998266593,5.9456579521099675,1.7319262823612178,4.164764374585728,357.69522517995387,69.56765725431062,1311.7008254713141,1284.181512223881,1312.2071185616467,1318.8543623163284
2024-05-20 00:01:31.330443,91.33044348116039,12.97133288693801,77.59429525462467,19.308550863354252,5.818657916624636,-0.1533956974261523,0.05561586027559429,5.82094522518479,-0.8134796773780566,2.110901587169999,357.8357991428635,69.66955718111129,1284.664696679974,1299.5751481072207,1299.2778404828618,1300.9641903191969
2024-05-20 00:01:31.430477,91.43047682560854,12.971333480979537,77.59428871631444,20.538234650939785,6.0655563649904405,0.19025898083936932,5.945307733216211,8.495519792179085,3.074557838277396,1.5610982564488967,357.9929385196755,69.45334361238099,1299.813297246574,1299.344747232931,1302.1529505763601,1301.4292017142352
2024-05-20 00:01:31.530510,91.53051017005669,12.97132324145821,77.59430116211944,20.498008896008386,5.876951496790858,0.09344364385722002,-5.025484862364522,7.7332262809298795,2.76301337940027,0.2471693972036559,358.0452667593042,69.41628127953406,1298.4389889327267,1298.598626206872,1315.1778337791534,1310.5273059087265
2024-05-20 00:01:31.630544,91.63054351450484,12.971332787581483,77.59429507699929,19.53280253442804,5.61592273511671,-0.17855955495003797,0.5948509483758215,5.650161000559924,0.9040787709518212,1.7070652239724593,358.00630238936026,69.3646936241365,1309.5702816003989,1300.1650842076742,1301.898189709607,1299.1658272229627
2024-05-20 00:01:31.730577,91.73057685895299,12.971343572976025,77.59428993785119,20.61701875563676,6.219652107880087,-0.001964549693311704,4.714773273265422,7.804688540922735,3.1458366621509484,-2.7111618937114708,357.9451459458626,69.4353558839879,1317.744219000925,1318.391422768564,1286.0938777802269,1315.7842298158898
2024-05-20 00:01:31.830610,91.83061020340114,12.971362252765434,77.5942810567383,20.47607161210702,5.793974303867389,0.2919616060958063,-4.007443456289693,7.050885254254867,0.22612518910968166,0.08733359134483017,358.18013817969825,69.27276007601132,1298.9599242445126,1298.8199054950005,1306.1464623557542,1309.2647131157837
2024-05-20 00:01:31.930644,91.93064354784929,12.971372464300721,77.59426521506677,19.815262812397737,5.26061938532086,0.007423919288219305,-2.5688346751143456,5.854321738669737,3.216012642765122,3.1914687289081085,358.1058735787778,69.26745797533468,1303.8697296801474,1315.1217392338579,1310.7711934741833,1297.7730906929858
2024-05-20 00:01:32.030677,92.03067689229744,12.971364786048975,77.5942605355815,19.962133364334893,5.361749114860871,0.33387181406359234,-1.0382551389533603,5.471544360827252,1.6290721469932876,1.97334494321408,358.1601247033953,69.27744106857268,1314.0964563680247,1300.4694788188494,1276.4570011503158,1286.9100410836595
2024-05-20 00:01:32.130710,92.13071023674559,12.971368466570619,77.59425150002585,19.60754254451777,6.312774987848052,-0.07023173048665106,2.6579815153211968,6.849885128887658,-3.45490171805573,2.740949587354416,358.0053378385257,69.29731802103565,1294.4227750988928,1312.42026103816,1316.031444690436,1297.9605075888614
2024-05-20 00:01:32.230744,92.23074358119374,12.971386246882792,77.5942312251809,20.493906925252773,5.8207969893242995,-0.2240400126500775,-3.4157044627032036,6.752696386979475,-3.0227919159116343,1.2957273371158569,358.2073612460649,69.19292106020744,1293.4275651243524,1315.5653901288376,1304.577728563725,1306.2643489683483
2024-05-20 00:01:32.330777,92.33077692564189,12.971383965779427,77.59422569249386,18.924173862416428,5.745727774566024,0.04279988126619702,-0.07761401446830973,5.746411351834962,-0.4475689924616889,0.9898948418995064,358.08771197182216,69.37155938382527,1307.0196781540487,1296.6234593090364,1302.4111217337775,1287.0157697559862
2024-05-20 00:01:32.430810,92.43081027009003,12.971373811139957,77.59423178735418,20.47837894636615,5.127860325498563,-0.3862106222988185,9.322214188760924,10.646491795128298,-0.2008326862453094,1.1370869273729836,358.18573966824414,69.12132007473703,1290.9175195128994,1313.3572839660549,1297.8364721158623,1283.2488806926967
2024-05-20 00:01:32.530844,92.53084361453818,12.971371153559538,77.5942205910106,20.78923838834393,6.363438982553266,-0.009735749290651602,-2.9271710575635552,7.004411529152933,-2.2899409578421817,0.20885056894074827,358.1845436188065,69.20427929860146,1301.3732056776817,1324.0464095178668,1310.979735167206,1318.0721885078756
2024-05-20 00:01:32.630877,92.63087695898633,12.971358380007644,77.5942298167336,19.892749525046327,5.758040739639226,0.018886805041472443,-0.643916599763358,5.793963967630496,1.3417076942854542,1.2862470117389782,358.0124480675282,69.08322683705045,1309.426813196102,1284.1090595795201,1298.694990993741,1303.055866253976
2024-05-20 00:01:32.730910,92.73091030343448,12.971361762729911,77.59423173721636,20.66041212630391,5.562287798097557,0.14755798201552245,-2.649612942365536,6.162894421558138,-0.5336859172555591,1.20191117055717,358.06995192564193,69.087022062143,1323.1273812631262,1300.2350332458907,1304.5614302923254,1306.89731329019
2024-05-20 00:01:32.830944,92.83094364788263,12.97136319255541,77.5942361378207,19.362650236810474,5.9714467180745014,0.15790668289995907,-1.165516888271469,6.086176143043612,0.175237536371696,0.6074251298535133,357.91108877677203,69.10655140520177,1290.7084122747012,1282.5528064029954,1303.019297004423,1302.4183539505884
2024-05-20 00:01:32.930977,92.93097699233078,12.971361889141615,77.59424743943187,20.42723102161472,5.085738851151897,0.2709164459039291,7.417643632543317,8.997753744251254,-2.018869111112739,0.28886668212411715,357.8901789288578,69.11705219850057,1307.6585251853617,1311.0462135797661,1289.0360822745508,1299.5441661248578
2024-05-20 00:01:33.031010,93.03101033677893,12.971366506947561,77.5942457608013,20.846673637786136,5.715494398645437,-0.20396044215075215,-5.905140825937721,8.220654734086947,-0.217225015125204,-1.9938634647328606,357.8341647379361,68.92997366154323,1322.8678157982406,1307.9634900513117,1304.721148818499,1315.95711413498
2024-05-20 00:01:33.131044,93.13104368122708,12.971364792909883,77.59424973916708,19.245809049103,5.223631677859175,0.48112027344194747,-5.428879917598493,7.549208023571409,-2.4158882202988194,-3.52603959921646,357.7184515652961,68.96533043695254,1307.7003893808421,1312.1097834411137,1277.470987965732,1305.3947191318427
2024-05-20 00:01:33.231077,93.23107702567523,12.971353841568554,77.59425462861584,19.76053560825659,4.880431943680911,0.1229774245801375,2.7658855045794013,5.61104821119012,1.7264766982604196,2.1067809049245505,357.6093358582569,68.73552095445119,1288.493289170688,1303.7224945445917,1294.7955320296762,1279.2917882853417
2024-05-20 00:01:33.331110,93.33111037012338,12.971342684431606,77.59424523312858,19.799170603870472,5.695403552754498,0.1488259730685457,6.204026041259027,8.423165077309628,1.8112512482931937,0.7261425292317637,357.44036947731144,68.86840432489812,1297.640715520753,1296.0643613824757,1311.4924753774387,1298.6056793133316
2024-05-20 00:01:33.431144,93.43114371457153,12.971323907732488,77.59425288214806,21.0017545561577,6.038333846844827,0.04261051683115086,2.59096177648118,6.57087317099356,-2.9712501603524255,1.4345202778605612,357.345062675737,68.85008886917295,1295.8694162916086,1307.1885300347185,1314.201622207681,1300.606657787704
2024-05-20 00:01:33.531177,93.53117705901968,12.971353118927773,77.5942488705945,20.317535747547936,5.857527139903889,0.1115987803324024,-7.910245104415893,9.843528640402175,0.10502798896767221,1.486967127546097,357.32033195456364,68.8076382681024,1296.473949041019,1292.4729870187168,1318.2063158786066,1304.004279430192
2024-05-20 00:01:33.631210,93.63121040346783,12.971365387540846,77.59424362510059,19.419178009759047,5.536586457264437,0.08744794210935758,-2.7854522776776633,6.1984014981737685,0.7610041825678869,-0.6992203995425887,357.416954064718,68.87923863262309,1298.962756666967,1310.711849770348,1283.5128754041666,1289.949558594299
2024-05-20 00:01:33.731244,93.73124374791598,12.971373341043737,77.59425722110306,19.760259533274308,5.345087462836556,-0.42860111252984495,1.3613442318152238,5.5323518521991115,1.5908831415781677,3.1915204558456587,357.5144585065699,68.87067674131427,1272.5346727334663,1293.281016795716,1290.9363516334465,1305.8209725709924
2024-05-20 00:01:33.831277,93.83127709236413,12.971368994849508,77.59426898062533,19.691537642666397,5.993947008727843,0.13895249177225066,2.978910488587985,6.694820104933864,0.2002718267860205,-1.4888184859446778,357.4585076942422,68.74526465417206,1300.740842564242,1277.866194309784,1299.5748059329487,1307.0930679060716
2024-05-20 00:01:33.931310,93.93131043681228,12.971359111638627,77.59425539266925,20.356240291244564,5.2527842975469445,-0.03296408203604931,4.227616473054567,6.742816218057746,2.5585517418952293,-2.7984810240090074,357.56014714734687,68.67160497829752,1300.6504791708205,1318.0122166814397,1304.7888860534651,1296.061139748968
2024-05-20 00:01:34.031344,94.03134378126043,12.971373274751162,77.59426660059472,20.537342872353875,5.587862043168028,-0.2364279435176747,6.861501094488133,8.852135203193397,-1.07628088907933,3.6713761804187253,357.49028109489717,68.63654752364155,1313.489524740073,1301.6384076605282,1311.8492450648432,1294.368655853005
2024-05-20 00:01:34.131377,94.13137712570858,12.971396051676475,77.5942774593961,21.72899809607714,5.294386808535341,-0.18163822673324442,0.7273067104791551,5.347195449477403,-0.7174591820116338,0.47004585199943266,357.5065603396046,68.61861939045875,1305.4160861651146,1313.9625898617512,1303.4581602978035,1309.7657006326435
2024-05-20 00:01:34.231410,94.23141047015672,12.97139569148996,77.59427655071701,20.682852717731805,5.584622980387455,0.19344079098488726,-5.1215553720193014,7.579957955117448,-1.2126971030895544,0.28433098402568885,357.49068400821517,68.63918914154308,1305.3355443949918,1312.1322152935425,1289.8214555394375,1301.4426261527829
2024-05-20 00:01:34.331444,94.33144381460487,12.9713962620233,77.59426065845427,20.70434547079841,5.786952545421244,0.09471078516409238,-3.4990984231229163,6.763244759025441,-1.4472400330031079,1.0924502874316717,357.67876995861724,68.55569537194204,1322.4892221450589,1318.4544221574008,1305.9668749332664,1299.8882617103682
2024-05-20 00:01:34.431477,94.43147715905302,12.97135516015971,77.59427022431075,19.98279968209534,5.612421288846722,0.3251663452795015,-2.3046253739308327,6.075878865626615,1.3330989368205275,0.3365874754075386,357.88520033194925,68.51445504053173,1309.951137904782,1298.0550473671988,1309.3667857316398,1276.3976768145183
2024-05-20 00:01:34.531511,94.53151050350117,12.971364176689494,77.594268633233,20.24326670308967,5.782773906017919,-0.05497386506598978,-0.5638795888958583,5.8104609425359195,-1.2402445532916444,-1.5560402160387674,357.74145396155564,68.44755716275247,1310.2621708884344,1279.9766978012633,1300.2501419523119,1309.110732379882
2024-05-20 00:01:34.631544,94.63154384794932,12.971349093221756,77.59425294986598,19.86998615980874,5.758834225272969,0.05925415314904863,-3.0592368315831777,6.521243185202942,1.8423378444351381,2.0737285498544025,357.6458766819709,68.61141166340154,1293.657719058907,1293.9602952884113,1310.940478232284,1296.435171854263
2024-05-20 00:01:34.731577,94.73157719239747,12.97136105997317,77.5942662313182,19.631215319645218,5.646148359117393,-0.16405860939344136,0.1364599435735272,5.650179451723655,-0.5615824622652758,-1.8894020308201482,357.8611054204517,68.4419807351891,1294.2575116399132,1298.011908548671,1284.7152750392427,1303.7228804459912
2024-05-20 00:01:34.831611,94.83161053684562,12.971345407036138,77.59426724598832,19.89728724888647,6.196296235754793,-0.04950554024035039,1.0267707047585048,6.280986858758246,0.061772973892927886,0.687693353360346,357.78514829178835,68.45204642061557,1301.5158235711647,1306.1766402583098,1297.3396011257648,1296.7421231944418
2024-05-20 00:01:34.931644,94.93164388129377,12.971351270017314,77.59427317681482,19.83663793480197,5.520128863745399,-0.6747716220394773,-4.032602682665612,6.869426745406545,-2.0116661366930795,1.4945106895700377,357.86044857663666,68.4254893833304,1304.9487440519024,1298.7797877105136,1289.4175484431737,1301.1355222120476
2024-05-20 00:01:35.031677,95.03167722574192,12.971334288964204,77.59427738045494,19.090497782531227,5.574512210009784,0.0326712157729058,3.9876806018010313,6.854038982225625,-0.5814207163968078,-0.5948540282609291,358.1383216881555,68.48394058187851,1292.780640311707,1282.8334850492377,1268.0621603075963,1293.8338204382192
2024-05-20 00:01:35.131711,95.13171057019007,12.971326240341595,77.59428966266101,20.634439989180308,5.173267703516728,0.26547665537783915,2.992795464808154,5.982474511519134,-1.1254167147921965,1.5121288460963775,358.2423396057457,68.30006389212203,1288.943728444505,1303.2822820563683,1303.4625678380808,1305.3282172388813
2024-05-20 00:01:35.231744,95.23174391463822,12.971330861692742,77.59429069158774,19.689256461719253,5.506876513350794,0.048842809759550486,-2.7849350547023732,6.1712185030405395,-4.084530141066321,0.3268755816019811,358.3031812796533,68.25241133228366,1283.48959141933,1323.6693749174958,1299.184548475589,1309.4524581441035
2024-05-20 00:01:35.331777,95.33177725908637,12.97133219669028,77.59430032046073,20.07726725399477,5.760075440703839,-0.04431520073227571,-1.560799884209544,5.967958545278611,1.858271316350684,0.4733390917420289,358.26251485387144,68.39206657257078,1301.6811759942414,1295.7093644233635,1289.4001079759203,1291.7333639827611
2024-05-20 00:01:35.431811,95.43181060353452,12.971315943671234,77.59429615369667,19.376992396855723,5.144728538115481,-0.009350349132247117,-3.0847336630092315,5.998658260947284,-3.335534017086365,-2.5874763020526257,358.14603234636473,68.21398730784404,1281.2796982816285,1319.3477637544427,1290.0914183784637,1297.267734645252
2024-05-20 00:01:35.531844,95.53184394798267,12.971330106329605,77.59430692151021,19.46011480390956,5.901490271910905,0.04197841650811516,0.9793478533496369,5.982346682930714,-1.6095275291868345,-0.9326704498355771,358.19528299445585,68.12935379441335,1309.993204531783,1307.9793461718152,1299.4545416529213,1316.5220832563139
2024-05-20 00:01:35.631877,95.63187729243081,12.971321452509551,77.59432308920331,19.572927279153085,5.227606218756357,0.0768452716082457,4.497979362599821,6.89678115649051,-1.5113288791020925,-2.3649649304517704,358.279570556868,67.90829790660703,1302.011711400227,1304.0552306924242,1285.6999751012809,1299.031526090743
2024-05-20 00:01:35.731911,95.73191063687896,12.971315303747405,77.59431623412011,20.360010641708794,5.869083376468177,-0.24331648726588884,-2.1588411295698364,6.258269538429364,2.5502269568235003,-1.813566043171369,358.3010747239282,67.96644896543333,1283.8618052232407,1296.611836829758,1301.586321681252,1295.46385728288
2024-05-20 00:01:35.831944,95.83194398132711,12.971323563674842,77.59432022873915,19.1410150825069,5.712187184630014,-0.3031670212347205,-4.234144666020242,7.1168092378399015,0.06973037152382003,2.322649799006528,358.20998585632515,67.9411543170092,1283.0892329789679,1280.536096053152,1301.6553880377255,1299.7887610177213
2024-05-20 00:01:35.931977,95.93197732577526,12.971335614143081,77.59431929166435,19.512899338070195,5.936443428880232,0.12104625367347613,2.013686630863532,6.269844226704696,0.4895674587089338,-0.8443847598368381,358.21056236193914,68.03314189384885,1303.844933792858,1286.673318118488,1300.845945842637,1295.407103140711
2024-05-20 00:01:36.032011,96.03201067022341,12.971347880584151,77.59430298206587,19.54388669921851,5.332701889596084,-0.027898130154822832,3.9214214794567255,6.619368109458209,0.11971524848250656,1.7961852603451662,358.33907122366014,67.93179224948221,1301.8098536691448,1313.7208767815807,1293.4245093551117,1302.3116211529791
2024-05-20 00:01:36.132044,96.13204401467156,12.971341746657927,77.5942967040577,20.29744514923193,6.128973513455357,-0.03749677662826665,3.56937177491848,7.09268194722416,-1.4636343607567344,-1.526474676069374,358.286324748859,67.93360944661949,1313.3824099560115,1290.4071262404957,1314.2907508380638,1291.5458582459219
2024-05-20 00:01:36.232077,96.23207735911971,12.971346441848617,77.59427377716084,20.25799909166636,5.990152075406428,0.08209394478428124,-2.0299054807855867,6.325280828800374,-2.6447364240955906,-2.0878274682559628,358.3712986660581,67.90274281833968,1288.018558941756,1310.4781093079525,1280.1531578974539,1297.0020572646074
2024-05-20 00:01:36.332111,96.33211070356786,12.97133655399869,77.59427539129452,19.891328680918708,5.441479447998075,0.04564030506287504,-3.8821732348714875,6.684538177464785,0.5280384257185482,-1.8249620401553868,358.408261914746,67.6836434166669,1299.010230846803,1304.3086048969592,1303.395933250559,1311.797974833632
2024-05-20 00:01:36.432144,96.43214404801601,12.971325032544222,77.59428407578883,19.481305546843785,5.284054765988082,0.07405780559117035,1.6829330051004519,5.546078148402417,1.0616554151710966,2.4443962285709855,358.3103232311695,67.74483337684303,1303.2187955909415,1284.0374445604969,1298.732228880702,1310.1811813227753
2024-05-20 00:01:36.532177,96.53217739246416,12.971296352508725,77.59428794312929,20.228027514883454,5.672845250742391,0.21899879740947506,5.514430884376125,7.914422385158538,-0.6763070318145198,-2.0843784620906134,358.40918809772137,67.80506038534722,1288.5487841420754,1308.2949714536435,1291.872283264899,1298.543674229097
2024-05-20 00:01:36.632211,96.63221073691231,12.971306226168473,77.59428331273453,20.58455947502841,5.548053787306192,0.13011782942154185,0.17391529860010735,5.552303846824588,1.2234462345051123,-1.7554794576775679,358.3382738438229,67.90522354676254,1317.7390410103815,1316.9886014746112,1299.8560836273252,1289.6487944268674
2024-05-20 00:01:36.732244,96.73224408136046,12.971323784612785,77.59429222711692,20.262822172822787,5.61799404002922,-0.15715034619389615,-3.7342814466582865,6.747696732068581,-1.3463236311001954,-2.1080208643896956,358.3299800219288,67.60269456693139,1308.0868302829622,1291.6968561221345,1307.0579347720638,1292.5123097726957
2024-05-20 00:01:36.832277,96.83227742580861,12.971310945589643,77.59430144418323,19.837454150588602,5.266214265117008,0.014948006943720527,-3.1585639580437856,6.140827501736772,-1.7242728798310538,-0.04336834819567401,358.28388971755913,67.54984047270884,1302.2718508801015,1306.6271097533236,1294.0164575968001,1316.3770614193609
2024-05-20 00:01:36.932311,96.93231077025676,12.971314653715545,77.59429290862371,19.630898740069778,5.907416800939159,0.11942876856048135,3.1997256227838307,6.719380964931032,1.4229454105260995,-3.935410075570815,358.25252973082894,67.72143387738491,1298.0478501455095,1290.1617495516311,1315.5247454413072,1305.6207492228702
2024-05-20 00:01:37.032344,97.03234411470491,12.971327567250363,77.59428197573578,20.477612661315614,5.670565336527608,0.25360979730438926,4.642969843682707,7.333266539166858,1.8524949940575528,-3.091824799887925,358.1367199147289,67.50594086901326,1306.9369304838347,1295.9668707606936,1317.3821654581498,1312.9851383093223
2024-05-20 00:01:37.132377,97.13237745915306,12.971319587900272,77.59427090944223,20.559802343340746,5.585670607595959,0.1349788154391611,-5.116024935857922,7.575727460877854,0.6710736587749966,2.276272134535315,358.12415710433396,67.6269241001347,1291.4897218436095,1299.5919373935992,1285.5969928501254,1291.0650137208252
2024-05-20 00:01:37.232411,97.23241080360121,12.971326813789046,77.5942711348991,19.454066492087616,5.707438614105885,-0.14532259330092193,-1.7596379113736589,5.974303287334354,-2.258269736285277,-0.1448310950836886,357.98635210882276,67.52260016817036,1301.750501292255,1309.6958621315498,1286.2993568414904,1285.3096919715367
2024-05-20 00:01:37.332444,97.33244414804936,12.971336817782213,77.59426911817657,20.207757412755818,5.356555229642987,-0.13490871712343053,8.191322980409112,9.788189641580814,0.6640876272982507,-0.5536243107080903,357.77461075994324,67.5641569668269,1318.6225394484848,1305.1484056457127,1294.148025174258,1271.4488017446458
2024-05-20 00:01:37.432477,97.43247749249751,12.971328486167574,77.59427780796386,21.092877358458235,5.593948064264869,0.04116438821990387,-1.6374614417357662,5.828827448614478,-1.2252289535051895,0.14463102656004204,357.90999609447647,67.51714639345174,1311.6308045782932,1298.6419112801907,1303.8936417805628,1302.0286799206044
2024-05-20 00:01:37.532511,97.53251083694565,12.971331560117276,77.59429149529218,19.880155923912703,5.326832637772167,-0.21662680237651424,-9.861120121264122,11.20998497627641,1.773905680793043,-1.9717975132648746,357.9057588018917,67.42184480955386,1292.5329645781205,1292.5393270797792,1308.417120873183,1312.485300439158
2024-05-20 00:01:37.632544,97.6325441813938,12.971330222743669,77.5942971740704,19.11999570698845,5.164341260505886,-0.020314590717342196,-0.5594052780780032,5.1945902247146565,-1.1501517892296,0.9604448966364111,357.9761015670857,67.53785341279672,1289.5891189726283,1294.8440314107295,1290.674960094072,1314.0748035667905
2024-05-20 00:01:37.732578,97.73257752584195,12.97131890217295,77.59428272623317,19.768237562176523,5.715583270950658,-0.2460775082970451,1.4479237991868388,5.901265084328305,-2.060898337687692,-1.0827892217222068,358.04120101052905,67.58969101072167,1306.2349493087647,1290.848809608788,1305.2312958203547,1286.2753443189483
2024-05-20 00:01:37.832611,97.8326108702901,12.971317954847626,77.59428832078152,19.40967702726591,5.338237290767086,-0.2693078882864982,1.285998677634538,5.497553702339562,2.5709935905447976,1.126506363524128,357.94913353516887,67.42330854802508,1300.889729126031,1298.4224180051265,1314.657805566694,1291.8055918095522
2024-05-20 00:01:37.932644,97.93264421473825,12.971313943885406,77.59429274609582,20.025523059535885,5.522002391660308,-0.07316581223575068,-1.2997855802386908,5.673385779600988,0.32919008455551874,-1.376478283540102,357.9607443635326,67.52962380254397,1292.405646310114,1279.1815377151383,1305.9559948661265,1288.9028660926786
2024-05-20 00:01:38.032678,98.0326775591864,12.971316386252377,77.59430575201041,19.1496332299524,5.288339852077681,0.24647309070389778,-3.9333016902175473,6.59531269628532,0.5015934818315455,2.9077178934637784,357.856979559227,67.61883780060921,1297.2827772028625,1287.8889813539176,1278.9852775786146,1291.7632582264455
2024-05-20 00:01:38.132711,98.13271090363455,12.971311109298425,77.59429823875554,19.238600413943843,5.930538046979925,0.05907293564204609,8.284489982991218,10.188598795550037,-0.24648548565272138,-0.0013359411957605239,357.72529838769145,67.2769809991009,1302.4770309802293,1289.4787751761728,1289.1379922399478,1295.3570820422551
2024-05-20 00:01:38.232744,98.2327442480827,12.971327626594766,77.59430692180378,20.807083710044015,6.05199866369035,0.22683427799675845,4.2967668654541455,7.425654658752233,0.42969672836294587,0.12429977925075011,357.74652346479826,67.2092799020108,1320.1936032847932,1306.945851775135,1296.516945879747,1310.1384491694855
2024-05-20 00:01:38.332778,98.33277759253085,12.971336794767437,77.59430018423967,20.098240333674585,5.91286654328174,0.3798206427460281,-8.73596525449669,10.55572562200676,-3.4353350203866317,3.1758919687177976,357.6347487769593,67.32813700772891,1294.9933612730792,1288.4023921767846,1288.7681359054016,1299.7787438213466
2024-05-20 00:01:38.432811,98.432810936979,12.971320998884474,77.59429799859709,19.059308067263743,5.597737780476388,0.2595918692188131,-1.635647810295282,5.837585113457532,2.909273139482383,0.08644409960650819,357.4734050343863,67.12209780845916,1277.770359358891,1295.3851720379396,1283.0692164944146,1305.9972281875953
2024-05-20 00:01:38.532844,98.53284428142715,12.971308006292041,77.59428137747548,19.771001692068324,5.181532435826162,-0.006028684990952324,3.9815818873976667,6.534623864815364,-0.03976848971747094,2.0787967733797004,357.3585083214522,67.14541359103758,1305.3284224536433,1288.9650237223887,1288.8649827725533,1290.0038439470638
2024-05-20 00:01:38.632878,98.6328776258753,12.97130674237345,77.59426386275041,19.855889972044874,5.460369620702577,-0.12578354160601987,-3.3784828687546877,6.422274082324692,-0.11595747519933271,0.6444749776391302,357.6236157465088,67.03790739600642,1297.17964184757,1306.4526367844496,1299.5727437668347,1282.8425979920203
2024-05-20 00:01:38.732911,98.73291097032345,12.971312576865431,77.59428012306138,19.0950798110237,5.766975161922553,-0.033491493790274635,2.5125967205576956,6.290649130141121,-1.026873336777753,0.6766607063071199,357.69055713221996,67.1269931394253,1279.1139449849593,1289.1373693493636,1313.128749687972,1292.92258934864
2024-05-20 00:01:38.832944,98.8329443147716,12.97131895022088,77.59428000849933,20.358576878458553,5.6960018713612826,-0.03187833613281981,2.168810700352253,6.095013814654423,-3.129728376596192,-3.64764797692291,357.69135753067627,67.0072274356216,1309.1096982193553,1311.812547130753,1287.8608954261156,1303.7189506758837
2024-05-20 00:01:38.932978,98.93297765921974,12.97130942364589,77.59425694870122,19.52898658668604,5.469962687385857,0.13827274848264653,-1.0636344171605856,5.57413036515428,-4.657238263005221,0.23111205602405424,357.74866624799375,67.11016571034584,1282.5394084144202,1318.062507724345,1305.7632532170003,1288.641590984863
2024-05-20 00:01:39.033011,99.0330110036679,12.971290694921835,77.59425608625926,20.145779062421088,5.663503401749177,0.12282234421306577,1.578307344289783,5.880596073775307,2.7043547597408533,5.07465849505153,357.77242533323135,67.01532275651624,1307.0261806404112,1316.0383460546418,1292.8524318151094,1304.8812280190198
2024-05-20 00:01:39.133044,99.13304434811604,12.971301474101232,77.59425374856781,19.84475331111881,5.907752513168622,0.06024976299561714,3.1957313871388067,6.716983615398754,-1.515958392690285,-1.412482417777811,357.81604233522893,66.827809595759,1298.1983246604138,1293.7012835516405,1294.8599092773454,1308.5757799243725
2024-05-20 00:01:39.233078,99.2330776925642,12.971310715702684,77.59424186483585,20.78513845964793,5.443310497307187,-0.15405111261283846,6.351214484975941,8.36607950891934,-1.8079706594695255,-0.8136241677732351,357.77702413796845,67.12199212516198,1295.1737916449413,1296.7602789740467,1299.429054136944,1302.0398092113257
2024-05-20 00:01:39.333111,99.33311103701234,12.971322525386144,77.59424597469757,21.115419763598165,4.99194512754551,-0.386737138764192,-2.75600904014172,5.7153011819385116,0.9444359951943387,0.5332515873097734,357.7905004477492,66.89917555938236,1314.5934580693288,1300.6542003065583,1313.7596526530049,1305.7939550847698
2024-05-20 00:01:39.433144,99.4331443814605,12.97132257997855,77.59423194327516,20.233752856418505,5.858782745558064,0.06362958387083482,-0.20409124094938136,5.86268174287371,0.44587967719274096,-0.19745057657248444,357.86496170126475,66.96294304034049,1310.2743389465002,1294.8863646112718,1301.5788288918743,1292.6028002391336
2024-05-20 00:01:39.533178,99.53317772590864,12.97132551383121,77.59423352890428,21.074587904788686,5.376906437211093,0.00034525459839660177,3.847398520522532,6.611625997395935,4.899327984941051,2.408824119196855,357.7275578370652,66.93988062150736,1287.0501148832082,1318.5547225342395,1297.913903194739,1291.3684486066943
2024-05-20 00:01:39.633211,99.6332110703568,12.971331813128394,77.59422499988419,21.00348913928397,5.212731359893136,-0.13781938696690726,-2.9663701367996254,5.999242802415478,1.251102211380166,2.1004136865664607,357.6944738206685,66.6622041757883,1284.2626320280394,1285.7204629799244,1318.7520075658272,1323.1141041440476
2024-05-20 00:01:39.733244,99.73324441480494,12.971355017325978,77.59421790625615,20.48111605347832,5.5065543044484375,0.13744994407460873,-3.888569777194391,6.742552017380019,2.7217046268549048,-0.859198847485854,357.5147744463164,66.6170143740933,1312.634717891498,1294.0864052488507,1280.905361289381,1313.5529010751443
2024-05-20 00:01:39.833278,99.8332777592531,12.971359654420224,77.59423331101219,20.22551585941847,5.393937135828314,-0.2967953340961549,-1.8069986469738524,5.696304890521077,3.485032578246587,-0.2721368429287037,357.47958513304985,66.68952416394616,1299.49336348147,1306.670823937324,1300.409049827665,1307.835289978036
2024-05-20 00:01:39.933311,99.93331110370124,12.971345368423188,77.59422783114958,20.11959581733817,5.4147569770450215,0.09582112002564527,-2.7912158548752615,6.092590644053459,-1.9086470754224034,-3.6827079596037033,357.5970607741574,66.70890751379777,1307.6842305472278,1306.9856414934495,1295.4658272006666,1323.6811165176464
2024-05-20 00:01:40.033344,100.03334444814939,12.971323449888004,77.59421467650463,19.66708654533872,5.9779241899722875,0.01529496278373222,-3.2701245014511926,6.81392147092508,-1.1342015972543038,2.6964610178433395,357.51976794816534,66.65702570849317,1298.5069822798612,1304.4547597598353,1308.5978029289545,1300.2576098205082
2024-05-20 00:01:40.133378,100.13337779259754,12.971321333993433,77.59422453135254,19.465352836054166,5.680023433002298,0.059812629590442035,-3.929985171481505,6.907316931933719,2.9543614052186427,-0.06360304361900763,357.4540567770685,66.73765200298062,1280.343032166616,1315.941119583869,1293.0333397502586,1294.1240061437145
2024-05-20 00:01:40.233411,100.23341113704569,12.971335038800166,77.59421735454887,18.88082742466886,5.414062928688281,0.10943769665652472,4.616636551997331,7.115995155878341,-3.9087223433520166,0.790751504802191,357.4981773287729,66.62584017668536,1303.316490203837,1288.4773385121782,1292.9058067387334,1297.9691888923053
2024-05-20 00:01:40.333444,100.33344448149384,12.971343808422903,77.59422853058744,20.3889880248499,5.888901347808571,-0.259358021919964,6.4524557498623665,8.739600155137977,1.723584574561726,-0.6563381868650434,357.5477007223067,66.55064018220675,1301.172387368228,1276.9586956079481,1310.8485176910567,1296.8739883950848
2024-05-20 00:01:40.433478,100.43347782594199,12.971359464102438,77.59422819738056,20.17174888179371,5.396217148626543,0.029903987833521474,-3.1006336339350753,6.223663125162621,0.903578062922439,1.227670887777158,357.26966862242386,66.49592653798531,1297.4896922258279,1297.3084244408742,1293.0009649667377,1297.6344884824837
2024-05-20 00:01:40.533511,100.53351117039014,12.971352171244542,77.59424457309501,19.76865452022801,5.101306809390981,0.0060448775604901375,-1.7267444161230259,5.385630323620028,0.6446017671436319,-2.7648457927529244,357.32308507935966,66.61518095939643,1283.608126380809,1313.7005955785417,1314.8049909532335,1295.380083448922
2024-05-20 00:01:40.633545,100.63354451483829,12.971338747607618,77.59425951426033,19.826284843889805,5.346040734829419,0.004879359246876983,8.846648901374294,10.336506766349506,1.7251960718922268,-0.8900570291716945,357.44073405642234,66.2767365329725,1289.1752649352395,1305.4681423447441,1282.2847312716378,1296.079125202843
2024-05-20 00:01:40.733578,100.73357785928644,12.971343915466102,77.59425792122036,21.53857427375405,5.940164797528833,-0.2602906166588574,-1.9995206250575421,6.273068767114857,3.2115021881396,-0.857915931296414,357.6156852107486,66.58910645637313,1331.1783340522913,1318.961794556964,1301.235231188595,1310.2768241328208
2024-05-20 00:01:40.833611,100.83361120373458,12.971338708875308,77.59426101647391,19.426247373055254,5.32422957169877,0.21021771854385102,-2.270916828413803,5.79212182735433,0.47407568253754684,0.6643852723082035,357.6354394552814,66.39131300260621,1296.6586024935168,1294.3825424466472,1310.0042164078175,1289.42356074897
2024-05-20 00:01:40.933645,100.93364454818273,12.971345060450949,77.59425880729427,21.084239463134985,5.143247552962527,-0.08586753264131383,2.081705780637307,5.549222250131608,-2.1636499910013667,0.1530250592562725,357.5508129167005,66.4190246101775,1306.801199373876,1301.8804642525147,1317.5273159227338,1303.270475104411
2024-05-20 00:01:41.033678,101.03367789263088,12.971340632682326,77.5942496479929,19.842727355843646,5.338521787736945,-0.03739361275394999,-3.892726753932166,6.607157841401711,1.459295640458583,1.577501900841075,357.54800252473956,66.48260533654202,1286.0482975300165,1305.0225726990172,1307.3507413560321,1295.0437853211115
2024-05-20 00:01:41.133711,101.13371123707903,12.971341501920515,77.59425961546772,20.305434510697737,6.093317861555086,0.048818337082224474,-0.7531027577024503,6.139875369715639,0.6609731396043165,1.7145521360303715,357.6277879709529,66.24001789276511,1307.5188593703415,1282.9668360861406,1312.6653471460115,1306.6086249187028
2024-05-20 00:01:41.233745,101.23374458152718,12.9713383870673,77.59425391931069,19.692056580711444,5.823074260238326,0.23047862234805475,-2.117480241663415,6.200406181004962,0.8432446860057243,1.019502839870457,357.695984851663,66.32032649153953,1303.0158147907653,1309.2708964069786,1315.7555321506052,1303.58950348532
2024-05-20 00:01:41.333778,101.33377792597533,12.97132007409916,77.59428139986865,19.8817972499448,5.608754366661918,0.17503897730407658,1.0234624830642503,5.704054666933411,-1.8587585257459496,-4.230483773922601,357.5823800085615,66.15486081986704,1284.140776242915,1327.8977943738835,1302.5939778841298,1310.988525270304
2024-05-20 00:01:41.433811,101.43381127042348,12.971318624234078,77.59428370077546,19.896817330907695,5.162618403638665,0.22577298303183466,1.537029402998101,5.391294984244177,2.2254178197762102,0.7696932058608643,357.66570031743396,66.20255160474012,1296.4684643318535,1313.2142308079917,1298.3419560470747,1301.8544962995088
2024-05-20 00:01:41.533845,101.53384461487163,12.971317572212444,77.59427736293125,20.189305633338886,5.794884938051514,-0.02209245349355969,0.47199505720486457,5.8141172034784,-0.04907207966482502,0.29689783350293897,357.701563284644,66.11626284337791,1297.3153927078918,1295.566490685828,1305.9122780197329,1289.6884311237113
2024-05-20 00:01:41.633878,101.63387795931978,12.971330383324865,77.59428479966161,19.991247819178092,5.604379052563005,0.08281491050806386,3.245820694119203,6.47698038074703,2.6037890012328213,1.0218415738679354,357.8853325052291,66.24170999036323,1288.264696651928,1309.74899567993,1297.3508765633585,1329.7979239249337
2024-05-20 00:01:41.733911,101.73391130376793,12.971327135308277,77.59429534199597,20.838686232362406,5.929466932417521,-0.2358035886770331,2.2706318735714603,6.353735164479588,0.6273338721596298,-1.5993901001525688,357.8324797655955,66.18757471374337,1316.818705528569,1304.1280765151078,1300.9624941866982,1293.3205028215161
2024-05-20 00:01:41.833945,101.83394464821608,12.97134071757511,77.59429026184763,20.445525619825936,5.571359630175728,0.0655524332392969,-3.675497015746629,6.674850077943159,-1.9443014961785308,-2.0884479668256093,357.8852285231771,66.16358751379578,1288.1360674723417,1313.5161837172277,1318.1976374528851,1291.8574546726088
2024-05-20 00:01:41.933978,101.93397799266423,12.971355162242448,77.59431272945598,20.103341714373745,5.270673180413098,-0.020431561219590763,-2.417017335167543,5.798481354796289,3.365919734346475,0.019960136336703512,357.8463567372245,65.98637776982626,1283.7298284650058,1293.7478835800289,1303.9880715270672,1284.0490189775055
2024-05-20 00:01:42.034011,102.03401133711237,12.971351479341001,77.59433101534822,19.961960964574008,5.5437728822483985,-0.5669074320813011,3.3237711904901346,6.488625180516589,0.09094674002272497,-0.9051659290588226,357.8108899606545,65.98459657478547,1285.6115496209834,1306.4394236785686,1310.6836596686107,1304.7969392995335
2024-05-20 00:01:42.134045,102.13404468156052,12.971367229229505,77.59432793971014,20.76831761110402,5.781909318986433,0.11778701051864815,-1.7856679014909815,6.052516749852434,-0.26793993439750935,3.63248788647973,357.78511296428235,65.82485665065369,1303.6832236169666,1297.5851400610995,1303.3618761167356,1294.5616547181598
2024-05-20 00:01:42.234078,102.23407802600867,12.971375307303074,77.59433329424448,19.604708300054302,5.6134488654474515,-0.020060395951991657,-8.35705167494676,10.067349367247045,-2.6573864335015065,2.8444100882754055,357.8142148711003,66.03723898328366,1316.1146402871486,1280.046240722134,1298.920740146484,1277.9556996028934
2024-05-20 00:01:42.334111,102.33411137045682,12.971373687517366,77.59435710873625,19.096349953562147,6.395293402121881,-0.03508009399201612,3.645634977259917,7.361498672120988,-1.5296850378895501,-3.776455565828024,358.0286581798933,65.82240064749185,1297.9376483573503,1307.6657829877997,1273.2178050935104,1276.6334868338386
2024-05-20 00:01:42.434145,102.43414471490497,12.971370531927866,77.59435983491151,20.33407841887923,5.48017339511004,0.35463346329557277,4.092209725757428,6.848667445083358,-2.0988657881544994,0.21903370754935778,357.98738571482585,65.88710453077657,1288.8164039163873,1297.9274528970934,1303.4034076283672,1303.5846184460459
2024-05-20 00:01:42.534178,102.53417805935312,12.971374505446983,77.59438386424718,19.915064803663668,6.190081234203614,-0.011046796062139434,-6.153151041248364,8.728029299570368,-2.3238781800274424,-0.4543470821302489,357.88538558046037,65.9420867091505,1301.550233591102,1283.2773347917928,1301.294341368372,1297.371347926244
2024-05-20 00:01:42.634211,102.63421140380127,12.971376688790423,77.5943908626356,19.103037863777853,5.085457466638068,0.3128844196916881,5.355146377333611,7.39170934410573,-2.585579674169713,-1.430617676483369,357.89291447446584,65.89665189095828,1300.0672501070287,1281.9287184918792,1292.3177978630122,1300.2534149131077
2024-05-20 00:01:42.734245,102.73424474824942,12.971372279395865,77.59440758200454,20.986451207931818,5.734777449431993,-0.26933641172719874,5.309052405969297,7.819606892070993,1.6683509350471217,1.311358454555201,357.64412982509737,65.78768012669862,1310.9886985283229,1289.1504818532667,1311.4936889206413,1317.3137191000865
2024-05-20 00:01:42.834278,102.83427809269757,12.971378954476151,77.59440068338596,20.165202399817062,5.570221505219222,0.13754291381991526,-5.490067147212201,7.822219822483096,0.3774248593138577,1.2188027967321993,357.64636138829746,65.86970470484539,1296.1348981327114,1309.6394167813824,1318.0363308370638,1295.9000858558898
2024-05-20 00:01:42.934311,102.93431143714572,12.971369924877658,77.59438696732944,19.88807165197072,5.550882068359128,-0.19857659864452784,-3.4840649508173698,6.556709005581548,-4.445059767798209,-1.496983233754079,357.5702040114441,65.69948151540522,1293.0680879594925,1305.709151153979,1295.0948074536502,1307.740980484838
2024-05-20 00:01:43.034345,103.03434478159387,12.971348863726336,77.59438827935183,19.468157061207382,5.137145215758871,-0.04983131663350915,-4.1093553821730495,6.578719159905391,-1.715465178396365,0.12494631855820744,357.54712435184507,65.65877006090743,1283.238649344975,1294.5504502805952,1312.5695487121354,1291.890188142327
2024-05-20 00:01:43.134378,103.13437812604202,12.971346836240267,77.59436369535504,19.06592652716117,5.40016062804219,0.0228870207461699,1.1418430398250194,5.519607246170012,2.238256732228729,-1.2747763857203862,357.42515467336955,65.49765253381833,1275.5397899005793,1295.3370604081395,1295.7609741352471,1285.7904276678528
2024-05-20 00:01:43.234411,103.23441147049017,12.971349122991697,77.59436658011036,19.696601817424458,5.651076930855298,-0.1010847634686585,6.979562759908404,8.981045870462452,-1.2359772553099153,-1.4387897864086212,357.34825207732877,65.48058853346846,1292.5989850202373,1287.7543412917958,1306.6524587792253,1302.1836278643227
2024-05-20 00:01:43.334445,103.33444481493832,12.971334700156266,77.59438224669883,20.462304538479962,4.838302193427399,-0.10383037353576688,0.7121835510079961,4.891539049391236,3.66411947214834,0.7301788240700593,357.2459898994378,65.44164168117007,1297.425904774516,1306.4897080558712,1290.49013086822,1314.1217255189117
2024-05-20 00:01:43.434478,103.43447815938647,12.97131617776608,77.5943850504145,19.839086022361037,5.4218253925566415,0.10801311918037332,-2.319101076395796,5.8979731453972555,-0.18803381191976018,1.6461254378353056,357.3540148572564,65.4569887445781,1304.5671001719652,1323.9392997284938,1305.6813167225353,1284.6451769277105
2024-05-20 00:01:43.534512,103.53451150383462,12.971313103975653,77.59440232406358,19.998329664909612,6.448054433985014,-0.10818085222726928,1.3530412138570114,6.589372474433212,-2.6370146436188002,-2.1884125557177017,357.2616110521465,65.64864905664281,1290.4747077862598,1305.2916295952682,1328.7640331429043,1302.6020759975504
2024-05-20 00:01:43.634545,103.63454484828277,12.971324095724627,77.59440621742965,20.10978449795764,6.075928131086399,-0.06415085124737142,5.077947721609306,7.918748073353512,-2.2462059051627086,-1.5156301009394446,357.2021879372745,65.53089761589034,1301.5116119195798,1315.83449873524,1318.933877361072,1295.219185655701
2024-05-20 00:01:43.734578,103.73457819273092,12.971346546371093,77.59439999718788,21.014257851960494,5.642240961195572,-0.18937844862243033,1.5945006485692517,5.866274761659526,-1.708838539856566,-0.8906573597924665,357.228227711115,65.42774324840303,1313.347996308541,1313.34732308168,1277.4098005988192,1303.122132164598
2024-05-20 00:01:43.834612,103.83461153717907,12.971340190998822,77.59440637766372,20.428790963159894,5.42436242468807,-0.038228443960656874,-3.257716832326267,6.327549927730114,1.8082223267616804,0.5011144685865474,357.28851029570075,65.30568838147961,1270.9917713638747,1299.7523155849665,1313.0721877839264,1285.1445273262234
2024-05-20 00:01:43.934645,103.93464488162722,12.971343621872686,77.59440256731185,20.362497231955235,5.425646884946332,-0.5072549768554483,1.8501059863256302,5.75481050012165,-1.8643020280883649,2.4873315536552276,357.46486050602863,65.4129581330217,1295.7451848400442,1320.4760634073355,1296.066862886223,1304.875566400522
2024-05-20 00:01:44.034678,104.03467822607537,12.971341742190315,77.59439875066471,20.798935541951284,5.770850278844762,-0.04283768932485621,0.7577917644178456,5.820549490098755,-0.6973121627238006,-1.4201302411619487,357.326164067432,65.39668744405641,1301.6984747878062,1289.7556518309661,1301.2227351630743,1294.1598739957126
2024-05-20 00:01:44.134712,104.1347115705235,12.971328348588111,77.59441642619501,20.514106121135292,5.240537252875527,-0.1023385258417158,-8.308573166172806,9.823751418388722,-0.33848834630590313,1.259571238381734,357.4637161984635,65.36913825559786,1305.9671013155125,1298.7669139424881,1296.2654421220768,1312.1611936313254
2024-05-20 00:01:44.234745,104.23474491497166,12.97132000250044,77.5944173956881,19.13666681914241,5.140230175083253,0.022800871905260457,2.116118040176815,5.558816573026835,2.0766582980851114,-1.714956438499506,357.4248978305485,65.06610458572233,1280.272200849266,1293.6242254749234,1288.1958008153304,1297.6752214102953
2024-05-20 00:01:44.334778,104.3347782594198,12.971320916763235,77.59442846849394,20.937470850747196,5.141387529057373,0.05422296467558063,7.261176780815688,8.897274531905923,-0.19211847096618936,0.5098158378495764,357.4230085730329,65.2708877722042,1286.2940648644635,1304.789571640557,1310.3756355704481,1295.905422645441
2024-05-20 00:01:44.434812,104.43481160386796,12.971335479113147,77.59441800015861,20.589386415170896,5.339405357047175,0.04997679545411324,-3.639161118686985,6.461829531542212,-3.421587022542956,2.333678892665439,357.43533008192054,65.23908470246263,1312.8174283371047,1308.7467685755726,1302.130826608823,1287.3557553108872
2024-05-20 00:01:44.534845,104.5348449483161,12.971348247438403,77.5944006069708,20.209395935371337,5.0349878894263345,0.13536214032633262,-3.3182371384429388,6.031593791250001,1.4809961688393722,1.4106945912236986,357.63504281807946,65.28197750130475,1294.6701484872551,1307.7933083077637,1323.369630822697,1300.494247357626
2024-05-20 00:01:44.634878,104.63487829276426,12.971342138639457,77.59438602144571,19.925517697909886,5.858064829652267,-0.1550621931104869,-3.7730748435564863,6.969724643572361,-1.9122326534627498,0.3930709760385955,357.54793258300265,64.85286125699962,1301.641915564613,1307.7485910250232,1302.1214498710924,1297.0999292964916
2024-05-20 00:01:44.734912,104.7349116372124,12.971329175436255,77.59440018087751,19.454529344463065,6.171655139185648,-0.256955732202487,-0.14614389367194747,6.17873056889568,-2.7192052362514465,0.8910379705782239,357.50270466125954,65.05209956318357,1307.3633869662929,1295.5119846438,1321.0384549709174,1288.2347426860833
2024-05-20 00:01:44.834945,104.83494498166056,12.971338680293139,77.59439619585015,19.896279173000526,5.126285975700871,0.16308251336948917,8.406228624978567,9.847338904812984,-0.6861211495703233,1.4135728025444607,357.50122129136594,64.90799706743478,1284.4170349800108,1303.7119990012918,1301.615086229498,1283.5746076515686
2024-05-20 00:01:44.934978,104.9349783261087,12.97132630223529,77.59439502509382,21.13633567156782,5.471352815104147,0.019447104822321797,2.2582592805419353,5.919105911823832,2.727160719347064,-0.5731995821810867,357.5499739087091,64.88450475523878,1303.9775314872752,1323.8841322350506,1306.2960887829383,1293.1351205577
2024-05-20 00:01:45.035012,105.03501167055686,12.971319834811284,77.59439440468613,20.34808162992789,5.426423479217087,0.23179654434921498,-11.394681083154651,12.62293778803386,-0.3721567190138358,3.686900160924732,357.5030526211296,64.98602262246746,1302.2833910033178,1303.9497553773417,1296.2759861719928,1309.1290598518135
2024-05-20 00:01:45.135045,105.135045015005,12.971331752288897,77.59440436296951,18.85663955623177,5.536472530816437,-0.12939862078966047,-3.496502788257672,6.549412480203159,-1.2445952958527267,0.011265078947610257,357.27579591996306,65.04759457061157,1272.7456255724035,1305.3396326939844,1298.8034349572094,1283.044023990076
2024-05-20 00:01:45.235078,105.23507835945315,12.971344561619315,77.59440813022444,19.648547894364498,5.501050585597286,-0.16945455620288485,6.0703151467439085,8.19383904971941,-0.5007864917802094,-1.5591132829515724,357.2422222833384,64.67180129215473,1303.609887450179,1287.791599547231,1295.4709744578809,1297.3316810858114
2024-05-20 00:01:45.335112,105.3351117039013,12.971337205606972,77.5943980990709,20.07110740819788,5.708395931686433,-0.1337026544778014,-0.3479728949298533,5.720554662645441,-2.0892066977437116,1.2183025567049224,357.31404059550937,64.7592339720217,1303.8650821170272,1293.2286241092818,1299.0766292906048,1299.1038190158922
2024-05-20 00:01:45.435145,105.43514504834945,12.97132728470153,77.59439913678153,19.578930109450223,5.580975978660213,-0.12325597446446102,0.5495430256459883,5.609321032590277,0.021580710356133122,1.8285276291839272,357.41428476362734,64.90215248899457,1310.5417544816587,1312.7867394709006,1296.4704497571054,1287.2991939764065
2024-05-20 00:01:45.535178,105.5351783927976,12.971336780927757,77.59438596457555,20.181052661744925,5.47930475541728,-0.020770518018368336,-2.0488836995931905,5.849883454532735,-1.870667258239505,-3.081208799973423,357.3117441487216,64.67021087896906,1305.7025505249487,1306.6445762251221,1296.1922690301715,1319.4740476202328
2024-05-20 00:01:45.635212,105.63521173724575,12.971336041881077,77.5943692887388,19.169016731739013,5.879708746030192,0.08619926815943607,-1.6913390890731534,6.118744410923042,-2.5855127645086236,-2.7791882241091006,357.2598206370917,64.84763429120598,1297.2464237209147,1295.8533442548862,1315.20532396627,1301.5802438081146
2024-05-20 00:01:45.735245,105.7352450816939,12.971341488181636,77.59434567263612,19.842672050393176,5.7400183232912205,0.11133196018702506,2.810636751067861,6.392173660307685,-2.8602245035683276,0.8809018156990766,357.3079556341002,64.98993794005493,1315.0517293987737,1287.4878365156849,1305.2588620607933,1290.6147999532943
2024-05-20 00:01:45.835278,105.83527842614205,12.971343869124361,77.59432548725977,19.731331520215413,5.779773674743404,0.030460130847225965,0.29671987785468446,5.787465268728806,-1.2917573477724935,2.3850556329545802,357.34538770432255,64.81614395304632,1290.6950879239484,1299.9163939819364,1296.2530089349953,1295.6920011128232
2024-05-20 00:01:45.935312,105.9353117705902,12.971327201668315,77.5943223907097,19.902035813885277,6.142606724667387,0.12336858776702371,-2.121534905651771,6.499826731404116,0.9948585363173398,-0.2572040062854557,357.3080997305547,64.60864465051749,1296.0935084073772,1318.1563215069502,1306.566645785977,1283.2674957949046
2024-05-20 00:01:46.035345,106.03534511503835,12.97133070556734,77.59432468198823,19.30688305626374,5.808533435423723,-0.2659242521542467,-1.6733707761828072,6.0506153515904275,-3.243155583343987,-1.0023750784023429,357.2507928692741,64.61408437053818,1299.0486683346794,1292.7842741798743,1291.998644338012,1301.1538221845524
2024-05-20 00:01:46.135378,106.1353784594865,12.971328944704707,77.59431130123173,19.567250063398554,5.3834787675614795,-0.12493446179378616,2.0447621612507874,5.760078520004042,-1.4236986917984051,1.0708000753374105,357.211115929275,64.56527597972797,1296.3696694514597,1301.0759859665136,1316.7874712169173,1287.0320320344813
2024-05-20 00:01:46.235412,106.23541180393465,12.971328394653693,77.59430692721668,19.715971851445627,5.7856833664593275,0.07002531538821288,3.402078711477998,6.712166201816753,1.130185406201836,1.5056842836061208,357.1787008019211,64.46365409230287,1302.4368281194836,1297.5792696105234,1303.4064545102813,1310.3481925659537
2024-05-20 00:01:46.335445,106.3354451483828,12.971322169870449,77.5943088495268,20.247892686568544,5.627124283346366,-0.15870116980338492,2.1935208691752877,6.041626235131633,0.5339866437459342,-0.0963178331877794,357.2263839620431,64.46489256221085,1306.5237964140836,1296.662022670734,1303.657694919305,1327.6931226893234
2024-05-20 00:01:46.435478,106.43547849283095,12.971319137937263,77.59429736281962,20.15482230876646,5.650926375649863,0.21880791018104062,-2.5507789561772967,6.203814881816674,-0.1982652026984952,-1.470534110681687,357.22896212696804,64.58842661512912,1309.619495001537,1307.584015525424,1295.7705521283206,1298.6842304999832
2024-05-20 00:01:46.535512,106.5355118372791,12.971329252517522,77.59428206338339,19.737566786699794,5.467863855017929,-0.0056268111374278874,1.3117460387944817,5.623010267490903,2.6941673243538844,-1.498274704522238,357.1378653242896,64.44669614369258,1296.9789541055416,1290.7939689405341,1310.4799925270904,1283.1279594003436
2024-05-20 00:01:46.635545,106.63554518172725,12.971321686495033,77.59426886448833,20.41725899542091,4.960503440949388,0.06218719794515307,2.096633534712268,5.385752854907014,3.458327241567768,-1.5602777114174473,357.2510665406047,64.26788046431614,1297.683455253962,1308.3846398107826,1302.2421862816996,1299.3177273653996
2024-05-20 00:01:46.735579,106.7355785261754,12.971320156046202,77.59427570193026,20.157033315818623,5.8757432317440825,0.13529128518019337,-3.8620842687509196,7.032663589008465,2.0518348767244965,2.826051842321729,357.2387396842128,64.4235770509178,1293.7049859896288,1299.1553066449392,1307.912652907808,1320.0404497630475
2024-05-20 00:01:46.835612,106.83561187062355,12.971310883147478,77.59426943478486,19.644584583533426,5.725834927918279,0.06227250963903789,-2.299242791146469,6.170541378182685,3.2345700731631535,3.2235561950284435,357.1518045574938,64.21547207020187,1287.4537231708866,1312.1896490197817,1304.7289190678491,1301.7457728030804
2024-05-20 00:01:46.935645,106.9356452150717,12.971295019991771,77.59426041203011,19.697031423625262,5.438949362176371,0.39066901712857993,6.13979148062046,8.21168873440552,-3.5514591520375807,-1.1086333974622722,357.20382847304165,64.31378169149596,1297.2409411383642,1310.6735052251274,1311.756737182982,1287.7938835911675
2024-05-20 00:01:47.035679,107.03567855951985,12.971300455678714,77.59424119886093,20.87295233557487,5.719499479014255,-0.17377597413242335,0.25468272942210035,5.727803738981976,-1.4295442067569357,-0.02309839167109729,357.20284536764285,64.20638376234898,1278.4633872451084,1292.7233625515362,1291.0471831224231,1323.134655796263
2024-05-20 00:01:47.135712,107.135711903968,12.97130837835242,77.5942455703805,19.747984954019813,6.346622987065756,-0.2421153712284757,-3.084720477733626,7.060718350046668,-3.3823422945646886,-0.8429079651809389,357.24259337299054,64.54434971721868,1301.9516396838237,1288.4537219403012,1315.168883349067,1304.0952331000824
2024-05-20 00:01:47.235745,107.23574524841615,12.971299184185249,77.59424297809254,20.25580252342409,5.2661453918001975,0.16442939872532356,6.49232024943187,8.361192889529981,2.7964024756929753,-0.8395525747693686,357.3653107496286,64.27529278736567,1302.631339573096,1302.0198544005248,1300.3427876522483,1307.585948125922
2024-05-20 00:01:47.335779,107.3357785928643,12.971307413488308,77.59423009084618,21.046881969578045,5.395656195626849,0.02576839678166904,-2.6034781853649918,5.990982261144702,0.39319230214389184,3.608611642473552,357.54551426799907,64.30094408075834,1305.687267599545,1301.2523285121808,1310.1837177789814,1304.3095289192179
2024-05-20 00:01:47.435812,107.43581193731244,12.971311982440549,77.59423220142068,19.734933263264704,5.633975254179236,0.3790942883379281,-4.141176461566971,7.002480426962347,0.5741740553057452,3.0173883772204704,357.4977701805033,64.28158468266155,1276.8856926341068,1287.0591071250442,1288.8319194719702,1319.6456541831096
2024-05-20 00:01:47.535845,107.53584528176059,12.971317889836499,77.59424381921421,20.21837050677736,5.821440800497849,0.10450211885568028,3.5317635037683885,6.809805219908769,0.10438032955351363,1.7173234343145067,357.5833884636934,64.25187691543701,1297.2397413880576,1301.5770772574992,1303.2819465525872,1302.0163230837466
2024-05-20 00:01:47.635879,107.63587862620874,12.971323114535414,77.59425109799638,20.44152149342844,5.191520639499865,0.18658173967128014,-0.4071450193840036,5.210802852031638,-0.25831955767037634,0.5168180517698646,357.4835102849231,64.22864094529375,1310.8276976997918,1295.4276192504744,1300.6668302187795,1307.2994346612122
2024-05-20 00:01:47.735912,107.73591197065689,12.9713110206499,77.59425184904254,20.136914350848585,5.323903031623736,0.1874976058850929,-0.10056903503870274,5.328152866909288,3.616912208441723,2.5153920711263362,357.49765317549407,63.92982459453691,1313.2663280579866,1302.7662760190494,1292.8438506504751,1303.9234360241835
2024-05-20 00:01:47.835945,107.83594531510504,12.971305623064433,77.59424586061965,20.42140097958275,5.515281047266882,-0.0057796712784515085,-0.4767511845863197,5.535851346174843,-2.4153628099623785,-0.7716364217871671,357.3318635006884,64.02250146871052,1308.30393459823,1294.4328526480208,1300.8157640045335,1310.0019652894434
2024-05-20 00:01:47.935979,107.93597865955319,12.971324017388449,77.5942561304596,20.04153231992101,5.806153034686135,0.16179324214850904,-4.662917941993172,7.448516217956551,-1.5792296822506309,-2.1743179770010634,357.41230400452054,64.09588354027775,1305.086916620473,1303.1218996555124,1314.5267874476892,1303.0638741245903
2024-05-20 00:01:48.036012,108.03601200400134,12.971326838017664,77.59425220448392,19.48850642633303,5.312759496059448,0.2802204886652483,0.6026323052239206,5.354166852138354,-4.341516374041838,-1.2310368476373743,357.44369950785375,63.924778753201075,1292.8598603963383,1267.3442482799367,1296.4796848472215,1303.0719877137556
2024-05-20 00:01:48.136045,108.13604534844949,12.97133153284201,77.59425143935421,20.162098969849104,5.703656549700589,-0.005496742546831288,3.2196009068015172,6.549622756327131,0.9176971427843231,-0.09033591719723325,357.4963016389451,64.01789131220556,1306.4484121498203,1313.1425623873222,1296.787586017859,1309.7838558019978
2024-05-20 00:01:48.236079,108.23607869289764,12.971319176206395,77.59425202780248,20.132641319324332,5.868304262930168,-0.05678130445891343,4.01584043755534,7.11106134545084,-0.544995028121816,-0.5053481771368282,357.5171141656711,63.79903686700947,1299.5923832594058,1289.343342731858,1320.3819298518285,1301.57441475371
2024-05-20 00:01:48.336112,108.33611203734579,12.97131401538609,77.59425022681543,20.965534869326667,5.1892996622076435,-0.2208167495719848,0.2070150221593252,5.19811949078506,4.305509156236673,1.5499959731380468,357.72118947628564,63.982323928534605,1299.9619819241977,1307.3640404179675,1310.0195770831474,1318.0121880856218
2024-05-20 00:01:48.436145,108.43614538179393,12.971315750966145,77.59423661864012,20.17405812935954,5.507787327607116,-0.2902079907236726,-6.914848773255287,8.845059382560388,1.7063137440858571,-1.7018475685859082,357.7528537675129,63.87802518211099,1281.0280880912283,1327.3893069599412,1301.7537237298402,1297.7009597025733
2024-05-20 00:01:48.536179,108.53617872624208,12.971315375561824,77.5942495339279,19.582103971042844,5.288137585704742,-0.5664657795532975,-3.214131425859705,6.214171177835951,-0.5314705321690862,-1.2846947575435281,357.7349076884452,63.856335459620325,1308.4277315536501,1296.9337749803235,1293.9957734871505,1304.3117467585305
2024-05-20 00:01:48.636212,108.63621207069023,12.971315840950465,77.59425895255683,19.53101749731025,5.874539549011711,0.5062089056721962,3.5937374618270894,6.905172793900524,0.0772115854890095,0.14736751157368067,357.7333922614312,63.793784420710146,1283.7563476581206,1308.3180363473152,1306.4791645218654,1315.8678513416983
2024-05-20 00:01:48.736245,108.73624541513838,12.971311202606184,77.59426816278993,20.30109112579318,5.313584024308311,-0.07310935767021075,0.359150729116692,5.326209666149888,2.049489348401701,2.3704297009615454,357.8124780877826,63.65871862605008,1301.0950933918418,1324.701604890848,1301.2832050050392,1303.282319494563
2024-05-20 00:01:48.836279,108.83627875958653,12.971302599299497,77.59426597204873,19.602871594499316,5.373283116285117,-0.07734677485139888,-2.3073307497257645,5.848241544256246,-0.6711179018032916,-2.6668676583762005,357.8124150481939,63.760976557623366,1307.6406268557962,1316.1592970852791,1303.4077427007092,1317.4674716105603
2024-05-20 00:01:48.936312,108.93631210403468,12.971308663461997,77.59426123256867,19.83947110250693,5.320462469738477,-0.09304597314248134,0.15082721288965217,5.3234131244119824,-2.0927948282152316,-2.6429444068370875,357.8903758006656,63.88169752155551,1314.2918539617144,1313.595289355372,1306.6553269035492,1308.047032450855
2024-05-20 00:01:49.036345,109.03634544848283,12.971292049911664,77.59426735918794,19.633047095577606,5.502587716129827,-0.16346330141244703,-3.84992755548258,6.717673258433726,-0.3304411989188642,2.857052950896124,357.95766576679216,63.77285321655709,1277.6539043863988,1306.6949848288184,1299.4906360397888,1309.7583157066022
2024-05-20 00:01:49.136379,109.13637879293098,12.971294566536983,77.59426854777588,19.069228843990906,5.267194315516411,0.03416216631027773,0.23546757572974286,5.272565598476272,-4.44643575806458,2.431555741828254,357.93494088025056,63.67804633411779,1263.3068563658985,1281.54011222719,1289.101179916835,1299.0510829489758
2024-05-20 00:01:49.236412,109.23641213737913,12.971297477282512,77.59425083668746,19.680156313796296,6.003862465521832,-0.24512771710487016,9.300886874980748,11.073073139999757,2.9259015706865634,0.49306642122079086,357.96534797779975,63.591557287246005,1314.6150412616353,1291.9317212354013,1300.1718717425595,1312.0499800056834
2024-05-20 00:01:49.336445,109.33644548182728,12.971299577091424,77.59425706035375,20.930026484867355,5.400484664373838,0.5966656776277174,6.367658016350859,8.37068176161257,0.08857191396755021,1.926741350400133,357.9035546387894,63.530178766664974,1324.7860230168515,1307.1791011528717,1304.8235514470698,1295.9417261429855
2024-05-20 00:01:49.436479,109.43647882627543,12.971305461570175,77.59426897174389,20.95411256915159,6.016923319099518,0.22427167578054297,-6.373594748787681,8.76791731451973,1.4404168313314292,0.8363633402045181,357.797745063995,63.6613792831985,1309.2372745211308,1310.6510605151718,1310.2560904128393,1316.4182749197776
2024-05-20 00:01:49.536512,109.53651217072358,12.971308066975903,77.59425827204578,19.654882487110562,6.163890318331898,-0.04580418746985488,-4.372559707132169,7.557441383990434,0.8078741578919066,-2.121762411590554,357.84860781847385,63.542822509623434,1312.0059171601883,1288.0987761940069,1302.4958547171611,1304.798385265469
2024-05-20 00:01:49.636546,109.63654551517173,12.971319329697025,77.59425597389142,20.079309026544284,5.739206090615753,-0.001680365599463983,0.9586915500150468,5.818726567064289,-1.5436270410356876,2.045161456139889,357.83785240536713,63.57538502345748,1288.3583590254245,1297.094276923488,1298.2371984296108,1302.3744279192433
2024-05-20 00:01:49.736579,109.73657885961988,12.971319386546245,77.59424835089943,19.846684731194934,5.577962674179421,-0.09643056108590985,0.8294756666992811,5.640123786699756,0.9158304909363129,-2.009472082789925,357.8894730336721,63.32747230120823,1299.8090524053862,1275.974583560382,1309.614889051619,1288.772075307979
2024-05-20 00:01:49.836612,109.83661220406803,12.971320299676908,77.59424983020715,20.24525947670086,5.794659767869352,-0.2998134170791928,2.3578956370813557,6.263197405941448,1.4655048178080285,0.5725329476417804,358.0319144141866,63.356193889981704,1297.4685039163824,1300.4506053077873,1290.8975278586092,1296.0450869827723
2024-05-20 00:01:49.936646,109.93664554851618,12.971322608557548,77.59423901652391,20.318421104068833,5.301640972171113,-0.4633881189033048,-0.16244696737346942,5.324332311544148,-0.7077319753465098,-1.1507790158758955,358.0084791913479,63.36561591756446,1300.572229259082,1299.897054710859,1313.887526340544,1298.0323421328485
2024-05-20 00:01:50.036679,110.03667889296433,12.971306601844065,77.59424444136093,20.212759249817204,5.570585328894719,0.009754295945976751,2.4889697653359804,6.1013512065396736,-1.150922658442834,-1.3414051794043256,358.0966757749038,63.23157433134279,1288.3313018524686,1299.0622552407199,1304.991612643578,1281.2842855561153
2024-05-20 00:01:50.136712,110.13671223741248,12.971303036879787,77.59426675623055,20.816381043782602,5.0433616253649465,0.28712867770732314,-4.086691886874277,6.497614172910681,0.22329483392951177,-0.7689491188156011,358.2711025543453,63.38929685987663,1306.3383359924267,1302.0213184852448,1288.303431851215,1320.0766896532123
2024-05-20 00:01:50.236746,110.23674558186063,12.971302853323175,77.59426262806805,19.395148335470896,6.29082655308725,0.16202287838562054,-1.6787391694469704,6.512980526086615,-2.746234027036891,1.7810234201198043,358.3041508827344,63.242387300340226,1292.123072696523,1284.3569652752315,1321.9385531823807,1310.078689040129
2024-05-20 00:01:50.336779,110.33677892630878,12.971286586781485,77.59426961194629,20.480521256630823,5.490574387128558,0.0582987633504024,0.503169227486751,5.5138901982076085,-1.4279955111938236,-1.4746105364055035,358.40145780703193,63.209576194594824,1291.0285469132943,1308.7544336202495,1303.0263758875474,1290.933935499072
2024-05-20 00:01:50.436812,110.43681227075693,12.971290913018485,77.5942505192427,19.49581573676868,5.3637059100542945,-0.4379474703176148,0.798310770013515,5.440444757722345,2.287497057778802,3.7425260425781857,358.3601044881389,63.12692914941509,1300.1433396785105,1313.6146001325576,1309.0443571297928,1298.2050108835203
2024-05-20 00:01:50.536846,110.53684561520508,12.971299864143974,77.59424690570181,20.64023664909768,5.370886092482396,-0.4160249069576938,5.038117199951003,7.37577921728085,3.7175887132715637,-0.6132573789702838,358.44972755738786,63.29908291762375,1311.2709078335918,1298.625403872352,1316.421582177474,1308.2812575177875
2024-05-20 00:01:50.636879,110.63687895965323,12.971300927835358,77.59426015370349,20.503775163234373,5.861893940582799,-0.17824519912445266,-4.725576967900025,7.531576833651732,-3.756950283950811,1.0044380108082342,358.3690565223594,63.22596916327724,1309.9329157889222,1300.5324269424789,1296.7099422379124,1299.7549002147407
2024-05-20 00:01:50.736912,110.73691230410137,12.971291394202371,77.59425952401605,19.69480611200547,5.275021468559255,-0.1424896233335411,-2.217816158618888,5.7240600363684,3.672378361194731,-1.0528177538637287,358.5084252914182,63.194995473569286,1318.0326446831752,1294.5311517787702,1304.112837820669,1287.1705929594514
2024-05-20 00:01:50.836946,110.83694564854952,12.97129310529886,77.59425234368199,20.06006402779898,5.618721595095586,0.002432560112715929,1.3334485035847905,5.774783389206448,-0.683270650184229,0.36766133147749286,358.6507149090861,63.25354364451662,1283.9668788001586,1290.196861871572,1286.3221702864494,1318.0373846170921
2024-05-20 00:01:50.936979,110.93697899299767,12.971297250238443,77.59423510408806,19.961584738931403,5.391202827178358,0.06207324106321378,2.3185879194507777,5.868966770331477,-0.3442318970272696,0.8375184639645935,358.65405234115906,62.91505061796618,1291.8393707037073,1297.2256298463194,1290.5385615746873,1297.3852587501517
2024-05-20 00:01:51.037012,111.03701233744582,12.971305104871687,77.59422689766183,20.523936235758455,5.7160425950148745,0.08786763568337977,-3.6539997582356847,6.7847312328943,-0.24532886935732703,-1.426180994684505,358.58670361827984,63.19286645655773,1295.4237094596717,1307.7010952601136,1305.3457644827515,1305.8446132700778
2024-05-20 00:01:51.137046,111.13704568189397,12.971306401477124,77.59421675784533,19.23054110607331,5.441513305260999,-0.09583415039831997,-4.998458547084155,7.389441053464984,0.20769243928198533,-3.3762678644440696,358.59718525141454,63.02231327157649,1284.951284264233,1305.0229050756489,1288.516961074454,1282.2573325849414
2024-05-20 00:01:51.237079,111.23707902634212,12.971304727337195,77.59419797093152,19.52391118465792,5.480622332074665,0.1642689752986125,5.268304012818277,7.603895883989887,-0.9786373384875594,-0.7640242279486894,358.57294605189026,62.84537199603844,1309.501704307462,1308.28780695882,1301.8150076089532,1295.3199469847368
2024-05-20 00:01:51.337112,111.33711237079027,12.971282542508556,77.59418666881429,20.28455324601695,5.586195282761555,-0.3178872324009133,1.5270550845455375,5.7998730383438,-1.1153326284916385,0.3028481436881246,358.67487244432454,62.94025069553838,1298.3360027508018,1284.06439501902,1318.2046150816122,1293.3906501058511
2024-05-20 00:01:51.437146,111.43714571523842,12.971254442996191,77.59419206450356,19.829424039185206,5.023836444950884,0.12200326378404135,2.395993985121649,5.56727982040869,-0.6286895243607183,1.5968236023787346,358.63827475619814,63.00380091001037,1284.0305152805963,1310.4019323354019,1313.2429977957383,1282.7329396008008
2024-05-20 00:01:51.537179,111.53717905968657,12.971252531964561,77.59418346292615,20.763911829235692,5.608433240355106,0.02670964284060719,0.8660865193753295,5.674975125547638,3.0967707662507418,0.16500565389897617,358.75054596475394,62.727374613727456,1302.4748582281088,1314.5278677091349,1301.9087100502984,1301.7642335883286
2024-05-20 00:01:51.637212,111.63721240413471,12.971251583193316,77.59417555848061,20.002699101414347,5.303462715684894,0.034447423071369096,-3.22457832083154,6.206916202817048,2.3280310036393614,1.1201717772220217,358.75157993091574,62.68099748404611,1285.1784702355285,1276.767369978111,1298.1493384498717,1303.0985970596344
2024-05-20 00:01:51.737246,111.73724574858286,12.971255472700541,77.59416848352042,20.118781121500135,5.579462885351075,0.013231374799161267,0.007156393905390246,5.579483163543282,1.6123854417917918,-4.005765977263334,358.9330072159157,62.86260261115914,1317.7531291253647,1298.9900430438197,1301.7245772019528,1307.2430337602989
2024-05-20 00:01:51.837279,111.83727909303101,12.971264499276401,77.59419112679753,20.004130857447436,5.202786452227418,0.26514745028247594,-5.866606451536384,7.8457862126800775,-1.4145012930193548,0.532699189688681,358.896022707513,62.712712617703666,1285.8400800960812,1280.8801719005087,1296.9835774499757,1300.339409530792
2024-05-20 00:01:51.937312,111.93731243747916,12.971266560227832,77.59420480898206,18.94506859368358,5.570520553387702,-0.24549629232581627,0.08603298559772554,5.576591193540317,-0.6356590303590953,3.549611940682397,359.0047636337032,62.645083431124576,1283.3244153848216,1300.8714016712888,1279.2686439409795,1294.4637302764813
2024-05-20 00:01:52.037346,112.03734578192731,12.971261222732995,77.59422191993046,20.021343192011837,5.458067795638254,0.13780015329377268,2.5148393302995515,6.011148792140544,-4.136910976300264,0.2956152253268686,359.0320856894785,62.615609321560235,1301.9618189148634,1286.0350071094515,1307.5427500209066,1301.2387853681887
2024-05-20 00:01:52.137379,112.13737912637546,12.971258223844695,77.59422615887573,19.4482041716028,5.71730785613229,-0.25324073754417986,-0.8440971549132854,5.784828433054573,6.348633910109577,1.2158726761098375,359.0206711244336,62.59074953655704,1281.675333345761,1299.4307219638174,1286.088925056494,1301.5774552507673
2024-05-20 00:01:52.237412,112.23741247082361,12.971250753522801,77.59423794475727,19.85246746912155,5.095059480489614,0.026150660826631717,-1.291840275746651,5.256345333483137,2.1232859150258587,1.3194157830131183,358.9490469300606,62.53253479886299,1291.1730115416185,1311.5204564056432,1297.4311704660934,1292.1164523757507
2024-05-20 00:01:52.337446,112.33744581527176,12.971245365627556,77.59424446970715,19.189749965051284,5.449218132441922,-0.2836080262007452,0.3345886022657538,5.46684198603046,0.2980110103124763,0.6360727895709011,358.89005790636236,62.605767970785834,1299.7928518308036,1306.4431772853234,1299.5114038813504,1302.373398177064
2024-05-20 00:01:52.437479,112.43747915971991,12.971239461062002,77.59424349304794,19.9194075029193,5.710445440581303,0.03929685161552802,4.992018822273806,7.584918146845004,-1.0449589328770579,-2.8848901272837213,358.9044566679122,62.525449977658944,1288.7467354433732,1285.439453900575,1316.6509450220894,1304.3049903473866
2024-05-20 00:01:52.537513,112.53751250416806,12.971253123448397,77.59424045924342,20.18848664173161,5.801397863694717,-0.061105821088178996,3.9248838306055234,7.004617347007699,1.5957503757456513,1.4383669354103918,359.22338110188497,62.67410984920665,1299.9827879951067,1288.0994613060502,1293.4617087658266,1294.1287010372234
2024-05-20 00:01:52.637546,112.63754584861621,12.971265072867672,77.59424973869884,20.70464601521117,5.601006606507751,-0.052088786010215805,-3.0073805263065054,6.357540867173335,1.9231656365003627,0.061886606618728544,359.2580624585965,62.35679245884852,1336.612458059369,1304.4934969144904,1302.9934959001125,1312.7177369080566
2024-05-20 00:01:52.737579,112.73757919306436,12.971267271375105,77.5942675908516,19.586809977582256,5.644780305709258,-0.12274814798734086,-3.0403143847320138,6.41265337949634,0.5682669667436268,-0.9042335211973419,359.3850690499372,62.45832917419209,1299.2254280013706,1309.8949376104918,1301.5404187120557,1300.0155834346874
2024-05-20 00:01:52.837613,112.83761253751251,12.971272868634262,77.59426839110337,20.096380383054047,5.621692241451384,-0.2630235633897155,-0.10731048827221912,5.628864947161739,2.780367681121634,1.5667355494109114,359.21647438023547,62.476664536962396,1295.5677760483825,1299.9247080002178,1295.8988745967624,1302.6284130917297
2024-05-20 00:01:52.937646,112.93764588196066,12.97127479078287,77.59425231682536,19.565340723509788,5.2416747999970665,0.05026710846245247,-2.9899797112955753,6.034704646051589,0.9451585093115419,-0.056546379464180334,359.27806121794987,62.40254873040083,1290.282130285305,1298.9848784700766,1295.459352472676,1303.5046101356081
2024-05-20 00:01:53.037679,113.03767922640881,12.971279466264312,77.59426201652018,19.498185042348027,5.261564660544495,-0.08374003397612102,1.1913850698960715,5.395412259980908,-0.8115527395156739,-3.092004081018751,359.3908939379125,62.256686213581816,1299.5835959109263,1290.229444876418,1303.135587286322,1293.463760524134
2024-05-20 00:01:53.137713,113.13771257085696,12.971286322666431,77.5942525316027,19.80369718964438,5.265161363153093,-0.4713650736538725,1.9319787751835804,5.628201417900812,2.6645326338220485,0.9832513382968636,359.5797456695068,62.29837682432557,1299.4475793005845,1303.2355636803236,1287.557401159868,1300.7475901527816
2024-05-20 00:01:53.237746,113.23774591530511,12.971281092607525,77.59425905523263,19.884709638916934,5.42085604045982,-0.028087170396825786,-0.29864277077194856,5.429148791943813,2.426797451253364,0.6748938900142967,359.6970825926222,62.18853844665821,1295.1500736482972,1301.79598471748,1309.0113990470431,1303.5491915623454
2024-05-20 00:01:53.337779,113.33777925975326,12.971284464199506,77.59426220432755,19.743948719333222,5.68274171221496,0.165718972279161,2.4086582502103937,6.174354274887996,-0.8100509449258384,-0.5760337750530404,359.72803594866764,62.25293173326744,1282.6106343382107,1284.5237445001826,1285.4580521243997,1330.6878744838677
2024-05-20 00:01:53.437813,113.43781260420141,12.971273422152882,77.59426190194768,20.366601919719283,5.917065763979772,0.09687137456543171,4.791190913575107,7.614234149853575,1.3581641193761982,0.514886624023927,359.7707289940002,62.46487979623462,1306.1627985144235,1311.1255481739584,1273.682008721318,1302.6323093437288
2024-05-20 00:01:53.537846,113.53784594864956,12.971264105337681,77.59424985650111,20.70250642128223,5.07545481163369,0.3846480002053149,-3.3678732545884316,6.103340551531562,1.505990340494682,-2.2696720048201566,359.7593110088706,62.2409369800364,1304.9139738314725,1290.7284647326744,1291.1105061704584,1307.611257472389
2024-05-20 00:01:53.637879,113.63787929309771,12.971259464816427,77.5942378595849,19.69280266905137,5.238894242211487,0.16555927532549933,-8.94661409327071,10.368959759234919,-1.8526065806600676,-0.7484153163775401,359.6085676142081,62.100798758226425,1288.2328882265638,1309.302945012016,1304.563140296005,1306.018045324538
2024-05-20 00:01:53.737913,113.73791263754586,12.971244871337488,77.59423490950138,18.91258696280859,5.650412789695816,-0.07608986462622767,2.377384890696405,6.1306535769009525,-2.311736877403434,2.562966979262566,359.6395426150202,62.075060548121506,1308.6750411927105,1297.6771154829653,1300.844945223033,1294.5211397458115
2024-05-20 00:01:53.837946,113.83794598199401,12.971235937635491,77.59424743602926,20.16843819236509,5.996755690973219,-0.0009029736880522923,7.212623813188316,9.379926540392113,2.211504584012442,3.3522938866519665,359.54731284110005,61.907705183235734,1296.971909180571,1296.6853917501144,1298.6487555474057,1298.5528565608558
2024-05-20 00:01:53.937979,113.93797932644216,12.971249563022262,77.59423849306066,20.355592727367778,5.345692062090586,0.3637301494515058,-2.684065772316643,5.992739967196979,-0.9358716003777162,2.471100821832208,359.4829408132526,61.96517315020237,1289.192578214422,1313.2455739029033,1285.4895657887216,1281.7688835890665
2024-05-20 00:01:54.038013,114.0380126708903,12.97125242765119,77.59423855930034,19.631446040517975,5.654554824135613,-0.010279058567012523,-4.162476675857576,7.021417805205633,2.700054479522362,-1.5889170515109194,359.7723389203245,62.01036775393986,1295.216912631076,1292.346931997402,1285.0720579644974,1305.3562019501871
2024-05-20 00:01:54.138046,114.13804601533845,12.971244315841503,77.59424138723969,19.522819801221022,6.328114080292576,-0.2987688859196257,0.26973371913565813,6.340902691228558,-0.7168211597293832,-3.8421853937546637,359.6760082125118,62.015659743233435,1286.760517017351,1297.7406455252144,1279.43177089161,1304.1609286113971
2024-05-20 00:01:54.238079,114.2380793597866,12.971235557278723,77.59424808804337,19.68541077258913,5.948627845637985,0.18993397045405463,-0.038690867023802866,5.951785038307676,3.597976083171455,-2.470951230901578,359.68749862140214,61.78309433522149,1287.1168230620444,1306.8681984321977,1302.7655169660077,1309.3227367010195
2024-05-20 00:01:54.338113,114.33811270423475,12.971226309290003,77.5942657817146,19.51507904756504,5.061563655758449,-0.07947996420849751,-0.8347942620308402,5.130557978029781,-1.4425788635317665,0.4090880921732845,359.7848080622418,61.812349966865945,1277.7655721992542,1303.4336120699622,1300.3513036981058,1291.3670241918448
2024-05-20 00:01:54.438146,114.4381460486829,12.97124302721289,77.59426848213764,19.51839624867499,5.451226796696457,0.11505353768378179,1.0259680977977155,5.5481277421535395,-1.9435905086957326,-1.0115760518983485,359.6498862145379,61.815405548637216,1311.8196734847675,1299.0848181694803,1290.1824589312685,1295.961364266572
2024-05-20 00:01:54.538179,114.53817939313105,12.97126169633526,77.59426221531751,19.720341087804666,5.864033700043409,-0.09915996188238098,5.082576447146408,7.7607542980288144,2.2039295158009073,0.11200848997262607,359.65119989262934,61.97999207448654,1297.7696037509986,1313.6181149082497,1302.1700556934532,1317.2952589115462
2024-05-20 00:01:54.638213,114.6382127375792,12.971269806931947,77.59427330256872,20.53525048951789,5.679581611286084,0.08317832549712076,-0.552070143662263,5.706956049998529,2.135606719456341,1.5530920737731686,359.59352979472663,61.87432806173952,1305.6962133127627,1292.9513324525205,1304.8903628097037,1303.4663394252727
2024-05-20 00:01:54.738246,114.73824608202735,12.971268378180117,77.5942831919975,19.609890242123655,5.714752858783964,-0.25431672159917534,-1.7716708562313386,5.98848017903407,1.0488649832736052,-1.3296640117394918,359.7491651377508,61.76390261152954,1295.9503537703454,1293.7175125272581,1307.9371440597024,1299.3125025209172
2024-05-20 00:01:54.838279,114.8382794264755,12.971261660551999,77.59428245367259,20.180798167497613,5.3116410296316054,-0.1392349232763622,3.6483485854924282,6.44541419869897,-1.6589615684231305,3.9082619994166428,359.82145171171106,61.75882871413439,1310.1212832157612,1297.3068255511155,1297.414521105157,1304.9471205832886
2024-05-20 00:01:54.938313,114.93831277092364,12.971233778034245,77.59428042296268,20.339803263562622,5.370582784043412,0.02117241447204821,1.5033131723419046,5.577056410467331,-3.209182501172037,-0.9426369739321006,359.97742591946303,61.66948038293098,1317.809392105304,1326.7304810251214,1311.1117310080137,1314.786990110057
2024-05-20 00:01:55.038346,115.0383461153718,12.971243837076775,77.59426253743403,20.48156105626225,5.511770789588491,-0.19320356090270419,-4.2745085612781395,6.9777050878742735,5.777587385092711,-0.7773688970926901,359.8180344622323,61.845380901514616,1298.0166092226427,1311.2322246124845,1308.9699795603867,1303.8473116866264
2024-05-20 00:01:55.138379,115.13837945981994,12.971240972920674,77.59426705427683,19.48461648904882,5.4968696073525365,0.1652025423184854,-1.9242312547602012,5.826279540325931,0.6179195053150262,-1.8349787806342917,359.8241556475435,61.65984447968985,1311.58247980437,1299.088527775176,1280.0914963445182,1301.1876158046275
2024-05-20 00:01:55.238413,115.2384128042681,12.971240603333552,77.59428749666054,20.096586480451606,5.512528650584601,-0.07049313230937469,-0.04826398255121944,5.513190620433015,-0.0722271935146846,-1.1765529454242534,359.6285630083858,61.59912312704336,1272.2390374253644,1296.8897692171524,1277.9199343870753,1316.529167820359
2024-05-20 00:01:55.338446,115.33844614871624,12.971227985829824,77.59429039367413,19.474960473866847,5.2543502445062895,-0.2659557774714198,0.367126983769694,5.27387060798097,-2.856407710697647,-3.1298829991250594,359.55092496806253,61.57655682059732,1279.6880462137353,1309.1333423530693,1298.9300787400987,1269.2114084856553
2024-05-20 00:01:55.438479,115.4384794931644,12.971218041052268,77.5942897427214,20.170036360498894,5.666289312343128,0.006094080788296138,-1.2545720668726688,5.803518138161694,1.077936383895631,2.214862618421133,359.535755078317,61.55209488516991,1289.0325622503206,1285.2851375527996,1318.0501024514538,1294.2848714961683
2024-05-20 00:01:55.538513,115.53851283761254,12.971213531289749,77.59430432310988,19.223962394465847,5.530683095789249,0.01751944221587095,0.6910992566183154,5.5737223306694155,-2.7862730824760265,-1.612535656372385,359.57655159448683,61.521071707110124,1291.6802612263803,1310.3134015053033,1292.9108718764417,1297.760561586244
2024-05-20 00:01:55.638546,115.6385461820607,12.971219609204393,77.59429235939804,20.308302300469215,5.216157505367838,-0.04098568700985979,1.5480690498901026,5.441185232150486,2.0724305077350675,1.383007147350305,359.6222320162301,61.46064830954224,1310.045004533004,1306.9319382375318,1307.9166800901344,1300.3664188446623
2024-05-20 00:01:55.738580,115.73857952650884,12.971228870979003,77.59429305669792,19.533679443460198,5.102747241880621,-0.14493021362729366,-2.8077293468924154,5.826008776747873,-3.0359942199263137,2.3976669502870713,359.66563196755055,61.3590804747166,1304.21228209021,1302.3368227314447,1296.7191745565522,1282.3562833528076
2024-05-20 00:01:55.838613,115.838612870957,12.971229529213431,77.59428950509509,19.74656918671948,5.108062564746334,-0.10262625414390475,7.243987042593346,8.864433630337743,-0.13892952400127567,-0.7832399950318906,359.66758947042297,61.4162474783753,1309.5498900316504,1288.0854773367641,1300.7568254676207,1296.8266308215877
2024-05-20 00:01:55.938646,115.93864621540514,12.971239139944128,77.59428913662133,20.982959945479546,5.6270989632432595,0.012650515862747526,0.3996725791771354,5.641288943870103,1.8084336036950635,1.3056986677326248,359.61411036734506,61.360431623942176,1303.4613998146126,1308.847851090811,1305.1203939823272,1321.3051412081263
2024-05-20 00:01:56.038680,116.03867955985329,12.971238718981223,77.59429768442166,19.82653035627809,5.84739304888374,0.4008220948661464,-6.366858262209149,8.653874736262807,-0.19433145998016468,-0.7348336020951973,359.59605731090625,61.32634126742116,1301.8176378025853,1301.8868139686795,1304.69943309765,1315.53180895359
2024-05-20 00:01:56.138713,116.13871290430144,12.971238689711818,77.59430758872108,19.709163694287316,5.629803764078536,0.18704114980565228,2.340856869974033,6.099941450494267,-3.47158637524842,0.9755134913105864,359.64454169482804,61.39519822030117,1301.4572661166837,1322.2497275484209,1301.095252378315,1295.37072924637
2024-05-20 00:01:56.238746,116.23874624874959,12.971250278656104,77.59430639755783,20.294857839433952,6.079989898759496,0.30384141580270474,3.6459441408783135,7.095879470043118,1.5971690520445547,0.3702877526916866,359.5198805013429,61.30966744597866,1308.8812410195967,1294.4210652972974,1296.5960965201286,1308.479543784191
2024-05-20 00:01:56.338780,116.33877959319774,12.971238474904068,77.59430972082721,20.438595666453704,5.31488873029908,0.20216292318985954,1.1242086029142229,5.436244755880587,1.9187582229337685,-0.18408169961572796,359.49450320356914,61.34831682617157,1285.6993125907984,1293.748279098976,1312.7761337092766,1302.9427901024221
2024-05-20 00:01:56.438813,116.43881293764589,12.971242391034687,77.5943048834686,20.519774532247737,5.918912522876525,-0.0012197904076971865,0.612730305787764,5.950543283514873,-3.472080273977421,0.8556147230897957,359.3999616189335,61.208490353111024,1296.2924344499165,1317.2877824021054,1298.1742412399465,1283.3614948632708
2024-05-20 00:01:56.538846,116.53884628209404,12.971237346491513,77.59431975094836,20.561182589919078,5.816470790511902,-0.09286040823201847,-0.040723795230093174,5.817354548228353,3.391741618433321,0.4822388629849883,359.5055999879746,61.3124986633933,1305.8938386634215,1308.299554570059,1298.3295298725777,1306.4206614609307
2024-05-20 00:01:56.638880,116.63887962654219,12.971240350418515,77.59433228421457,20.51162705737676,5.22295316385102,0.17434678680481452,-3.5231981848558434,6.302583756176673,0.9761453415945919,0.009065334452869413,359.50384571585613,61.18229590290301,1316.6261636205184,1295.434227916809,1305.0568977821736,1297.2848702552803
2024-05-20 00:01:56.738913,116.73891297099034,12.971267527583963,77.59432746214443,19.856307994749518,5.498143048516922,-0.18426989735965668,-4.173714658905965,6.905318705968206,1.4490263289279883,4.468206646067994,359.58673114161707,61.23736879275994,1312.415291285883,1307.6044551343446,1309.0703596192916,1291.1487820921118
2024-05-20 00:01:56.838946,116.83894631543849,12.971272780258051,77.59434090171443,19.676605785171496,5.526174315613012,0.21845377781856623,-2.3985126426274377,6.0281993593798635,1.1356823613365847,-0.33967008714329516,359.5443563039576,61.07388362116294,1299.153913616727,1290.7230871291124,1294.322474459111,1298.598318500615
2024-05-20 00:01:56.938980,116.93897965988664,12.971291172042159,77.59434041362906,19.376445512063132,5.473859823476357,-0.055545938099778196,3.7794135096978607,6.652081869279324,-0.3829140561083228,-0.6614491304420063,359.7795411317704,60.93262085223079,1301.1087113171466,1288.4619560090425,1291.0103257154854,1305.6537623364334
2024-05-20 00:01:57.039013,117.03901300433479,12.971286063142404,77.59434622698632,20.43274053202669,5.373723572706698,-0.20554632438934248,3.9352430954584747,6.66372962744492,1.7004747097454236,3.484400861407078,359.57617507171267,60.93962820843462,1317.2310552801712,1306.6896016440028,1311.0599959069898,1302.9841578077164
2024-05-20 00:01:57.139046,117.13904634878294,12.971278537021904,77.59435066771603,20.163756568173532,5.941028614648131,-0.31031675818550025,-2.5535755311470894,6.474014634193515,2.1789175118181956,0.9318673558156217,359.58188707498067,60.85590423175786,1284.60375564198,1302.0787088605275,1297.0852996030394,1311.486318144916
2024-05-20 00:01:57.239080,117.23907969323109,12.971274536576976,77.59434749742424,19.92185513066348,5.234742568925598,0.00965129424271241,-3.0392475472863225,6.053069350675594,-1.101216743020292,-1.7121956847210558,359.6995480061976,60.84787001224372,1287.7985258412384,1305.2107522117462,1294.3861823956963,1300.9767119101914
2024-05-20 00:01:57.339113,117.33911303767923,12.971276810440612,77.59435107713644,19.55570437465182,5.5369406535960435,-0.09550855871483419,0.7314084711006359,5.5858564283223515,-0.48463494681377667,-2.491509215022025,359.7421408819699,60.797244424930206,1300.6836734390788,1283.5986752909978,1288.794597048434,1296.8155265740181
2024-05-20 00:01:57.439146,117.43914638212738,12.971274053888923,77.59435273849121,20.068185601707405,5.794051061130492,-0.22845995175837686,2.2960630590696667,6.2365958037834375,1.7777273425253073,0.6098635972396368,359.6504234968588,60.85175860963056,1294.7053967400632,1296.3117286750671,1296.214057081167,1300.0551089992684
2024-05-20 00:01:57.539180,117.53917972657553,12.97127108310098,77.59433684612858,20.015070108377,5.471794828502541,-0.26517840116546404,1.4446487612771932,5.665498060464901,-1.5768110638928525,0.4112911628848802,359.70110034200957,60.89000280199998,1293.1963660475083,1314.4769084543034,1306.2978294842371,1299.494050997175
2024-05-20 00:01:57.639213,117.63921307102368,12.971273245804054,77.59435282572082,20.357211695994273,6.184909761607215,0.08453353646022997,1.9666346237528245,6.490601391346884,-3.892059486898592,-1.1425855324440182,359.86751889733387,60.730375373816926,1286.6253462066522,1310.30198274586,1296.9342496903002,1300.1391702266885
2024-05-20 00:01:57.739246,117.73924641547183,12.971259974547278,77.59436098301835,20.408528185820046,6.040294446043003,0.11973115008059139,-2.0854992841170628,6.391306580602307,1.5512862024554577,0.25888695605890694,359.767670539432,60.730576110188096,1320.5387613102112,1307.890479961831,1288.558859511215,1315.9194952692299
2024-05-20 00:01:57.839280,117.83927975991998,12.971272590989239,77.59436305656799,19.939972759525368,5.747015582477143,-0.0037528772539759895,-4.11960931336418,7.071024189187848,2.3805814152464158,3.023560167576124,359.76000094152107,60.67806619332478,1304.742644212537,1298.5210197458741,1299.4475896521722,1314.0740857467654
2024-05-20 00:01:57.939313,117.93931310436813,12.971266695595812,77.59434252663,19.584331590948917,5.341374561355017,0.383962623384567,-1.7764489654736764,5.642116662014296,2.66872513147919,-1.9454727816858546,359.735625128317,60.70263429815207,1306.2545940586137,1302.3685845515463,1300.8690050548441,1295.2036693944597
2024-05-20 00:01:58.039346,118.03934644881627,12.971268646039166,77.59435436666054,19.584564497009794,5.45015147229263,-0.15368842253014148,0.06164479578855264,5.452666437900006,-2.9105878518015675,-1.4321071733006203,359.72968409251234,60.65025162546144,1302.682046794552,1298.1942965843666,1292.9409049067106,1296.767109230598
2024-05-20 00:01:58.139380,118.13937979326442,12.971276565628655,77.5943725871261,19.59666466113002,5.866812424856958,0.4075611650698678,3.211179819248329,6.700542512608723,-3.1464860902611145,0.35439094192484705,359.8297204500209,60.621483753572576,1300.2884116278512,1309.879801645498,1284.5667986204976,1311.6559137306363
2024-05-20 00:01:58.239413,118.23941313771257,12.971275594553555,77.59436537295214,20.227014610897424,5.059083284084675,0.04991082039371711,1.5167696456231994,5.281799402020232,-0.8234027295663418,-1.2651413681758632,359.7380000930109,60.490041332656,1285.5108999870106,1297.3544295431147,1311.5738589236196,1299.1798599537199
2024-05-20 00:01:58.339446,118.33944648216072,12.9712569141948,77.5943665019863,19.900119741948266,5.631364695173343,-0.05229934248731,-0.8278192860387179,5.692125114718317,1.6029726880757875,0.10268053768529914,359.7578607865873,60.43929089474797,1314.2280695949605,1308.9518183539446,1297.836507637195,1287.956156116521
2024-05-20 00:01:58.439480,118.43947982660887,12.971254483305051,77.59436210859789,20.06139554733516,5.741226538615193,0.23092012040337823,-0.674468816579818,5.785318872304713,0.3412282736922613,-1.0654811583573693,359.72743758761436,60.54739087917248,1300.8471758901073,1293.7489339193273,1303.8023433672417,1300.1948299740593
2024-05-20 00:01:58.539513,118.53951317105702,12.971254217913584,77.59437769744191,19.76518099905134,6.156250672344796,-0.08487292142900449,1.7111061690711153,6.390188579014775,-3.0811912818227847,-0.9889400338235954,359.7414830505092,60.35990410904955,1300.1352837142945,1297.4163071866788,1291.165969554487,1292.7559087101683
2024-05-20 00:01:58.639547,118.63954651550517,12.971256284124282,77.59436488578729,20.40373089293125,5.252281650801279,0.28313670332680135,0.6127332598072428,5.295476463906585,-1.1311412050328287,-0.16794799118891413,359.830771296078,60.43462769595046,1316.1601375970138,1297.6788160195483,1312.0567634678257,1294.9123799954907
2024-05-20 00:01:58.739580,118.73957985995332,12.971264800323842,77.59436562834699,19.88776851351761,6.128863352352793,-0.12090695219311882,-3.2381365311217394,6.932756499191853,-1.8107575031180243,-1.0672641314225306,359.8512706266853,60.60843251840917,1294.6232789220394,1307.0694048340838,1301.6739970545345,1282.547185456519
2024-05-20 00:01:58.839613,118.83961320440147,12.97126623489649,77.59436757904886,19.755887638955574,5.418215277228944,-0.03371175753902816,-2.0945848468242474,5.809085896553713,2.052416086528426,1.2177622444174496,359.8412120788957,60.630719172225604,1297.2610155033765,1290.034506754854,1283.5941940088026,1294.3467986473204
2024-05-20 00:01:58.939647,118.93964654884962,12.971255962025891,77.59435009398368,19.468711858601118,5.277423073327901,0.18629186423343524,4.965709912530301,7.248736020091707,1.3562034280753221,1.5099912669404127,359.8949325343875,60.260557990676084,1282.0715503941583,1302.1293350787498,1292.2809309710483,1298.4079298775011
2024-05-20 00:01:59.039680,119.03967989329777,12.971261634329492,77.59433519128774,20.749360779175046,5.52891846797014,-0.3072850893286078,4.201111614774916,6.950733943360347,-0.5135963774304669,1.8084739705977342,359.9995786640184,60.285089593881935,1285.669063667686,1317.3276040100995,1293.8192080664924,1313.675092972902
2024-05-20 00:01:59.139713,119.13971323774592,12.971246324119756,77.59433893065274,20.309214349052922,5.501698660159011,0.17413770872541334,-2.346700199203667,5.983812656971985,-1.1299876340913444,1.4823997757064213,359.999747332777,60.413864111875974,1304.249328796058,1298.092008276358,1286.9901065357717,1308.2078763010181
2024-05-20 00:01:59.239747,119.23974658219407,12.971240196256312,77.59432770898108,20.27986424048808,5.592861368525109,-0.2717260789135807,0.01761804529252231,5.5994860250760725,-2.5485274035600916,-1.8790274422612596,359.9937760960532,60.32317338782,1306.841420392976,1318.4544578578173,1304.6603461094076,1300.2693299582832
2024-05-20 00:01:59.339780,119.33977992664222,12.971248621749687,77.59433253630714,20.312739133039422,5.5553494179698015,-0.15195778689576667,-2.1524744154415885,5.959710096461595,0.15681585624328181,-2.9373617783631696,359.79918831598786,60.31722820253896,1300.1089195027705,1296.1184875669155,1305.4693158609184,1304.5418001607577
2024-05-20 00:01:59.439813,119.43981327109037,12.971254251025982,77.59432549278768,19.849225811256684,5.902400704237184,0.11193070017352469,0.3816883755494871,5.915788076921835,-0.1994456373817515,0.5095171965227347,359.6443586225414,60.17493014044873,1320.7326296607243,1300.9487548035715,1291.9866346807248,1296.7680997522496
2024-05-20 00:01:59.539847,119.53984661553852,12.971266666378371,77.59433104417366,20.389102262525817,5.734463990447729,0.031545190560270685,-1.456607178487289,5.916652501982002,1.188881577799088,2.4498617889954275,359.6734489083936,59.98482173119846,1304.8183446994751,1298.5808474320631,1301.5646250344907,1290.0829184393447
2024-05-20 00:01:59.639880,119.63987995998667,12.971271397962814,77.59433347422235,19.55780723603415,5.704824567357435,-0.14788284775750113,-2.9334149213078575,6.416526769330694,-0.004424811809948319,0.11823282333675798,359.5644526779471,60.160860843786125,1308.249282515053,1297.8211929560857,1292.028353672238,1293.2235599371293
2024-05-20 00:01:59.739913,119.73991330443482,12.971268715735025,77.59434071130265,19.802223652060754,5.797581732750863,-0.008117963354387098,5.949815578203925,8.30736572349464,2.400961578853196,0.653327952902464,359.6869086878684,60.0599228963658,1296.2569777379422,1288.0832905905359,1292.511383478646,1306.992758735791
2024-05-20 00:01:59.839947,119.83994664888297,12.97128521525641,77.59435504011758,20.748167138309032,5.27372391156328,0.049826276466077145,1.2448005387850145,5.418872109081395,-2.042789751935592,-1.3654207547197508,359.7546636361911,59.93197032553602,1303.0349491023715,1297.639365863495,1281.1189831815557,1304.5665000167899
2024-05-20 00:01:59.939980,119.93997999333112,12.971260722256082,77.59435155132356,20.051266774191802,5.384774060946236,0.1158694115629672,-4.967654340761101,7.327128158921336,3.2778719329241017,-0.40262573636072874,359.7078799161325,60.08938074595758,1293.1243444671325,1302.3609521040946,1289.636733838797,1299.4070895383059
2024-05-20 00:02:00.040013,120.04001333777927,12.971280300577465,77.59434756870739,19.75430498277163,5.563764053575905,-0.05983539008723379,1.4944065582644583,5.761276046081641,2.2118786761770743,-2.6480331556789123,359.6605204061692,60.11622520554563,1288.040428411097,1299.4757177960364,1297.5072505036817,1286.95666770027
2024-05-20 00:02:00.140047,120.14004668222742,12.97127910363561,77.59434419468101,20.350247746168687,5.36944041567046,-0.2725516778945359,-0.5686439914558434,5.406341719090398,3.1700934346582663,-1.7013418774456346,359.6265980219873,59.93986012377372,1310.6572055648726,1308.8825030003395,1317.380480110384,1288.3314976008448
2024-05-20 00:02:00.240080,120.24008002667557,12.971279864099378,77.5943494644219,19.640538262240284,5.311158846919967,-0.06390832215390964,-2.038113404893238,5.689147460038478,1.0893395572407818,-0.32192947029369023,359.7156167178195,59.87902280088584,1302.605454512447,1311.3255510201413,1310.7096834585907,1300.7922094618866
2024-05-20 00:02:00.340113,120.34011337112372,12.971276748270311,77.59435884770971,19.942489145656534,5.458179042093439,-0.3116380653148334,-2.005639439382634,5.823351809749116,-4.186022086978273,1.122281572889958,359.7612349988712,59.95138261361616,1315.2602427774223,1310.6550696211636,1299.4071550432373,1291.5646887670307
2024-05-20 00:02:00.440147,120.44014671557187,12.97128187451478,77.59436240922584,19.239276620483167,6.159794390555945,0.3313998181093478,-0.696174548981702,6.207862093830474,-2.1285860459401085,-2.9142149853009736,359.67318212814814,59.9253318261566,1288.7264456451667,1290.4364715560837,1292.6303925745942,1291.7230927846103
2024-05-20 00:02:00.540180,120.54018006002002,12.971287625901917,77.59436087646291,19.80320780874789,5.822462048429175,0.12020477112701733,3.631389139065277,6.863126151523154,1.8626866218733982,1.7888353731494124,359.73744856985405,59.823646172364946,1303.265461241359,1286.7331950137725,1316.2334886228712,1303.3165509549488
2024-05-20 00:02:00.640213,120.64021340446816,12.97127654967084,77.59437900468707,19.96579662162995,5.167058395345007,-0.12821866102839527,-0.8460406317011007,5.237434222635205,0.7637745490113097,0.1797870384715187,359.708071488171,59.88506858597266,1291.4352509181297,1296.019700148842,1310.5008100322366,1286.1405664514461
2024-05-20 00:02:00.740247,120.7402467489163,12.971268567860026,77.59437847415366,19.63394326089166,5.895926707629492,0.11239833804647414,6.673874604752015,8.905907442146939,4.0279206258527855,0.5845055021281776,359.85697465218004,59.93442133901793,1273.1940124010628,1298.656311466729,1289.3741826420955,1298.1055606868797
2024-05-20 00:02:00.840280,120.84028009336446,12.97125823115627,77.59438406548131,21.301016615911784,5.6270849276674575,-0.1506866420703195,5.313638207133124,7.740900609333879,-0.20198123322806905,-1.1354209694294444,359.93202278866016,59.79178598121982,1320.5252681639563,1308.5723707552686,1305.3653233657926,1302.0987527560333
2024-05-20 00:02:00.940313,120.9403134378126,12.971246336027678,77.5943915375993,20.697025262985655,5.698994990909925,-0.04701412602485619,-7.297630658991338,9.259382672160852,0.47376282301224415,0.3860251439773708,359.8858969888253,59.67947253481767,1294.616718767904,1285.8211052928573,1310.1932058244747,1319.1490991792339
2024-05-20 00:02:01.040347,121.04034678226076,12.971246444670191,77.59439446354361,19.841003813179267,5.733784791401858,0.027748504322813495,-2.2724273822215935,6.167737366415166,-0.6738885210968552,-3.5371822615145416,359.85896514047937,59.865970066552286,1288.6269505928728,1291.692299947998,1296.7648540340306,1274.0342870061968
2024-05-20 00:02:01.140380,121.1403801267089,12.971240668769745,77.59440376652593,20.242388240867292,5.739489534706846,0.0011708729760637798,-0.4430860201981517,5.756567268020757,1.4815013358231122,1.0410098951466973,359.91844377073323,59.72966982051498,1298.9408975226734,1312.5035105438665,1320.6150828796226,1301.4118151329756
2024-05-20 00:02:01.240413,121.24041347115705,12.971245157207646,77.59441221399295,19.752357060221982,5.51219568820408,0.18011598625910374,1.710109296635892,5.774185386701941,-3.985263756527768,-1.4529931429871368,359.88424585169776,59.56841453987241,1295.469471966397,1314.063481086429,1321.1963973128818,1295.9645010084591
2024-05-20 00:02:01.340447,121.3404468156052,12.971244978310645,77.59440531205351,20.584524145496015,6.045636801468611,0.07660000554771149,1.955848938966625,6.354599670174227,-4.696637561188633,1.6613596875689853,359.98721225903563,59.578873160564434,1285.1859285523333,1307.0437278308334,1293.4882181410546,1302.7205515152066
2024-05-20 00:02:01.440480,121.44048016005335,12.971240661494335,77.59438023500991,20.143657281422378,5.029176248531324,-0.33470469846037354,-4.168829384842638,6.540931081573211,1.001011015000587,2.024340938944087,0.03356936433811754,59.66410493143515,1319.7087030700843,1299.4948823915574,1304.1073296286029,1309.3104674844747
2024-05-20 00:02:01.540514,121.5405135045015,12.971238512431256,77.59438773489786,19.750480253896953,5.277226662570217,-0.1570774963163949,1.3041611284119767,5.43825623126125,2.829107306592596,0.29331635012112994,0.11651324887789082,59.35495819558691,1288.7959415364526,1288.3494005102884,1284.6710040025791,1287.2573350462349
2024-05-20 00:02:01.640547,121.64054684894965,12.971246305404069,77.59438448850653,20.404576480171023,5.475595569118731,0.16544841387531192,-4.299129985276679,6.963622523120534,2.6795198028526213,1.5685196950213018,0.058650552058511676,59.44193762870243,1290.2707923187038,1304.1591926163005,1317.3136811117254,1293.5836734350617
2024-05-20 00:02:01.740580,121.7405801933978,12.971240126791011,77.5943788341508,18.89036755260785,5.823356271245563,0.11085090970347311,-0.8972360265928216,5.893114513858796,0.9957679828518007,1.1633567540084813,0.12958774225727415,59.51959906651759,1292.6266818041647,1302.150818769871,1307.9599634762928,1294.8801623577647
2024-05-20 00:02:01.840614,121.84061353784595,12.971226587753167,77.5943824652513,20.225069439172124,5.925989210789965,0.12301864006416684,7.450097173064037,9.520316675420995,-2.4516681274667005,1.8942885166501637,0.15713418106545485,59.371229061656926,1286.6082474284628,1313.0833218391883,1325.0874823798006,1304.7528430433788
2024-05-20 00:02:01.940647,121.9406468822941,12.971229150782975,77.5943698006149,20.380883825978454,5.061964705008435,0.06918218521099495,-1.9613182751957225,5.429092210132227,0.3066416988251892,1.3730128215092339,0.23999556147445478,59.387585590335526,1276.7501193056921,1288.0031209605359,1299.1297583907588,1316.8538134491837
2024-05-20 00:02:02.040680,122.04068022674225,12.97122190488028,77.59436175963015,19.832674985981914,5.342775825781764,0.06358963632538603,-4.4597609893554875,6.9597963510855,-2.0773294420323443,0.6217884775631838,0.28545249471134215,59.3079458905208,1296.799993012557,1281.7366987077512,1298.9385082457175,1280.9582866363128
2024-05-20 00:02:02.140714,122.1407135711904,12.971230283039972,77.59435239770663,19.488634211569217,5.865598448891183,0.004383229973299436,0.6279427853644819,5.899116587933396,-0.25325742509492905,3.084594495166654,0.11703256311842014,59.42881476224881,1286.1515721877565,1299.5894395578607,1301.810436302304,1287.8975078838776
2024-05-20 00:02:02.240747,122.24074691563855,12.971226631226047,77.59435434679423,19.958305419866107,5.885542618561793,-0.0941721096827996,1.8225937969010602,6.162006852450874,-0.7836187150318492,0.434631651196398,0.07585519563317335,59.291679135917676,1302.0765711320848,1291.6694641161428,1321.5801598814303,1299.7569584698467
2024-05-20 00:02:02.340780,122.3407802600867,12.971245301992079,77.59435858398619,19.853274517718145,5.711582362631504,-0.32477241909007704,4.027842995361837,6.996511230935766,-1.0327088947608065,1.5663248385040578,0.1740113156529926,59.30691148594249,1309.4685405784248,1289.6204119382141,1302.5563214025135,1296.5748077741223
2024-05-20 00:02:02.440814,122.44081360453485,12.971242401472013,77.59436525168901,20.764142631342303,5.857306745708174,0.0972433083500847,-1.5788794587174664,6.067154103819789,-1.2062607665289355,0.9373989261899517,0.007509164982224814,59.00529849453611,1296.660639757306,1294.8153049028092,1290.6349585656185,1300.349814192823
2024-05-20 00:02:02.540847,122.540846948983,12.971231203364562,77.59435414375201,19.53739333224616,5.577871358466531,-0.18981715122016574,1.3676518198518153,5.746229280392716,-1.3681825871382474,0.43020504886833066,0.06471255771629417,59.22977527093353,1295.8398531967325,1295.953426774945,1292.8607208336452,1292.9637901380747
2024-05-20 00:02:02.640880,122.64088029343115,12.971223488164355,77.59436902718966,21.037764202503055,5.4529989373548196,-0.1404250196895064,0.8424886264465101,5.519484005107662,-0.11373615060042556,-2.358708450111928,359.956089110742,59.24863317973503,1305.3871093238124,1306.4003032996113,1312.6249533918035,1291.9721027068454
2024-05-20 00:02:02.740914,122.7409136378793,12.971239749824754,77.59436040356336,19.705947242172105,5.6394242583906475,0.025584273792306655,-5.6214196479068335,7.962670367349347,0.5207746535721202,-2.143647281750354,359.8068245375582,59.09030864860943,1302.9548995924147,1297.1648814996574,1301.3694651639464,1281.08548837355
2024-05-20 00:02:02.840947,122.84094698232745,12.971250926146388,77.59437152502024,19.913105386649733,6.117482551859681,0.08840412094323846,-1.7232569700525744,6.356179878334325,2.802521529609805,-2.6169092307165926,359.67694091261757,58.99051289411967,1306.8859384534835,1313.3660015294156,1300.5651085684215,1304.471037982912
2024-05-20 00:02:02.940980,122.9409803267756,12.971255253854986,77.59437059915872,19.361180926056218,5.61045057385638,-0.06657039640194308,0.3624750987118972,5.622541725638744,2.325722805953722,0.8620205536920009,359.70521588242065,59.01436878773646,1293.4828826141056,1288.3065346082444,1325.2190797228268,1290.9495775539365
2024-05-20 00:02:03.041014,123.04101367122375,12.971250848726024,77.59435969031904,19.98562457945638,5.644960481944257,-0.23916372635852512,1.7825111415474453,5.924535770881867,1.1590041773487236,1.1604014886224363,359.687851250753,59.30387856475391,1305.8834554186662,1314.2574961016262,1309.5148460400735,1291.0552905614584
2024-05-20 00:02:03.141047,123.1410470156719,12.971267809415876,77.594358374177,19.717802028066377,5.653685705597848,-0.07699941650518566,-2.885137204575827,6.347763988764169,1.5516994046243378,3.3008715700565276,359.80089618497834,59.00718087907323,1300.484394098079,1278.842894377289,1288.302194138076,1304.675375453593
2024-05-20 00:02:03.241080,123.24108036012005,12.971269769477466,77.59434641838338,19.40840473192537,5.1461148367823695,-0.1035884468737304,3.661611743565345,6.316694471026202,0.038774652144493514,-3.273547580683992,359.72775655619085,59.04159495076071,1295.9377641574958,1326.1433217593394,1295.6862008666212,1302.525330420363
2024-05-20 00:02:03.341114,123.3411137045682,12.971271523513174,77.59434612402708,20.450368565625304,5.588051848718008,-0.14118787182638257,2.939086865519826,6.315416778185171,-0.5287412920609894,0.8363031303660878,359.80169089477295,58.737771995605954,1302.0407436366804,1306.3334166960137,1292.8478146923346,1310.3420394146337
2024-05-20 00:02:03.441147,123.44114704901635,12.971280738496487,77.59433096916383,19.996418109488523,6.130622909632786,-0.2669960515970837,-1.6558525563297621,6.355916286420598,2.093161801290282,-3.12176279718107,359.7399468766182,58.677951056342245,1299.8146831496874,1302.2549271361122,1299.9105377147246,1289.5225648624719
2024-05-20 00:02:03.541180,123.5411803934645,12.971282594338955,77.59433905118243,20.119087627379933,5.988625318495897,0.2337420606392674,1.1075740839105208,6.09466889236751,-1.0330044137054988,-1.2796447735453984,359.8205856740347,58.74342770693803,1312.0375493961749,1297.0989015506557,1308.6639582689625,1307.2316800411513
2024-05-20 00:02:03.641214,123.64121373791265,12.971296621891236,77.59434738288634,20.218006789163855,5.543202179038893,-0.13880208182422507,1.1548124574169947,5.663916333017795,1.4914232730032604,0.4587922836349728,359.79939370726544,58.84369341767476,1317.9788228380662,1286.0128175168493,1314.300333776777,1286.708971246927
2024-05-20 00:02:03.741247,123.7412470823608,12.971298774377338,77.59435901658115,20.350127132031552,4.812693392891514,-0.3120467898774103,0.13618981716430767,4.82472160433674,1.3699000166799553,1.5100562895741696,359.9774001220179,58.850885663884384,1302.1471428836485,1306.548917918328,1307.6723721381215,1299.63345900576
2024-05-20 00:02:03.841280,123.84128042680895,12.971299657000824,77.59436028479831,20.24525383494531,5.9569532350643195,0.15650779758931632,-2.1967318092060424,6.351017019110181,1.2083210970009939,0.883446659301812,359.7736438507441,58.947089963411,1289.5796494949948,1291.3584987805366,1312.3596753433037,1294.6814913318503
2024-05-20 00:02:03.941314,123.94131377125709,12.971292202629881,77.59435544959797,19.910634272570586,5.696692031861579,-0.029739036168800106,1.5743997164158117,5.910323086193989,0.7296870570402179,-1.8983842440681877,359.64573027052666,58.67818189886921,1316.6416481883762,1310.0537049534826,1282.4790887172585,1304.037099731829
2024-05-20 00:02:04.041347,124.04134711570524,12.971303126827989,77.59436573629667,20.56023877320801,6.199404512631647,-0.08690807502264053,-0.3387031898514863,6.209258343438235,-1.7391670389708316,2.097605795194394,359.6477681196673,58.7533731148925,1296.2403227734242,1288.1157548354925,1303.5528187213656,1304.8956744080285
2024-05-20 00:02:04.141380,124.14138046015339,12.97129731511479,77.59435863455491,19.842871046858384,5.778211243507296,0.06386439784257035,-6.763353009595804,8.895771341953127,1.513401073234127,-3.16691628239448,359.56641031626447,58.523584946117914,1297.8290595257517,1300.3599816930493,1273.1862986416663,1307.704252026895
2024-05-20 00:02:04.241414,124.24141380460154,12.971291760142666,77.59436628732126,19.207117130741356,5.340210838635126,-0.10221858646285052,5.496516262773639,7.664201945892973,2.4169290825905505,1.5578486777954124,359.50059787849113,58.742875512266686,1291.538215383675,1308.0478433730461,1298.0806614832222,1285.3522462205706
2024-05-20 00:02:04.341447,124.34144714904969,12.97128948555918,77.59435702723407,20.94254085601617,5.087567805643655,-0.060390933925616466,3.114147134104286,5.96530850960553,2.091701210298597,-2.1479867254964407,359.4364245848671,58.48222236203477,1293.8131688924573,1306.9192687957677,1313.9913263632845,1300.1309474690395
2024-05-20 00:02:04.441480,124.44148049349783,12.971295610950145,77.59434224276097,19.8301542365975,5.495953240867411,-0.30991895621709653,-5.011245173780509,7.444066763333208,-1.0163065381145573,-2.0634760943795087,359.49960836068504,58.54953053358736,1300.0045434218953,1288.5252142226943,1303.1962443651482,1304.0699062716092
2024-05-20 00:02:04.541514,124.54151383794598,12.97132050564966,77.59435981080574,19.93995762685034,5.596496385982661,-0.007099101319782347,-1.9236308093882286,5.917869353608961,0.29863218837621436,-1.5197292073552326,359.5515610625292,58.350894982990184,1301.7646144982912,1289.9952588959618,1290.0330063513504,1294.956966729676
2024-05-20 00:02:04.641547,124.64154718239413,12.971327233064514,77.59436547211975,19.44529978990429,5.854164055131171,0.351315462923025,2.084988189539388,6.224293943042648,2.2475795455040704,-0.5539478361567934,359.51046171808673,58.32659576496452,1307.426215421491,1293.1426063993686,1302.2889164743674,1303.5753376166313
2024-05-20 00:02:04.741581,124.74158052684228,12.971335093811016,77.59436630061225,20.357094310319376,5.42756953613113,-0.2783043409206481,1.5150006994523153,5.641913814926188,-2.341934033170866,0.42461309898108823,359.6156783552046,58.38643565156677,1301.308922594398,1301.5116284358146,1304.0783585594088,1303.4995100381254
2024-05-20 00:02:04.841614,124.84161387129043,12.971329975884071,77.5943809852315,19.74840096351929,5.388466232718016,0.29223095539620936,-0.6765776545586277,5.438632603429112,-0.14960464909656845,1.9628320011160025,359.6796751026975,58.538627704650104,1308.1372077953033,1301.4474804448373,1312.0029516705429,1286.6050641299046
2024-05-20 00:02:04.941647,124.94164721573858,12.971323149305702,77.5943860354871,20.22173365919061,5.076714588152891,0.08970850535733194,5.6644883416543905,7.607069527632591,2.679350636883644,-1.7390900870831245,359.816677126771,58.40589799936259,1303.7230780714037,1317.1412877526045,1295.17456200094,1294.379462268582
2024-05-20 00:02:05.041681,125.04168056018673,12.971292260922224,77.59439696214204,20.881676390325776,5.693699670401613,0.3094575268822697,-2.039250826690747,6.055784328378482,2.0219812702702007,-0.41727162595069833,359.8271100496848,58.23890464728668,1314.4249389448835,1288.7631501673002,1296.1016598647595,1302.9695651216937
2024-05-20 00:02:05.141714,125.14171390463488,12.971287185197546,77.59439233786892,19.81374749846555,5.336858630552084,0.17585350354810447,-3.5066909924970844,6.388260030248346,3.454827336690223,-2.1001204324522065,359.7610555675277,58.13162148836454,1292.1327131010837,1300.4697846390648,1305.3773941074696,1289.0475514325763
2024-05-20 00:02:05.241747,125.24174724908303,12.971283652600903,77.59439476445861,20.180104334474407,5.482208113016604,-0.21732423532933987,-2.698449694764932,6.114202022575269,-2.897895945686383,-4.586312380333572,359.82287118358136,58.35713088694554,1308.8930625186244,1297.689958468325,1285.1735353930646,1309.1862961973966
2024-05-20 00:02:05.341781,125.34178059353118,12.971282552459321,77.59439647099869,19.2738776028807,5.823973080192437,0.02523762581013882,2.9786375481777014,6.5415274225502404,3.078113945768572,1.4835450053982755,359.6786800319766,58.10611077689115,1289.3240566020713,1298.031754722531,1287.7235851642351,1289.3869959168364
2024-05-20 00:02:05.441814,125.44181393797933,12.971285878007617,77.59440263601519,20.77603048616051,5.699655240074432,0.0718632330300748,5.037633183165056,7.607166507188808,-3.3451774290176335,1.1203754682949731,359.7741716363244,58.229679688177185,1317.7202852761427,1306.574254343367,1292.7398579337503,1307.2391167539706
2024-05-20 00:02:05.541847,125.54184728242748,12.971290862754529,77.59440151763889,20.281740193710657,5.286578104686291,0.4840319837842544,-2.7965152527482644,6.00022437723193,0.11361982528121126,1.9727702238845206,359.8613961111963,58.13357595812972,1300.8242755858491,1296.9619354990011,1292.3424361384891,1292.4850700645036
2024-05-20 00:02:05.641881,125.64188062687563,12.971286941402008,77.59439980079448,20.216540939095168,5.0184547824173675,-0.07570529654432426,-0.7306556886855162,5.071930345588465,-2.5920955477129652,0.5045294906808372,359.989424342027,58.00167384512009,1298.7973266612262,1313.859949671606,1288.8965472036111,1293.5495768335877
2024-05-20 00:02:05.741914,125.74191397132378,12.971291449804223,77.59440302242974,20.1355603293521,5.114634078569651,-0.11547089867861451,3.919862876616193,6.445008941621528,2.811122738064661,0.9159550678482716,0.028265778764288554,58.212253707262946,1314.0923064226045,1316.3750042113886,1306.3924896733092,1292.7499205643214
2024-05-20 00:02:05.841947,125.84194731577193,12.971297266001395,77.59440396944173,21.000774925747294,5.239968070175903,0.116432722436203,0.23354607363293667,5.246462210273342,-1.5510914088369983,-2.8165867717887973,359.97316868387696,58.190354139029964,1318.266931804201,1306.041047508827,1300.2226448354063,1295.088367857384
2024-05-20 00:02:05.941981,125.94198066022008,12.971304432693069,77.59438586726493,20.182285119008572,5.8866569700569755,0.01576029267040266,-3.075348045669543,6.6415919983049925,-0.05521742933659671,1.5216973034642265,359.9108230581012,58.00212040217117,1309.8000220241333,1302.016636292431,1287.2715681507395,1292.643788030756
2024-05-20 00:02:06.042014,126.04201400466823,12.97130397271605,77.59437788478802,20.38550022504648,5.812764154758262,-0.16780615132986187,-0.4487288007659629,5.832473194100726,-1.0849572326920656,2.526279527559302,359.9507798502966,57.87364038687462,1300.8517336233685,1294.5574669519376,1299.0378290800575,1309.2196868764045
2024-05-20 00:02:06.142047,126.14204734911638,12.971309179310166,77.59438526566723,20.09250943362692,5.294174337510894,-0.5712328048829639,-1.4339283299028125,5.514593302196567,1.4122856071091812,-2.215434953235525,359.95469514731565,58.11120893202599,1295.5222356112906,1313.506532690291,1303.4018677013594,1285.3348768673864
2024-05-20 00:02:06.242081,126.24208069356453,12.971323742957924,77.59438238876959,20.098618931968225,5.456796612514514,-0.10928476831495458,-1.1523649380035579,5.578218118832884,1.2929700437310645,0.2210361403727208,0.05249523193057171,57.99182661958878,1303.3723163767502,1304.1212329317625,1304.3799350579882,1310.348985043155
2024-05-20 00:02:06.342114,126.34211403801268,12.971344090793854,77.59438047506167,19.861959596080357,5.643595928995589,-0.33813042160024565,-0.7329516595602428,5.701028444679018,-0.580067264925249,-2.825696911167716,0.2024263278319377,57.90677791548607,1288.4177982373903,1289.0684853132032,1305.384353005595,1310.9965630889237
2024-05-20 00:02:06.442147,126.44214738246083,12.971350736488235,77.59435773832408,19.95197972031896,5.503458307635836,-0.27066699024182816,1.9576089669824057,5.8475248465570795,0.5178944047693297,0.12136142119036179,0.14015880140644119,57.90118887661623,1320.458611474864,1290.334171403701,1309.3119526552252,1307.0884406091097
2024-05-20 00:02:06.542181,126.54218072690898,12.971349229807522,77.59435464480903,20.253611940258235,5.60475324307208,-0.05338040403874346,0.5305218238987948,5.630058773129748,2.012736677978743,-1.9271465754941255,0.12831323535287825,57.7609420314683,1307.3931096845595,1299.4045415337853,1298.0484650945218,1291.5473814166037
2024-05-20 00:02:06.642214,126.64221407135713,12.971358237614364,77.5943536346695,20.05811946501362,5.179201179809772,-0.22502153351387424,-3.929260189365081,6.504909314296179,0.11089846765386702,-0.6752628442239693,0.08893213976103129,57.68096001939881,1304.2131290351504,1318.2250543685423,1308.1649693517722,1301.9049872025166
2024-05-20 00:02:06.742247,126.74224741580528,12.971369852016949,77.59433238400946,19.467497864359913,5.618357564164297,0.5951474927917593,0.25092541576459837,5.655360803808642,-1.018316836169725,3.362523208109802,0.10294813426893046,57.81495733928753,1300.8479073588173,1284.0822145321686,1304.1348561504085,1280.223755838812
2024-05-20 00:02:06.842281,126.84228076025343,12.971366420620091,77.59432385408921,20.108321282105567,5.615049506710012,0.029367585967332188,5.540252344248259,7.888221564830581,-1.692674724127859,-0.6478749119147449,0.017658382254155808,57.761348825126056,1298.0721622323883,1311.478665654866,1322.5228601212802,1299.335595097317
2024-05-20 00:02:06.942314,126.94231410470158,12.971368184507213,77.5943177489154,20.575917806523627,5.591480884662931,-0.23147827015329409,3.213996978384529,6.453527504409429,1.1848668756272576,0.9176780225664041,0.0029096094820781817,57.62629195160889,1292.2094010225526,1305.2792417251353,1300.855551644894,1323.2812135820682
2024-05-20 00:02:07.042347,127.04234744914973,12.971354677980948,77.59430734412625,20.751335015693673,5.533185771967776,-0.0732243512558162,-0.20209750375127555,5.537359478464981,1.4501649997387989,-0.7272816010134947,0.08002190486572573,57.67205804690828,1298.8595741031795,1322.436475053118,1296.5670897619045,1310.6869928712865
2024-05-20 00:02:07.142381,127.14238079359788,12.97134501267172,77.59430621900245,20.5354848281139,6.073986452025116,0.18207472644784506,-1.6058039748449886,6.285305802506643,-2.8918383661520592,1.5554814428360633,0.16301546971619302,57.7360840963397,1298.5654449479248,1313.0745374167611,1295.2057981815622,1293.4021460529164
2024-05-20 00:02:07.242414,127.24241413804602,12.971325114726437,77.59431579473426,20.430067131429926,6.024396663629436,0.3075304308435735,-2.7502321158019214,6.62960834570434,-1.0112125525896631,-0.2309525016008295,0.22926587572187623,57.475162499419035,1287.2395624111336,1289.0597531859103,1301.634202287241,1303.8155277714272
2024-05-20 00:02:07.342447,127.34244748249417,12.971335515678689,77.59432525287889,19.985254995009136,5.079176565938427,-0.07615509346941897,-5.3784030683099076,7.3980439138629634,-0.5258471270825525,-1.2843360039853289,0.4049297535225839,57.61018826702681,1304.4423911371648,1299.4383600282115,1300.1197184046182,1298.3859151312488
2024-05-20 00:02:07.442481,127.44248082694232,12.971334144618481,77.59433882972272,19.354027838003464,6.157512731329456,-0.1403198513701604,2.8189347587865967,6.77355489174393,-1.1536517938638167,-1.5329921438293945,0.5001284655429094,57.50557701215618,1295.3347002549867,1282.053028478575,1299.328951502232,1312.8885558468892
2024-05-20 00:02:07.542514,127.54251417139047,12.971329413867362,77.59434465427908,20.54922993841426,5.627961586911717,-0.22679802451596176,1.6206733108704015,5.8610554466107745,-1.873961986981211,-0.9972015942893455,0.5831182517599873,57.45466282906745,1306.5838227546055,1303.5550417200743,1286.1067781117063,1300.0945776142205
2024-05-20 00:02:07.642548,127.64254751583861,12.971339709251886,77.59435016800525,19.67827058109191,5.399511461921041,-0.02032266822523064,-2.2704200718298893,5.857469107116873,-2.148869308829645,0.8560199474778614,0.5403491271706405,57.55422658077631,1288.51399954936,1291.572304424951,1313.9279081314587,1298.9794653013312
2024-05-20 00:02:07.742581,127.74258086028676,12.971353349887822,77.59433493578517,20.094994512239555,5.497974520194755,0.14710351455095813,4.2562655678613055,6.9545064420752185,-1.6024001708040863,2.486786139866125,0.533356988434459,57.5443773982533,1297.9131885552954,1294.1898784785267,1306.316517331927,1310.0751626019717
2024-05-20 00:02:07.842614,127.84261420473491,12.97136661672925,77.5943333147518,20.529807540317247,5.252403303645503,-0.33418586193680194,-0.5762243465379129,5.294474020335512,4.036800624142165,-2.341700953750716,0.5450891654192861,57.37353605621694,1302.710591297826,1300.9338946919208,1293.2738283437384,1300.8765950030088
2024-05-20 00:02:07.942648,127.94264754918306,12.971386222710526,77.59431420924004,19.979711215166283,5.933136824682719,-0.10627656190577028,-2.075096057860705,6.286448197302327,1.212503133172586,-0.8563104224093694,0.5887168430241977,57.34503469881918,1295.1418543448058,1298.1544352052279,1298.9446161204507,1288.6229042855502
2024-05-20 00:02:08.042681,128.04268089363123,12.97139991692495,77.5943132281993,20.114649942879357,5.334797494222645,0.07371823942143485,2.196001508027692,5.769568554618924,-2.272941350903825,-2.563936375483901,0.6987014077120536,57.28746987099106,1309.782497875115,1289.262659784737,1305.3568855982787,1300.5560146464907
2024-05-20 00:02:08.142714,128.14271423807938,12.971398061790252,77.59428843108654,20.419057965688673,4.957476429617772,-0.19656806609856303,-1.5635237732598313,5.201905241771919,-1.7088184644874502,2.5439949010353895,0.7073346773125834,57.227271218961,1301.6063733063588,1293.656571250623,1311.5569628678238,1271.2856319432724
2024-05-20 00:02:08.242748,128.24274758252753,12.97141193197476,77.59427472778154,19.801840918552614,5.674882325879551,0.2762086385358017,-5.0368461199740295,7.592786014427072,-2.3997189343656395,1.3239135477795732,0.5954946750965064,57.262886863317,1306.2074531555509,1303.3385512365512,1274.180004452743,1304.2246681168313
2024-05-20 00:02:08.342781,128.34278092697568,12.971425441625952,77.59425661929569,19.411352839985295,5.561379152829009,0.2546982506074961,3.5868898385543275,6.622657170223136,-1.77346081696217,0.09684612945747767,0.35907289109670504,57.20327261835259,1301.0273532884012,1294.295669471226,1295.1701436982692,1289.2246619706555
2024-05-20 00:02:08.442814,128.44281427142383,12.971425456518402,77.59426250576838,20.51945809198796,5.7761982852392935,0.34495385701419123,1.9390013701653999,6.102719566502595,3.7246200824395954,-0.33194698004917483,0.4779934248919283,57.224806503348624,1303.6571799972132,1306.7158948573967,1300.5679586243511,1283.6564353410022
2024-05-20 00:02:08.542848,128.54284761587198,12.971427966417444,77.59427312408609,19.799282423879674,5.568032492125319,0.3701005625412055,-1.9132056185831772,5.89917926484141,-2.5245600746636567,-0.12024635450664477,0.37359234937561503,57.05444838521695,1303.461172811824,1316.3967185683555,1301.2619540653138,1312.4376875591315
2024-05-20 00:02:08.642881,128.64288096032013,12.971424935202542,77.59428183727378,20.13668937870023,5.281901813923135,0.1909938365215946,-4.773301291391675,7.121753340008005,-0.23380541496922755,-2.467118910901273,0.2897912522542719,56.97878942242946,1303.6652922321753,1305.809857893007,1297.8678306289885,1298.3077852469867
2024-05-20 00:02:08.742914,128.74291430476828,12.971430450423243,77.59427819167786,18.84430383940651,5.573573444740896,0.3147269775136587,-2.4884505329031015,6.111968591951492,1.7119675435460222,-3.6911276988211204,0.2606127881757482,57.063248749160046,1303.0992426965029,1294.4280361864585,1280.70308660498,1307.4906201863218
2024-05-20 00:02:08.842948,128.84294764921643,12.971424103902889,77.59427712593103,19.638833320100073,5.89595348503784,0.024289572071708378,3.7326344494953076,6.978210187046562,1.5928697171045447,3.1269188949719298,0.22079453062429527,57.037288040097984,1301.223644176662,1297.8879677585571,1291.4398951686692,1310.0178687981652
2024-05-20 00:02:08.942981,128.94298099366455,12.971407446980654,77.59429001749896,19.59107965457743,5.8820031164539754,-0.15600405621598623,2.6150695639228445,6.439012870905426,-0.4284497408453496,0.12104856827829105,0.20081534990085692,57.01570998622495,1287.9260004352498,1298.845969201444,1305.4668261943716,1303.776482302341
2024-05-20 00:02:09.043014,129.0430143381127,12.971408550535218,77.59429345619726,20.16202162898771,4.914541894096978,0.23179161847988344,6.0115439860606585,7.768211536742155,-0.3308475410147293,-1.5831610645836307,0.22558483493767273,57.08800551429417,1301.4364690003854,1284.3362066032619,1309.2733491744264,1297.4197595263086
2024-05-20 00:02:09.143048,129.14304768256085,12.971401495850511,77.59429670554745,20.79378935502305,5.481467065257239,-0.0636371288601024,-2.5678593313685383,6.053464497076517,-1.1888009497341667,-3.017150964987487,0.35463268707696094,57.04609937511032,1320.8930086285923,1310.4608917825794,1304.4533274772014,1312.4395271951735
2024-05-20 00:02:09.243081,129.243081027009,12.971401384074488,77.59431717129736,19.648278515009338,5.488683765116802,-0.17596319073493552,-1.5704398221176774,5.711645450554802,-0.6309150760384516,2.860323315516174,0.27979777397100947,56.8586386634982,1289.04903452056,1310.4383766387225,1289.9253879841292,1289.8732962957124
2024-05-20 00:02:09.343114,129.34311437145715,12.971389043138574,77.5943265766893,20.479596659701073,5.471391868462615,-0.0973457443560012,0.19925808840480386,5.4758843083120174,-2.9067305582240843,4.2202956627149515,0.3339857221349863,56.88778629700454,1306.455963835125,1304.6115799019428,1303.5773117794597,1295.623819136709
2024-05-20 00:02:09.443148,129.4431477159053,12.97139680094231,77.59432518350671,19.688143420992294,5.501527081907221,-0.25206306708959153,-6.027235974653763,8.16442952795293,2.389860822644243,-1.0570481770992177,0.21461946317695102,56.90055510885665,1297.061928544896,1303.8062855111252,1293.8210517728644,1306.0757197562464
2024-05-20 00:02:09.543181,129.54318106035345,12.97139751161068,77.59433520090849,19.273747515055433,5.716976790628903,0.05638461025069988,4.364900486076621,7.193007653423886,-0.48509492031750945,0.2502557353630908,0.12446126590224893,56.7232950855323,1283.8900080872027,1289.042801538962,1278.3706341116745,1303.0314574172844
2024-05-20 00:02:09.643214,129.6432144048016,12.971395041667357,77.59435665010557,20.561414608603492,5.6599956210185,-0.4676121940394376,4.653565436154963,7.342334973463081,1.4902495505742381,-3.17686277074386,0.15376619558713062,56.909465173267726,1296.3229886759927,1307.929180036899,1315.7366597679056,1310.1011408883987
2024-05-20 00:02:09.743248,129.74324774924975,12.971397322493331,77.59434856097646,20.20477094342922,5.872727738465154,-0.31030584964742514,-1.3986989056348733,6.044963146214181,-0.0006686733548961104,-0.1724873845976116,0.055726831652561204,56.62417227295366,1291.0777906351748,1287.2538924262371,1308.444550746262,1302.4693022820154
2024-05-20 00:02:09.843281,129.8432810936979,12.9713871823578,77.59433837568271,20.281581549790246,5.3939814747644474,-0.057787877460949016,3.4094868170039945,6.381455628946072,-3.562989250050192,0.15019655132409113,0.1505633070543162,56.64506032887803,1304.8050949956762,1303.6702164332503,1303.9846097920845,1294.029376094491
2024-05-20 00:02:09.943314,129.94331443814605,12.971350634426111,77.59433186674033,20.886895681742793,5.556507496889393,0.050555839827040566,0.08014474214658662,5.557315416243925,-0.8871281059682525,0.5419210593338879,0.1784554329412787,56.84810066850878,1312.4762977593068,1311.2807895210738,1312.9028661396585,1313.0799635821597
2024-05-20 00:02:10.043348,130.0433477825942,12.971352464876636,77.59432596409579,20.297615842983962,5.626269308467899,-0.09691980014133844,-8.10120210723234,9.86376071086951,-2.612350480254233,-2.199650974145696,359.8880080524803,56.83144134999471,1312.8858922642503,1315.3181924234573,1296.145601623747,1297.6147767370564
2024-05-20 00:02:10.143381,130.14338112704235,12.971354130258812,77.59432943439562,19.266115000069096,5.302214175938724,0.12559465205340029,1.231726326548582,5.4448506800152785,1.0536316875150136,3.532008461881651,359.9304040055552,56.56675273516231,1282.6079526861417,1307.7659894628093,1298.2295209983095,1289.3762070575344
2024-05-20 00:02:10.243414,130.2434144714905,12.97135795422729,77.59433759047667,20.54404325076294,5.680005498466881,-0.1973305703997529,4.575192259565142,7.296148712068106,0.9745949060972778,-0.858430969060915,359.7339089822804,56.72110621434019,1299.972505683976,1307.7464992567168,1321.5274904826142,1300.6980144588886
2024-05-20 00:02:10.343448,130.34344781593865,12.971354185463685,77.59433802208787,20.181458566504272,5.262519470842211,0.10312176717269664,-2.868035382715817,5.994194878077294,1.3857786981460114,4.673827788856217,359.8998343242094,56.56117190573144,1311.011638225356,1294.8907302138875,1319.0008257641641,1312.7252027836612
2024-05-20 00:02:10.443481,130.4434811603868,12.971356395751402,77.59432379302405,19.970244908105553,5.7577780190620915,0.09338208773206232,-1.5288222164573284,5.958021928512624,0.29023099637544253,5.404688022938529,359.9469907621949,56.50981226360118,1297.6885718631065,1291.7855669093692,1291.488382349674,1292.5620567802064
2024-05-20 00:02:10.543515,130.54351450483495,12.971349928490389,77.59433280696182,19.875592167746554,5.410685571146766,-0.2976321448638603,-2.160201278242539,5.83357290226091,0.3991475523198794,1.8730644219650683,359.93132755455554,56.390290410674474,1310.1787157819078,1292.5659658434754,1293.216907168208,1300.380509678535
2024-05-20 00:02:10.643548,130.6435478492831,12.971351219331783,77.59434162816382,19.538060591018013,5.854308824793388,-0.2605170476863192,-2.531051528808163,6.383339470032209,0.889287704492607,3.1673682777301417,359.7697814180455,56.481050871597,1292.0898248098742,1306.3059695069064,1292.644278919502,1315.2607105441507
2024-05-20 00:02:10.743581,130.74358119373125,12.97134036748534,77.59434652709763,19.369213068951986,5.892586580083433,0.28458521877420023,1.332820056461557,6.048138114612655,0.0018951132052711177,-1.0272095829089867,359.61545409982153,56.45559549130757,1299.4467999470367,1275.4990524727652,1309.873913355899,1294.1039147440335
2024-05-20 00:02:10.843615,130.8436145381794,12.971363241752288,77.59434492040297,19.804713486608858,5.770212921014302,-0.028119545374865176,2.4452944016586855,6.267025815604704,-1.0696955848208303,-1.9445119579647883,359.4716325083515,56.47044317598978,1302.4438453317196,1288.5338390977765,1309.6751353814968,1290.1722552375256
2024-05-20 00:02:10.943648,130.94364788262754,12.9713764327814,77.5943465107425,19.8584350232685,5.488077472747417,-0.06756854915473537,6.033230304291493,8.156189536807846,-2.759757699634763,2.129722344324164,359.3220664748336,56.448994403395325,1281.1834991178405,1294.6336593505355,1291.120935538103,1311.631517955183
2024-05-20 00:02:11.043681,131.0436812270757,12.971393883990569,77.59433070758759,21.01176189693727,5.6773914369037275,0.05190221157444574,-0.4647276513615992,5.696616465704372,0.9722304756350292,2.883474869036755,359.3547079640801,56.43485118268647,1311.7351997195306,1291.940827257234,1307.4758335967172,1310.2163482057845
2024-05-20 00:02:11.143715,131.14371457152384,12.971386977395538,77.5943470614615,19.765458500822028,6.0677527009737355,-0.5051977553243195,0.43265285414553034,6.1040999421994275,2.2758062423405474,1.7226764436860662,359.30351503231526,56.13284287596064,1295.89760876578,1297.195472776435,1308.3464272430488,1298.9823157637654
2024-05-20 00:02:11.243748,131.243747915972,12.971385257708242,77.59434858140153,21.0983213209077,5.852586765657669,0.11330894303686284,-1.6517026457176058,6.082247314602882,-1.1327824463515268,5.031772855573084,359.3402933111708,56.34753503639631,1292.3831274099023,1280.6503699969185,1300.3429991881287,1305.7900922636256
2024-05-20 00:02:11.343781,131.34378126042014,12.971393671824423,77.59435091839458,19.43500782145205,6.123779038373774,-0.24104586866632444,-10.663638066291625,12.299266223254577,0.9725045366756407,-0.07362474467942993,359.2924151737105,56.289373826196815,1311.3682043074753,1300.3232897736573,1310.838660702704,1303.6396611870387
2024-05-20 00:02:11.443815,131.4438146048683,12.971403018356352,77.59434966034674,18.964882561396195,5.943996479322268,-0.15797634465426702,4.213910143235097,7.287872760066923,-1.1758521738419887,-4.8548221221296615,359.2787817118647,56.29607947114452,1291.028814525751,1300.8488988444285,1295.966113597404,1301.5126360154143
2024-05-20 00:02:11.543848,131.54384794931644,12.971403398693443,77.59435504657043,20.278070871115627,5.792633285700315,-0.23381364970851878,1.1477701308716206,5.909876942772524,-3.5220306375444914,2.2861434938221765,359.10961629048876,56.11653055871539,1299.0937484246626,1299.4106781592238,1302.2360257992505,1319.9509494440467
2024-05-20 00:02:11.643881,131.6438812937646,12.971403976642176,77.59435797426336,19.194513131093753,5.573710050856768,-0.32340145824147326,0.8764359292499506,5.651457526363857,2.958100199374838,-1.111661432167206,359.0053331600592,55.99638671205044,1293.5918569909888,1295.4896335729065,1302.3562627620545,1281.0003982493552
2024-05-20 00:02:11.743915,131.74391463821274,12.971415901243702,77.59435244651512,20.453416505510415,5.806277750317101,-0.27222304943366404,7.349331733343661,9.370146403829692,0.8362258359664091,2.5942850213637847,358.9081301393719,55.938930206846045,1309.0904121369172,1324.208093413854,1296.337732299726,1297.2796280494438
2024-05-20 00:02:11.843948,131.8439479826609,12.97142664161558,77.59436095667556,20.66486959658432,5.759591262620195,-0.16308122404597314,-0.7014264807854573,5.804436760447503,1.041222809322362,-0.18635641000570957,358.8441991805127,56.07408707343061,1301.9251473288707,1293.6562539039066,1289.2728418335146,1294.3596964822873
2024-05-20 00:02:11.943981,131.94398132710904,12.97140928620046,77.59434860405926,20.313084431995485,5.921004191858565,0.25109081408422435,-4.450990974656435,7.411656892584627,2.027334021505544,1.5332151796044629,358.8030283014481,55.96843546471968,1299.155355378059,1307.427034972864,1289.7017355246214,1301.1557133088877
2024-05-20 00:02:12.044015,132.0440146715572,12.971407828491063,77.59434817683959,19.774374569977496,5.974095329239079,-0.3751824473268659,0.7211440380889229,6.029147999119739,1.0777792973229634,-0.9204026553852435,358.91310126644026,55.92717239614096,1295.4128036601753,1292.9227780224824,1308.6718942724947,1302.2607391500155
2024-05-20 00:02:12.144048,132.14404801600534,12.971401847822264,77.59432693267765,20.457361331913244,5.568829769280488,-0.2007052930247785,1.0898993555193925,5.678030311563537,0.09093855366929567,0.8287109749660644,358.98871877840924,55.85388805440897,1300.1304187266535,1300.0469516556666,1288.47953018424,1304.1588927692317
2024-05-20 00:02:12.244081,132.2440813604535,12.971401744952365,77.59431387912046,19.99242712526647,4.93083258471296,0.015042351228737386,2.5832339209379,5.566545943498695,-3.195191339223445,1.0633712970386655,359.0924943990314,56.01281736368582,1304.7042302060615,1314.4450945289216,1303.4946650445165,1308.3430949118647
2024-05-20 00:02:12.344115,132.34411470490164,12.971404343349779,77.59431481961846,20.974180389119894,5.487763861462114,0.19769120820972375,1.4421977394721068,5.677549500683499,0.9822914541235735,0.7023115543917339,358.8018789733487,55.93363069836295,1319.2547623258977,1295.8719791722124,1317.6480576982676,1304.332572049867
2024-05-20 00:02:12.444148,132.4441480493498,12.9714110285614,77.59432081894151,20.280962851736383,5.977268960242434,-0.19132183545981196,-3.114944857751567,6.742939250403662,-5.580949072678201,3.5472007779604766,358.67879371207164,56.0395967906999,1303.0351997861214,1311.9347592736053,1295.7292072502432,1301.3897753260878
2024-05-20 00:02:12.544181,132.54418139379794,12.971435303367906,77.59432313046894,20.350983685334985,5.628742874156212,0.23381031061595361,-2.693459329584286,6.24436840399726,-1.4076052029809685,1.4884531776997572,358.60305521957184,55.84836418261199,1312.4503206296188,1303.2888508193453,1293.845082903973,1298.7468949303316
2024-05-20 00:02:12.644215,132.6442147382461,12.97144396739232,77.59432016284713,19.74209136198961,5.7804505599068765,0.05083114262048075,0.7030689246709869,5.823272138018782,-3.1207483996871104,0.3200814080877747,358.4013794834611,55.74041128136112,1290.826316688571,1294.4975846068605,1295.9936191504157,1287.5849076418633
2024-05-20 00:02:12.744248,132.74424808269424,12.971442802632536,77.59431252675837,20.49164435715979,5.443517656572752,-0.035655869965135,1.0463244741270472,5.543279780386293,-2.179329579135423,-1.9015501736500915,358.48462454642055,55.5539587096251,1305.0322253326885,1313.570544780718,1299.4935421456616,1303.0031449011426
2024-05-20 00:02:12.844281,132.8442814271424,12.971437821671476,77.59430946141006,19.95142603503937,5.866779685543,-0.001789372609068717,0.22306584193968604,5.871019115144715,3.388530204123202,-3.530444313927609,358.20224661475305,55.77302515906363,1303.94588786949,1301.6339811771672,1300.1343887230748,1304.1489209435442
2024-05-20 00:02:12.944315,132.94431477159054,12.971426055432621,77.59430490850153,20.536272401562528,5.481476250556958,0.2880951410676566,5.07314420044591,7.474381096401543,0.21331536543638904,2.422466327371379,358.13604160158604,55.65286875526516,1310.6269558034967,1312.1728470701448,1323.2075435250738,1288.8460649074539
2024-05-20 00:02:13.044348,133.0443481160387,12.971415920297789,77.59431025159633,20.966393197516048,6.367252283334815,0.11123195646761681,-2.6848171917487065,6.911043158661465,-1.9204926280380887,2.3930806172246535,358.27541483881237,55.743298978783486,1296.2127787377426,1290.9011903901337,1287.010391144881,1300.7770138771787
2024-05-20 00:02:13.144381,133.14438146048684,12.971438290600496,77.59431466215119,19.999129915717504,5.341330746142576,-0.050722232363159696,-0.7509298474481341,5.394097006944943,1.52157440114214,-0.3430946725714525,358.42187315732303,55.81365209281171,1285.2710135257096,1308.0895318404598,1279.7684470487875,1301.1473929346814
2024-05-20 00:02:13.244415,133.244414804935,12.971462317516341,77.59432862550159,20.816157149343695,5.4512314077033,-0.438634307159671,-1.4298788672736862,5.652687634287272,5.15791877330298,-1.2734119638811068,358.43715921710333,55.667622519642265,1300.8998248576213,1296.8507700553102,1298.1650360853575,1303.5400482045907
2024-05-20 00:02:13.344448,133.34444814938314,12.971480932193566,77.59431697911978,19.713058785219264,5.507092612470037,0.08192119006633454,-4.324161572948412,7.002367701903951,0.5243982776540763,-2.0947101569342634,358.5488354397528,55.52825414966971,1289.8908886535537,1292.695150509687,1316.132269727425,1296.638918819955
2024-05-20 00:02:13.444481,133.4444814938313,12.97147564867065,77.59432030905475,19.951036461191293,6.026988163650768,-0.10830635211362882,-0.5368845788482446,6.05182300151778,0.33064836410456594,0.11483597914719237,358.7007161094932,55.41839747038293,1296.0422361550015,1286.5970325947706,1297.2206649033164,1308.1202791078565
2024-05-20 00:02:13.544515,133.54451483827944,12.971483439766162,77.59434255602575,19.605646065209612,5.868251584989384,0.20029108127301276,1.3324048916998237,6.020946435353295,3.647377258795832,-2.288433480665316,358.6569029277576,55.447521021349225,1297.5955200099022,1313.7727618705583,1291.1608657586855,1289.4681087717645
2024-05-20 00:02:13.644548,133.6445481827276,12.971481050297783,77.5943335487819,20.217606296142907,6.114347299102532,0.1688897874547241,1.985897460847383,6.430984013302242,-3.0228191623447658,-0.1709604600665045,358.7299915274437,55.50681302335044,1297.7978995793126,1296.209806967127,1296.5486783266565,1308.3629509237544
2024-05-20 00:02:13.744582,133.74458152717574,12.971488129584781,77.59433517127617,20.002957994688916,5.404487489455453,-0.05789598207880886,-0.7409239001988936,5.455346477934038,0.20073148646448744,1.8437918796148354,358.6992970914745,55.40395551876327,1299.871435153121,1312.672138063898,1293.3751708006146,1298.3822292777274
2024-05-20 00:02:13.844615,133.8446148716239,12.971492123052036,77.59433276416439,20.069372104705984,5.742407470019989,0.0764169731895566,-0.8246508654197839,5.801821451524549,0.425532030182883,-0.46305737262117164,358.8897658687562,55.3207281785324,1279.6487903803727,1304.8650233978606,1307.0274996027363,1299.9031609742779
2024-05-20 00:02:13.944648,133.94464821607204,12.971491865799187,77.59434353201178,19.837972826548913,5.20140512351042,0.04485450564431688,-0.6243097924039063,5.2389302250028535,-1.5283689156370612,0.5600097957721153,358.94645703830304,55.47080111261111,1294.2443735721383,1301.2098201363817,1303.158239809245,1309.027836330179
2024-05-20 00:02:14.044682,134.0446815605202,12.971507901760376,77.594336654287,19.944468511694197,5.444825691188241,0.0849436444918405,-0.6375525624525267,5.482683239076724,-1.1801848573006026,-0.6410619450951672,358.913358552247,55.35105638994002,1311.6566597148328,1297.1921966957757,1317.2734040127275,1317.8060500781341
2024-05-20 00:02:14.144715,134.14471490496834,12.971490649561325,77.59433295113938,19.710419796381686,5.330626120350431,-0.07436828536409747,-1.1554083756765863,5.454912830780515,-2.3619697277419536,4.066827181235765,358.9175146230459,55.34671004212143,1300.0375920913991,1305.0783079955443,1288.5345764917104,1283.5729443030955
2024-05-20 00:02:14.244748,134.2447482494165,12.971492456340425,77.59434721474356,19.71330978364953,5.160209571732345,0.03179374304188571,-0.76607218184418,5.21686114958892,2.2318365542599543,-1.566803662201282,359.0960075265629,55.28619081579531,1294.2196235205572,1295.698716077234,1286.5639044075926,1295.4251890383255
2024-05-20 00:02:14.344782,134.34478159386464,12.97149930351379,77.59435742347594,19.557154271504555,5.447276751291854,-0.13244068238776804,1.4628995825888467,5.641847191147124,-0.9530585799866866,1.4354844486092169,359.15720171566505,55.23305880546683,1305.136566750101,1302.3842233723803,1312.2652692749207,1299.9784301182403
2024-05-20 00:02:14.444815,134.4448149383128,12.971485001902122,77.59436966153211,20.00598725932586,5.441276259756181,0.12287625000409758,1.22267152213702,5.578307230589415,-1.086919463439303,1.848986723481004,358.97097731175546,55.17488652930256,1283.373637322994,1287.8204397089105,1302.1326142574715,1297.5274961970774
2024-05-20 00:02:14.544848,134.54484828276094,12.97148144179625,77.59436081213698,19.801770114546308,5.687976541771871,-0.3661430222239579,-0.8145886531253126,5.757663808027601,-1.4011871100880118,-2.893718222065359,359.0551968244355,55.232949426626284,1313.2902965176138,1289.007164563821,1315.6531541169488,1318.7905120487753
2024-05-20 00:02:14.644882,134.6448816272091,12.971477679790253,77.59437558814706,19.843015204682583,5.5061908781651825,-0.08488200834451244,-2.545628263983687,6.066759118386246,0.33376502722795126,-1.8866849342205831,358.9569616862411,55.11477047215926,1293.128618973231,1289.0326739568761,1295.6868277000979,1298.8217681098756
2024-05-20 00:02:14.744915,134.74491497165724,12.971460473398286,77.59438485076073,19.292474696610256,5.664213002592499,0.1540751886049771,0.6631725230742234,5.704984303032061,0.9029085117692037,1.9193520485220126,359.0054755942603,55.21463058779872,1299.6134031194597,1287.551831467256,1295.9025429832363,1301.0899784313804
2024-05-20 00:02:14.844948,134.8449483161054,12.971457391107927,77.59439917261908,19.97569393554105,5.337515364297087,0.17426537558066085,6.670311526201502,8.544734901786617,3.471718707809323,-0.5792706568819573,358.7899736268698,55.032976393767406,1292.9888517549944,1319.8679998960963,1309.483967560106,1283.5421510445544
2024-05-20 00:02:14.944982,134.94498166055354,12.971446523960104,77.59439377306364,20.626981837564212,5.969826959628242,-0.18123680901719122,0.10884677700298084,5.97356914496776,3.3062122017161237,-1.9024916462600294,358.8098614000678,54.99110733977967,1299.4959732301834,1303.4399884458767,1297.3351353741314,1304.098763786162
2024-05-20 00:02:15.045015,135.0450150050017,12.971446675331691,77.59437485447681,19.99747054981307,5.787512961365917,-0.19845322583298475,1.1754112512255688,5.909000048259406,-1.2387136383485606,-0.27750483752188404,358.7616502143681,55.076106873479276,1297.5795031701539,1307.1428369849762,1306.2434936668844,1282.9542632346884
2024-05-20 00:02:15.145048,135.14504834944984,12.97144612551475,77.59438400099401,20.86214247468837,5.528188523854105,0.2377293901799194,1.7357038807506484,5.799142314159949,0.21936627637765796,2.7373710919080696,358.7589537339963,54.992375235885305,1291.5418106710026,1314.943191950851,1290.7458692023113,1300.4355212072298
2024-05-20 00:02:15.245082,135.245081693898,12.971439342367939,77.59438043764027,20.344727078139307,5.476943505714651,-0.0445614864080143,-6.261282047543617,8.318806931871467,2.911700570824755,0.5119366361601768,358.69594919635546,54.94964802809535,1305.4456202786407,1297.1489524175004,1313.4974461125762,1314.7952591650069
2024-05-20 00:02:15.345115,135.34511503834614,12.971444732775712,77.59436520441365,19.609468507190474,5.314241085160234,0.11110170237153048,4.177335278229492,6.760446133667182,0.1574110234959815,-1.9719667799139429,358.67482398250723,54.98641717110515,1313.3945907320456,1291.9212575160211,1307.550226539738,1291.4082139389482
2024-05-20 00:02:15.445148,135.4451483827943,12.971459819869661,77.59437387375367,21.180472715664386,5.462089421710314,0.09449215255686755,-2.6787213626953417,6.084315718025728,1.3675479896557254,-2.6846572097296577,358.73478474181195,54.89949562880893,1311.3977963567527,1326.0872143379543,1306.6510581013704,1299.372426000239
2024-05-20 00:02:15.545182,135.5451817272424,12.97146692298688,77.5943722833094,19.073545593681352,5.2460390816059705,0.1533375817758474,-5.840980756630515,7.852483343443019,-2.487509479245206,-0.09801976672413495,358.7574924847396,54.75569880419948,1305.7095364459433,1281.4802183260992,1287.8123199781642,1293.462147479286
2024-05-20 00:02:15.645215,135.64521507169056,12.971479301103455,77.59438965506533,20.01188703577935,5.9830442691256644,0.054551476871808904,3.7692139593857803,7.071546398177345,-0.22302700901480482,0.4665792160419376,358.9401159582041,54.926683453125214,1308.8847640126155,1286.513546281894,1292.988601149771,1294.21927120174
2024-05-20 00:02:15.745248,135.7452484161387,12.971469360489236,77.5943987655109,19.827639750277378,5.507652007555955,-0.16615530800251221,2.0590900790652285,5.882320135492236,-2.6661309120315586,4.898363315065486,359.0034075263323,54.721313244535324,1301.6583600114081,1295.8737244113338,1296.907352050984,1311.2719416119908
2024-05-20 00:02:15.845282,135.84528176058686,12.97146129351546,77.59439734567361,20.42384237003715,5.7723801439884985,0.6394038035053837,-0.3086019554897348,5.815878688348126,-0.0887262660837177,-1.2552179208225802,359.0455347973088,54.77798182942325,1294.046716812917,1312.3865281718154,1301.377338292292,1314.801288249233
2024-05-20 00:02:15.945315,135.945315105035,12.971456381929451,77.59442148817989,19.76589877885562,5.427759587301338,0.06938212147576016,1.4206375707558294,5.611024783741834,-2.742316544973301,0.4434395094580697,359.17745595066395,54.58301475920301,1288.8823791709854,1295.7316304956303,1295.665502111341,1296.3267404011594
2024-05-20 00:02:16.045348,136.04534844948316,12.971442931802844,77.59442440954848,20.70806462493995,5.289317298323681,-0.21737495396838546,0.5474564165183153,5.3220144570403,3.6297928120661678,-3.0446274316498414,359.10427520928533,54.73636110024002,1291.6592142933275,1324.0209978729015,1299.224837043708,1312.8499891442723
2024-05-20 00:02:16.145382,136.1453817939313,12.97144707522206,77.59440691010141,19.875426571423475,5.824299976662826,0.048926936955234944,-1.2079206996014875,5.948439835775442,-1.3721640615101327,-0.40863440771293286,359.05148393559347,54.77771106275774,1297.439198547423,1299.9127343823175,1289.852028650229,1293.7422401816166
2024-05-20 00:02:16.245415,136.24541513837946,12.9714655162629,77.59440647003026,20.46639993012138,5.899059216928397,0.2968805373628211,-0.42872096068752796,5.9220637754439585,-0.49901634796273925,2.2526975860457017,359.16578919615154,54.6126539470432,1302.145380507072,1303.4186646460096,1307.939742008251,1302.6806439203608
2024-05-20 00:02:16.345448,136.3454484828276,12.971470860461194,77.59439958009894,19.78965378835828,5.472335004904219,0.12458872495018905,-1.1862549008612717,5.6008189977986405,1.5636642254696789,1.0273958851011418,359.0888719059433,54.74290485120409,1303.24201963519,1307.320161253467,1290.048090436454,1290.9259271457345
2024-05-20 00:02:16.445482,136.44548182727576,12.971468636652574,77.59441655846554,20.229069839919056,6.253270711941159,-0.150889933386072,1.906505466778654,6.5391838530259445,0.8494825753062756,1.0328269428800614,359.09068156993885,54.624803255858176,1293.781748459611,1305.8329033697896,1306.8832104068802,1304.7418951612224
2024-05-20 00:02:16.545515,136.5455151717239,12.971475102915843,77.59442503783525,20.17108202445938,5.741570970899461,-0.4233656110178068,-4.456842747739017,7.280681488194751,-1.825223862157329,-2.920886957221338,359.0548108418148,54.33891063456137,1307.5423683978995,1300.5777374700033,1291.8859445504231,1304.524041942125
2024-05-20 00:02:16.645549,136.64554851617206,12.971469558754604,77.59443987383752,19.337404068447427,5.400447004677487,0.0697195986101533,1.7436432359262426,5.6753837233223035,2.0096416294675548,1.8877218893952243,359.19631641697435,54.54374238620939,1296.935615718886,1299.2336345716917,1305.324565696104,1285.1724717972174
2024-05-20 00:02:16.745582,136.7455818606202,12.971467819993586,77.59444722907679,20.519926953287573,5.438767400434504,0.02167923639871867,5.991157922323993,8.091639764321288,-1.1682448121494404,-2.3499113122847204,359.04179504797105,54.45963241961431,1301.7486177438354,1298.1953995217593,1289.8139949716988,1305.327042624217
2024-05-20 00:02:16.845615,136.84561520506836,12.971460783015262,77.59444380712398,20.536035196621622,5.385281165659553,0.12542451304610583,-0.16880985897226708,5.38938598637791,0.8067347158432421,-3.7381787933047996,358.96962804770686,54.454319579717605,1316.2019800887279,1308.087973826033,1314.0347267044965,1285.717070936647
2024-05-20 00:02:16.945649,136.9456485495165,12.971460824384712,77.59444783412285,20.48615372374994,5.528317278980152,-0.20501878640063645,-5.668415039552485,7.920558926014786,-0.8220155888433451,-0.3830116496414429,358.84512538339254,54.32123109671779,1305.55119556815,1302.3700939741911,1295.2713503935938,1291.1995225888993
2024-05-20 00:02:17.045682,137.04568189396466,12.971470173884267,77.59444662754507,19.40197416836837,5.618471490239759,-0.21595165360533486,-2.546567632392552,6.172427699834261,-0.7968508267339458,0.7868309476129945,358.95317061921486,54.32922221220949,1318.6074070844536,1280.5640107149866,1314.8689826539937,1299.7121906880357
2024-05-20 00:02:17.145715,137.1457152384128,12.971465591834926,77.59445099808389,19.976670369486673,5.6499495223802025,-0.36722799971090025,3.24717123618845,6.526937034041739,-0.09864017546751125,1.2186997561233777,358.877535789781,54.269251236731236,1299.4087513751786,1307.8133449995264,1299.1256718825673,1299.843809228903
2024-05-20 00:02:17.245749,137.24574858286095,12.971468726280337,77.59443699805823,20.051624965871895,6.130235903008503,0.08816316865525765,3.7657612559837332,7.195034593934209,-3.125916167645617,-2.1954311417385046,358.8796145268706,54.353662121203705,1295.6227372095611,1290.7737100257311,1301.8958188119952,1318.8839416804294
2024-05-20 00:02:17.345782,137.3457819273091,12.97147488569461,77.5944389170125,20.73007375514531,5.753798161105533,-0.023324991591045396,0.7243894183311284,5.799265243404913,2.56725707577882,-0.5403580499110804,358.8656358318393,54.42604850055976,1295.0279796084053,1299.8240692403829,1301.450713855292,1318.087195125651
2024-05-20 00:02:17.445815,137.44581527175725,12.97145735883696,77.5944279470186,20.19655115826892,5.58572362682919,0.26159140566427214,-0.6910174017442898,5.634380493749839,-1.11412418601203,1.3299967418743097,358.75178741556584,54.19307458792911,1303.0472011480124,1291.4405008027504,1300.2765347986337,1287.5505114578448
2024-05-20 00:02:17.545849,137.5458486162054,12.971441879192271,77.59442022212592,20.591824191608605,5.970905709304674,0.12029830183890347,0.8540249499226604,6.032872059469095,4.004023893277817,-2.818396735279459,358.8916470787727,54.27252573832722,1285.4223199911876,1307.9758209206045,1305.6810704426132,1306.0529316181846
2024-05-20 00:02:17.645882,137.64588196065355,12.971436094987018,77.59442307021479,20.367413102234774,5.700417703591734,0.0017160543306424378,-6.325634073059007,8.515187101086482,0.9187351298345561,-0.47523186658316,358.95846823639766,54.09602696689545,1306.1068995231321,1298.4557731599402,1317.9397378721942,1311.9402298822863
2024-05-20 00:02:17.745915,137.7459153051017,12.971437359710313,77.59443574281626,19.326275527442075,5.367440010576408,-0.12478626048980468,2.188363625446428,5.797751222251653,-4.158555664035742,-2.722209374709846,358.9160102676833,54.08103417693697,1292.84941045974,1291.1177776046497,1301.089950963654,1309.7512289431618
2024-05-20 00:02:17.845949,137.84594864954985,12.971427612918085,77.59443081703188,20.805231766878943,5.9449628777207995,-0.11581672524536815,6.771593945679413,9.011685840978203,2.5845456847069723,2.0281470959147794,358.971799058125,54.17386580323756,1300.6183090045683,1308.5801973717257,1307.8289259486742,1301.9268224888312
2024-05-20 00:02:17.945982,137.945981993998,12.97141628472384,77.59442997093095,20.681045906704384,5.456508436081877,0.04908684989129396,-8.58798915706484,10.174942338594759,-1.5519670770430392,0.9806337768452081,359.04901987608366,54.08913315794584,1305.428115534456,1296.4651909666406,1291.3212360736873,1301.2349898939854
2024-05-20 00:02:18.046015,138.04601533844615,12.971413624538684,77.5944312721337,19.08706121194766,5.495614640613443,-0.2733898731308792,-1.997687174259724,5.853825787214473,-3.3369991877738014,-1.5525897705571785,359.1208124158154,53.86352848370475,1288.766587747689,1291.5403741017858,1266.4552051348485,1307.2415538958896
2024-05-20 00:02:18.146049,138.1460486828943,12.971397300360154,77.59445064626921,20.281375248299636,5.800191186272771,0.08772232368635684,2.997928848864163,6.52973892175187,0.309757733454748,-0.5122196771215882,358.9929968836018,53.94290902139968,1295.2147363821366,1304.2615395907296,1313.9445962937014,1300.0606270130763
2024-05-20 00:02:18.246082,138.24608202734245,12.971393767853579,77.59444985200098,19.686846910286608,5.543284103660398,-0.053627699148684906,-5.706229203577806,7.9556223080142665,1.0578304115053905,2.097969384503817,358.7757665897756,53.861894804415556,1296.71951033145,1288.4430168967422,1289.03806643772,1300.797103133299
2024-05-20 00:02:18.346115,138.3461153717906,12.97141009991532,77.59446273062139,19.139748865456458,4.9553868218757104,-0.3398347293479711,-1.5510922376358849,5.203578896043065,-0.6258751507508091,2.9205366745992576,358.9726712158449,53.859454749587094,1302.6645052290628,1292.0011858509745,1299.8325312506806,1291.04011814584
2024-05-20 00:02:18.446149,138.44614871623875,12.971424812952591,77.59447486988853,19.376525022130043,5.09956274864406,-0.16554926369690948,5.184671067783782,7.274184549981047,0.539654261117731,0.8080709813159234,358.9313428062885,53.93375295695335,1292.8133969204453,1311.1141056175525,1304.7503982711441,1305.0939301392084
2024-05-20 00:02:18.546182,138.5461820606869,12.971409366172285,77.5944717260796,20.1770288390044,5.473212998846318,0.11353644532078869,-1.1701568463858933,5.598054849704508,1.4018365524629952,-2.718219981785425,358.9534240941651,53.84931137161864,1317.981166905315,1305.7982000698244,1297.3656318967594,1301.696564267663
2024-05-20 00:02:18.646215,138.64621540513505,12.97140107530945,77.59447621753093,19.14241561638428,5.745290512003936,0.2260769768771231,0.11394828444143457,5.750865854662539,-3.1760128105337913,2.675901560106444,359.05840667012933,53.89232832332919,1303.555305403685,1293.7380097823623,1305.7519416141067,1300.528716358681
2024-05-20 00:02:18.746249,138.7462487495832,12.971387020562055,77.59449149687497,20.19982609497801,5.279722867307006,0.06566155635556552,0.713402475964287,5.328107364558218,-1.4666438652769875,-0.6194176005420032,359.1432341238659,53.84712459999478,1294.177371813019,1276.698075677713,1305.9243004321186,1303.655106387685
2024-05-20 00:02:18.846282,138.84628209403135,12.97137845012506,77.59450083916062,19.28514368760088,5.633785634877956,-0.04082514841895717,-0.29816817616051594,5.641818105342952,-0.46060422998984357,-2.2892607230798,359.15970775025374,53.6410782168977,1294.4250661946423,1290.8009567136862,1285.970847096854,1311.983977123704
2024-05-20 00:02:18.946315,138.9463154384795,12.97138229871084,77.59449037868426,20.14017257523933,5.6110551272016,-0.24567618461967733,3.864140196021282,6.817321752909425,1.0938956505099913,-3.878857570976353,359.16638590928034,53.80532486600039,1311.9589005180123,1298.956708582752,1300.5891640380669,1306.198335383023
2024-05-20 00:02:19.046349,139.04634878292765,12.9713863895855,77.5944851931997,20.058229422049955,6.127376051431742,0.15693781125620604,5.167769047974232,8.01718177949469,-1.3628181040880982,0.060733361164454346,359.18850314005385,53.82534633500533,1311.6013292012296,1294.367642528802,1307.2253978219005,1297.1892890866998
2024-05-20 00:02:19.146382,139.1463821273758,12.971392500404473,77.5944829303362,21.174071017648316,5.6419990165984615,-0.025539326639207157,2.9569293709827633,6.369947917014998,-3.25073174365519,-0.1766571654520105,359.3626296541496,53.5705642592542,1303.2663590158947,1306.684921188526,1313.9792066639961,1310.7148514563999
2024-05-20 00:02:19.246415,139.24641547182395,12.971379051267101,77.59448929503472,20.649812490602695,5.182358956420975,0.2617768028553454,-1.987119702130471,5.556439161756831,-2.28735537333398,-0.19330242583267765,359.2607939720486,53.60329669740219,1301.415867654374,1308.904956547379,1289.9033241965728,1303.0503235595604
2024-05-20 00:02:19.346449,139.3464488162721,12.97137991564671,77.59450851144014,20.77651455840247,5.285264215516534,0.030635827959217626,-7.4825367388984745,9.160966784719818,0.26221548920772664,-0.03643405891004089,359.1564890860509,53.5587239319164,1276.8614229840168,1304.7938528624577,1301.8899558392768,1306.202113820618
2024-05-20 00:02:19.446482,139.44648216072025,12.971400688441308,77.59451346263076,19.15280614070636,5.596392922018777,0.3410751822099608,-3.501462712573911,6.610309156543805,1.0689699335938838,1.7103793208532336,359.37398798730146,53.62922269901834,1295.4972493652847,1284.4536965444192,1307.908459597067,1295.4653654827682
2024-05-20 00:02:19.546516,139.5465155051684,12.971412206430815,77.59452799588091,20.075988507203952,5.8204608156468804,-0.1874351719829436,0.43827901797547497,5.839947306934762,0.002089168220487388,-0.9393047158494511,359.4439340360913,53.46609281258169,1294.801325370875,1295.2120505654284,1288.8773268762432,1290.204074107154
2024-05-20 00:02:19.646549,139.64654884961655,12.9714147202384,77.59453682604698,19.240491172645434,6.194887384958716,-0.32085030007416127,-4.278977241724036,7.535862317118762,-4.313849903191181,-0.5091761516460961,359.4240557132165,53.330656489374306,1293.2869016990905,1306.5991146185884,1288.1297306411852,1293.4835342034332
2024-05-20 00:02:19.746582,139.7465821940647,12.97141200843686,77.59452762566113,19.219907698589605,5.838947385912143,-0.18764303956935544,6.662464434896421,8.860978999637046,-3.407742397898227,0.3969794041096227,359.3885292870989,53.47186053371699,1293.632093235518,1299.650181408325,1304.9817683131996,1272.6223958823539
2024-05-20 00:02:19.846616,139.84661553851285,12.971418324407056,77.59452969378987,20.57342837202452,5.322508059955076,0.15371962368592984,6.040493832249865,8.052346708161636,1.3966915970141578,1.506922296883004,359.2054749720273,53.515211186154595,1303.9679303776843,1298.1995758573842,1296.3982086711335,1298.7725111409377
2024-05-20 00:02:19.946649,139.946648882961,12.971418112526091,77.59451396597561,20.428409298906356,5.852242549849443,-0.1691260929622469,-2.0746709878422536,6.211409357415057,1.5060002702137292,0.12111527040975907,359.32716249609695,53.55444302688016,1304.3605959592583,1321.7800423848703,1322.3971057116582,1294.8659851332327
2024-05-20 00:02:20.046682,140.04668222740915,12.97141132394483,77.59450321521582,20.158355816937704,5.916398866212646,0.13159086755942634,-4.650702093383956,7.526627509180537,3.641739019724973,-0.12606445810970024,359.2525454914966,53.335689566170544,1306.1962142847406,1297.7541559716847,1324.4482346132734,1320.4456996233578
2024-05-20 00:02:20.146716,140.1467155718573,12.971408298994719,77.59449050263245,19.497958730039937,5.548123109014051,0.20602889618381606,2.725644758204794,6.184921768847826,-2.3917915496158098,2.178706828136958,359.31567840141065,53.281834207651336,1314.7061952635888,1295.4973238117395,1287.7337567029535,1291.1177107003743
2024-05-20 00:02:20.246749,140.24674891630545,12.971403238693956,77.59449149206766,20.70366653881929,6.012842862890559,0.028518068282093037,3.7805016990137403,7.102625266074387,-0.7653456102945161,-0.2988247684205197,359.23739107451223,53.11356468896815,1290.3821808633875,1309.7341799360327,1299.5601240438987,1294.4344720353897
2024-05-20 00:02:20.346782,140.3467822607536,12.971397442849508,77.59448187995373,20.25431118732845,6.060809726634727,-0.06341929660808364,-6.559372005859615,8.9310020524523,0.2907170965492031,-0.7676668385162845,359.2918322049179,53.2612909995225,1300.1230263282534,1296.6739239766507,1295.3820572860704,1309.1496158342593
2024-05-20 00:02:20.446816,140.44681560520175,12.97140848375683,77.59448356842292,19.39135470036788,5.82138441149473,0.10607296199007524,-1.0047741536862702,5.908412565112151,2.695317950315584,1.6522237014868937,359.3133101169021,52.93585483983968,1301.9739890884987,1290.3346612716884,1315.9482577705198,1273.8272451793828
2024-05-20 00:02:20.546849,140.5468489496499,12.971425664524272,77.59449480672423,20.053289349311857,5.63367483393737,-0.09528083711613408,2.420293976966647,6.132307355914398,1.8869454171298707,-0.6661178985724615,359.54584898677484,53.15135171585617,1306.7586828748854,1301.491711363619,1296.6361172916797,1296.560052769453
2024-05-20 00:02:20.646882,140.64688229409805,12.971434037518632,77.59448765944481,19.875574902495252,5.386544232261155,0.2890803958013677,-2.1649995264358637,5.812542403355876,-0.7094616608317459,-1.2092289395355562,359.67065832326733,52.910418465223344,1299.134373303028,1291.8560676280858,1294.4716932263943,1314.3849397086333
2024-05-20 00:02:20.746916,140.7469156385462,12.971434741010366,77.59448281353251,19.62014506259578,5.404108973659297,0.4753411816778442,0.047932025621179264,5.425185758779508,4.380992154663267,1.5090708397423303,359.7335973863556,53.120728944391516,1285.3645679913475,1290.0393013053106,1298.83897447805,1310.8272986595155
2024-05-20 00:02:20.846949,140.84694898299435,12.971421735280373,77.59448005840487,19.885164504153376,5.680166514077856,0.19703684379651937,4.403464223365447,7.189827001529601,-1.8891091145784547,2.2590852602367697,359.85574129628526,53.091648148404175,1286.4889133844736,1313.8836821574391,1293.8351941589035,1296.21898886982
2024-05-20 00:02:20.946982,140.9469823274425,12.971400146983688,77.59448843349115,20.501131569437817,5.767177484194532,0.058128661057183534,2.2418605954392206,6.187863444260851,-0.028149910951235566,-0.35140194430977517,359.8046874117419,52.99308750587668,1284.618269457122,1308.4662308045847,1301.963975137569,1293.3975259167103
2024-05-20 00:02:21.047016,141.04701567189065,12.971385528311453,77.59447953661758,20.333686130449987,5.5831484452178834,0.006679006956685875,-1.5037064277441488,5.782103785933963,-2.2162535761319155,-0.6874166521169798,359.89122967849966,52.87053378632047,1319.9525754590436,1318.0932126707303,1312.769690918867,1314.1853441604321
2024-05-20 00:02:21.147049,141.1470490163388,12.9713746477462,77.59446850797134,20.200290003366963,5.654763869433289,-0.13667824037794443,-5.834190933556158,8.126058036319321,-1.3077448297641128,-0.5621150219309441,359.94802701602725,53.05763828638485,1316.4359396257248,1317.7746983372158,1309.4878723142526,1294.410853887931
2024-05-20 00:02:21.247082,141.24708236078695,12.971374132645687,77.59447563111645,19.166458867984595,5.4250231011448315,-0.3015887138871084,-4.562534488441827,7.094966691854183,-0.4075110816608502,0.1597580960876639,0.07118276390279038,52.873917719799714,1309.6952515752378,1296.4200232056805,1283.5450290635629,1295.5391208491992
2024-05-20 00:02:21.347116,141.3471157052351,12.97138601398878,77.59447450961058,19.287478835289235,6.243297588949452,-0.04770514453231801,0.8032502230072112,6.294938560920037,0.4689775306787841,2.147592604874484,0.0014852457706586303,52.87029152806304,1313.767288032229,1287.0409093541193,1306.216819756261,1281.316335476286
2024-05-20 00:02:21.447149,141.44714904968325,12.971372892359986,77.59447817955326,19.327162480456863,5.137221700397005,0.08559313080404098,2.476186389648177,5.703496473160092,1.427661819781583,-2.859898419690603,0.089361211738683,52.8082427329761,1291.2271496851124,1307.3802090098452,1301.765414936743,1299.217436531417
2024-05-20 00:02:21.547182,141.5471823941314,12.971367221736092,77.59448640907311,19.78288124735623,5.489992382334657,-0.3495200851473767,0.7819981785140584,5.556410873865728,0.16435669843251932,-0.2649278420157073,0.15505689171639908,52.90604259005432,1294.5219782105385,1300.6398583852508,1308.2279704506273,1286.074685359465
2024-05-20 00:02:21.647216,141.64721573857955,12.971335147620458,77.59446833356812,19.483614266755108,5.752666236841825,-0.08079511524045802,4.153043536544743,7.095594922174086,0.3645173351084046,4.249617446550366,0.08432687980475002,52.811665926983785,1295.0193619682802,1299.5538581557428,1298.2949190890267,1301.2610319905236
2024-05-20 00:02:21.747249,141.7472490830277,12.971331103037528,77.59448750510646,20.613766916554912,5.431055036434142,0.4476463543444624,0.08772687252729838,5.450178168784757,-2.2129678605727556,-0.6773108315781066,0.11264869439938338,52.744671668511415,1303.7726573729014,1307.5614714177218,1286.0981965728126,1291.7855852919859
2024-05-20 00:02:21.847282,141.84728242747585,12.971323680213908,77.59448754513934,19.50116549166887,5.460610006984983,-0.07658231878428526,-3.138022196630132,6.298516476637838,0.46100906815968623,2.2041705799316693,0.18910529474126184,52.76610892090028,1293.0303702927572,1304.0499445966454,1287.618062037557,1301.16667378217
2024-05-20 00:02:21.947316,141.947315771924,12.971324092083927,77.59447996881147,19.98595320599203,5.734568832578602,-0.2930366623586939,-2.1732020667304965,6.139540488009663,-1.4549418448273717,-0.6632189495157139,0.08130257675684634,52.64134410949254,1304.211263344618,1308.5041221714478,1309.3822208882139,1284.9747380187143
2024-05-20 00:02:22.047349,142.04734911637215,12.971326181858112,77.59445650929527,19.066380149875506,5.673620075265198,-0.30085440037158345,1.454222810392352,5.8647456987443745,-2.0103526948872728,6.427737177332597,0.029530315043067523,52.579962431968305,1305.2931344877356,1298.126107163653,1296.8341051976665,1293.2481457757974
2024-05-20 00:02:22.147382,142.14738246082027,12.97131598312387,77.59446033381136,20.276894748584052,6.151178398536059,0.4695798080936923,1.5404576500017981,6.358499088482675,-0.07869855846222187,1.9896742546255868,359.9929763906851,52.552765409345135,1316.0262119666963,1284.4130322685805,1297.0023438410878,1311.6318572488858
2024-05-20 00:02:22.247416,142.24741580526842,12.971310069317118,77.59444881565629,19.374574411295697,5.461873677891413,0.21374369322943668,3.3861996949682407,6.429937699063766,2.1536385453430364,5.271610912224024,359.9512119442835,52.56035369279765,1288.397416187266,1301.7398035024717,1293.4616300973616,1282.7858328018924
2024-05-20 00:02:22.347449,142.34744914971657,12.971299361292868,77.59444982450293,20.954360509498006,5.627582545221671,-0.03548787693192464,1.5920750709884857,5.848559457195912,1.2077811954031132,-1.313130004281485,359.91703166241314,52.55316265557592,1313.3453993069097,1321.0844558744511,1296.8089599365394,1304.545349138615
2024-05-20 00:02:22.447482,142.44748249416472,12.971297550405184,77.59445103096495,19.693095599222705,6.037843637395006,0.0066501588861268834,-7.097771120677777,9.318473850141558,2.588065509537653,-2.6403161353468927,0.03364639672208816,52.49363076668795,1298.9683887988558,1297.1984128814797,1317.425983519896,1306.1268998714443
2024-05-20 00:02:22.547516,142.54751583861287,12.971289497865362,77.59445417709773,19.534332942840226,5.52623485008299,-0.05371351084389811,1.7435750949498328,5.7950160371864605,0.37258205735007677,-1.721676369399009,0.041872062548785866,52.669073459688754,1297.3169246528569,1301.7568745160065,1295.9007913320095,1297.2119196554634
2024-05-20 00:02:22.647549,142.64754918306102,12.971270391282713,77.59444720129206,20.04192689531137,5.270124936332912,0.0573410534844412,-0.03684957184457005,5.270565693729451,-0.47973035855074625,1.4367926925088856,0.06680009119659157,52.561905798633454,1297.121136781717,1276.972261892301,1285.6768639065747,1287.6250526230817
2024-05-20 00:02:22.747583,142.74758252750917,12.971278503127767,77.59443996928586,19.526960571014037,5.96471755371731,0.26455119027246815,0.6641467037940032,6.007406567900863,4.387641413570135,-0.6908911497651163,359.95556377791473,52.41326110107713,1293.642684476543,1303.7344258851297,1275.5422384927756,1293.24243875342
2024-05-20 00:02:22.847616,142.84761587195732,12.971290313316436,77.59444410744393,20.174800527280826,5.363117441843818,-0.03803863100176124,-0.2681911890443729,5.369953644710437,-5.3241785597330695,-0.8100696487078997,359.87664513691345,52.293723617440186,1287.954033580256,1281.141687924517,1301.9749100333008,1288.7196774920737
2024-05-20 00:02:22.947649,142.94764921640547,12.971298385924623,77.59445721832994,19.473304447830767,6.178438089290729,0.23334443605703845,-0.777236561836574,6.231504113943341,1.1842869335769461,1.2813199655766814,359.61752405297926,52.373535045418194,1289.8630276719675,1290.110828619988,1294.5410540813737,1297.2267024991856
2024-05-20 00:02:23.047683,143.04768256085362,12.971294662156028,77.59444538805717,20.01930138186504,5.5131554244865235,-0.06358205468254441,2.015216060514348,5.870265852819427,0.07225516822021476,-0.858665471124677,359.59356520035254,52.26731477529761,1293.0145182257154,1297.3377560351487,1302.0330152471188,1309.78514473771
2024-05-20 00:02:23.147716,143.14771590530177,12.971301937439788,77.59444520862917,19.876482052468518,5.473270388777546,-0.3496458582120392,-2.560119289999477,6.052532672680203,2.836791024503262,0.3841843101591587,359.6067796156625,52.114542810297486,1284.0990318839474,1314.2305618692758,1305.748369165766,1302.6299389390665
2024-05-20 00:02:23.247749,143.24774924974992,12.971305439970253,77.59444716943577,19.5071067923353,5.595681953029405,0.0925096539934156,1.3768535193331815,5.7633271787432925,-2.808632933319619,-0.496105577489638,359.5224669049517,52.25651859906049,1286.769652401058,1281.4011437266809,1285.105417223637,1301.3819260370458
2024-05-20 00:02:23.347783,143.34778259419807,12.971329427883799,77.59443855718764,20.151944577176724,5.751588605069448,0.04131259156349079,0.945626573393838,5.828952549857906,4.148484802778379,1.3120507548600386,359.59307409834935,52.25725628408373,1289.4264062733653,1294.8112879850141,1322.921914276796,1300.3416923972375
2024-05-20 00:02:23.447816,143.44781593864622,12.97132011236929,77.59443874583489,19.696295169806557,5.817745395060238,0.0945727346140986,-3.4555714583668617,6.767280073098547,0.8175332195349265,2.488282975489746,359.53604363776395,52.3977911830117,1298.7792706072844,1286.7764405328771,1302.3457243972252,1301.505508887791
2024-05-20 00:02:23.547849,143.54784928309437,12.971313347811174,77.59444421827631,19.46059983725671,6.08905516434687,-0.10477276876174944,-1.044678899275553,6.178909623074679,-2.020252176532903,0.7673777945772099,359.6083949638477,52.18543070482449,1313.3657610030136,1292.2798673916059,1306.506740849583,1289.5526267586615
2024-05-20 00:02:23.647883,143.64788262754251,12.971320297938034,77.59445193486226,19.487289721468667,5.807852627388963,-0.17143187938728577,6.746345322495742,8.903578844548933,2.0064520742214804,2.1441984190550607,359.6306028974906,51.95634888520078,1299.399384965801,1292.5012093872065,1304.1967502909267,1298.9055817778453
2024-05-20 00:02:23.747916,143.74791597199066,12.971316111259993,77.5944448315633,20.810318808079472,5.086773127401313,0.1848117947407929,1.7676829967097234,5.388331785068929,0.7993692757102882,1.8338983205460446,359.6568586007515,52.27706301518758,1300.286363782176,1296.9618626618103,1302.6553390296403,1302.2176542231023
2024-05-20 00:02:23.847949,143.84794931643881,12.971300822167427,77.59445042295376,19.84094420563867,5.887265458766429,0.14960776727710506,-1.5782553645685056,6.09698015921023,-5.2602411781399425,2.2339480028687833,359.650578802269,52.24086682808216,1291.7288214309979,1288.8059357614172,1299.7867989306972,1273.3765953826687
2024-05-20 00:02:23.947983,143.94798266088696,12.971309536678895,77.5944429468378,20.49456248305743,5.551836882610959,-0.03722555928723622,1.133061534610718,5.666401587833147,3.7905036573004582,-3.4014612911498987,359.7051825556033,52.00302149812463,1334.524648157427,1321.3027594694654,1295.1734111982182,1331.170369057188
2024-05-20 00:02:24.048016,144.0480160053351,12.971311219761652,77.59444557768215,20.067632075183997,5.313604646122906,0.06803959739210746,-3.839793952348444,6.556145309448525,-3.5823234784278344,-1.8976243570041644,359.5790256107261,52.08373768891203,1289.672330919134,1308.3299444303498,1290.1156562806016,1292.3250092143753
2024-05-20 00:02:24.148049,144.14804934978326,12.971300750446947,77.5944546694265,19.72634762096704,6.3404181274616365,-0.09512672555005453,1.2851249002041385,6.470046146209676,-1.7107032921275804,-2.387156582598161,359.66653188436715,52.09145642437806,1297.683964812138,1284.6078938159546,1313.4594820812192,1291.2310680486346
2024-05-20 00:02:24.248083,144.2480826942314,12.971314511431311,77.59446452730232,20.324742758786027,5.184734477228008,-0.01907349466731113,-2.0313648281572654,5.568507741094557,-1.5219200444458294,-0.26324444252339396,359.6086852859064,52.03661007009102,1283.3429930433326,1298.612262913745,1313.0697088109177,1295.9502330227301
2024-05-20 00:02:24.348116,144.34811603867956,12.971333035472481,77.59444760007318,19.319939185857216,5.726556347933941,0.1190296371591767,0.41729219305422305,5.74297383199408,2.7039193875297327,-0.9544256926447074,359.6253124729223,51.77962823072404,1298.4278153285245,1302.2908611411042,1294.50680208218,1289.0107219306306
2024-05-20 00:02:24.448149,144.4481493831277,12.971329701775097,77.59444033007904,20.40822902615266,5.646177964703059,-0.30683691184033296,4.3347824679839135,7.124872879168217,-0.10950567204096454,-0.9698932158281224,359.69540893594615,51.905735779512746,1294.6573563928373,1297.1480003946517,1315.8540114698953,1304.7844462891978
2024-05-20 00:02:24.548183,144.54818272757586,12.97134064103694,77.59444701470196,20.187184761312487,5.28591895195733,-0.4141417942519707,2.8887007101653097,6.037966908266183,-1.5631178341619156,0.39246507254490326,359.79045998539016,51.767155562737805,1302.4815269646222,1318.3316210423372,1297.9762399867327,1276.241858539727
2024-05-20 00:02:24.648216,144.648216072024,12.97134727815541,77.59446079708003,20.986161812447822,5.727613551440257,0.2786658522596085,-3.183313020450086,6.558711263504798,3.1505515728677196,-1.0622737630909218,359.7109311541287,51.82608977719807,1294.586256829751,1289.9847071575866,1295.7770951405234,1320.9738378890054
2024-05-20 00:02:24.748249,144.74824941647216,12.971343501441165,77.59445568932708,19.55030986559056,5.865439244989824,0.13923967457047615,-3.8358625841664775,7.009750850654367,-0.998648637075352,-0.8066666150699301,359.72288295120893,51.69515787158595,1288.5260489029422,1289.1778643982914,1286.0566812676338,1278.8849723823698
2024-05-20 00:02:24.848283,144.8482827609203,12.971339091728968,77.59446508909114,20.218733486172432,6.186937291659137,-0.3051438411962757,6.283506282735516,8.823477603525676,1.9341055703594936,1.317764340376871,359.7605029488194,51.68233728190158,1301.6361778030514,1305.346672121747,1300.8248431731852,1309.5392078408513
2024-05-20 00:02:24.948316,144.94831610536846,12.971351412743505,77.59446064666902,20.80743016223655,5.683552866775287,-0.282575649253988,1.8094981980137845,5.971340378474169,1.7349679590971907,-0.36733684173721204,359.7294357647663,51.789258300266674,1308.6449959000959,1290.2969383652062,1307.1949370968562,1299.1978317778273
2024-05-20 00:02:25.048349,145.0483494498166,12.97134051870347,77.59445514746164,20.58075379921287,5.35525389736396,0.06721313135023327,-6.454429864156353,8.387069022106065,4.144534615496177,1.4089615972874254,359.7874719562944,51.8004699193774,1288.3834321267632,1310.8178924522533,1294.814143008697,1306.3896076205042
2024-05-20 00:02:25.148383,145.14838279426476,12.971345179830536,77.59445007338907,19.516113750601395,4.87956473569946,0.0865045454038329,-5.152348369220334,7.096782986964214,0.7894820685029462,-0.9248319906102697,359.73385925923816,51.76737457509757,1299.9939974713732,1288.3386174811897,1293.7710523638805,1304.7058051091005
2024-05-20 00:02:25.248416,145.2484161387129,12.971340789439823,77.59446236123728,19.54994052094271,5.6527485342003905,-0.2680024264569187,1.5996534725467484,5.880840290615137,1.0022401049552168,-2.4410464673306738,359.59968448852266,51.60359187471078,1285.6556210974068,1301.761839547262,1300.82596017755,1306.3349970857835
2024-05-20 00:02:25.348449,145.34844948316106,12.971329662842336,77.59449599150769,19.83615112423529,5.729381261486158,0.18771341950357,5.666499137886277,8.060413044441107,1.493401551719408,1.3226499348169218,359.664739543569,51.71799028309178,1304.0867120269202,1306.230495144988,1296.3834073478918,1306.688496791132
2024-05-20 00:02:25.448483,145.4484828276092,12.971325284578207,77.59450247314022,20.683618241093352,5.608654801141156,-0.24528200614470977,4.252623057283458,7.042866945231964,4.159134472292949,2.4146500727545988,359.7827831000113,51.577761639191344,1303.6020454571433,1297.2468090055415,1310.268890635204,1307.446533516361
2024-05-20 00:02:25.548516,145.54851617205736,12.971332432156148,77.59451922255118,20.68695933843005,6.097195544190471,-0.12318518917177655,-5.994975963057982,8.551649249856451,4.77245506031638,2.415229763775566,359.8164787537434,51.60287423454151,1318.5844065166025,1292.4091752826969,1302.6050733384684,1303.134545031793
2024-05-20 00:02:25.648550,145.6485495165055,12.971341375820234,77.5945159517087,19.484223250151437,5.791977514473407,-0.0058428955696742,-5.482640980826872,7.975361420790686,-0.00620778390647609,-1.8623426559950933,359.8416598139952,51.2822253442821,1313.2733574336096,1305.5351640148742,1292.728264572166,1289.757206550846
2024-05-20 00:02:25.748583,145.74858286095366,12.971341619408499,77.59449959563675,19.590065510988858,5.7183949166539,-0.07724974785911862,7.158535990619271,9.162458484236035,0.6629712136210935,0.7347652564042664,359.6688125129837,51.56085704816131,1280.3580790341634,1298.1222195070513,1289.5752725074062,1296.8897030813675
2024-05-20 00:02:25.848616,145.8486162054018,12.971337236510363,77.59451319980181,20.916407843139627,5.505159665930697,-0.03994657396368549,1.1317716530803352,5.620434658536457,-2.2417886736347623,-0.721661081956472,359.59872329717876,51.4190885177583,1292.889932174385,1307.1571602048575,1303.8779527858485,1299.137706522131
2024-05-20 00:02:25.948650,145.94864954984996,12.971332795808427,77.59451025332024,19.81649531820733,5.493043160930046,-0.057736049410845904,-1.6077639208088073,5.723789081045565,-1.5952976643577614,-2.222616614980101,359.512834897769,51.49972127158823,1291.993221227397,1304.2030864531798,1287.0304302836748,1301.9980019078162
2024-05-20 00:02:26.048683,146.0486828942981,12.97132843405708,77.59449939218011,20.594747838976478,5.703509535502994,-0.016228346891891655,1.2595593634370772,5.840956614360223,0.4322527718439931,-2.525525094469848,359.6301394131855,51.28414810023787,1291.2812169111016,1314.0724491057542,1313.1685645470789,1295.6627073645402
2024-05-20 00:02:26.148716,146.14871623874626,12.971329583122001,77.59450119808449,20.068491189518518,5.87648160030075,0.1519121403293797,-9.636088669739166,11.287617912922471,1.1860319680697284,-1.726997083513947,359.74439112123963,51.28920665075266,1301.630374405152,1291.2915909754988,1294.3692461396593,1293.6212506780516
2024-05-20 00:02:26.248750,146.2487495831944,12.9713200461632,77.59449897356608,18.666887484910614,5.699906803688678,0.05557696876777688,-1.5321912749804056,5.902511031190029,1.9424573393190436,-0.11776355671136148,359.66093203451226,51.27028553715819,1289.66326263691,1293.1960716123886,1286.3946087449633,1274.0415839567438
2024-05-20 00:02:26.348783,146.34878292764256,12.971334516771636,77.59450052678356,19.761950754377388,5.469444305606612,0.10495319043269283,4.774234226680008,7.260795317010214,-0.32776136018538216,-0.5417252229772339,359.6477850271409,51.29704131775483,1309.5768277129205,1297.5387356124152,1313.1732896826977,1308.1066526350053
2024-05-20 00:02:26.448816,146.4488162720907,12.971336974861213,77.59448832075992,19.62205271865787,5.632782501898087,0.14330013882604675,1.3056993107884125,5.783910816538424,-0.2704608170304024,-0.7843967451959843,359.8553786596812,51.25491088554963,1312.479247035893,1296.8245294142287,1291.1030828647092,1285.8197165875383
2024-05-20 00:02:26.548850,146.54884961653886,12.971326551115322,77.59448293871314,20.023177692181008,5.02671131400608,0.2891625202762098,6.595467516921431,8.297688434995314,-2.9130440424287163,0.37944337525374866,359.8783906126692,51.35011444092457,1292.8107232721136,1308.8733900289142,1304.273011923844,1300.1966841721799
2024-05-20 00:02:26.648883,146.648882960987,12.971313341234978,77.59449797975074,20.94158606649144,5.010442505627776,-0.0829109870102629,0.510150817254285,5.037029103580183,-0.8999344519888599,1.3494225834221536,0.22198557782797773,51.196517405920574,1280.6035520729893,1304.3823541742718,1309.9506963875156,1293.1956255955765
2024-05-20 00:02:26.748916,146.74891630543516,12.971304473798094,77.5944932572485,20.125241877026813,5.889356391402631,-0.05981807181620478,-2.4178553686570297,6.366641303734211,0.6749324773307731,0.09144895199444757,0.18008526019566512,51.11475904799526,1290.981978932842,1280.8862665699144,1308.1830842669583,1281.9148871330785
2024-05-20 00:02:26.848950,146.8489496498833,12.971302681141502,77.59450188728748,20.457853748654085,5.860259152966043,0.11784286176050054,0.774626142516496,5.912408133803025,1.8806896023455022,-0.9152593451153965,0.20161538453295452,50.885984668540665,1318.12624380981,1307.1632445592359,1307.548546210452,1294.53037338349
2024-05-20 00:02:26.948983,146.94898299433146,12.971289521227412,77.59450405891235,20.280218764492602,5.4901054869258035,0.23396182311399127,0.598713374879722,5.5276083523986665,2.4947250679493624,-0.15449653241115352,0.17918632500536186,51.139845328862215,1303.9601520782498,1297.953018214408,1304.587591363734,1324.7226663155457
2024-05-20 00:02:27.049016,147.0490163387796,12.971289318625134,77.5945243013149,20.577636351164198,5.478832688871267,0.022707691673813604,-0.6678162194611872,5.519429479111128,-0.2903459792552587,-1.6240328821101402,0.3862990848218924,50.92523530540977,1305.5316110690837,1297.26767515269,1285.6473190329702,1301.6158212948924
2024-05-20 00:02:27.149050,147.14904968322776,12.971293947544964,77.59452839802344,20.146610984673757,5.687997296673801,0.12592404179142552,-3.897960658619212,6.896612748836393,-1.2465149558127766,-0.5180555650641312,0.4032295289793022,51.067820057554705,1293.6151885680738,1302.8783169508658,1303.3751820150262,1299.2149553542306
2024-05-20 00:02:27.249083,147.2490830276759,12.971283804596982,77.59451530246074,19.797784268746213,5.602225636602885,0.010851325388758784,-3.040763371592419,6.374267935746928,-1.7453914951451628,-0.03961624256643394,0.36178162836201505,51.02667817264664,1302.9434171140365,1279.0197622113078,1278.4804516223585,1293.550406986987
2024-05-20 00:02:27.349116,147.34911637212406,12.971272299664125,77.59453840270571,19.538255525202114,6.394162467937625,-0.005420756155869767,-0.03785172645311263,6.39427680071601,-0.39712152646407495,-2.100803986683436,0.3548854258310847,51.02076776229199,1308.2480712942074,1278.821865619796,1297.1780512415442,1307.451085271369
2024-05-20 00:02:27.449150,147.4491497165722,12.971261402893305,77.59455559326717,19.79021139916573,5.2919746643193095,0.08291488884419412,1.1426597078064589,5.41456756670686,-0.7178428815524919,0.08398867070389614,0.34926269016605344,50.72406773933517,1295.074407249076,1308.814596814533,1302.0122827585071,1291.633719812374
2024-05-20 00:02:27.549183,147.54918306102036,12.97126849888964,77.59457038997746,19.766863669478166,5.561624398156274,-0.16338691226535124,-0.376756289100868,5.576764880344499,-1.2450190742244576,0.8875738354027198,0.30274738716051497,50.70730599085797,1299.759626624873,1305.9439689996245,1315.7768418332967,1302.7748577589916
2024-05-20 00:02:27.649216,147.6492164054685,12.971257018206396,77.59457603647988,19.714835015884464,6.074775571291445,0.05603581434369601,-1.3472554905842458,6.222630923569055,-2.811663541223857,1.9793552651474222,0.3473379311689234,50.80402355036496,1304.5790771212821,1291.3098288691535,1298.0982627396359,1293.5687936830639
2024-05-20 00:02:27.749250,147.74924974991666,12.971273224285671,77.59457215427895,19.497322724379615,5.462453507710748,-0.1311287531703393,-2.8232143618895833,6.1502953105512805,1.2391899891806162,1.3825588786938705,0.36554958353929323,50.949779392355325,1295.1043090380422,1308.684932487909,1287.523933588863,1296.5027957717339
2024-05-20 00:02:27.849283,147.8492830943648,12.971279079463118,77.59456373270719,19.150003866456736,5.659954141782641,-0.011355661136348899,0.42210138554912646,5.675683167496649,1.218659612984204,1.4701773366270294,0.29506131514273104,50.724597269461576,1311.297489188705,1298.8456102101525,1300.0012331197381,1282.9909766473481
2024-05-20 00:02:27.949316,147.94931643881296,12.971275615777346,77.59455951055958,19.58177115096497,5.349632048140972,0.4308896916402297,0.7686610337572404,5.4217219369565175,-1.2588629718662674,-2.3052713354534444,0.1805043446049613,50.61085429945867,1303.4249113852652,1300.9254263282912,1295.7026308375403,1293.955867612018
2024-05-20 00:02:28.049350,148.0493497832611,12.971294578168596,77.5945577867625,19.303787334364152,5.398420968307374,-0.22346205928504193,6.298813741164196,8.298670904963007,1.9347754052613704,5.409208998924318,0.28158308048933134,50.718391736558445,1304.3002112871081,1296.7592104311202,1279.7997495374507,1307.5210636343024
2024-05-20 00:02:28.149383,148.14938312770926,12.971281277528263,77.5945441663324,20.841953960134205,5.323704143051551,0.2374245673661775,0.6158513705500468,5.364463546203072,0.17369633226515252,-2.36914971784135,0.11915203385572826,50.66589646111509,1322.0521009790293,1300.2582294566264,1319.1682189110238,1298.1907347246497
2024-05-20 00:02:28.249416,148.2494164721574,12.971288808700209,77.59455500337167,19.42699867892235,5.502179747263243,0.09348511545179235,-4.236953769963407,6.945106096152308,-1.303598218900131,3.5138549555749767,359.98690283892824,50.376427656885674,1299.2779820511057,1301.7954908562651,1303.8203402772067,1296.7532786999473
2024-05-20 00:02:28.349450,148.34944981660556,12.971282759532826,77.59456023242305,19.994280648370932,5.47265418640776,-0.05442011021741644,7.232445245351315,9.069794353755068,-1.1201965690298656,1.742935963479657,359.8685864411198,50.62892576503726,1282.5823333789492,1299.1348134677412,1297.812202757365,1303.2023160719286
2024-05-20 00:02:28.449483,148.4494831610537,12.971282975615658,77.5945456105405,20.873970051783573,5.806678574226033,0.18645442130850912,-0.2145042746018362,5.813629967535226,0.18855258491405752,0.013889366244713432,359.9434799180322,50.60514799396378,1331.6995520693022,1305.0365327342631,1297.6828485752578,1317.2531311504695
2024-05-20 00:02:28.549517,148.54951650550186,12.971284600646666,77.59453857120131,19.95136548839724,6.098368505693519,0.009595101894265894,-5.955233208133947,8.523789829675312,0.737603206658006,0.1465805230147015,359.9061688741846,50.69398214604559,1278.5015318237333,1298.9652096585307,1288.8091644030126,1308.1065281215563
2024-05-20 00:02:28.649550,148.64954984995,12.971283017181584,77.59454561442887,19.682526262226926,5.349046299393805,0.43828404439933205,-3.6830279637396472,6.509153877296327,-1.0163771108100577,5.816316023424083,359.8873913204181,50.49012003215935,1295.8829976940933,1290.3850418909647,1292.8481491228647,1306.1922563789021
2024-05-20 00:02:28.749583,148.74958319439813,12.971303378817897,77.59453577132375,19.21451427857953,5.153159340185096,0.07202861554896435,2.297072179225225,5.642409051403958,1.1397674590015305,2.0434258739032725,359.85218879718303,50.41531993590655,1287.4932673583799,1283.4959980871658,1292.4430100116153,1288.0901375413384
2024-05-20 00:02:28.849617,148.84961653884628,12.971308569860971,77.59453930419674,20.142093887280655,5.593434686047112,-0.024841636772017416,3.8728825218429392,6.803407067197213,-1.7322732206133018,0.3550367493202685,359.6107997253116,50.2571132565771,1301.0258083517474,1308.6355244356319,1305.1703555769436,1296.350258291815
2024-05-20 00:02:28.949650,148.94964988329443,12.971305059586536,77.59452899072993,19.989349061208998,5.664051947454681,-0.08245416652163613,3.808377352432146,6.825834836235053,-1.176304092926755,-1.0186653960958814,359.6871530815742,50.52496084671125,1301.1779980593599,1308.9320023672249,1285.9709693401435,1293.6489747667172
2024-05-20 00:02:29.049683,149.04968322774258,12.971306682157648,77.59454115948505,20.904023334249413,5.493285422552402,-0.11683155814082498,3.754777699581325,6.654937258898657,-1.3692706344173011,1.5406145711930959,359.7301431074008,50.17133846991754,1319.8813189264313,1316.2758594029538,1315.0521260924818,1309.5599155752163
2024-05-20 00:02:29.149717,149.14971657219073,12.971308018695805,77.59454383301443,20.740555003105897,5.482335126110015,0.1954984808742133,-5.533052195830834,7.791590639451758,0.9113557753251937,3.542172761562738,359.7266580634622,50.323417672001085,1316.1980686662605,1298.0099190367166,1297.200878523923,1305.101689076362
2024-05-20 00:02:29.249750,149.24974991663888,12.971296083149243,77.59455291977046,19.797043901939137,5.547779816846204,-0.006966755134638331,-2.571206363135687,6.114655476289131,-0.5360542188208562,2.7289460428330674,359.71199858275867,50.09285867791176,1304.308441552424,1328.2972551354185,1284.3439844407364,1298.3474029741094
2024-05-20 00:02:29.349783,149.34978326108703,12.971304317747547,77.59456361086269,20.226142259564245,5.809092426165087,-0.13227976805447675,0.36201419732907425,5.821864566600028,0.9675616760842745,-1.4671924867426327,359.58796429495305,50.27906740456123,1293.7334646915367,1293.6897265911512,1288.510987995971,1304.9144565261402
2024-05-20 00:02:29.449817,149.44981660553518,12.971276634601676,77.59456117434829,19.869470883732216,5.635059199189847,-0.002786007206585581,3.02216313795482,6.394323261504942,-0.23922856191470368,-0.38527379755742913,359.6067849036898,50.18904876250591,1293.206650268452,1277.6383815532536,1294.828670593961,1286.8292886905306
2024-05-20 00:02:29.549850,149.54984994998333,12.971270266547705,77.59455734005647,20.830776431879315,5.0409209950955125,-0.3628678532649051,2.9976359163539144,5.876085316326065,-1.488380661430651,-0.3075729017463716,359.78785429286376,50.14417617324622,1310.3721203058944,1326.2297942179712,1303.5486743179479,1306.16353108719
2024-05-20 00:02:29.649883,149.64988329443148,12.971269281877152,77.59455229752056,20.46919797603377,5.856141892863074,0.155840408641543,-3.994137238278583,7.090262081229095,1.758734330883113,-2.2661089792042923,359.80673171106696,49.96106366228808,1306.3892601224486,1304.6045176913342,1291.1457298481719,1303.7377675027037
2024-05-20 00:02:29.749917,149.74991663887963,12.971286561534939,77.594548405306,20.03168261961951,5.6090110166735725,-0.09487371613301737,-6.769547519053489,8.791858689714118,-3.2579172788108273,-0.6644486001771316,359.81086345134673,50.09116588228493,1301.9867814289885,1289.1628858392348,1294.0112390581749,1296.791311167971
2024-05-20 00:02:29.849950,149.84994998332778,12.971274900459521,77.59455244905828,19.114837018570576,5.652577673401035,0.19312218025359487,-5.559168440483447,7.930528625508196,1.607758131435565,-3.318924935182423,359.7727612631496,49.8873487192935,1300.8959952928562,1292.336564161414,1293.1549982482343,1296.798185853343
2024-05-20 00:02:29.949983,149.94998332777593,12.971284647431471,77.5945462667105,18.91947819671518,4.868260267265239,0.3136002793027268,3.4254128075035766,5.960851958136664,-0.461987007984739,2.5515712385193785,359.89608759365143,50.04214363787012,1302.3035236894136,1285.404343301784,1289.168269358285,1292.4685091738259
2024-05-20 00:02:30.050017,150.05001667222407,12.971271174261439,77.59455689331968,19.800148017070796,5.993836423093603,-0.04959836579890709,4.476854965299168,7.481361202683456,-0.014593945841622163,1.4026977538450014,359.95061966289285,50.13732889127581,1294.6648375647637,1302.2406823096821,1300.4430265221727,1299.1269698128363
2024-05-20 00:02:30.150050,150.15005001667222,12.971284415888228,77.59455211003048,19.815147746291544,5.45286678623936,0.19290698646030355,-1.0512821037737439,5.556632375424211,-2.6207625271535027,-2.0461869494719345,0.060298772040142376,49.99669827731049,1309.7332505684237,1304.9873060681164,1309.5250032654603,1291.3212877656572
2024-05-20 00:02:30.250083,150.25008336112037,12.971277442692953,77.59455259650655,19.589821487472847,5.68777788932074,0.07860137878545369,-1.9870845877992593,6.025404605008879,2.2460925618093515,-0.1419033216844016,359.9662428205542,49.74559117312393,1294.4129517551646,1300.8204131597383,1266.8083233685288,1312.5279511335204
2024-05-20 00:02:30.350117,150.35011670556852,12.971283424780227,77.59455137147836,19.417598312253677,5.892091250795688,-0.10771159984173456,5.570168996648562,8.108953307774586,3.6361855715319544,-0.9764417958134586,0.038969773833413796,49.94025766462865,1286.8443033798708,1280.2605149808317,1305.8741692506455,1312.5988677223036
2024-05-20 00:02:30.450150,150.45015005001667,12.971281425799479,77.5945540784778,20.704226755225147,5.339247513368569,-0.1477467715872291,3.256108577961612,6.255528450019399,-2.196145175122872,0.3465514164205705,0.21558730262642195,50.17790134689252,1295.3716925046974,1313.0094784981807,1295.4932944320026,1296.2810476279933
2024-05-20 00:02:30.550183,150.55018339446482,12.971291285055665,77.59455220814314,20.069037174133296,5.311100968976011,0.02793775232679583,-3.928003390700354,6.605890148800272,-1.4326971171089105,-1.3569941659698765,0.09307083406802892,49.672751528590666,1310.2566705953013,1287.061691646635,1301.9029906597482,1288.9602364426596
2024-05-20 00:02:30.650217,150.65021673891297,12.971301316524244,77.5945502959236,19.91836412287429,5.382368973729114,0.11752656310590451,-0.9765259489641664,5.471499903262144,-2.5874239257493743,0.18480716692297183,0.24247179639506677,49.79809648424228,1284.9883754673037,1281.6932662255385,1297.1707577598702,1310.2800284520165
2024-05-20 00:02:30.750250,150.75025008336112,12.971280052395228,77.5945348361376,19.873666860902716,5.418641887819184,0.2981366934924744,7.181616467653399,9.001454353875586,1.7067707971475832,-0.8405337745441539,0.2952428573350669,49.86322866741906,1285.859917787546,1306.9129290679477,1300.5468493156106,1288.4482420990707
2024-05-20 00:02:30.850283,150.85028342780927,12.971271264890884,77.59453301852743,21.355166350480843,5.424539079635577,0.0025757994461241716,2.2999580133913895,5.891980798050825,1.336736344962653,1.6997668418719623,0.12767120644370203,49.757037504507224,1307.485405832662,1299.814159127847,1314.067693873876,1317.0865938774052
2024-05-20 00:02:30.950317,150.95031677225742,12.971288962017098,77.59453410324734,20.333811845242444,5.678341040432374,-0.31496178808449526,-6.6619916426743515,8.759274544531351,-1.4323130514209408,0.9882129016926519,359.91372845296223,49.720645045919085,1302.3295155539302,1292.926213023358,1285.96674990213,1296.5116056076417
2024-05-20 00:02:31.050350,151.05035011670557,12.971309281198758,77.59453662400122,20.022323741076168,5.5767653522380085,0.38460852512853755,-5.026447063393803,7.5175398630552035,-1.748541888120671,-1.9205033227193733,359.7947001897371,49.698592505473805,1288.0943672952494,1290.475145848806,1296.7258879701242,1301.7475716465424
2024-05-20 00:02:31.150383,151.15038346115372,12.971333221895238,77.59454481773912,19.328187224356718,5.676881257092606,0.0828598943594318,-0.39915342813567634,5.691499804833085,-3.6759989079890274,-1.4276423534955551,359.6684043323412,49.614119648481044,1294.7091757314192,1279.0276257584546,1298.6458221681291,1290.3772108165056
2024-05-20 00:02:31.250417,151.25041680560187,12.971340160466047,77.59455079888619,19.942466436347456,5.573326263231677,-0.04375816201971077,1.4026730433489405,5.747292586923785,-3.3456840650184527,1.2663879215684246,359.6521070914102,49.55832394319373,1306.5242517287531,1297.6842152283239,1305.6893518570428,1292.8622700749277
2024-05-20 00:02:31.350450,151.35045015005002,12.971339212317359,77.59456020074981,19.608815375743635,5.444935803731688,-0.045804234090230815,-4.647997172652467,7.159141125275096,1.6599731892513698,2.577148190842739,359.66962095357025,49.53766309775103,1295.4682027484594,1314.0433044188085,1299.5793498754024,1307.4817553948483
2024-05-20 00:02:31.450483,151.45048349449817,12.97132988628242,77.59457142838772,19.012557032015515,5.377331622890497,-0.16976816960029217,0.07533110836199342,5.380538206335369,-0.7994057596489302,0.0026513731727794768,359.46578442464715,49.41251937650607,1302.2897629568808,1301.5004464752974,1301.1712535613265,1289.0064661615388
2024-05-20 00:02:31.550517,151.55051683894632,12.971327135837337,77.59458450070572,19.62388662116451,5.322798106946572,-0.2502771745081162,6.503199018195062,8.40752138395419,0.5131448974008224,1.0159633028469708,359.3965514773929,49.56501638994767,1306.5986545702594,1292.8542844083604,1314.0963417502735,1283.8408996110766
2024-05-20 00:02:31.650550,151.65055018339447,12.97131884564514,77.59459356898076,20.313630526819466,5.715057906023969,0.04580567099058651,5.466491358585472,7.9086353312181235,-3.5147337853173433,1.0218816156022212,359.4153091978372,49.62678640239838,1302.7844427303219,1309.8068077124096,1302.018178732722,1308.857797209006
2024-05-20 00:02:31.750584,151.75058352784262,12.971317509656824,77.59459809450068,20.717549447156937,5.687428118238412,0.013207826897820622,-5.704998499766447,8.055682524104192,-0.7937425188352708,-1.3771139531395373,359.4871587864804,49.5964696172154,1308.9985363855685,1306.6400584357566,1314.205334039911,1292.6441149813961
2024-05-20 00:02:31.850617,151.85061687229077,12.971319217796605,77.59458694617865,19.172250366812836,5.538990491413642,0.14671978713668468,1.3350072328291986,5.699490036100989,1.3190016639807844,-2.447389852748412,359.4892700472126,49.5189503675729,1288.664794920652,1292.412455474907,1300.4475840927346,1292.9459092367003
2024-05-20 00:02:31.950650,151.95065021673892,12.971328967934213,77.59458242750352,20.984639923881687,5.929852390210002,0.19436042667784312,3.872219705288771,7.084843737949647,1.0278303142310208,2.6019223787546664,359.4629303208299,49.439994251653644,1297.0339948352237,1321.8313799211082,1313.8603917884054,1316.2232418116098
2024-05-20 00:02:32.050684,152.05068356118707,12.971320470689054,77.59458787351205,19.946952541928965,5.574053534489791,-0.15218000836043127,-3.7675851054375613,6.72963067983806,2.557785943886041,-2.2839634650891063,359.24975008024853,49.30494606440648,1305.911515091534,1300.2470886711333,1294.899287029761,1274.9465210602823
2024-05-20 00:02:32.150717,152.15071690563522,12.971334773925769,77.59458664291247,20.23087164670178,5.53822550327623,0.14829615619590686,-4.875413985728372,7.379945460998851,0.7020540667047885,0.6894846216058103,359.30945606024414,49.30730744333517,1298.8604316581623,1318.1395795045423,1293.8787672715584,1292.7492882558586
2024-05-20 00:02:32.250750,152.25075025008337,12.9713291955591,77.59459117788762,18.97154460880558,5.447444256399004,0.34075948022387326,2.4258224921704112,5.972887133828732,-0.42449166630544694,-0.8060939209472101,359.2696921067486,49.387056969412,1306.33395616383,1309.216787881951,1289.782200465097,1291.9147929032333
2024-05-20 00:02:32.350784,152.35078359453152,12.971335921057879,77.59457209254647,20.716197920560482,5.516800765504384,0.067448229537161,1.9391560843123443,5.8480737229675075,2.1212487377220426,0.5795326151094796,359.35113684212394,49.22889875493814,1282.3947761085876,1293.5366316850243,1308.335007904033,1296.2357661059325
2024-05-20 00:02:32.450817,152.45081693897967,12.971328998156286,77.59457632704097,19.359505145847063,5.822194580371312,0.1612928414021702,-3.8183485841083353,6.9644634410810715,-0.23888910578216319,-3.5487042781726634,359.411096169919,49.14923944900359,1295.4399836913,1298.5050526381688,1296.415937484803,1288.0144329747252
2024-05-20 00:02:32.550850,152.55085028342782,12.971355262022811,77.59455774758781,19.952273562286052,5.366795811665217,0.24418089306347254,2.82508708536875,6.06986314776222,0.2814593906709753,-3.912156370563972,359.31867720569534,49.18227503352978,1301.5274422953926,1319.1283643684899,1282.7664120042252,1296.5211952112545
2024-05-20 00:02:32.650884,152.65088362787597,12.971349706810036,77.59455605404854,19.924710964860488,6.075474377340758,0.0865267141984356,0.5450018490130901,6.100483816667473,0.9532615135005501,1.5589833538023286,359.23605941163834,49.22104456176228,1311.4663037562311,1304.1153335028077,1309.4134876106305,1298.9489799412402
2024-05-20 00:02:32.750917,152.75091697232412,12.97135745397056,77.59455521257304,20.061310277660464,5.769840280427467,-0.28883920175186384,-1.4673409267991957,5.960501182079565,2.478214849867708,-0.7245625207889211,359.2211522006103,49.02739236408601,1310.8146675871685,1303.1202971657715,1311.5172115400692,1304.51128857608
2024-05-20 00:02:32.850950,152.85095031677227,12.971358229748605,77.59457407288006,19.631144924153745,5.378782986094362,0.5804881578653098,3.7107666784527282,6.560340102070558,2.257242704752828,0.9180709776101548,359.0929703386301,48.968514289761075,1313.3301755494513,1303.3596280313398,1285.6061452281451,1287.152100851456
2024-05-20 00:02:32.950984,152.95098366122042,12.971346948411234,77.59458365744925,20.803711080285222,5.991448962593371,-0.45482017848586553,2.211866478273194,6.402864623262603,0.17982353776487492,-1.0868550603322067,359.20954315734036,48.85255403317911,1314.4221862255044,1305.630390203229,1302.4347069368262,1330.1748150762703
2024-05-20 00:02:33.051017,153.05101700566857,12.97134669936579,77.59458101277866,20.073665726742583,5.676133506053096,-0.18238782795244832,-1.201184728581211,5.8047051303662744,2.5815458185009645,-2.2363262281311873,359.21798869537645,48.95282605599113,1305.751600140963,1291.006485688012,1306.8077637435981,1296.4669733143396
2024-05-20 00:02:33.151050,153.15105035011672,12.971352496525258,77.59459005431826,20.563394028885178,6.143269246872469,-0.2265367663102726,1.3514180884786384,6.294235997794061,-2.616195714775386,-2.342259591922977,359.1170123310493,48.97506100409955,1298.1580896977214,1300.7705029751587,1315.3876164212293,1308.3759839271356
2024-05-20 00:02:33.251084,153.25108369456487,12.971332164588418,77.59458721111416,20.34403946901907,5.233261014854096,0.08674592880880433,-1.2381414777999993,5.378432859560989,1.7679604981697237,-1.3264793676402429,359.09769987113395,48.69435810922057,1312.1274955642007,1296.6972309676185,1315.4547291281299,1307.8141440645873
2024-05-20 00:02:33.351117,153.35111703901302,12.971335864353042,77.59457905887297,20.31568316303656,5.715795960099607,-0.06657731720171843,-4.546937527597976,7.304067146223093,4.2580667908565974,3.4218726499589893,359.01093199446257,49.00901403964492,1314.1119450775702,1311.652919879351,1288.364809238032,1292.7120395043703
2024-05-20 00:02:33.451150,153.45115038346117,12.971328353093977,77.5946114440075,19.434348733254215,5.620106828342313,0.03355227961771678,1.3088156741085584,5.7705913896445375,-3.106542128168867,-4.1589431244004205,359.0855637780482,48.94848200150238,1303.8765889763586,1294.7735825381046,1296.811208593901,1293.881170654472
2024-05-20 00:02:33.551184,153.55118372790932,12.9713147665872,77.59461604101763,20.57753358133104,5.670387310304584,-0.41540610359742103,4.892171896984479,7.500613331549225,0.8418673191252904,4.758338006963852,359.29869285979447,48.81289978318961,1302.8758707222073,1295.4966083854376,1307.0979730547501,1315.681744410672
2024-05-20 00:02:33.651217,153.65121707235747,12.971303759254676,77.59460358219233,20.413109366195428,5.407184343967868,-0.06836270108143318,0.21757117150629313,5.411991611525372,3.6153008261687494,-1.8154050783997409,359.16432851611853,48.86554867362848,1300.3191996641344,1304.9400661388083,1305.132085957119,1317.2446952803155
2024-05-20 00:02:33.751250,153.75125041680562,12.971312053793282,77.59461646458863,20.62106232521359,5.267437415955918,0.089517790028974,-1.5013374841096692,5.477948941614624,-2.9155796771457942,1.0124022819235612,359.10195556774664,48.75828207489905,1312.0001906431903,1293.649888403881,1314.7086445319956,1309.582453892877
2024-05-20 00:02:33.851284,153.85128376125377,12.971331250056803,77.59461813234527,20.112741746833706,5.799400964939432,-0.0019654065053990627,-1.3351687741235025,5.951111750787209,3.1628183212654877,-1.1459872632664123,359.1686240579016,48.739759822710745,1293.5668637699482,1296.1393391347278,1300.9219068979007,1316.8796872857886
2024-05-20 00:02:33.951317,153.95131710570192,12.971334080851284,77.59462523127846,20.35393952945697,5.302114982345343,-0.22184160747320678,-2.3281597060301067,5.794994788746531,-3.3696104058596426,1.0440633892926927,359.08896359288383,48.76615917167097,1298.156914466816,1308.3506181734242,1291.4283476552762,1285.5618547301085
2024-05-20 00:02:34.051350,154.05135045015007,12.971326250679033,77.59461005889914,19.64695454322648,5.654391240329637,0.030817625554459733,1.0406064230003977,5.749430558964168,1.7649479838450157,1.8745488781279513,359.1077813096191,48.4743228728693,1290.1091165152898,1294.9280575277573,1302.3998154470448,1276.8008764720648
2024-05-20 00:02:34.151384,154.15138379459822,12.971308072888549,77.59462046389014,20.562130210950883,5.711883568187431,-0.012617325381628415,1.0730621519666386,5.811818603106314,0.6384373486660714,-0.1903733920716911,359.33145293959285,48.470948547597,1309.7527998972794,1304.6764912607744,1298.3783174737941,1316.5179238626731
2024-05-20 00:02:34.251417,154.25141713904637,12.971326137222182,77.59461519881623,19.861638534950384,6.092234832260045,0.5107560531456696,-1.8637327095732843,6.3913767382279145,1.6282730655390452,1.4136684766277283,359.2950278429564,48.58667770438865,1290.4637154845798,1297.2438402758062,1295.2462555422733,1297.4395924927037
2024-05-20 00:02:34.351450,154.35145048349452,12.971317516958708,77.59465066492679,20.189259378758827,5.7852684855468,-0.0005349102113082464,-0.2329254127859457,5.789955611566587,-0.7235740776639916,3.667798286357375,359.0836532659198,48.47688008809965,1295.7298275825844,1297.178400437746,1300.6544693490314,1302.2672208481479
2024-05-20 00:02:34.451484,154.45148382794267,12.971326094496971,77.59464558480661,19.815037918854497,5.622077478752326,-0.04274438875791462,-2.950239860692079,6.349291101806627,0.07250381997402494,-1.777818478603525,359.0895489248778,48.34482253168158,1291.115431968888,1313.777197646831,1311.0185528186364,1298.389505262783
2024-05-20 00:02:34.551517,154.55151717239082,12.971340315119962,77.59462880469863,19.59901465838028,5.529480948868334,0.11554012777397492,4.162258483080848,6.921914819253582,-2.493544742505869,3.41609949504863,359.0363483228434,48.39729645699017,1296.63750245128,1295.5826039681772,1298.4395653139713,1297.1448451829701
2024-05-20 00:02:34.651551,154.65155051683897,12.97134000258038,77.5946363250368,20.647767191895017,5.797280346357444,-0.216412102469066,-1.9089418309040127,6.1073195860485745,2.332965230997475,-0.20328180845200453,359.1259758897689,48.358966172394766,1324.321386679051,1301.0255408272842,1304.1680388973298,1274.2748299555244
2024-05-20 00:02:34.751584,154.75158386128712,12.971352453403265,77.59462633606181,19.217098986975675,5.361006611187704,-0.08741403710380104,-1.2193553659924845,5.498623519359706,-0.08786691784329612,2.3203612458015828,359.1695569165634,48.44102704540728,1300.7110347817666,1299.5083370576885,1302.7143117578116,1289.8986374413525
2024-05-20 00:02:34.851617,154.85161720573527,12.971342396144477,77.59462367391562,20.403814801232965,5.432983099728482,-0.12798846508154457,2.4473360140288776,5.96012919110752,-0.28883162411135355,-0.14942078219064642,359.2228006141011,48.519037094079,1294.971268820101,1306.2500283502347,1311.154793675816,1309.3263601674278
2024-05-20 00:02:34.951651,154.95165055018342,12.971336968703705,77.59461076757457,19.7067293999191,5.349447723437596,0.2757838940982693,-0.13681098505374223,5.3582986989964505,0.7715137322666644,-2.2340740111283712,359.05449906426514,48.5689931271011,1296.469261802084,1302.1111660387996,1297.4411723030234,1299.412020346975
2024-05-20 00:02:35.051684,155.05168389463157,12.97133705019648,77.59463240766351,20.37644348044862,4.981469634139418,0.08425114494963591,1.7461587218189152,5.279318919431057,1.3496644039447871,-0.6927827071996763,359.0798461420455,48.27841519477669,1292.2527405003473,1292.1189241949457,1293.6651410607142,1291.1117197047663
2024-05-20 00:02:35.151717,155.15171723907972,12.971350889031628,77.59464188648228,20.056077593680808,5.6604435907800745,0.12095970263494929,-7.152044819595844,9.121786995735675,4.352301674924501,-0.9525177022081807,358.97301976826725,48.45094169252222,1287.3743216337662,1313.217926213129,1307.4095743246385,1294.0763489362062
2024-05-20 00:02:35.251751,155.25175058352787,12.971368439624209,77.59463501545264,18.94555755455415,5.396019203837371,0.05306577816557753,1.987817987356948,5.7507616518035105,3.444598731345871,-0.33640613563820915,359.0017267537209,48.2166023026591,1284.2288396637118,1295.196977673906,1302.140183336764,1306.7163491761476
2024-05-20 00:02:35.351784,155.351783927976,12.971368207059804,77.59461619896312,20.453773756539018,5.366683798338874,-0.05095173556887614,6.834618484043261,8.689988543901324,2.1080467800613496,-2.0829558805390094,359.17753603974006,48.26014584801979,1304.928801093636,1300.7447365637847,1301.4059412937163,1299.2115385613395
2024-05-20 00:02:35.451817,155.45181727242414,12.971365999967198,77.59462568792479,20.31293704452547,4.977755833003343,-0.18143053840234502,-8.949825032485194,10.242574787882312,1.01254393387145,2.5362567618648324,359.00718681889157,48.30629298299706,1309.9382049621147,1286.1563597699471,1312.2818591498137,1301.9144426229439
2024-05-20 00:02:35.551851,155.5518506168723,12.97138123257686,77.59464165946711,18.663211896088487,5.18762657465852,0.28119083643093473,-3.197719037025692,6.100487259584478,0.3216373278009319,-0.02053400689188742,358.9447983167924,48.02226727989148,1288.6928884550914,1282.469075213794,1281.952792605591,1294.2580738595889
2024-05-20 00:02:35.651884,155.65188396132044,12.97138717510081,77.59464562135055,19.673179984767074,5.463405183704933,-0.06590737336297937,5.508374730325357,7.758565083369765,3.1650552343118186,4.186293497533179,358.985348433586,48.31879257171702,1292.8872481354144,1314.790182514489,1289.746167991873,1288.2190186821567
2024-05-20 00:02:35.751917,155.7519173057686,12.971385116397867,77.59464376656555,19.76525418958473,5.772599078171271,0.008901133459029823,0.1433225970931744,5.774384877570787,0.19000689885920097,-3.883820327662779,359.09620450398836,48.02874909931526,1293.0956219120087,1294.4413130913,1304.8331523055072,1306.6196691460575
2024-05-20 00:02:35.851951,155.85195065021674,12.971393114191844,77.59463693118227,19.701854062211524,5.7194459220820235,-0.017108888475562065,3.7775022257363275,6.854332749081304,-0.8132416056915522,-2.8510696741257133,359.1345627957001,48.04449903070707,1308.0513325143968,1299.141543751704,1306.6856733288123,1305.8524518433915
2024-05-20 00:02:35.951984,155.9519839946649,12.97137142440784,77.59464625189484,20.5210065521862,5.596287891888782,0.06231946327669015,1.0510282952853913,5.694469453943413,4.67927431641677,2.096708730244315,359.2181789572879,47.87782010854309,1305.889909504974,1314.8578654874698,1305.6091263567625,1300.8797447074514
2024-05-20 00:02:36.052017,156.05201733911304,12.971355999578048,77.59463029987394,19.912129813185594,5.185618372327746,-0.17186292176296633,-4.632669348835989,6.955702700873898,1.0905562658862722,1.1328953594645101,359.2973305672852,47.94618542149618,1291.2585867831901,1280.9594011811491,1285.8524505723944,1309.6763668508352
2024-05-20 00:02:36.152051,156.15205068356119,12.971359839055202,77.59463592395733,19.594163734813208,5.961413817846343,-0.26449399923045536,0.5350417360449455,5.991217025158429,0.3021888153372639,2.2161387492406095,359.3599560129617,47.94319514281173,1285.174377829635,1304.3214090197207,1291.098011187073,1282.2119086328728
2024-05-20 00:02:36.252084,156.25208402800934,12.971356750665326,77.59463863518236,20.019173841737434,5.852671881464255,0.01127340585219555,0.6651077167915105,5.890353428844272,-1.8835535378895376,-2.405391917655813,359.3744547344441,47.84127780665643,1315.5560636323517,1294.024969620115,1279.9907375869134,1315.5328049894158
2024-05-20 00:02:36.352117,156.35211737245749,12.971365280791588,77.59463352852322,19.72722963347106,5.79103117342867,-0.010810671396154006,-3.7344517629462217,6.8907393574282585,3.0676215431378133,-1.9321509515367927,359.52488960502393,47.99841519957552,1305.672787929652,1318.5681100295012,1295.8189834055627,1294.8894763808307
2024-05-20 00:02:36.452151,156.45215071690563,12.97135757178866,77.59464524197888,19.272034442681836,5.428344722496558,0.0829408632590927,1.2415251011361619,5.569128315078181,0.09532881065353903,0.21653855689099477,359.57696866362346,47.72158878068848,1298.3370947052397,1276.6307060177685,1287.5245848660009,1296.9347544123107
2024-05-20 00:02:36.552184,156.55218406135378,12.9713566091167,77.59463931856493,19.975617449637017,5.360699665774626,-0.032720176483718194,4.913234294331303,7.271729006747882,0.7286605840983187,1.190860530217049,359.54792877569537,47.668185403552094,1303.7190513241485,1295.2360147815202,1315.1399934574697,1304.6449117913571
2024-05-20 00:02:36.652217,156.65221740580193,12.971354883727006,77.59464243488586,20.255008959720445,6.0405399290847495,0.0449050357633427,2.1821436573270603,6.422763426930562,-0.2669278390289524,0.2668498542216431,359.58981578727105,47.770186124306036,1283.3353104700536,1310.38785739188,1292.2681046262614,1310.4840090246046
2024-05-20 00:02:36.752251,156.75225075025008,12.971356850280078,77.59463112163654,20.412191705854504,5.338294364174379,0.10402027108302757,2.0210775667958956,5.709024563476473,-3.535756940030812,1.7316745221396574,359.551333726575,47.847286724029544,1305.5503008076591,1305.9603431427663,1304.6479612217254,1309.955217394241
2024-05-20 00:02:36.852284,156.85228409469823,12.971358851471882,77.5946222189829,20.65935925651189,5.940151219136351,0.03954805177501492,-4.094438529946004,7.214664748282672,-3.409364227044397,-1.4613137967565333,359.6314520127609,47.74895260698809,1290.139763351266,1310.632508228406,1282.9267985870547,1288.9271461083174
2024-05-20 00:02:36.952317,156.95231743914638,12.971348792932638,77.59460999418936,19.593030946278773,5.440181765351324,0.02348366136392732,-2.2465314344378413,5.885833212751568,-2.6481120030883485,1.069228878531541,359.7619119016282,47.484083626465804,1291.5647633040742,1309.3072347168154,1297.8073188988894,1303.325091054481
2024-05-20 00:02:37.052351,157.05235078359453,12.971362894349845,77.59460861788716,20.209903150922457,5.705477612876365,0.04407887611913734,2.7981186359663752,6.354831676708332,-2.1531032770065224,1.2029267479464025,359.71290777545465,47.66696521038853,1299.7025175724664,1304.2940413752326,1313.1489883094112,1291.0419222132816
2024-05-20 00:02:37.152384,157.15238412804268,12.97136142550842,77.59461945887895,20.1528412769156,6.068360642425612,0.19661391657629324,2.6541207177801738,6.626312300464082,0.02200236813969704,-0.5965937702896906,359.6247994533765,47.563190709453764,1297.6897308489104,1296.8614662900502,1314.9382146099936,1293.7191724783986
2024-05-20 00:02:37.252417,157.25241747249083,12.97136743921771,77.59461291025316,20.740904294859806,5.431393342969129,-0.04758589916098811,-1.796748463640256,5.721066605576441,1.5961782015561266,-2.9747839686917645,359.60514606969224,47.52408875539091,1306.9185543419776,1308.742071398217,1309.1550816517342,1291.079407797561
2024-05-20 00:02:37.352451,157.35245081693898,12.971367261750599,77.59461973831017,19.793371761015578,4.867519029285801,-0.26057311630899016,-8.528419745763372,9.823165640939227,2.4487918403578637,-1.9647647815807154,359.63035461000385,47.52715702121433,1307.336795981303,1320.2623213556792,1299.772371283161,1291.09709618595
2024-05-20 00:02:37.452484,157.45248416138713,12.971371865976352,77.59464939325329,19.03465159480711,5.77473888884161,-0.1150923950092224,-3.4579884689901945,6.731904614992531,-1.0660214997312587,-0.33249949691728925,359.5010618295421,47.566503278948275,1279.0222709520622,1280.878504151239,1275.556360834388,1297.8498191368462
2024-05-20 00:02:37.552518,157.55251750583528,12.971369824961785,77.59464886020197,19.101543457783126,5.265577297660839,0.11436117918508065,4.391516541772631,6.857463109168615,-0.6513507031661764,-2.1057998880257074,359.59406715353174,47.30172851716898,1294.7820113849186,1288.363267984145,1293.183568741921,1291.692328381056
2024-05-20 00:02:37.652551,157.65255085028343,12.971357513373562,77.5946317986135,19.913247768552885,5.535526405425856,-0.4194675954867852,3.0866802023909656,6.351818662451149,-0.576973607681153,0.8782887562617245,359.5746922877169,47.417119871860386,1298.3066100983663,1296.045297710306,1304.5212711114873,1305.6348939051766
2024-05-20 00:02:37.752584,157.75258419473158,12.971356613987153,77.59462920352878,19.719085345557247,5.695458967168922,0.07800513530695971,-1.4114492173399924,5.868264355068611,1.5326472079336797,-1.7771121202081783,359.469551482266,47.25126007656105,1301.7871900885925,1308.4720939123654,1297.8051913873423,1290.332810099013
2024-05-20 00:02:37.852618,157.85261753917973,12.971364108318054,77.59461496500234,19.6308637970944,5.885961030558452,0.21044732471758656,3.2883548739652753,6.745524672467272,0.8668587279669712,-1.0868119474481857,359.5390833777874,47.47327142407695,1300.9154050272848,1301.5364566919422,1300.6519935416898,1299.3545600801747
2024-05-20 00:02:37.952651,157.95265088362788,12.971367806536112,77.5946141034209,20.376975617107487,5.45618552061725,0.09655272744287437,8.959925677299765,10.490927080449357,1.7958454992665407,0.5855573280160812,359.4860330621513,47.59116699806468,1298.3239888215362,1302.5442788578823,1302.5655630999663,1294.7006642881386
2024-05-20 00:02:38.052684,158.05268422807603,12.971362963675055,77.59461293800686,21.4234464601087,5.643361658097312,0.18576296842738108,-1.9312935747221758,5.967573506567385,-0.6350121867110912,2.111507084891207,359.50843470745235,47.250231624475646,1318.8468260575803,1301.89689065668,1311.056632492855,1300.9244247651136
2024-05-20 00:02:38.152718,158.15271757252418,12.971365281065124,77.59462192110257,19.990588106326122,5.615801309204563,0.11990346219641275,-5.75606797617661,8.042631393460493,-0.6958136338980168,3.605422736755595,359.39460480559046,47.28861224611076,1298.202732184816,1291.6424864050678,1327.9056606770175,1303.390811845821
2024-05-20 00:02:38.252751,158.25275091697233,12.97137321722069,77.59460521616376,20.27184899905302,5.3909669151402735,0.054012861349812584,4.227426260468505,6.85102725560386,3.4287521987969587,0.7083136156054477,359.37203940567673,47.15665799372129,1294.7194874777256,1298.0866728636768,1327.9462536971341,1305.4827958972462
2024-05-20 00:02:38.352784,158.35278426142048,12.97137021921188,77.5945930644402,20.836355280811322,5.7745253129023935,0.07578529677543366,-2.633005379491152,6.346936531035046,2.451570168699115,-2.6981744961605827,359.2362805437044,47.40184764916075,1311.5071829429507,1302.1308954733117,1304.9629603782328,1291.7877355005614
2024-05-20 00:02:38.452818,158.45281760586863,12.971386135473326,77.59457285786975,19.745072330932082,5.587271425803013,-0.06543272674427589,-5.654362374456355,7.949446351098404,-1.9403240471573493,0.25297009392307074,359.0870724152788,47.13355771620255,1289.7949583590614,1299.7302488897583,1308.3070593292523,1301.7637628086575
2024-05-20 00:02:38.552851,158.55285095031678,12.971376641512583,77.5945777405508,19.70510572273402,5.07630108429909,-0.14471885962938769,0.28651688822380095,5.086439636329718,-0.5674228564444694,-1.7779924412989259,358.98974374347404,47.29258058441496,1278.9066214598909,1319.395696826544,1301.0151149444075,1313.5479051658483
2024-05-20 00:02:38.652884,158.65288429476493,12.9713583776004,77.5945885690398,19.80239481607189,5.680410181431234,0.08251022998145346,-1.6094115547738284,5.904580706536132,-0.3544103988854156,0.1369369507162765,359.10335609863466,47.13748688182995,1309.8523451237872,1303.016288027394,1305.1249482578144,1290.1424271878416
2024-05-20 00:02:38.752918,158.75291763921308,12.971369209806737,77.59458974790945,19.383116081898976,5.355370821597091,-0.07071151104523259,0.9015930009686031,5.43119385531426,0.171212102044046,-1.6584203310063979,359.05558594409126,47.12574070782069,1306.0479510498212,1304.9173163769622,1301.32330632851,1281.524649315335
2024-05-20 00:02:38.852951,158.85295098366123,12.971384143431292,77.59458048061481,19.982773542507754,5.5687083497111045,0.16435998262456802,1.46503697135239,5.760543395849033,-1.4017830655789756,0.5256160485091456,358.9607212433904,47.03298799127529,1281.1564431507225,1308.3193774126432,1301.9382301722246,1319.1602144906647
2024-05-20 00:02:38.952984,158.95298432810938,12.971387109115922,77.59458573855271,19.67622117786811,5.882603984987607,-0.21748250024022586,0.09427628104123187,5.887377709920588,-3.432173088503286,-3.61781682141357,358.74181981271306,47.05486977196641,1296.232324230008,1310.481242959308,1289.0740660473361,1298.3631917156454
2024-05-20 00:02:39.053018,159.05301767255753,12.97138422135164,77.59457988482785,20.00163508589713,5.832505790973427,0.3922227929612161,0.08373609060444664,5.846278667146013,-1.573062766551343,-2.929982967137725,358.6693158831358,47.01053303984916,1300.2360190231384,1289.1381133324926,1303.420599173964,1313.445625348353
2024-05-20 00:02:39.153051,159.15305101700568,12.971370838183434,77.5945741373187,19.692973980256465,5.879014205697489,-0.07790121429160707,-0.7583405502977172,5.928233887103884,-2.0626994506116567,1.4877056853155757,358.69868439614515,46.862902042983364,1296.223233922846,1303.2793370793331,1302.6888846103805,1303.96369056794
2024-05-20 00:02:39.253084,159.25308436145383,12.971383001073175,77.59456696410571,19.84991640294327,5.878337547019842,-0.051121080154040315,2.808968255066304,6.515195188135932,0.6929573309435337,-1.8186674832212129,358.6338058474025,47.120058893492775,1307.4697178049855,1310.5674937009674,1298.7349089861252,1300.525175372285
2024-05-20 00:02:39.353118,159.35311770590198,12.97136565235567,77.59455536414505,20.254954958262395,5.156781533286583,0.10473573888035813,0.045741103134247396,5.158047848320164,-0.6371220737997959,3.267013100431099,358.5583061691979,46.876299748890034,1296.3235707052731,1298.5923541301433,1294.9812224077168,1295.3694162696067
2024-05-20 00:02:39.453151,159.45315105035013,12.971360935584434,77.5945504496273,19.859067673993803,5.544143185187446,0.10098022874149398,0.7208409295969034,5.591719977809976,0.3495921736219373,0.9096389169544871,358.57303792941883,46.98625537733822,1299.000663807037,1285.5653561907388,1293.7297997947853,1297.525082423528
2024-05-20 00:02:39.553184,159.55318439479828,12.971372458928945,77.59454646352548,20.399171216267778,5.234024754626283,0.2642338517086437,2.7594601045275766,5.922791126564303,-0.38988014681421246,-1.3612001957059454,358.6523718631096,46.90181157105921,1284.3499938574776,1309.0517166585885,1306.8220755772784,1303.324600096432
2024-05-20 00:02:39.653218,159.65321773924643,12.97138290640645,77.59454024362232,20.41114372024807,5.4259455969084005,0.1493064245841077,-3.4576617738425313,6.435728627849657,1.6153720395969104,4.73474804550613,358.6478994029991,46.727402943220355,1295.1245628904355,1292.0749997545304,1281.117588171866,1294.280106757988
2024-05-20 00:02:39.753251,159.75325108369458,12.971393782568589,77.59453707299978,19.707408273851797,5.288414692978881,-0.13177147042666476,-3.896355243070815,6.570104859554278,-0.7013051838040889,-0.29062110205733227,358.7327503171595,46.76357564798171,1315.018969826523,1305.8578209480638,1291.3636472196567,1312.146694018665
2024-05-20 00:02:39.853284,159.85328442814273,12.971405999195053,77.59452138853628,19.631612828003156,5.414303616382196,-0.003156817868077602,0.5261700460133909,5.4398114427974535,-2.280074806827852,-0.420741571169778,358.8613174469115,46.605620345965,1281.5497394953552,1299.6498516318302,1301.0157513594759,1294.0977412825482
2024-05-20 00:02:39.953318,159.95331777259088,12.97141383782355,77.59453257604598,19.81267737275411,5.614280340225701,-0.30842557775300694,-0.8222785572695841,5.682553308276345,-0.47431651756401927,4.166925909828159,358.8795627358461,46.55586721514358,1306.263197179777,1307.6070860612217,1292.73226169908,1306.3770783522405
2024-05-20 00:02:40.053351,160.05335111703903,12.971408221716437,77.59452394303707,19.467102279699805,5.440133100467596,0.17051964280581125,-1.4118755684355762,5.6229456444226,-1.107826512817265,-0.47045747021470274,358.90818009515124,46.56446134816717,1295.61788181751,1295.0567663283298,1295.753964782447,1286.8113208545415
2024-05-20 00:02:40.153384,160.15338446148718,12.971415676080262,77.59449331482851,19.530208102643623,5.923032319240005,-0.07432857687678167,-1.0103334281748744,6.009044036133348,-2.1052952281451267,0.11686855574913114,358.92019666075834,46.77863618867894,1303.7785200917033,1297.8208105681529,1292.0898537233682,1282.3715212291993
2024-05-20 00:02:40.253418,160.25341780593533,12.97141020484201,77.59449487098914,19.26496821604361,5.510680937067155,0.16810121723257418,3.9380230604782156,6.775240810056025,-1.252974541819637,0.17260318352716383,358.8248422725324,46.556767551029886,1309.2776728189137,1317.9876023470697,1302.8228419052637,1286.258093134419
2024-05-20 00:02:40.353451,160.35345115038348,12.971413484681051,77.59448346612554,20.318075337150773,5.738016351856225,-0.10306754872653939,7.976572322970952,9.82655385154715,-4.315948158950916,0.7091487879568344,358.7281751739658,46.63784410050975,1286.3313693584782,1309.482198586563,1297.1234125120538,1308.195607167991
2024-05-20 00:02:40.453484,160.45348449483163,12.971408611905757,77.594490328091,20.860814629442274,5.248609711724361,-0.0225081455315041,-2.920063510779215,6.0062618515684765,-0.564705221549771,1.3244396629566866,358.63764934073026,46.69490688285807,1298.6611106025837,1314.2952008251466,1303.1139823677072,1308.5368351773234
2024-05-20 00:02:40.553518,160.55351783927978,12.97140022302359,77.5944889507009,19.733867899182272,5.739253160181588,0.2572870973826806,-3.6340613396992865,6.797913305407103,-3.321043825048644,2.008609281324274,358.5697664921595,46.58077963138578,1307.4300772909542,1300.3959997984105,1308.61382370693,1300.6174146551898
2024-05-20 00:02:40.653551,160.65355118372793,12.971429746885605,77.59448440502814,20.133760009962586,5.411819202226083,0.3321172025569301,2.6905417366587727,6.052859138499756,-2.216926006322553,1.2450565499729829,358.6385761655915,46.35885017331997,1307.0385261986107,1330.2359707476344,1298.3253556958266,1291.0819705671875
2024-05-20 00:02:40.753585,160.75358452817608,12.97144001618853,77.59449530409191,20.27215567577289,5.2852640872855545,0.00334450302397412,-1.5902605201923876,5.5193256997692615,0.8854241761618029,2.3388978055148066,358.5289943293677,46.526419214515286,1302.4242258670954,1277.8957712065692,1294.4111228429788,1313.9065704163102
2024-05-20 00:02:40.853618,160.85361787262423,12.971442183629634,77.59449219479139,19.815601853205187,5.5028081607503125,0.07605094412361618,-2.293406572694181,5.9620797636226905,1.8175101897872057,1.962407472451851,358.51079720161755,46.420918321829795,1310.0690219484877,1300.766169240058,1298.454888936338,1285.817467639115
2024-05-20 00:02:40.953651,160.95365121707238,12.97145244887045,77.59448670876635,19.813321416480957,5.661670964380726,0.18029492820690762,0.8370370731705208,5.7260505963456865,-5.035721577911737,-0.7175769609387107,358.5172871046061,46.42731242851624,1304.9134139377925,1319.6333069164734,1292.0507735225542,1304.674074026438
2024-05-20 00:02:41.053685,161.05368456152053,12.971458499656107,77.59448599035419,19.983065088917865,5.481886974113165,-0.158528385190017,0.7564276845636186,5.536099609638254,2.3147852863090654,3.447951314071999,358.52196897932896,46.39687500971137,1302.8947381241144,1285.6539310707763,1308.3739368190115,1286.047338308945
2024-05-20 00:02:41.153718,161.15371790596868,12.971454738567411,77.59448635983061,19.964657398721094,5.8334329081505905,-0.28195737803404647,-0.5876626494079034,5.869734819089462,-2.6472936596466345,0.5764522027477237,358.6591673915934,46.42147744937521,1279.783103371083,1289.1815302030195,1311.544260980184,1305.0004410901124
2024-05-20 00:02:41.253751,161.25375125041683,12.971446275401718,77.59448971906431,19.865493368462797,5.7388000935182015,-0.03787935438497664,0.7746235663058911,5.7909673655037635,0.9352683426120767,2.66099842780151,358.74309397989276,46.17019398128838,1305.1884128495967,1299.3835079521025,1293.7815744722634,1320.8542522466778
2024-05-20 00:02:41.353785,161.35378459486498,12.971457031260618,77.59450611646508,20.119633770772957,5.384873240224311,0.010600243110699696,3.172419434797746,6.249897379055142,-0.4120046896374643,0.4854081423540785,358.8370797558815,46.24566550801078,1316.8816108019203,1305.6983195317878,1292.7802958546515,1300.0752149041102
2024-05-20 00:02:41.453818,161.45381793931313,12.97146140780525,77.59451888054527,20.500188820573054,5.871626729676974,0.09337662237060378,-0.37392228909190806,5.884261850439883,-3.323990300934187,-2.3467220086302265,358.8833139353187,46.08514820701605,1322.7759789444708,1296.7800806821042,1320.352683658654,1299.9051727933388
2024-05-20 00:02:41.553851,161.55385128376128,12.971455920988372,77.59451131135245,20.044824376489814,5.754345550205099,0.09863102582019767,-1.2176731714355071,5.882597108663262,-1.5314541542127995,-2.138042701153216,358.91370578803037,46.14767702355277,1291.7508601991792,1287.619978315508,1299.3749521993993,1285.497249067253
2024-05-20 00:02:41.653885,161.65388462820943,12.971455372856735,77.59452081196488,20.256572981006094,5.654931058426377,0.3333360947489377,-2.4663989527736447,6.178388302936346,-0.28937945312364105,-2.6187315059706746,358.75101514927593,46.18786820963801,1305.8867424282316,1304.7595513092767,1307.3109765639529,1280.7657708952747
2024-05-20 00:02:41.753918,161.75391797265758,12.971451192456396,77.59451838493132,19.55138010451109,5.968243473187264,-0.0933817186652775,0.686975643286047,6.008376306049042,0.9688039905522274,1.7573273586011018,358.806666680994,46.02120761280459,1290.7490267419644,1292.2395800582613,1286.7457973805208,1297.2790436300602
2024-05-20 00:02:41.853951,161.85395131710573,12.97144122748212,77.59452174014837,20.39401392331074,5.803232421043523,0.2709958392942659,0.3518725462009371,5.8202027083543575,0.6637580770949761,-0.9277557351040151,358.8007511370949,45.95232335461383,1304.1772772741635,1301.5915478837164,1299.7700025469878,1305.639988765248
2024-05-20 00:02:41.953985,161.95398466155385,12.971427001468784,77.5945290694753,19.62177807974347,5.62863850496775,0.04478807466941539,-0.6166551361737049,5.662494233834379,-0.46995934216893764,0.6706907050225421,358.7085125514055,46.14246182990303,1301.548392468534,1267.2402266926285,1302.744502637159,1296.8731414688864
2024-05-20 00:02:42.054018,162.054018006002,12.971425659428887,77.59452340745207,20.270641772025993,5.880789050865684,-0.17644430374583864,3.162258603213701,6.679423023488266,-1.4073685186025346,-1.902762295837709,358.8144371458311,45.96744242505886,1309.2749339347536,1301.5276739526307,1300.0989618930391,1298.3938160145713
2024-05-20 00:02:42.154051,162.15405135045015,12.9714167713076,77.59451869031676,20.254440687922273,6.005374541802974,0.1825567956271825,-0.6527757861785233,6.043506151067105,-0.43816721317539703,1.7232480751568529,358.80037011252534,45.84110274997389,1304.7565397914602,1297.955742647981,1313.0964962813464,1297.4713545900215
2024-05-20 00:02:42.254085,162.2540846948983,12.97141990099624,77.59451064854171,20.140043081893577,5.933418013492452,0.06716218377596322,1.9471377174008921,6.245102510951396,1.0349853142470042,3.353740798148782,358.7113295419175,46.100471990640315,1299.7648967540435,1299.0723424698465,1307.8966494419553,1307.497624079237
2024-05-20 00:02:42.354118,162.35411803934645,12.97140903861593,77.59449554827903,20.643998083867768,5.688122895356406,-0.004816302474015412,-0.8105368960848267,5.7455839850586194,2.357066818790544,0.5512928337913037,358.68838002799384,45.833795657248714,1298.6073791235328,1303.220684172089,1299.523520736024,1314.680599813005
2024-05-20 00:02:42.454151,162.4541513837946,12.971416920094715,77.59452045519316,19.9778816488656,5.650511345407575,-0.28897101323095015,-3.5124370879956075,6.659504261444279,-1.5649567212806212,3.4404521372027532,358.7269959130917,45.692546148116904,1306.416909346947,1298.1104622787655,1301.5613731768117,1286.9929704788763
2024-05-20 00:02:42.554185,162.55418472824275,12.971424513847072,77.59449730737171,19.941276425715927,5.323443495603153,-0.034794732437727564,2.286892255358296,5.793974241563617,-0.1401936551684349,-2.0932429126655387,358.7006996617884,45.66600675833172,1285.038937389005,1285.2708509465544,1299.1272874825197,1314.2956694284107
2024-05-20 00:02:42.654218,162.6542180726909,12.971434363229061,77.594497880813,20.43541261025773,5.446827369806866,-0.24601932240678998,1.9669224609630902,5.796312437310102,0.13634851592610556,1.16832921945214,358.8028156738516,45.93976390107723,1298.1869749627735,1294.4798786360084,1322.7864971120184,1298.9501832064116
2024-05-20 00:02:42.754251,162.75425141713905,12.971429816551263,77.59448867838364,20.334792089796572,5.747691898662603,-0.2514811506476012,-1.0969780146155585,5.856839223987,-1.5674276973173746,1.6247704381324455,358.8587514911753,45.874831005792686,1300.5251440887719,1294.533537880266,1309.8199069046336,1303.7676142500682
2024-05-20 00:02:42.854285,162.8542847615872,12.971434309342706,77.59449702706773,20.215943851081555,5.294511812993336,0.38261030203441665,0.7064861619115419,5.355125458672406,2.6418759863883436,5.084016763749248,358.69904322332206,45.67108938178161,1302.0642861136685,1318.8190082499173,1311.5935258749532,1301.611455713964
2024-05-20 00:02:42.954318,162.95431810603534,12.97142031177877,77.59451578270597,20.47613643696127,5.574383685787045,-0.1995000505370743,-4.138354748805057,6.945468578396308,1.038994002627446,0.891253448036058,358.59552112480645,45.643478830329244,1304.5997255652146,1305.305722956991,1298.4490196982906,1305.8858526162567
2024-05-20 00:02:43.054351,163.0543514504835,12.971420298034204,77.59452692281674,19.38799691900985,5.768950059386712,0.35778896221331363,-1.1474641141389696,5.892832224186971,2.8525862279361225,1.414130207650465,358.58509857651785,45.627563165346615,1294.7522258152444,1295.8423226915072,1295.2205818614966,1289.6855113416418
2024-05-20 00:02:43.154385,163.15438479493164,12.971413617200325,77.59453241672419,20.24656709101816,5.601152442730384,-0.03771519780735463,4.602574852386638,7.249691468929701,0.5488922737724931,-1.5046222483995693,358.61834385339915,45.69197601339361,1304.2224432780292,1291.6901091249943,1308.6208943000881,1301.5819558649337
2024-05-20 00:02:43.254418,163.2544181393798,12.971415878691126,77.5945262733238,20.30881883012422,5.216049758098208,-0.1190595440766159,-0.2316477269089603,5.222548316997575,0.7786491240460861,-2.3505348272196764,358.690006930593,45.651702341445045,1308.7547745791358,1288.7472125677614,1301.2432372270916,1312.0681874872405
2024-05-20 00:02:43.354451,163.35445148382794,12.971410460324416,77.59452121603486,20.20022209730513,5.535218019051576,0.23661451144806642,1.881155162065653,5.850928959509533,0.33934911400173884,-2.6309426972964696,358.7423623422731,45.618071924988854,1299.875448639934,1290.9520414734463,1305.7296583873908,1293.1209409406306
2024-05-20 00:02:43.454485,163.4544848282761,12.971417491677336,77.59451712056635,20.685175314698878,5.993398549489433,0.10155592048970406,1.6336301725334863,6.212880758442121,-1.0281340102736019,-2.147362069344236,358.7773674825627,45.51865500931178,1296.3159839343057,1299.9298468333209,1292.4950555675055,1313.3588623828878
2024-05-20 00:02:43.554518,163.55451817272424,12.971431542977102,77.59452203973672,20.527057076804997,6.093231223632207,-0.09604373255745612,-5.360238349130412,8.115962438472614,-0.7278899574101816,2.082962551683115,358.7283462259256,45.50554283556,1306.1686230133819,1307.5068154445055,1291.8494600044007,1291.6123921505925
2024-05-20 00:02:43.654552,163.6545515171724,12.971436661379085,77.59452536864008,19.612770176493388,5.4647843541196055,-0.1161041699009999,-5.4814973365410395,7.7410697752833455,1.5287664252121478,-1.8709615289746462,358.8652807893004,45.403959586830524,1285.5599901676449,1293.7093781453307,1307.887884766442,1315.5923178173405
2024-05-20 00:02:43.754585,163.75458486162054,12.971432215110829,77.59453639967012,19.430392054489346,5.827248925177946,0.26238141797836106,6.249797229198151,8.549013946098155,-0.5916856921245116,-0.22810296455020926,358.8877608117599,45.400445937643404,1283.4471855352874,1315.143599416319,1279.4400516780952,1295.473372800328
2024-05-20 00:02:43.854618,163.8546182060687,12.971435206214322,77.5945380710286,20.86314641441233,5.527361834739566,-0.024353200514168578,-1.121865555389732,5.640115624247497,2.20188919007849,0.8276188887375406,359.02265773332056,45.338781427816926,1305.4346974489308,1317.6363481722533,1301.0071779278323,1301.2837940803968
2024-05-20 00:02:43.954652,163.95465155051684,12.971438528007717,77.59454683941304,19.205944127435714,6.0422242188455435,-0.11203005403325955,-2.386248413700784,6.497322966861033,-2.049703313065091,-0.13123061682038162,358.9462148307478,45.397704333466116,1300.3352851799812,1287.2402392289828,1306.8776894831426,1290.4201266426423
2024-05-20 00:02:44.054685,164.054684894965,12.971424596478096,77.5945425275645,20.385737595399167,5.458471320827896,0.23614900346395726,6.864494671989576,8.773366663596759,-2.653740473015535,-1.1089332630019908,358.988691595551,45.36028789375791,1285.0260206513694,1302.5967032761894,1289.040170802268,1289.040558799557
2024-05-20 00:02:44.154718,164.15471823941314,12.971429366519699,77.59452882120468,20.57930084740696,5.6319918656685255,-0.501040803205186,-2.2286304329112028,6.077595566334676,1.3174820219973593,3.4645428443588555,358.9155156076987,45.33857718079362,1300.1870474935743,1298.3409463730934,1288.0074652191288,1295.4439097741
2024-05-20 00:02:44.254752,164.2547515838613,12.971437064459186,77.59452882111275,19.939862883913097,5.542004702885991,0.11876185005697144,-5.202711464733483,7.602376410643491,-2.082280016909689,-0.07938931196773985,358.8742398090921,45.24777757754023,1287.2426237369577,1304.0362142109468,1295.0463353966798,1290.970339564264
2024-05-20 00:02:44.354785,164.35478492830944,12.971439958147101,77.59453851248493,19.538411591374913,5.402704107016912,0.04586755604751642,0.8230179464148932,5.4652240613534016,-1.4129685437975907,0.8718381672533138,358.91035900457604,45.29775692762134,1310.41870184221,1296.3809396974127,1297.548176844604,1306.8461987873611
2024-05-20 00:02:44.454818,164.4548182727576,12.971441360602558,77.59453792330537,20.104521359354557,5.4544027657904675,0.28851170966318146,-1.3670089668265604,5.630493944003464,2.244959847829426,1.5833908111314194,358.9724673047815,45.1210287143968,1310.7241045316139,1294.3266462300437,1299.6367283566242,1294.0531317122698
2024-05-20 00:02:44.554852,164.55485161720574,12.97144687504944,77.59454051945524,19.26491863369037,5.46807211303602,0.01910408303665481,0.2481438425468383,5.473733000973356,3.1171260632071585,-0.770904021506399,358.9115012487422,45.5581523700832,1295.7890219181481,1306.6742866444933,1289.4622869495847,1312.5799257891247
2024-05-20 00:02:44.654885,164.6548849616539,12.971451517788536,77.59453120535778,20.154166676302907,5.723145001807461,0.12606247080561117,3.6660791528649526,6.797824417659694,-2.8850439110478785,2.1278326404994927,358.8632942678474,45.17779584062053,1299.94635341201,1283.8316747151312,1309.703754417441,1302.803400023679
2024-05-20 00:02:44.754918,164.75491830610204,12.971457637888406,77.59450968403368,19.998378951035814,5.6123824472926485,-0.10629200335680467,3.256778064420587,6.48974098755469,-3.891971466587339,1.1103130830842556,358.8275273708313,45.211351544304,1300.4624305346038,1285.7904755175784,1288.0462185089573,1309.9207765302428
2024-05-20 00:02:44.854952,164.8549516505502,12.97146755712416,77.59450499689079,20.805739480121634,5.633321980707679,-0.02094284196143158,0.5923322106623061,5.664416350229017,-1.1689428770801102,2.4349332239363988,358.8026177948468,44.93683040498578,1312.5286446370615,1316.943982686325,1320.032203544991,1292.0459084477084
2024-05-20 00:02:44.954985,164.95498499499834,12.971465354866853,77.5944903832555,20.116884895149646,5.6725428327814456,0.00799242653408097,-2.6325220531670794,6.2536372159754405,-0.47642129972848773,0.25103698753462184,358.8880419382075,45.049516803515836,1300.6114993766062,1293.8818308127893,1305.2455527418404,1295.778115269353
2024-05-20 00:02:45.055018,165.0550183394465,12.971465899259467,77.5944839893037,20.27905950949801,5.465804720902376,0.5172611498343339,-1.073581442212415,5.594207491435183,1.2460822794932191,0.6983657707166897,358.90468496444515,45.14911617002787,1284.4776293317336,1300.3909135047093,1292.6346593652606,1299.560256301926
2024-05-20 00:02:45.155052,165.15505168389464,12.971469670289453,77.59448491428564,19.902097010745695,5.921563217652531,-0.04496948108367935,-5.3533519081745595,7.982813404285517,0.935001055001672,-1.8692124173382911,358.9664799654679,45.104225541498344,1279.712920094594,1306.5154731623963,1313.921220646638,1310.2566855068108
2024-05-20 00:02:45.255085,165.2550850283428,12.971459247318645,77.59447575253812,19.208032118732834,5.576112247968399,0.18126798606372083,1.9069037701516578,5.895945036491893,-1.2239212231053809,-0.6442097068723892,359.02288952012884,44.91441174744907,1306.937057072776,1294.694623605778,1280.3151829386318,1304.512077568699
2024-05-20 00:02:45.355118,165.35511837279094,12.971466856386554,77.59448328608752,20.283604934083808,5.733000159920203,-0.18046450592546548,4.451738413399127,7.260704729768135,2.0574461777662796,-1.1319592032795516,359.12390591579526,44.90464245010378,1294.1512667223265,1293.3902382870967,1290.769226689539,1279.061072228117
2024-05-20 00:02:45.455152,165.4551517172391,12.971461989272376,77.59447230274593,20.098676682934066,5.218318029449944,-0.35517071719530674,-4.1948955907364365,6.704784732712556,0.6948484780397696,-2.8754445055647726,359.1278813921532,44.808922323877674,1290.6723220142367,1300.8981782490378,1300.959857031231,1297.6592296657238
2024-05-20 00:02:45.555185,165.55518506168724,12.971445189371677,77.59448443015987,19.44434606297948,5.271014263345273,-0.1757679767850255,-0.3583982145219835,5.286107738802243,-4.6418107747825506,-1.3691877297858794,359.1824005728427,44.83351042093129,1307.9952435678354,1304.741137957707,1310.8616485213913,1299.2721802826052
2024-05-20 00:02:45.655218,165.6552184061354,12.971452080981019,77.59452098625304,20.026973138848305,5.72293899323142,0.23726068504736297,1.8997381220290208,6.034677148382351,2.332256259839758,3.1455044700866486,359.1512436903977,44.75205295076577,1307.976990785123,1304.6328151291589,1278.8315452004963,1293.459298104254
2024-05-20 00:02:45.755252,165.75525175058354,12.971465751226676,77.59450975129542,19.824420378823902,5.453083418194329,-0.021956209767775372,-1.7944664500017211,5.740793558482581,-0.40089164662340193,-0.9386192512976289,359.037544186808,44.74862283041851,1279.6642218278066,1302.3200550093673,1299.438013614874,1313.358334111245
2024-05-20 00:02:45.855285,165.8552850950317,12.971486876079206,77.59449427816064,19.667960177860966,5.135182406658898,-0.13643435367253462,2.788069019815424,5.844830326175059,-1.5567202818046124,-1.1232462865298611,359.087183963867,44.80125380571723,1291.672614771526,1282.7763604408558,1295.5784802474159,1284.240784524101
2024-05-20 00:02:45.955318,165.95531843947984,12.971492531499397,77.5945019376339,20.382220116032727,5.736363733674652,-0.1388832153296616,-2.43287723850743,6.232499425604918,-2.583195178382816,0.9246141898525105,358.9128796390948,44.66290096761285,1293.0298255579905,1295.0908858988703,1310.6400495069074,1296.8411743428578
2024-05-20 00:02:46.055352,166.055351783928,12.9714922297442,77.59449242970099,19.18122248426161,5.803374948310628,-0.28085115738940136,-1.9106019416334306,6.116243777242678,3.7453327135600123,-1.8685266316878986,358.9849841801856,44.793808432152275,1292.8802204646677,1301.3614201459463,1288.113132657058,1290.0405314106165
2024-05-20 00:02:46.155385,166.15538512837614,12.97150340830258,77.59449769849077,19.999972311771284,5.829724067497464,0.08941474275184753,2.97393591167571,6.545072383567273,-0.45903637930342117,-0.6456979897327292,358.91803355586416,44.436688397443696,1307.4250924605278,1289.0524310382468,1300.8855077181374,1299.4088603045275
2024-05-20 00:02:46.255418,166.2554184728243,12.971517459455349,77.59449809323283,19.776207995100368,5.985368768163152,-0.2767370519985474,1.2081473504312896,6.112351651140981,0.9238596295971523,-1.3194214691808435,358.8931663550221,44.593391866826025,1311.4094448127175,1300.049002247303,1316.1220499351546,1294.478226420416
2024-05-20 00:02:46.355452,166.35545181727244,12.971510713608543,77.59449516384646,20.24168235187091,5.38211410074496,-0.21296230307829112,2.692338629852287,6.021726698694074,-1.4549974184426122,1.5426195038362212,358.98450018657354,44.49221223948559,1304.7689450991575,1307.9147741569232,1296.6670589031662,1294.1207950943665
2024-05-20 00:02:46.455485,166.4554851617206,12.971516875344477,77.59447948464846,20.314855270162514,5.916542589069347,-0.13125038362160937,-3.710392430466513,6.984963483049531,-0.8727405637082437,1.6710363478746628,359.15916095839725,44.395447538522816,1315.0780240657507,1313.499348614736,1308.1426622146562,1315.3220413829347
2024-05-20 00:02:46.555519,166.55551850616874,12.97151328383763,77.59449808164833,19.49935642380158,5.623572512619848,0.06086733528763283,-2.8029534637247764,6.2836948332175755,3.206128904274147,1.5832552402939564,359.1056051453569,44.29244787043374,1279.374322560088,1300.436208993836,1291.5015840256692,1295.7954570097681
2024-05-20 00:02:46.655552,166.6555518506169,12.971512859070671,77.5945104763015,19.754077651544684,5.781189234557272,-0.06378916767598085,5.515170869032104,7.990201983573008,1.863023464894659,1.899781378367396,359.0068065295039,44.52347392362316,1298.056197153735,1297.7774110289756,1274.3699636099639,1293.3282422264842
2024-05-20 00:02:46.755585,166.75558519506504,12.971497318455123,77.59453077662852,20.60275839826616,5.426748909267241,-0.06429515858745381,3.527441356141523,6.472756762977311,1.4716383063815384,-0.06947339631457299,358.9848655430866,44.47865397495651,1308.1430928528043,1305.6404560771914,1284.134811164262,1297.084675850575
2024-05-20 00:02:46.855619,166.8556185395132,12.971487637464213,77.59452654471202,20.45980116394379,5.328533955235064,0.10694866772900771,-2.167831776520984,5.753625530125867,-3.0705199585098413,-0.7056714048567042,359.21021613563806,44.28460529525498,1294.8744466296628,1293.9642577540521,1308.182664994475,1311.0826717422258
2024-05-20 00:02:46.955652,166.95565188396134,12.971485800385764,77.59452559944636,20.169047472653425,5.312681105446788,-0.07031420942856835,-3.119430746960532,6.161198974331344,-0.31710086406608534,1.7883501560670814,359.13447347287894,44.299891865152716,1318.7469416670742,1299.5149417262087,1306.30768764953,1276.6044369619974
2024-05-20 00:02:47.055685,167.0556852284095,12.97148429029392,77.59451518878983,19.835706983158087,5.938387446626414,0.043498737000700616,-3.5305081796186784,6.908749931262907,-1.610889525931559,0.045123267104678254,358.9738194607654,44.221021259716125,1300.2224504218716,1295.735544229465,1304.4476471993742,1275.2955009846853
2024-05-20 00:02:47.155719,167.15571857285764,12.97146648212602,77.59452248192953,19.462710391035813,5.687159044306413,-0.08122008160448119,1.9531168063197697,6.013737602857378,3.570777333142489,0.6742898851418089,359.0302899469738,44.23117832002543,1298.90830400608,1308.122817769232,1295.834900320631,1316.2956875156394
2024-05-20 00:02:47.255752,167.2557519173058,12.97146487830324,77.59453203997056,20.2264605956262,5.261492042122369,0.04326406424938811,0.06283145555143221,5.262045047353653,-1.4748261866817565,0.8706685738766485,358.9274351060538,44.373213350092094,1312.307199580466,1300.2869050082345,1302.6829156591248,1315.0345474513358
2024-05-20 00:02:47.355785,167.35578526175394,12.97147829638714,77.5945439033931,19.475280872306524,5.563886963401841,0.12507977921593968,3.0646744077739356,6.353322935153399,0.7753876585237864,-1.5018554574615173,358.7817331008117,44.36939877527198,1291.9754210395774,1282.1620540222702,1295.9301292225437,1302.3150465098113
2024-05-20 00:02:47.455819,167.4558186062021,12.971460497069993,77.59454700334936,20.839599856934758,5.349398121914589,-0.12713895452311302,1.051267724482372,5.453199832120487,2.1666732072399912,-0.5987747338744217,358.8539331746266,44.16508738134351,1312.2030561296888,1320.0872807441037,1300.6650706370324,1290.1701260187624
2024-05-20 00:02:47.555852,167.55585195065024,12.971459147443856,77.59454116143127,19.68560452508726,5.38403126357237,0.3096980129737522,-5.936462324300166,8.020304884117555,-0.053057571099122264,1.3126329444578921,358.72585709215514,44.12294271777233,1306.5000695202768,1313.5151942429295,1288.1297231727447,1299.6662481444712
2024-05-20 00:02:47.655885,167.6558852950984,12.971460195614158,77.59454516528965,19.651911495954394,5.978685998405143,-0.23512129026265707,5.548585084335329,8.160071367749731,-3.344812039032229,1.0417462174039105,358.81526583826616,44.23487675730928,1296.1694108498023,1298.135475406171,1291.5570149493628,1304.6593079289155
2024-05-20 00:02:47.755919,167.75591863954654,12.971443891999876,77.59454273668503,20.795691570969623,5.763740619698598,0.24869986168139746,2.534447641231438,6.301268316657173,-4.755285979689935,-0.6432772871797319,358.9072577439345,44.02748856386163,1303.4723436983347,1299.496163828587,1292.7648268442445,1318.5313106922315
2024-05-20 00:02:47.855952,167.8559519839947,12.97144962335142,77.5945439919545,20.158970043716604,5.967804123293201,-0.12445692846684141,-4.510301904804834,7.481510466043929,1.8020392193389285,1.0608440477763066,359.0155038216216,44.079131097384305,1313.434757454422,1312.233790295077,1317.3750598828601,1316.6178890099222
2024-05-20 00:02:47.955985,167.95598532844284,12.971458693432451,77.59454587177824,19.893330402952646,5.581528422534644,0.005872642531864734,3.037612647875463,6.354571946089316,3.4875314868509615,1.5386114766582772,359.04860582332674,43.98191636283734,1273.1438880769224,1293.7662578932218,1293.5002451855282,1305.6929389518193
2024-05-20 00:02:48.056019,168.05601867289099,12.97146504986195,77.59453457695295,20.76669514832657,5.424772292923505,-0.23003850598177733,0.8957447347447669,5.503038322066079,1.7574721528221038,2.0285190215603004,359.06317945259775,43.73087879473038,1309.236426799881,1288.377103073683,1294.8502935643187,1312.7913555236134
2024-05-20 00:02:48.156052,168.15605201733914,12.971468397693258,77.59452390523113,20.07253908612933,4.993866595890263,0.18983553274743914,-3.619583003339855,6.170585241701866,2.510257643984737,1.784337194027234,359.1089150668243,43.91577723191477,1305.1014158984924,1290.1162041573082,1320.1665351015429,1305.3191832756631
2024-05-20 00:02:48.256085,168.25608536178729,12.971472897986652,77.5945155127266,20.04253716166304,5.797893728963758,-0.3816376061757753,-4.311573653458254,7.235391235033542,-0.9862034835096892,-3.0553519427547315,359.13874481146973,43.901097233973275,1298.6355730122916,1311.3493376760969,1304.6593281821145,1312.392503310032
2024-05-20 00:02:48.356119,168.35611870623543,12.971495917500057,77.59452174030889,19.209936821349412,5.297950259536582,0.25695030411528025,-0.5771545998310756,5.3354857176657156,-6.50799207728366,0.7694797284013539,359.2718463280719,43.997208407089666,1292.1501510039925,1290.657551751885,1292.0636330888283,1293.6860024125906
2024-05-20 00:02:48.456152,168.45615205068358,12.971494571182884,77.59451971422614,19.927067751893567,5.68909221884679,0.28826891757711914,4.347714293468371,7.16599531265639,0.9084450764159865,-1.354056053535071,359.2594336380323,43.88670964354187,1298.5708863589066,1294.0461569076415,1320.298214953377,1297.4433325967966
2024-05-20 00:02:48.556185,168.5561853951317,12.971491097748423,77.59452471035709,20.07976962431078,5.897095739884245,0.14542399668234027,-0.5845979264282448,5.927785508919514,2.2111254402771836,-1.8465599014279275,359.15263811755193,43.78591585956542,1306.4847637021892,1313.7494475343162,1279.155547535844,1312.9828111045672
2024-05-20 00:02:48.656219,168.65621873957986,12.971490446432021,77.59453159393199,19.81010918041732,5.591365628962355,0.18188547695612117,0.6820959848387673,5.635752554539838,1.8489734097095318,-3.9246309037905918,359.01725750055175,43.633913884455275,1283.5984598949235,1297.6530441140549,1294.629144636238,1286.9165798511194
2024-05-20 00:02:48.756252,168.756252084028,12.971484559348903,77.59452701824536,20.216234309506934,5.513998013188376,-0.11607657835092658,1.8673569454460193,5.822771661605193,2.775214983841955,-3.6993552942863364,358.9467778621843,43.88295491973703,1313.0866600496734,1318.999062666472,1291.4665274068652,1290.2444938764236
2024-05-20 00:02:48.856285,168.85628542847616,12.971482168002778,77.59453218261959,20.183705101480214,5.644041122076855,-0.07015224343970357,-0.15159341337032117,5.646512382695309,1.7199125873529109,-1.193823010916909,358.97216534271865,43.83972417278865,1304.966129294523,1291.6848976931715,1304.8883675028715,1305.146239920321
2024-05-20 00:02:48.956319,168.9563187729243,12.971477102938756,77.59453080304152,20.185905517235447,5.241172396237626,0.14240520131486692,-0.8593532072571008,5.3130645830130705,-3.62725285110574,-1.880604910967804,359.1326517341969,43.70949681445434,1298.329219189476,1314.0942752784445,1307.8788701307428,1301.4240012784132
2024-05-20 00:02:49.056352,169.05635211737246,12.97148183512892,77.59452165112515,20.011777150711872,5.6896774247757635,0.6022689220322412,5.4415484715901385,7.895923430550338,-1.317973383113818,-1.3210710086574293,359.1828396814281,43.65632861783809,1287.8059850295722,1285.9312996466817,1283.6884312865068,1294.6961087176257
2024-05-20 00:02:49.156385,169.1563854618206,12.97147726053259,77.59451028798931,21.274578102415205,5.168454142754218,0.1771163217460891,0.27769577882342844,5.178938439753696,-1.256920139903128,-0.5185068373974637,359.2725346407645,43.768890886150835,1302.288826070285,1326.7966455973656,1297.609213803556,1311.1285468658727
2024-05-20 00:02:49.256419,169.25641880626875,12.971459778432749,77.59450492374359,20.067334825701554,5.239773549707152,0.10791921211490618,-5.284043813153417,7.442310960170846,0.7886447886456772,-0.5342929228057375,359.36408130765517,43.49134374906798,1322.6232129578732,1291.3508100673141,1317.2776253662767,1299.8711472780901
2024-05-20 00:02:49.356452,169.3564521507169,12.971463696070611,77.59448940648848,20.217416952734624,5.586496077555393,-0.2522276937246486,-5.548905791712087,7.878001822754257,-0.8016157489901432,0.2918800935005448,359.5825978333144,43.66975459828599,1310.2461427736207,1306.5070705898595,1295.3186730025366,1305.2520884822516
2024-05-20 00:02:49.456485,169.45648549516505,12.971463711483294,77.59447347645374,18.957183616956215,5.600459262893638,0.28110348073349384,0.5364154071015577,5.6331078998353625,-0.5052386875413104,-2.6646330835740937,359.762134493713,43.507474886120654,1282.1631632313656,1298.1807490175513,1292.557191964381,1270.1511959308975
2024-05-20 00:02:49.556519,169.5565188396132,12.97147954656955,77.5944783651001,20.324735807106393,5.115647157586048,-0.4481440058871206,8.225702384963355,9.697054120552416,-0.13784513610184052,-0.4569484106917025,359.81493269185023,43.501499032316104,1300.163482250279,1309.217490766171,1315.0515158538478,1309.3509484485915
2024-05-20 00:02:49.656552,169.65655218406135,12.97147786974026,77.5945008007376,20.60287265696223,5.434518918081139,0.13960678694828996,-1.7933417676388785,5.7244703354547966,-1.1774835520784517,-2.198194800828129,359.76734156437186,43.45262882867614,1317.2146836374104,1285.504596088473,1302.074023243465,1296.81406614066
2024-05-20 00:02:49.756586,169.7565855285095,12.97147731488589,77.59450937902285,19.965947857595445,5.5747512620944,-0.25532233464656334,-6.234124797938904,8.367039687073873,4.801785103505945,-1.3952225154776188,359.577969637397,43.374254562397844,1306.797533952805,1306.3419083868728,1304.5779500455567,1304.6428487655448
2024-05-20 00:02:49.856619,169.85661887295765,12.971476051802982,77.59450724539525,19.35563195047228,6.174315510792054,0.06497066245824418,-3.477305871934135,7.086469455291204,-2.772141451259575,0.9101291313192211,359.7194725793972,43.46749560177521,1295.8622114973232,1315.47630998292,1280.4608644804928,1283.1723452270312
2024-05-20 00:02:49.956652,169.9566522174058,12.971476660869751,77.59449412263899,19.270254785517924,5.830733228212329,0.5005107625424836,4.2915802880147,7.257108402833499,2.4857222608052076,2.0117820654291445,359.68312729364425,43.31200122308113,1288.535082136643,1306.471676814591,1302.1603047851356,1292.9803167936377
2024-05-20 00:02:50.056686,170.05668556185395,12.971486165677058,77.59450926278883,20.21423420882801,5.738538485939808,-0.1821496314773854,4.561041759123512,7.332605564963125,-0.6314954559339816,0.6615858719789818,359.57736449858226,43.270296433949,1301.1970132627503,1300.396204259269,1289.3164409469055,1271.1224626012513
2024-05-20 00:02:50.156719,170.1567189063021,12.971483613617899,77.5945089499241,20.182767308183518,5.59723807374314,-0.33707291599230704,2.0850198786683904,5.982474412757461,-0.26377178240476373,-1.3168015876304529,359.5315129511845,43.245105811283885,1290.9177346808976,1308.461917757624,1294.7000348405873,1319.184021384819
2024-05-20 00:02:50.256752,170.25675225075025,12.97149073129376,77.59451275686617,20.631377232236158,5.50398419163853,0.12881251042626932,-1.4646778213695342,5.696991817183957,1.4162529610158838,-1.2989781568585212,359.49317938742786,43.22805645689783,1301.6248300084599,1304.1934644938026,1299.3808206545234,1288.577008617171
2024-05-20 00:02:50.356786,170.3567855951984,12.971500423260652,77.59451525827605,19.88973406616227,6.2512751752432045,-0.06811844245399166,-6.540788202744608,9.047927483793035,-0.12109586384380429,1.9118457433917817,359.64878836043914,43.2087917768372,1297.9444331663908,1302.2304455472881,1307.47608925886,1305.757001900186
2024-05-20 00:02:50.456819,170.45681893964655,12.971506770636747,77.59451290858502,19.322783393741066,6.005651887013937,0.13239758314667013,-2.7169060593831063,6.5929479175502195,-0.44354083000085237,-1.470906501156689,359.427987894229,43.235785592298434,1263.562510670832,1284.084274728266,1310.6479165079763,1300.700911266513
2024-05-20 00:02:50.556852,170.5568522840947,12.97150199896174,77.59451393209818,19.3461716668192,5.882277603325197,0.1672023947054318,7.555032205098115,9.576411544176981,-0.24658580637208363,-1.923754446853984,359.3824584528761,43.12800211467965,1272.9755932598696,1285.3399153255564,1297.57854596391,1296.09159194113
2024-05-20 00:02:50.656886,170.65688562854285,12.971511850088136,77.59451959309736,20.834293671519955,5.351668139933505,0.05735321695888267,2.5284450785736965,5.9191786412338,3.137336678509794,2.3393968559429816,359.2842813248899,43.132520644764,1299.363004031471,1309.0734408701205,1299.2790748085279,1312.3321187716977
2024-05-20 00:02:50.756919,170.756918972991,12.971492917273729,77.59450962516344,19.85202930174558,5.113982148795614,0.14655054897239755,-6.714367784987388,8.441387636738451,-4.2368332924212115,-0.16465754522854265,359.2606505855775,42.93698024354026,1292.880124466595,1301.9566130616195,1297.2545661552326,1289.5900798014925
2024-05-20 00:02:50.856952,170.85695231743915,12.971488294133714,77.59451921602854,19.490972340745547,5.723344215894699,0.3521519725209112,4.295565405440556,7.164674603761385,1.2655843284294952,2.400289726034685,359.0999321578372,43.250151202866554,1296.6577990944893,1296.3331660509757,1306.8037926816082,1297.2296012186507
2024-05-20 00:02:50.956986,170.9569856618873,12.971495460188079,77.59449919837066,20.711428849349563,5.321147009876771,-0.1781476043990618,3.6889525098223004,6.477245764165343,2.070485596592251,-3.6883693328141742,359.08079702862403,42.88388148681413,1299.45005288734,1298.3629774204728,1324.1935245422721,1309.869567189543
2024-05-20 00:02:51.057019,171.05701900633545,12.971496608669808,77.59449200950233,20.22900885488139,6.16980630655844,0.18902384549811685,-10.487230123238533,12.16898662717553,1.58589370437075,2.369889781731554,359.0933162966259,43.261765959235085,1278.086411059014,1302.1102980463836,1315.4602346165577,1300.6465928527439
2024-05-20 00:02:51.157052,171.1570523507836,12.97149052497452,77.59449990422569,18.6132834428997,5.657770255708087,-0.15819582673588284,-5.818732413836273,8.117452623194094,-0.31694740687588807,1.767178078829379,359.01360663120624,42.89896403409684,1287.7524099444079,1275.603880690938,1295.3118359548623,1284.996232728672
2024-05-20 00:02:51.257086,171.25708569523175,12.971502579215285,77.59449038460494,19.064874327271593,5.536237715031402,-0.1092960270852787,11.500307038050067,12.763970214173044,-0.2135128033431067,4.079596003148678,358.9319441672323,42.86050822441942,1306.0155104264559,1277.7242266525657,1294.2696909675306,1291.916948161579
2024-05-20 00:02:51.357119,171.3571190396799,12.971491795403356,77.59447519202712,20.914111793293188,5.812091726670321,0.06340710326117407,2.24334621177978,6.23033168666647,1.2781511926139402,1.463654751219541,359.0661952486433,42.831084802149725,1292.211399540598,1279.2652794055323,1304.6396276415358,1314.754970465014
2024-05-20 00:02:51.457152,171.45715238412805,12.971479153218338,77.59447078531049,19.51369317591043,5.789206652467044,0.04243530816623459,-4.037932269082276,7.058442564053617,2.200132006694035,1.8673243483260864,359.1261667002358,43.09310929154445,1316.6211409933544,1311.4611084809537,1303.3234332220763,1296.4369658498476
2024-05-20 00:02:51.557186,171.5571857285762,12.971476209310639,77.59446222005148,20.106256054230375,5.376600470735405,0.17170438515866546,4.243407555122403,6.8515562244401655,0.1758554289765273,2.459921672761947,359.1491292406994,42.834499519062234,1306.5956816619973,1303.6000239040147,1301.1227506062703,1297.8457046496815
2024-05-20 00:02:51.657219,171.65721907302435,12.971479290211185,77.5944422915458,20.36265767510131,5.240559839967578,0.19113899955258995,0.27460639088991456,5.251229401135372,-0.9779846408772167,-0.7664477454736428,359.24981608496563,42.8108691801457,1290.6382573154467,1302.582969294166,1310.2177999713558,1283.8180999381298
2024-05-20 00:02:51.757252,171.7572524174725,12.97148267457383,77.5944314551401,20.16119564560548,5.988541509658463,0.4967069078545584,2.181460803419327,6.392817720072096,0.6627767420696125,1.5198713086317102,359.3257422883225,42.69493644243835,1310.6363938289749,1302.2949271958614,1292.4216861399348,1299.863768519576
2024-05-20 00:02:51.857286,171.85728576192065,12.971487355511409,77.59442909534484,20.79909531499848,5.854063591560684,-0.1271789091619816,-1.410565493239119,6.022950275379079,0.9466355476504542,-1.6522263304229254,359.1839538052367,42.77321391565034,1305.0199305720432,1316.6016826057771,1290.525609059012,1306.1258972138883
2024-05-20 00:02:51.957319,171.9573191063688,12.971498718123149,77.59443868838792,19.878988477901757,5.2716177217418805,0.0013407693122714564,-3.4148474202110464,6.281014098469088,-2.102000421011133,3.020176293389922,359.2452357758331,42.610513440484084,1311.93983012079,1293.2156922094164,1280.8511193860286,1307.8095972678184
2024-05-20 00:02:52.057352,172.05735245081695,12.971492024573369,77.59443229821866,20.115898098550783,5.7929716065767725,0.14662459024663865,-6.656864313894218,8.825749900074667,2.1643099561508032,-1.4155444150471164,359.1175364543836,42.70628496162356,1295.552509265965,1290.5228172428713,1289.4155689629904,1317.7157470797179
2024-05-20 00:02:52.157386,172.1573857952651,12.971490592618169,77.59443501693517,18.547171676189002,5.656670709266401,0.10702849570074394,1.0153588288555397,5.748072038805647,-1.7247183488229376,-1.8341596482931604,359.22095515244825,42.777778858388416,1295.9378882445997,1295.372670856834,1296.9721768034403,1287.52498417404
2024-05-20 00:02:52.257419,172.25741913971325,12.971498591085329,77.59442423852187,20.319037577481534,5.97334869280343,-0.41858201606574563,4.39742062844789,7.429226991651901,-1.607159044519668,-2.9184057498299905,359.1440095262595,42.65111967270486,1310.9275734648302,1314.9681101860856,1303.739149060493,1302.57904268784
2024-05-20 00:02:52.357452,172.3574524841614,12.971487594866645,77.59441961283547,19.426949061006855,5.2501834391786115,-0.2675696080462198,-4.513513029534465,6.9287675316720465,-2.5728090386432303,-1.791236213400821,359.0086603231348,42.66917180247394,1293.089021867975,1307.551446400963,1303.1214162564122,1277.1016037970899
2024-05-20 00:02:52.457486,172.45748582860955,12.97146831957128,77.5944256768402,19.41603397037227,5.421698955075966,0.4285247671563225,0.2684967555291138,5.445231266279501,-1.0504729908473978,-0.9092388947779017,358.80474463153666,42.2516700989428,1296.8183528249044,1298.4159751753873,1290.0120359715256,1299.5111228732137
2024-05-20 00:02:52.557519,172.5575191730577,12.971469551601439,77.594427357396,19.480666317864966,5.439195680081197,0.04374272883562959,4.96938680845372,7.367602617172956,0.966143165433757,0.5750454328314535,358.784236776205,42.56773148543255,1298.5888155289347,1289.953910648699,1313.723967882104,1287.4338800176065
2024-05-20 00:02:52.657553,172.65755251750585,12.9714655766516,77.59442561199754,20.410242734984553,5.20588789316127,0.2181607811684213,4.516748836814855,6.895642315076345,0.5575053509597828,4.684842983172385,358.81708092658766,42.456417286985314,1311.426138382704,1310.5814584646257,1302.173209377105,1292.2375030213614
2024-05-20 00:02:52.757586,172.757585861954,12.971470949880143,77.59441940125015,20.384317302222726,5.599209313664925,-0.34628946196964216,2.4742966403597393,6.131329806346969,0.6187589606302305,-1.3577789306303811,358.92039434158306,42.223259727985194,1296.794039801733,1299.5305993199925,1300.2674367872974,1309.3961208959922
2024-05-20 00:02:52.857619,172.85761920640215,12.97147442702472,77.59440155979638,20.905267071168566,6.0410124003896515,-0.03462571903554656,-3.1625367579393213,6.81884656722804,2.7402075091072833,-0.5001853106586348,358.90437076809707,42.44047466949075,1310.0523759035248,1319.8666226092225,1292.3145335621134,1313.0828894731824
2024-05-20 00:02:52.957653,172.9576525508503,12.971470737916219,77.59441283078135,19.751599044548968,5.895390813889029,0.016203946969871843,-2.5717225278127813,6.431924453570977,-0.6393078567064027,4.535535889866971,358.8552280827638,42.35376170561979,1327.0197750896427,1303.8242725822806,1288.1840241205878,1303.9235790001533
2024-05-20 00:02:53.057686,173.05768589529845,12.971460726480844,77.59443242740791,20.39075106026904,5.7186684935772725,-0.09781959732224718,-0.22181706675257828,5.723804750701788,3.6128982005231687,1.3354375283069164,358.73419738678535,42.38606759084539,1304.0072213462495,1299.415843881573,1296.3238405573159,1313.7363962444076
2024-05-20 00:02:53.157719,173.1577192397466,12.971456311026254,77.5944548331609,19.70722083846309,5.360422363196487,0.06047618758219622,-2.6697071604570937,5.988749585991834,5.78355047545033,0.0726179793086517,358.79334382993557,42.303331685484615,1302.4055005018,1277.0776908263451,1287.4619752350116,1301.9482382300716
2024-05-20 00:02:53.257753,173.25775258419475,12.971446337489082,77.59444884104218,19.856631588353647,5.5015270786808195,-0.20236866193447028,1.3180560865893511,5.660832546559446,-1.5317153641806565,-0.07988392778117391,358.87774936548226,42.10595823133884,1278.1693740729575,1280.3651526522701,1296.352788023117,1309.9698646352965
2024-05-20 00:02:53.357786,173.3577859286429,12.971456692102556,77.59445458267021,19.970919955486636,4.990579464706491,-0.37133790031117125,-3.407659207418874,6.054412977627498,-2.293812626330898,1.5951838293320177,358.78432093036866,42.20920404259481,1286.0714205288452,1303.5274230456575,1305.743915874113,1316.6810635291288
2024-05-20 00:02:53.457819,173.45781927309105,12.971458158517613,77.59445703602596,19.174872493838365,5.6186982438284385,0.0640644703321432,2.640635210792709,6.208609226552914,1.4766757664080337,-1.5245951893041376,358.70184609038955,42.23276766334387,1304.0311563831167,1286.4827134620004,1280.4070921162452,1291.6523516557702
2024-05-20 00:02:53.557853,173.5578526175392,12.97144387320532,77.59442940911447,20.499223098692916,5.420058316308009,-0.047114241514474145,6.042457194625229,8.117298864327424,-3.593794228425428,-0.10679917874770958,358.6655064717133,42.041230452532034,1287.6969187390282,1300.805467040202,1286.6011980524127,1303.91122593153
2024-05-20 00:02:53.657886,173.65788596198735,12.971451587907449,77.5944284849218,20.38376689756466,5.5356316818620455,0.141863758428244,-2.022850978217164,5.8953599994626575,1.5211909937249384,0.4101100962763367,358.61817877770346,42.10962522801925,1311.1476730359072,1315.437034569011,1277.5071626985628,1309.6034816660892
2024-05-20 00:02:53.757919,173.7579193064355,12.971450208797162,77.59442867963396,20.094518001350366,5.387146782352965,-0.11562153821157413,-1.7006567799023316,5.650393993142609,-4.603855213245685,3.236248535678002,358.67217928495273,42.10923630434759,1305.105172535259,1297.5573348824637,1292.5626039839308,1299.5665986080874
2024-05-20 00:02:53.857953,173.85795265088365,12.971452249719155,77.5944373359246,20.043522126660555,5.506742930072566,0.2428466639373543,-3.5397163391859863,6.550784988227742,-0.7981369193315188,2.6875055726974897,358.5570991716998,42.200627225603746,1302.4415689535751,1314.3626672126734,1292.4692204080652,1291.033024395191
2024-05-20 00:02:53.957986,173.9579859953318,12.971442157365642,77.59442478960332,19.386338673737296,5.894367324370867,0.16634051588280635,-1.7143554645454628,6.140867201027231,0.9654965997343041,-0.8696713374698986,358.6229242553242,41.846379809089356,1297.9509964128047,1311.1768114139645,1291.5132581708128,1288.6742745724584
2024-05-20 00:02:54.058019,174.05801933977995,12.971452874246,77.59441214351136,19.700536705277667,5.564620709321878,-0.014939488236396431,3.099166061633028,6.3694628583971395,-5.000451276478341,2.408652991891864,358.63489280038283,41.90853375352598,1293.103647169263,1289.781363360938,1305.1861782668793,1300.8110312117574
2024-05-20 00:02:54.158053,174.1580526842281,12.97145418905001,77.59440937233806,20.006378566028,5.1987650581555505,-0.47716967277139705,1.7803876088357526,5.515852523790655,-2.005674953500042,-0.814104810284643,358.6120981516133,41.980407175943355,1291.502549584007,1308.2813215362473,1287.3001834461759,1290.252456390329
2024-05-20 00:02:54.258086,174.25808602867625,12.971462742785233,77.59440328803954,20.056732959129437,5.739509922217573,-0.205555165254026,3.017456066129128,6.4876242326614495,2.6001467695533504,-3.471953664910751,358.55750033048304,41.866894967060205,1296.3779504879815,1320.6932950947266,1308.243801103174,1301.4094562890077
2024-05-20 00:02:54.358119,174.3581193731244,12.971488441729026,77.5944059332955,20.61007101006851,5.958407465561221,-0.34752512954119036,-2.2901905748294524,6.392837093994808,-0.47405181130202134,2.071923447665452,358.3632661057382,41.94420403093921,1302.4619762876353,1308.4190015612296,1298.3836593724902,1315.3628456351707
2024-05-20 00:02:54.458153,174.45815271757255,12.971487796725246,77.59442003262562,19.598542113881795,5.78650900519482,-0.4154427108030154,0.44574040401707293,5.818501836463868,1.8138006706085728,5.255020234633407,358.41353376112124,42.03425650508615,1295.570373583301,1302.231455650617,1296.0284170118016,1292.0983623727352
2024-05-20 00:02:54.558186,174.5581860620207,12.971482841634216,77.59442711642436,20.699248816807504,6.001671871499145,-0.1412728827496267,5.383966635084818,8.06393948441151,-3.6846564983182515,-0.5989300855869222,358.29643229921146,41.92774415573408,1290.675405385781,1297.0424623477313,1288.8206187077553,1315.2984808309884
2024-05-20 00:02:54.658219,174.65821940646885,12.971485158199881,77.59442836945256,20.675694491691367,5.92382510257533,-0.4467147023427156,-4.634840018159309,7.53478598668348,1.7977506354155726,0.05386849548276368,358.1694030859083,41.70281584847781,1295.2652090226102,1296.5725057644795,1309.7727712821463,1290.7271539085757
2024-05-20 00:02:54.758253,174.758252750917,12.97148948594042,77.59442387337145,19.771971720810306,5.736351683637446,-0.06239862591005172,-3.2400005801550265,6.58841619710614,4.179483298593073,2.4521410041758473,358.4352189361556,41.906403008052976,1301.91527801795,1310.46770449588,1281.4692432871987,1310.7147361368823
2024-05-20 00:02:54.858286,174.85828609536514,12.971496985955014,77.59443592805508,20.02747830359766,5.691824376728026,0.10009974233888717,6.075901346495428,8.326071214340931,-3.1697691181489476,-0.7957797923212466,358.5782332112743,41.66402620284347,1296.8857824293063,1308.894583666325,1286.9245757160081,1301.776812774987
2024-05-20 00:02:54.958319,174.9583194398133,12.971516692701588,77.59442425015666,20.987557185264215,5.820893615217046,-0.054004148493204,-1.2167122603699738,5.946941033192078,-0.9615969122835617,-2.7249510737780938,358.4775070255286,41.527654948173264,1288.435958922461,1295.657165870626,1297.0037584837382,1304.0065940760398
2024-05-20 00:02:55.058353,175.05835278426144,12.971507794174165,77.59442288283181,19.784054710325908,5.2601467571908564,0.1278066647601845,-7.4249772477320874,9.10031678460051,-0.3283022305859049,2.5016736003434437,358.4352011348824,41.79645640126527,1298.6752330389593,1311.598203681829,1303.319234875473,1304.2119142601189
2024-05-20 00:02:55.158386,175.15838612870957,12.97152133424496,77.59444147835514,19.502066572180045,5.87756313139637,0.030597962149976135,3.3646188991999395,6.772543461336445,-2.53124068907517,0.42951470104294637,358.453393217176,41.779962594207674,1285.4958516006707,1309.1869193855641,1312.692540766549,1307.5736324316315
2024-05-20 00:02:55.258419,175.25841947315772,12.971516632258295,77.5944465996193,20.45720287288701,5.946098460560783,-0.2671414458018002,-2.0421137772278115,6.292668760859103,4.562437453103655,-0.9876132686079673,358.62279762780025,41.53251566362433,1292.2697013797806,1302.382275411442,1302.39421255981,1310.7115960363576
2024-05-20 00:02:55.358453,175.35845281760587,12.971513785821408,77.59443561353336,19.09350763042056,5.277619530020558,0.10768404609563338,-2.695224598655585,5.926980630526482,-3.5212885315899833,-4.420185923492399,358.63399384904284,41.652389002211265,1305.9354779750988,1301.3542041188969,1321.8716035951913,1303.2025889845604
2024-05-20 00:02:55.458486,175.45848616205402,12.971500538863504,77.5944339636187,19.91797821160213,5.459630966842345,0.016580523770693804,6.862776797431096,8.769580980824054,2.5061166109523842,0.8380131484588696,358.6534412920214,41.59023138515791,1299.6389134407007,1289.6216578069734,1312.051017228633,1301.1498354067876
2024-05-20 00:02:55.558520,175.55851950650217,12.97150479144909,77.59442792968682,20.466520660916952,5.599549655727282,-0.14861364960440648,4.01221530477018,6.890204207107097,-1.813235603146714,-0.7144505236273002,358.61312929456784,41.57871579557134,1309.4168779052413,1308.976837669221,1295.7466904044552,1310.3918434471084
2024-05-20 00:02:55.658553,175.65855285095031,12.971510817366232,77.5944204476686,20.720688842766556,4.914911879684846,-0.09600766203581439,0.6101713330516958,4.953572984413866,1.89210458072408,-1.0487777023922868,358.54966938580975,41.398291822858674,1300.052569574354,1322.4272626111187,1283.5374748357965,1300.1161226049314
2024-05-20 00:02:55.758586,175.75858619539846,12.971520435321574,77.59442324581812,20.588595619180044,4.948647480090512,-0.1684927005602975,-5.322145928175573,7.269301132374701,2.143319068681105,-1.3709626814118907,358.6080137766245,41.457013551208256,1302.3923799662412,1298.5358992075044,1291.4196266123502,1295.033800052638
2024-05-20 00:02:55.858620,175.85861953984661,12.9715256311448,77.59442993518597,19.655904729093546,5.836647156241099,0.26666090850121227,-3.1322277731271697,6.6293596138186075,1.265029127277197,-1.3419369584065766,358.65208352276073,41.556057549040254,1308.8710306829778,1298.5477624815098,1311.3402525317726,1296.2700703887247
2024-05-20 00:02:55.958653,175.95865288429476,12.971519204041023,77.59443422944753,19.961941179741462,5.4531039179300285,0.05293576048776617,2.3903160669625834,5.954221648079765,-2.3047685716422817,1.3326853659758766,358.64653565342167,41.472500086837826,1303.6452553394363,1301.7792594925675,1307.6382843005485,1296.7144087601803
2024-05-20 00:02:56.058686,176.0586862287429,12.971520566907133,77.59443222371101,20.134127350026375,5.488311384294733,0.06947920263561862,3.5908350801950064,6.55900036466969,0.15856159966762104,-2.493894062448098,358.7091660876399,41.42936573847195,1300.7521563096752,1321.6022733971358,1301.9071939384962,1302.7162981171355
2024-05-20 00:02:56.158720,176.15871957319106,12.971532345924194,77.59443551910462,20.680347664608757,6.000977481358429,0.027080510535774288,0.8158695715032707,6.056245309061281,-0.2578534538057671,-1.2350300741011488,358.7663533839699,41.29545343911439,1330.0948235415067,1292.6245674767556,1302.3487472360528,1314.825553925107
2024-05-20 00:02:56.258753,176.2587529176392,12.971518623711638,77.59444485396347,20.29735567376828,5.799480211032955,0.04743438609632413,-1.0896366213375472,5.901146389110092,2.6574596400469788,0.4601299704996002,358.6410692546159,41.277854747707295,1307.6228179663626,1295.8153397194858,1307.5771838052215,1309.0426671048906
2024-05-20 00:02:56.358786,176.35878626208736,12.97152817309472,77.594437103757,20.462347673677602,5.608339635835408,0.23392179408232214,-0.7238302783461421,5.659692849305498,1.4557442075721647,-0.203461888043683,358.64213118235153,41.263732699225656,1292.0553135288428,1307.0226080702248,1300.8712678217355,1308.596983356554
2024-05-20 00:02:56.458820,176.4588196065355,12.971545663348667,77.5944468984315,20.15254134665668,5.542455525062268,-0.1089557019059374,1.3862346539183648,5.7142218287353215,1.437561238372384,-1.7946450892326176,358.62644489686653,41.24114939296579,1292.8874674880851,1285.2144522916965,1304.4020520074885,1296.0366791408271
2024-05-20 00:02:56.558853,176.55885295098366,12.971542711570045,77.59444790843054,20.739687050920356,5.4996828307824766,0.009531000047816632,1.497112112001318,5.699819887949663,-3.202532672298204,-2.7744343867742507,358.59369766138695,41.11979199089131,1301.7645302434416,1301.083866547969,1307.2110103359546,1313.4685833882581
2024-05-20 00:02:56.658886,176.6588862954318,12.971526747103887,77.59444052305005,20.45206360981133,5.554994216952748,-0.11551702723652096,-6.2094897621282,8.332410697987406,-0.9463258992331144,5.495577398883915,358.4539446032997,41.12469670225303,1308.053774505382,1319.6089112338345,1319.6831935310513,1311.4083714703809
2024-05-20 00:02:56.758920,176.75891963987996,12.971530124908433,77.5944275925706,19.497374994475898,6.081110764491347,-0.2407946484447137,0.9589914193267361,6.1609702754577915,3.1455685589328355,3.1529166586872615,358.34120808043764,41.203466526986745,1295.1326837996128,1305.948565980667,1292.0335875312214,1284.6457833251357
2024-05-20 00:02:56.858953,176.8589529843281,12.971535923535319,77.59443076800055,20.64392584775599,5.803978864033136,0.05370413723462041,5.763462256371625,8.179642533089071,0.06748977256212868,0.006524166638499452,358.3843450921525,40.90306399637639,1306.4763388539363,1303.047546483246,1302.464209355574,1303.2290276481824
2024-05-20 00:02:56.958986,176.95898632877626,12.97154006315552,77.59443192759849,20.650451804686963,5.955093775306558,-0.33031113451544725,-1.9944217991653943,6.288876340910666,-1.77507303597747,-0.6507287013451604,358.5145156956141,41.028977554898304,1313.008792467386,1304.428601446015,1307.7949148168582,1303.6650461528186
2024-05-20 00:02:57.059020,177.0590196732244,12.97154264185843,77.5944346063649,20.24490848213437,5.654962032890074,-0.0189756409504809,-1.3495008763247824,5.813786054162904,-1.7004796535165265,1.0886298652711375,358.56338565746984,40.82211193503039,1300.8526752005002,1299.9853920409764,1307.9590211474115,1288.4602223856605
2024-05-20 00:02:57.159053,177.15905301767256,12.971549080092903,77.59442468654292,20.380461632698008,5.394126258143958,-0.04469933401260284,-4.717771672166748,7.166307673408834,-1.2022523938715268,1.7788438363944608,358.56710088789725,40.88236950907621,1300.1717848780002,1303.0741669391994,1310.813948050352,1299.1359004344297
2024-05-20 00:02:57.259086,177.2590863621207,12.971556462452046,77.59440405616752,19.30103952471521,5.514542275322385,0.24859753295115447,1.4859831782139423,5.716653150720445,1.9151483474631517,-2.9460223811585293,358.52641282646545,41.103865732646376,1302.9772949200137,1297.8196072229712,1293.1943989580427,1309.1921103707145
2024-05-20 00:02:57.359120,177.35911970656886,12.971558639185568,77.59439335149588,20.677757366918872,5.765030735130879,0.08869403789462497,7.97168270288239,9.838250409742376,-0.9389478949973991,1.1011419617664993,358.4485457601864,40.80045210804978,1300.2144308689215,1310.3020401796434,1303.5731221939416,1296.2117245183008
2024-05-20 00:02:57.459153,177.459153051017,12.97155363239059,77.59440168821315,20.895907688012795,5.456296889243236,-0.26387142647619055,-5.455471888351269,7.720296457900238,3.012711175333867,-1.9475134856043583,358.50465019745354,40.77346124040119,1311.63013593325,1296.470617664047,1296.7832135666372,1298.1321921858405
2024-05-20 00:02:57.559186,177.55918639546516,12.97157274078922,77.59440420366217,19.586299169849593,6.369449386013615,0.00306778759816511,-9.625200478367091,11.541853366815403,2.4333810200356796,-1.1039926063393595,358.48446802941197,40.88139181557656,1311.2412497527444,1309.024635167275,1308.3364926189904,1294.013254982311
2024-05-20 00:02:57.659220,177.6592197399133,12.971563937148378,77.59440282812382,18.970225698342812,5.721118940163322,-0.16181989220676277,-0.9079619487976629,5.7949790772248475,-0.8602523898284893,1.4065217639966026,358.53122106259315,40.77257604870618,1280.4211486895838,1301.5103455365747,1280.258419099226,1292.183785466993
2024-05-20 00:02:57.759253,177.75925308436146,12.97156010133444,77.59441309559932,19.40464622910981,5.669319758012424,0.3477893030724603,2.9122072770710474,6.383031814314202,-0.6541130581354674,0.4116782443427498,358.67206392404154,40.77789230325383,1319.141258066715,1307.8744066615043,1298.3497085205404,1297.6714331306491
2024-05-20 00:02:57.859286,177.8592864288096,12.97156162082911,77.5944314430347,19.552861365646123,5.374503395857176,-0.1691986972276083,-2.7345087670796886,6.032532896591573,-6.00155458201151,-0.09556763295050993,358.78860355739374,40.60219223686776,1308.1916267193253,1296.5535622250154,1303.802007829943,1287.9651886971556
2024-05-20 00:02:57.959320,177.95931977325776,12.971578174106408,77.59444062893972,18.857562114322274,5.969863262163017,0.10637754297098741,-0.8746361000883525,6.034531618787821,-3.4961920402615827,-0.9016431251666647,358.7139693745435,40.58857772680273,1287.641021651113,1303.796615872821,1296.8952914169774,1297.040105295962
2024-05-20 00:02:58.059353,178.0593531177059,12.971582245899809,77.59443609463223,19.377875817112276,5.735273638847015,0.06378723951966013,8.999102355611768,10.671517030448683,-0.2662892682447865,1.3771483863530267,358.843931846338,40.813760405334364,1287.5614479499634,1297.8552920840107,1290.4864625538307,1292.5773124114965
2024-05-20 00:02:58.159386,178.15938646215406,12.971585379903274,77.59444060682284,20.657982725648413,5.473344906012337,0.19105041987381688,5.994085084267496,8.119301738483626,0.3811958003593266,1.0937602274456852,358.64636321467617,40.66591082540882,1304.8775098231613,1302.1921589676563,1289.9212257601848,1306.1105372911031
2024-05-20 00:02:58.259420,178.2594198066022,12.971579781410037,77.59443431321726,20.57709257288437,6.031826103975765,0.06994539630401389,-5.683537651356545,8.287968312044578,1.0761511078722297,-3.9620812855355947,358.62770330304517,40.550010753261404,1287.3284391760428,1267.8883378600435,1307.4786934775414,1318.7985597238167
2024-05-20 00:02:58.359453,178.35945315105036,12.971561909962423,77.59443308272364,19.520896166524057,5.452180953890723,-0.21225155802127899,-4.153555173922896,6.857357250477247,0.018048511211462167,-1.579315135537017,358.62621223833264,40.45382759238043,1290.5880096230637,1305.0870143011014,1288.0291210019939,1295.3209340530564
2024-05-20 00:02:58.459486,178.4594864954985,12.971568484769852,77.59443422851484,19.746104542089522,5.540647971077304,0.0715910060617056,2.336869649707509,6.013723054088546,-0.6555388078233314,-1.05627141728122,358.62886723697585,40.55631462610129,1296.8982408104232,1281.044197289768,1290.782693002434,1284.2426959767001
2024-05-20 00:02:58.559520,178.55951983994666,12.971591977270984,77.59443958891463,19.988425939723292,5.413426238675278,0.12923679247767514,2.3752298941545575,5.913002861507286,3.735194822960233,-3.0131860670603343,358.61502253075986,40.35831583663778,1317.1694700751273,1303.5805766388041,1283.213138442337,1291.5248642717052
2024-05-20 00:02:58.659553,178.6595531843948,12.971608144210634,77.59442911768089,20.221308922380533,5.577242545349984,0.09503151767302456,4.866199522097659,7.402334982144262,3.8160144915157863,-1.4123451559540543,358.5170284995445,40.396089509728526,1292.6357489326408,1305.5055265582519,1289.03214638988,1320.6055246333701
2024-05-20 00:02:58.759587,178.75958652884296,12.97160873613474,77.59442753031607,20.961990365618128,5.046812062674994,0.2127533161132818,0.3288311277792104,5.061986357160158,0.577967799401632,1.8369969409517166,358.42291317616593,40.3184981913483,1304.888988194761,1305.6226937035538,1296.7441793107187,1320.477647109441
2024-05-20 00:02:58.859620,178.8596198732911,12.97161409301825,77.59441353575579,20.287097077321356,5.815328746023749,0.12775135122442352,-7.608934335522633,9.577591062180774,-1.4575698935849353,-1.3934355607052087,358.32354030685883,40.46937617142059,1312.4466979741565,1294.4755743511807,1289.3161565892929,1304.570526652581
2024-05-20 00:02:58.959653,178.95965321773926,12.971616369925234,77.5944006178646,19.43969606708075,5.50423770148263,0.3810832431617881,-0.42568369006299633,5.533810957796367,0.6579945811536168,0.6477232449947576,358.26787719024776,40.27837121134583,1297.5622103576725,1300.6694620799265,1295.7000416316018,1301.8540662141586
2024-05-20 00:02:59.059687,179.0596865621874,12.971616126873638,77.59438876058114,20.201931950933293,5.6629566165853324,0.014294245869075427,3.0531034320013646,6.43356219627129,-0.09559126203335308,-2.1852207287508154,358.1727359115847,40.412954378875135,1288.1904631368313,1304.5445319806481,1295.5075973658293,1311.5561659756363
2024-05-20 00:02:59.159720,179.15971990663556,12.971616486985775,77.59439613397706,20.050520361579192,5.782911404622813,-0.016323616296368203,-1.8498453449695091,6.071594401347223,-0.7647347060456466,-0.39036362816094594,358.15255246785347,40.317531079437494,1301.0657583859456,1290.7802820054226,1303.7822661982686,1291.3854037168712
2024-05-20 00:02:59.259753,179.2597532510837,12.971625563379574,77.5944042059993,19.83183951779501,5.747288532544179,0.044607391385523776,-0.6743954879107292,5.786892479543265,1.2871345964604102,0.04064487220276745,358.0419610289049,40.36580911511956,1313.268421593573,1323.5875206339606,1296.7571177118068,1297.322648161032
2024-05-20 00:02:59.359787,179.35978659553186,12.971632836087778,77.59439469948516,19.915596289306286,5.911845718396898,-0.026306295524123564,-0.9782827494226893,5.992299137820972,1.7464901263934232,-0.7453350120355716,358.0030414804603,40.31432853074078,1306.926880581312,1304.3527620999835,1303.4868435056692,1292.9654546971017
2024-05-20 00:02:59.459820,179.45981993998,12.971638186385848,77.59439933107602,19.636117727313646,5.82673041481597,0.004425667728933599,-0.9585044232813829,5.905043407370204,0.505723988803256,-1.461527510150732,358.0815531518522,40.32966952759795,1297.0918930014022,1311.8140863488713,1333.2592880200052,1295.1817232047924
2024-05-20 00:02:59.559853,179.55985328442816,12.971628765196334,77.5943973984615,19.723831483047924,5.602487624350625,0.16098870465548923,3.231745920853399,6.469773306769036,-3.3511445877013384,-1.2775379590007538,357.97554822083526,40.02170181009706,1307.2824075565402,1296.2209996131603,1303.1407623672087,1279.0035662566318
2024-05-20 00:02:59.659887,179.6598866288763,12.97163473501299,77.59438335769231,20.28268243305291,5.132950028078163,-0.01748066034800918,0.7270318398950337,5.184212270003513,2.6468385389550577,0.9340895180506926,357.9381280571404,40.162342535870394,1317.3949963918017,1299.820302500842,1294.6492558421967,1320.1919606538368
2024-05-20 00:02:59.759920,179.75991997332446,12.971630064979509,77.59439061473398,19.869286335977907,6.020188821830268,0.04643664793177829,-4.848243042654076,7.72983120212886,0.059655100520426926,0.29393217083396506,358.03862981817474,40.03933219387962,1300.4289446262371,1305.7984770405567,1285.8643027294995,1296.4723821239338
2024-05-20 00:02:59.859953,179.8599533177726,12.971623142548674,77.59438383495525,19.312710500544586,5.561905769769167,0.325525511816788,1.2088030263584955,5.701049675907814,2.2028455942600074,4.768116329072311,358.0672913251583,39.91298254276981,1293.9337784733334,1315.6505581156318,1299.674132337478,1277.0666793380642
2024-05-20 00:02:59.959987,179.95998666222076,12.971603472047308,77.59439883192927,20.111127554989277,5.410061497784877,-0.018693904408051944,5.803404076880426,7.934016243456318,0.8299166442459261,-1.7073422514640402,358.2350734150235,39.97819174984249,1306.4197931294104,1303.8632837145085,1299.0208236038727,1297.4666991100903
2024-05-20 00:03:00.060020,180.0600200066689,12.97160655364884,77.59440364554116,20.47377833853334,5.747735252749897,0.1683476973441187,-2.6466828193670864,6.330065673374795,1.4481013392748165,0.04598551847432265,358.21790448178757,39.92004392406406,1305.2828146137972,1313.7907402229152,1313.5426374964727,1320.7380296160482
2024-05-20 00:03:00.160053,180.16005335111706,12.971618385619067,77.59441705284783,19.581614486759783,4.680857633794118,-0.029784811749459524,-4.072930550830776,6.2048431563376605,-0.0812159059134902,1.621355570943954,358.13058588705417,39.866474841165854,1309.8215025733105,1286.5854542826637,1310.167949679445,1294.956208290507
2024-05-20 00:03:00.260087,180.2600866955652,12.971602569103505,77.59442544204393,19.658920609124042,5.666915422975749,0.17386343668033188,0.45464124575337905,5.687781427596783,0.5636273275446737,3.5898184230649166,358.1593629935705,40.20507756914869,1298.3373504961187,1278.7597976153834,1284.5508721125598,1296.8962858764296
2024-05-20 00:03:00.360120,180.36012004001336,12.971598602312017,77.59443285047838,19.67257305543335,5.204783835591347,0.2605512346035197,-0.8234071764983923,5.275951203280357,-0.29869713487485144,0.735332761808703,358.29594019308644,39.82987614729493,1287.34416083279,1296.7383152025534,1311.0334300355626,1296.8252243972504
2024-05-20 00:03:00.460153,180.4601533844615,12.971595344410218,77.59443459237073,19.494184261708558,5.618449894507051,-0.082761582625,-0.7019498719485853,5.662734526655255,0.13447259779646362,1.6156400874802728,358.3680683986079,39.76500959087779,1301.2403941263049,1293.9195804608178,1307.4435301558726,1310.6754845622165
2024-05-20 00:03:00.560187,180.56018672890966,12.971606119860237,77.59446083894879,19.532136268781414,5.674531148556905,0.09254141790909023,1.9562063703720725,6.002966852603423,-1.0781987314956347,-0.39988493865931923,358.48681093563823,40.05231542135975,1303.931624903448,1289.7802378104202,1296.479130009012,1289.9356214965278
2024-05-20 00:03:00.660220,180.6602200733578,12.971592031973373,77.59445410479597,19.88555599302675,5.173033222753055,0.003414391919509255,-2.2185401663407163,5.628694773341874,-2.7413492123604852,-0.6743632013562217,358.32024807515114,39.7596989894308,1308.5915544185184,1300.4601915972437,1317.2458408598002,1284.9835972808974
2024-05-20 00:03:00.760253,180.76025341780596,12.971585089846688,77.59445547032446,19.08828028351818,5.976837900336496,-0.14812602685384688,5.429252700149945,8.075971612680158,0.09331453357993262,-1.3319916635215447,358.5437748875952,39.84252947264644,1297.1803309169472,1279.4847712411995,1283.7990058180374,1283.0870204332916
2024-05-20 00:03:00.860287,180.8602867622541,12.971596183897692,77.594448238852,20.971768603927043,5.69007201555959,0.21304010989143385,3.0780633132449395,6.472772156581857,-0.4086767947357469,0.6910429772917662,358.562905812277,39.84079548426305,1317.6578116394858,1311.4017235247181,1289.3813211448382,1306.5893396774939
2024-05-20 00:03:00.960320,180.96032010670226,12.971590610504451,77.59444089902269,19.70409821881227,5.332265611445123,0.07752084687894349,-2.4688650207988445,5.87659429632718,0.5979422380703231,-0.8992093641265109,358.4792841263783,39.71703946470854,1310.9500388113638,1298.3770383744106,1296.734914284048,1309.439350410826
2024-05-20 00:03:01.060353,181.0603534511504,12.971593255192404,77.59443781024194,20.477830953883924,5.111137572069527,-0.032961735832433066,5.725665825115385,7.675158819043689,-1.6716776869047643,-3.4903803952696792,358.428542930308,39.71394446930262,1299.0183032290397,1299.3037309555602,1304.4349109031302,1299.5725750047723
2024-05-20 00:03:01.160387,181.16038679559855,12.971595845627135,77.5944377634486,20.849613222169804,5.387205008265035,-0.20986071852887522,-5.979292301390515,8.050959927097216,-3.7769654201606295,-2.1702563807821527,358.533525264328,39.540382116089525,1323.5487102844247,1297.7235963652058,1291.249584511255,1292.3724067639323
2024-05-20 00:03:01.260420,181.2604201400467,12.971579138815114,77.59444417694887,19.281573741201587,5.8225419102312115,0.07556826500918878,-3.750176731361975,6.926148307358442,2.5818648414373246,-2.6886918208113264,358.43352874198445,39.48722582077624,1297.2351445960821,1306.1724426826793,1312.4500149526018,1275.4176050781477
2024-05-20 00:03:01.360453,181.36045348449485,12.97158134266658,77.59445203997817,20.099327780750265,6.521789106903394,0.12329080004521253,4.499238960718145,7.924145695401092,-0.16293570854061082,4.165795853992567,358.43522743979537,39.682064425698044,1307.7457832638313,1290.6491682443323,1302.2114793497253,1286.5135147910307
2024-05-20 00:03:01.460487,181.460486828943,12.971598013595674,77.59445786389095,20.181721582625695,5.6847896827693845,0.08508334197508527,1.6934760678619796,5.932278997554326,-0.09353291053516101,2.2340402696737875,358.4718652543042,39.41845723996335,1291.0214113417103,1302.6014471570786,1290.2825386606623,1316.2763005804366
2024-05-20 00:03:01.560520,181.56052017339115,12.97160075911575,77.59446217853672,20.43813593037254,5.7741416255789915,0.28919570038540016,3.1455714390792764,6.581714468412973,1.213528086013334,-0.5582582599773253,358.5137231636177,39.40451691951245,1289.0953564224783,1288.670046182132,1306.4620465663522,1293.6052384839636
2024-05-20 00:03:01.660554,181.6605535178393,12.971610171435403,77.59446134255522,20.811045645129052,5.316078157833161,0.25813884537711046,1.6922089528603692,5.584880820915002,-1.8901115593886277,1.4485754833299844,358.62599936582046,39.22559643974957,1314.1909326661487,1316.6650545733555,1287.2329526618294,1309.3273763442132
2024-05-20 00:03:01.760587,181.76058686228743,12.971604478268873,77.59444252747838,20.776690572492054,5.768023095814234,-0.10861871599349796,-2.39442318893245,6.246210920790935,0.9827512675004315,-2.0997891183358766,358.6984706570526,39.44319239417393,1306.4608199692232,1303.048231126291,1292.3613208956629,1312.566603203539
2024-05-20 00:03:01.860620,181.86062020673558,12.971604656027276,77.59445999980873,20.33200132590277,5.535910883794222,-0.15036317546093625,-3.005901894060102,6.301139944054579,1.1461349092029551,0.1455086372825298,358.59832777006926,39.28228580022601,1284.223035939022,1286.2391226343168,1299.5077505853903,1283.0770470586385
2024-05-20 00:03:01.960654,181.96065355118373,12.971609117692296,77.59445631934224,20.175309733400333,5.559261559061928,-0.22298192951166387,-3.5358545203788196,6.592220962030606,0.9533803053002841,0.5031693246535174,358.55259791267565,39.42559652369361,1315.7219879672664,1301.6648832758347,1298.7969997067776,1304.84727383325
2024-05-20 00:03:02.060687,182.06068689563187,12.971635075493984,77.59443910540308,19.624594619591566,6.008860902434861,-0.34921425112503557,-0.22605303375877384,6.023243305070007,-3.277473615954893,0.40074880675330027,358.73917651275764,39.32349992336541,1301.5514633180935,1309.5680279833862,1297.1637234070756,1282.067702354053
2024-05-20 00:03:02.160720,182.16072024008002,12.971625279106382,77.5944471974531,20.130084051421253,5.2625934663207925,0.1280926326099456,3.3780734966366452,6.2548124082957255,-2.5566115494616417,0.1889729466573058,358.63834905831044,39.36154189543961,1314.0639054535482,1316.4594854565173,1298.7827728377256,1286.3280384023958
2024-05-20 00:03:02.260754,182.26075358452817,12.971619119619982,77.59445068928086,20.300434598912002,5.964271525372498,0.2572730699525353,-0.8988237448349707,6.037102648222171,1.2879217677854682,-0.2445218770494555,358.76978270583567,39.24678549408023,1305.415329533149,1297.7243380507966,1296.176620545949,1292.2860928130895
2024-05-20 00:03:02.360787,182.36078692897632,12.971637122438196,77.59445410846571,19.950259360890747,5.80025407280355,0.22584980341481217,-0.7981791199870258,5.8592700356238865,1.8292811575237424,-4.16436473703324,358.74270873438,39.235770509519725,1300.8437754095273,1304.9195624944152,1309.3727720918039,1293.755178383903
2024-05-20 00:03:02.460820,182.46082027342447,12.971645933050759,77.59445602246394,20.140745545230036,5.610670637793198,-0.17595081333923757,-1.5431796591210372,5.821682502063677,-2.6008690966056074,1.5224936175392136,358.929164381844,39.19131090506876,1299.5998223887527,1282.6962688827573,1288.4893278686393,1316.713053612123
2024-05-20 00:03:02.560854,182.56085361787262,12.971637723101532,77.59445296237787,19.64152051611828,5.646104260808539,-0.13666484210904112,0.22506824072924303,5.652240822538791,-2.420948935192752,-0.07368374826977535,358.9475484613964,39.433842319064205,1298.1438501304492,1298.8575752317788,1296.4853059260806,1302.271715056402
2024-05-20 00:03:02.660887,182.66088696232077,12.971638510613257,77.59445572637144,20.185774202928453,5.593383002620775,0.01990058908187585,2.3685490320048217,6.074236903880502,-0.5762234372632864,2.4392150114355293,359.01620045428456,39.13793922461557,1303.1548422100361,1303.9162380413472,1286.851323376917,1277.688662692363
2024-05-20 00:03:02.760920,182.76092030676892,12.971640626984662,77.5944485690515,20.115388278440022,5.638356855928085,-0.04916728363222336,-2.682403225571875,6.244099015961343,2.6187505758785763,1.7027240783731223,359.1253671356495,38.977080790497894,1298.4484478771185,1319.868181266712,1283.9227868166606,1287.9998599382209
2024-05-20 00:03:02.860954,182.86095365121707,12.971635586568173,77.59445944339949,19.649114671303533,5.562463524172741,0.009778155519906148,-3.192623004286091,6.413574488346911,0.7079952172731455,3.076989320986384,359.0622024165505,38.94665329731125,1284.9014736357312,1319.9049888757581,1296.6129287639872,1284.0402224692996
2024-05-20 00:03:02.960987,182.96098699566522,12.97163437129739,77.59446547738082,19.476650765078347,5.264539850181065,-0.18567897008937764,4.770333615315636,7.106753078269166,1.9381430417027536,-2.3651791952690666,358.9259657266546,39.01658382790424,1291.4965483525034,1288.8291747035296,1308.9004396946302,1295.1346635914965
2024-05-20 00:03:03.061020,183.06102034011337,12.971638739376624,77.59447954010683,20.603499522650445,5.448206784175552,-0.22148413408757606,2.6124508844806797,6.046231223548511,-0.5943554743934706,-0.043951796650841514,358.8346384186657,39.04576113600103,1312.6865375687166,1308.17533936911,1324.1894039175056,1297.018790580215
2024-05-20 00:03:03.161054,183.16105368456152,12.97164131974184,77.59449266904359,19.999315163440606,5.506029975155801,0.19580720701706142,1.279165520749089,5.6560561329522985,1.6440932457561324,6.303045324495664,358.91282199083713,39.095386157448665,1296.8392544795588,1300.4932811570968,1308.0962115861691,1293.3720307351768
2024-05-20 00:03:03.261087,183.26108702900967,12.971641826807817,77.59449927883573,20.859417932937028,5.518776313021672,0.14102981682031354,1.8248299111795347,5.814360292167742,1.5083495297229401,-3.9899371904316845,358.88848391972306,39.02961659178665,1318.6773896880538,1291.707501483664,1290.0706156708554,1298.7042172901695
2024-05-20 00:03:03.361120,183.36112037345782,12.971650694024506,77.59451160972965,20.364402841569223,5.37766358244288,0.14865974311559377,-4.590899237884528,7.072320774509901,-0.44527195848481643,5.646382482979259,359.0897714394847,38.93905437650901,1285.4645261402654,1306.8409887820194,1295.2945911364689,1303.9108445043807
2024-05-20 00:03:03.461154,183.46115371790597,12.971645902744504,77.59450287002004,19.940931923356924,6.049928066778591,0.049015904406486066,-1.156724873709237,6.159711406026891,2.7453867703135577,-1.7049388136182901,358.98297930860224,38.79081324836984,1293.8427743531884,1295.9086734275309,1298.6510338130283,1302.137525473602
2024-05-20 00:03:03.561187,183.56118706235412,12.971643243573858,77.59450786429944,20.132980726122227,4.961782472377145,-0.031201351504543562,-1.940182878554566,5.327716999781524,1.5934428207008131,-0.7404295985601489,359.01743786980853,38.723238747057096,1292.1152727875112,1290.7899465361,1311.4186144140697,1302.9410935854144
2024-05-20 00:03:03.661220,183.66122040680227,12.971653987300416,77.59449830069995,19.55276595899122,5.829298854620245,-0.062014773063320205,-2.5443213569977985,6.360671516139638,-1.8586848039604396,-4.631711108560662,359.0532294825405,39.05723432829097,1297.8901553209432,1294.2737760218897,1301.321563729483,1299.714450646126
2024-05-20 00:03:03.761254,183.76125375125042,12.971633485525759,77.59449779463911,19.623946776739537,5.447004519080407,0.09823022483955424,4.378167269715092,6.989124126066077,-2.9677866350334887,0.9317191700788737,359.0135350060621,38.620627992288675,1304.9124535940969,1304.4487846504262,1288.5031519627505,1292.0874177976757
2024-05-20 00:03:03.861287,183.86128709569857,12.971627809636818,77.59449205124757,20.428691388077272,5.603912212664086,0.01560514804052987,2.248775025872817,6.038299820717778,-0.5245123332382571,-1.4726291666285831,359.0645235020805,38.7693633468312,1313.3587013482108,1309.1752390650222,1287.4385155054347,1294.0681313963676
2024-05-20 00:03:03.961320,183.96132044014672,12.971602398595317,77.59451299841287,20.073851750238603,5.627431279377405,-0.10529261864419653,-3.1268751776631234,6.438665833566917,0.823537425667791,-0.0036184237966400655,359.00565708171325,38.76864016315278,1314.7213724809783,1316.5190809078008,1296.3717285841587,1300.5624629684817
2024-05-20 00:03:04.061354,184.06135378459487,12.971609599142832,77.5945032186874,19.803107824690183,5.9647268516317435,0.13652364282139481,-0.26640855347031334,5.972233973731112,-2.0350087127852095,2.880902583614772,359.016283210243,38.42158672262535,1274.7501545337368,1280.6985678321491,1292.7190361406615,1311.970231723362
2024-05-20 00:03:04.161387,184.16138712904302,12.971597868458689,77.59449545681238,20.020552273052143,6.171708872436041,-0.10383428991338609,-0.5184439943903101,6.194316438573909,2.733890757719064,-5.059383029641871,359.0674643947921,38.615890441978074,1292.2370344671986,1297.3883673156206,1284.4876007602786,1307.4975349758524
2024-05-20 00:03:04.261420,184.26142047349117,12.971602963300091,77.5944834092455,19.69938445135434,5.764558035287272,-0.20795966284193,2.876289804733375,6.445651216469717,0.9747506770452541,1.5515636224240648,359.11805883050226,38.54321438325008,1302.6715148879343,1293.4126823336605,1299.3029660831878,1280.5083157207323
2024-05-20 00:03:04.361454,184.36145381793932,12.971603115348389,77.59448247517285,20.596002050591334,5.185993493718097,-0.331385839827223,1.2321236007215504,5.34064356226658,0.9944541002694006,-1.0264395315979382,359.098378716623,38.59994295509313,1306.332522365918,1308.5534247445403,1301.09409698938,1299.3273131272674
2024-05-20 00:03:04.461487,184.46148716238747,12.971618862044567,77.5944729747174,19.94589134046169,5.64645682474993,-0.4855425780595848,1.3404099573010768,5.823652215105714,-0.2584504539756015,2.0337423175014044,359.0389941703987,38.57240745033209,1314.3713759569277,1297.7500655370677,1313.8373565261322,1286.5616964611534
2024-05-20 00:03:04.561521,184.56152050683562,12.971610910509577,77.59448085953248,20.864173432512192,5.813309835867788,0.0947016717282756,1.8116838158714756,6.089806064491375,-1.1680854758198487,0.9327564648280028,359.0424957096546,38.550742533585336,1311.55458311972,1295.4483298298017,1291.9356452857403,1302.7854674123714
2024-05-20 00:03:04.661554,184.66155385128377,12.971620025291935,77.5944708747771,20.308348922830106,5.587964730312792,0.031062411816599158,-0.135721826242019,5.589699018262616,-1.028671837393814,2.7096856828025877,359.109699329816,38.36878314373417,1292.7986811257774,1319.2783482734606,1311.826132698224,1293.0059864285479
2024-05-20 00:03:04.761587,184.76158719573192,12.97160720391762,77.59447827054625,20.837020016124992,5.376087655972653,0.3523896183649211,-2.1900192121428432,5.815727046327713,-0.18106246036331441,-0.28844893330501664,359.0069646726547,38.4620418788444,1303.4430706896992,1295.1992984831393,1291.8657234640089,1307.7869795131287
2024-05-20 00:03:04.861621,184.86162054018007,12.971605445772962,77.59448538764292,19.870199030437405,5.531155028398755,-0.1324371372969567,-1.615687884683723,5.763823634032361,-1.1234122977822503,-0.6505560830621537,358.8704263492798,38.527189519561844,1302.582957093092,1303.1781510563676,1297.7354645152095,1309.6893759565446
2024-05-20 00:03:04.961654,184.96165388462822,12.971606387140117,77.5944855874275,20.51377469074645,5.289373309142173,-0.09067590885413332,2.8854264668490117,6.025892300689161,-0.6541691323462296,-1.9412309861437838,358.9532599652948,38.40342102193524,1287.6676808686304,1304.8892771528567,1315.0896559374098,1304.6090774230586
2024-05-20 00:03:05.061687,185.06168722907637,12.971603725667359,77.59448060670714,20.447476749713637,5.569198490487814,-0.1312850204071835,0.605948029147001,5.603604250574999,-2.7830611604469824,-1.8284065211488465,359.06940441740096,38.31980941035026,1308.2212749250527,1316.8315417480915,1295.8115292070906,1287.8046032596444
2024-05-20 00:03:05.161721,185.16172057352452,12.971608494919574,77.5945045150233,20.63500470658113,5.5796991380156165,-0.3004676168795626,-0.7138455689973995,5.633196140375614,-2.588439353960794,1.4238226285724433,359.21466492373395,38.42813952275442,1305.1520317847665,1291.742790540475,1299.7246061440567,1306.2017191825867
2024-05-20 00:03:05.261754,185.26175391797267,12.971619359471207,77.59451151672127,20.304660030341033,5.538658189732285,0.12960641498864078,1.0884221348261178,5.646077851843185,1.240465002693088,-1.5199148999989576,359.21052849288805,38.29452563331247,1315.9082781973136,1300.1203806567119,1295.1539950482722,1307.5079830987218
2024-05-20 00:03:05.361787,185.36178726242082,12.971644020965027,77.59451443907206,20.852761719217234,6.147528073656969,0.09906454298908277,-4.190280421038921,7.440454637118642,1.359079064913983,1.2828795420343055,359.35519000738515,38.28086359128614,1311.9877617002646,1295.5725295381012,1300.2222504822887,1298.7640626640596
2024-05-20 00:03:05.461821,185.46182060686897,12.971648946974726,77.59452408727029,19.466324500956784,4.971758022774072,-0.21200080512034752,-6.529041967238911,8.209245470099976,1.2052668928500685,-4.754087026605572,359.4929035767682,38.0435896407294,1310.220045712685,1294.696979011131,1304.7558595124526,1289.84160636521
2024-05-20 00:03:05.561854,185.56185395131712,12.971646840296103,77.5945403649552,19.546517911166763,5.586716729556217,0.1098760342993636,2.7338929430204217,6.220743298281446,0.11675145918672053,-1.720128617232292,359.3759408714387,38.27305239858883,1305.0926036086103,1303.5199562412747,1276.7733878974323,1277.57149567881
2024-05-20 00:03:05.661887,185.66188729576527,12.97164638051059,77.59452408413661,20.013285409863837,5.5901859251781545,-0.24490529696291535,2.6978965489814044,6.2119886567464215,-0.5426177178995681,-2.631395411156334,359.43201403153995,38.04914468877478,1298.8771318017577,1303.8308944263229,1310.3759606591732,1285.3504485689627
2024-05-20 00:03:05.761921,185.76192064021342,12.97165050191657,77.59453195586121,20.086277140706226,5.832912180966343,-0.2602653547388195,1.4414921510079068,6.014025456145016,-1.187836049167914,3.174472343866452,359.1695930929344,38.181979358952326,1294.9757963134741,1315.293890182674,1288.8109275383115,1308.1300658176922
2024-05-20 00:03:05.861954,185.86195398466157,12.971655853823128,77.5945392558677,20.301679971585994,5.587099490863776,-0.3290456876920476,-2.3015998045144954,6.051554630468121,-1.194109722672771,5.747370260939556,359.1479903655442,38.0122672958067,1295.4141483587412,1305.2872518292538,1292.2299622650407,1308.4507614412487
2024-05-20 00:03:05.961987,185.96198732910972,12.971657790852085,77.5945207078048,19.625803688652642,5.673836054101463,0.089269439060495,1.6961423325882663,5.922607822063673,-4.05486893911301,-5.461039167570929,359.36883718431056,37.96841760453856,1296.2981762730815,1298.0510458587758,1290.015932402026,1291.9732362876898
2024-05-20 00:03:06.062021,186.06202067355787,12.971634096862411,77.59452704518503,20.641021551963775,5.589213541115446,0.13381794224824706,3.08838730622891,6.387123875668271,3.302620722658461,-1.0104390468353392,359.444728035037,38.06449785104838,1305.0184822935835,1290.6195303625648,1297.6328367123988,1297.771659698088
2024-05-20 00:03:06.162054,186.16205401800602,12.971640184304206,77.59452088442534,20.243687111039222,6.126194443073448,0.06538707742071334,-4.251695720647149,7.457308517501934,-0.8719571142048478,-2.5959662980348885,359.36498288452884,38.06817911868181,1316.0003163796966,1284.8241809277329,1278.871515174196,1293.6303135048101
2024-05-20 00:03:06.262087,186.26208736245417,12.971662036455548,77.5945244197132,19.790398866939334,5.151696908437577,-0.05809242912166479,-2.4663153127273034,5.7119232302718945,-0.9696042105972099,0.9373113040455113,359.22473229663404,38.09894736595782,1308.0764512027501,1297.6066547834691,1298.3136750371436,1298.7649707589726
2024-05-20 00:03:06.362121,186.36212070690232,12.971664734010508,77.59451844074368,19.75025957264763,5.3801460620347195,-0.08734698132590003,-1.104114809371353,5.492965561174364,-0.332742403774607,-0.8634653727538129,359.3142849209856,37.84231579582929,1305.4240688853276,1296.8414661996492,1294.1891109886055,1309.0270237064587
2024-05-20 00:03:06.462154,186.46215405135047,12.971678190868221,77.59451517035677,19.569502272867037,5.997914668157648,-0.17779882489215001,5.191384320184127,7.934548755190009,-0.07152086256434702,3.353987730200543,359.29198922837435,37.861359199633625,1288.9723180050933,1288.5533526890797,1298.9070730009382,1300.3856885754142
2024-05-20 00:03:06.562187,186.56218739579862,12.971667797894472,77.59449348295573,20.788882644375033,5.737494439851281,-0.009179077730217013,-1.1578330576292615,5.853161888426755,1.4586344976435224,1.1341762215560454,359.1187625603796,37.926492180985115,1298.9241185894657,1304.4075232037037,1298.8225731655825,1312.9440948864315
2024-05-20 00:03:06.662221,186.66222074024677,12.971662513263299,77.59448022932276,19.337858446732472,5.688236595081844,-0.12473414541005803,-3.522342739516702,6.691673373924155,3.3623078390674372,-2.789195292503365,358.94743096584807,37.84492443838735,1290.1254816200867,1291.4714696763856,1299.6282806529625,1306.7773108873967
2024-05-20 00:03:06.762254,186.76225408469492,12.971661865080431,77.5944865662782,20.084179195322005,5.285003173619941,0.24672787527527187,6.331234902461588,8.250858657119178,1.2800326944873508,-1.9444049085898,358.9900643575526,37.85045961289635,1304.436194034326,1290.929165394692,1293.8873761281827,1321.575540013137
2024-05-20 00:03:06.862287,186.86228742914307,12.971649620493741,77.59450600814064,20.60452765029265,5.733623869391082,0.06300899406906514,-4.8866271533849215,7.53375986776746,-1.4298926335894626,3.3295376874433478,359.0339440027892,37.732077309975345,1304.328510708464,1289.741719919631,1321.400562853446,1307.0096171282853
2024-05-20 00:03:06.962321,186.96232077359122,12.971649439568987,77.59450719071319,19.106527880873536,5.3261929807426505,-0.10088827898173434,-0.5612957217569914,5.356637284734788,-1.4601862246341808,0.22130831909027138,358.9113835217639,37.76081493752837,1279.1390676524525,1297.7678400088193,1305.2803373851978,1294.881447574477
2024-05-20 00:03:07.062354,187.06235411803937,12.971652565463872,77.59449540262959,20.49223107374907,5.354378793818996,0.18684949351738112,8.916066758543522,10.401948444581478,-2.5306624717448787,0.00754028989586846,358.94000779263376,37.743334201345995,1298.5708591977866,1295.2075737921646,1304.4890884919837,1299.1530990143008
2024-05-20 00:03:07.162387,187.16238746248752,12.971655228955985,77.59449436824747,20.8903358352337,5.142585312901163,0.09786973794027609,0.13107918137892227,5.145186482321338,4.327832852707047,0.5039232977686103,358.83974189175444,37.625606661113075,1314.6998124872114,1306.1587177566512,1297.1160378848022,1307.8249149987548
2024-05-20 00:03:07.262421,187.26242080693567,12.971670403335175,77.59449786301275,20.518455651550788,5.712583823205113,-0.05276142481169443,-7.314096462358833,9.280754536447072,-4.354933892402089,-1.2175755446983567,358.82035272078855,37.39715361627878,1284.592485082736,1291.1094308954628,1316.0879449699573,1290.6451355124454
2024-05-20 00:03:07.362454,187.36245415138382,12.971666351119579,77.5945091006666,19.42702877374143,5.357233737832353,-0.08314457203601583,-2.1251078477121013,5.763935262130884,2.468920249046564,1.4394510928294417,358.91502988382103,37.556332485237746,1299.508220814765,1293.4615940075403,1299.9411213100282,1300.3935802721173
2024-05-20 00:03:07.462487,187.46248749583197,12.971670000337832,77.59450102223741,20.093292360911487,5.262490683502005,-0.20230125144343775,3.051675815766515,6.086662408480957,1.065407081336043,1.4909739969443305,358.9892669109092,37.621602845633305,1294.9583580477877,1301.337928152623,1288.8265358839365,1312.531996510978
2024-05-20 00:03:07.562521,187.56252084028011,12.971676621875487,77.59450489292175,20.03756744978675,5.248031057753461,-0.04005101473414392,1.8493644560074074,5.564493054903538,1.327308487620266,2.285763266014592,358.8841595048786,37.43184902906455,1291.8789322236507,1316.7301455471481,1317.1827639734672,1304.6757637725211
2024-05-20 00:03:07.662554,187.66255418472826,12.971666674785991,77.59453540297504,20.463288584187396,5.762070033379025,0.20666436580849368,-3.185502687305089,6.587229205097355,-2.4067801653577456,1.9802223523308633,358.98443299555737,37.39499714377223,1306.7264646663818,1304.0956065898931,1292.4745522684182,1295.342323829161
2024-05-20 00:03:07.762588,187.76258752917641,12.971676864814723,77.59454028820718,19.400254474667356,5.7765470968522035,0.054036340345668066,-4.82873775374749,7.5291516509296,2.1655363938564776,1.9265829002888537,358.938480321207,37.36002774795291,1294.3823427691802,1297.7745219079252,1285.721388241623,1286.9492055747767
2024-05-20 00:03:07.862621,187.86262087362456,12.971671743430509,77.59452824786355,19.497219010246578,5.209964216278213,0.22691619761095702,0.8517533342869825,5.284004337442075,0.6613039522955736,0.5789363761567894,358.82879573105635,37.41855150840108,1301.6152875052871,1287.196780525773,1293.3520497086404,1304.7899556089956
2024-05-20 00:03:07.962654,187.96265421807271,12.971676546025817,77.59451500842148,19.570661944014535,5.78736257701055,-0.03828549226508951,4.295364170466513,7.207300793891403,0.8570235372067344,-2.454584527560289,358.7225911082802,37.281452492310464,1295.5339747952867,1277.6924932487912,1286.512129344456,1285.911743410891
2024-05-20 00:03:08.062688,188.06268756252086,12.97166844757604,77.59452502959118,20.356578297435615,5.451659941424089,-0.18906713209953768,-0.6908497791279018,5.49851033596278,0.39307072606705484,-4.8014903692156405,358.8185615717745,37.50293940582474,1309.2193552870322,1295.729248191992,1314.181473191153,1302.9418067035876
2024-05-20 00:03:08.162721,188.162720906969,12.97168041984655,77.59452989410889,19.432445916179677,5.810730725101264,-0.10127279894747372,0.1375723370878461,5.813241254874455,-0.9130190862918632,-2.1971781551351883,359.0044643150425,37.20905169701233,1295.307209522124,1296.289880098331,1301.8431875357285,1297.6032650444636
2024-05-20 00:03:08.262754,188.26275425141716,12.97167910832663,77.59454155341759,20.384101939400505,6.459453663478303,-0.06651843301086591,4.618169883254424,7.940809744802584,-1.5780141529566338,-0.3229737306757307,359.1040473969526,37.334084590554525,1293.6090826573104,1302.6666319769936,1286.5059146425706,1302.4710573140012
2024-05-20 00:03:08.362788,188.36278759586529,12.971673196415635,77.59454221898856,20.356387873483147,5.7967142459839325,-0.15133978095127845,2.7189009655865135,6.404468927206902,-1.592570395985888,2.5216416628758944,358.9287548643253,37.228410721725055,1314.6574032784938,1298.9656870840693,1301.0166914450567,1300.753591138955
2024-05-20 00:03:08.462821,188.46282094031343,12.971667695820944,77.59454944004231,20.928063453022443,5.537026881160752,-0.04166170274062891,-0.6900198011264678,5.580011622399959,1.0928064945673974,1.0464967370492027,359.0136740487898,37.28549119518142,1321.0582608681182,1313.455072000245,1307.2705237479738,1304.9681466121867
2024-05-20 00:03:08.562854,188.56285428476158,12.971662287621733,77.59455594146463,20.218337896598893,5.754406742473385,0.31226166136461336,-7.233510271499384,9.24847961293468,-1.1799138791232802,0.3443980793688796,359.0464294120977,37.06269295119011,1298.6648297307825,1312.3468166786397,1318.2029346081495,1310.7944403310453
2024-05-20 00:03:08.662888,188.66288762920973,12.97164964433371,77.59456893443786,19.48087900390619,5.720936816845475,0.017455156552526444,-0.02515030991511935,5.72101872771949,0.9551629960382118,2.773904956494048,359.1048304508833,37.21594762726868,1279.6847116687218,1291.0468161475246,1298.2668448051368,1288.9277132229454
2024-05-20 00:03:08.762921,188.76292097365788,12.971649777193345,77.59456342528959,20.21330615736946,5.312187728846032,-0.15030765328127216,5.582810026539903,7.70776872055537,0.48509909684540825,0.1463648992339183,359.0582370266121,37.036062691169185,1303.6054979784756,1286.7998973380256,1302.727495193806,1317.3908817300185
2024-05-20 00:03:08.862954,188.86295431810603,12.971657038506395,77.5945522697782,20.59781332065309,6.0675583930835355,0.1574092980339269,3.2635877848774157,6.891374882429997,5.353972240399619,-4.825479261793719,359.01446274479383,36.99970921317976,1311.348425257155,1295.2116050632676,1304.8216254218921,1295.8879614583952
2024-05-20 00:03:08.962988,188.96298766255418,12.971644361433244,77.5945397075915,20.866241359412292,5.59981006152057,0.009079837818329866,-2.772232665653547,6.248458139499567,-0.6138194167381217,0.7487472032471827,359.0079633327213,36.95010531682316,1312.9979575211262,1293.6943966132612,1303.2754637614528,1305.6761886633317
2024-05-20 00:03:09.063021,189.06302100700233,12.971634344036984,77.5945367039016,20.04318191038562,5.598203078367572,0.01817689368811849,-3.739860974891087,6.7325157420998,-2.2054745346923226,0.29983336276652417,359.08397762329696,37.069407093407534,1296.9148944429412,1298.9986266197661,1298.813115181237,1302.3303372762834
2024-05-20 00:03:09.163054,189.16305435145048,12.971625776972227,77.59454795227963,20.118019757233345,5.682102630562055,0.16194096824251097,0.4150631099457911,5.6995431892980175,-1.466840326762961,-1.6459104826250792,359.02540929940557,37.13209877658038,1296.143888278336,1288.255842023723,1301.9374432042857,1310.519851474523
2024-05-20 00:03:09.263088,189.26308769589863,12.971620834379062,77.59454677109183,20.126222212475476,5.885706660370801,0.20250043257382866,0.8833057231029926,5.955063250511475,1.6996930429509263,-0.9021570037136541,358.8178670413167,37.04532892980645,1297.10260256281,1311.8483460241023,1308.1636698507673,1302.93074499558
2024-05-20 00:03:09.363121,189.36312104034678,12.97161100316005,77.59454569649031,20.294739808537713,5.86127840906147,-0.004767878071024929,-1.87000275766394,6.1523587049896715,-1.4398039724274687,0.4283647768114416,358.79208218679946,36.817948325106556,1290.138980945763,1300.8017470435177,1291.0339720537995,1298.3352343223207
2024-05-20 00:03:09.463154,189.46315438479493,12.971614985653378,77.59453655867136,19.752096952522702,5.63280493596607,-0.154023113301072,-0.7312500230684265,5.682159902916518,2.5963261602720156,-3.6270197912548805,358.733875216699,36.787621262135,1299.0859084749595,1305.8717467745016,1278.5640340128853,1292.2277853223063
2024-05-20 00:03:09.563188,189.56318772924308,12.97160055999319,77.59454770663108,20.14844103766707,6.3199483701742025,0.18933489924298183,-0.3764896287744648,6.333982913326625,-2.095535579161594,-1.6170761697794531,358.8373515205216,36.738323664653244,1290.084032012096,1317.283334433645,1295.8024764628167,1298.6601001725007
2024-05-20 00:03:09.663221,189.66322107369123,12.971594533850956,77.59454073915504,19.67677391909,5.915984782218708,-0.012269374508369908,-0.7408697821514494,5.962207184851874,0.9150170517751557,0.38136613609912406,358.74796049855786,36.745909562730034,1301.5498074399625,1304.0013801745786,1298.0923357604388,1279.3635911630747
2024-05-20 00:03:09.763254,189.76325441813938,12.971618879596567,77.59454458284635,20.000217673448706,5.157383120115189,-0.17560468088074982,2.590888330781624,5.7742653207292705,1.1253844674246443,1.9838227192092748,358.60244806026606,36.62056665052315,1296.1421647207621,1301.315192814747,1291.89330142307,1281.6276306616012
2024-05-20 00:03:09.863288,189.86328776258753,12.971616065146979,77.59454504975537,20.195124368729537,5.68710268120523,-0.12142269142440187,3.850358840451946,6.868998731752025,2.5076967626811135,3.1523575096590277,358.51253260488835,36.75009440937594,1314.5116003265325,1301.4320465281692,1311.1150467017958,1303.5648660213621
2024-05-20 00:03:09.963321,189.96332110703568,12.971613622210597,77.59453520085077,20.770546217720522,5.2400804285975715,-0.4375110076419394,-3.2276415931444262,6.169888899629804,0.27533813565525744,-0.8660918592464498,358.4862807872003,36.757865433843065,1301.4264453266335,1296.363353311486,1315.14598479836,1313.0590141693792
2024-05-20 00:03:10.063354,190.06335445148383,12.971597907460824,77.59454127970623,19.549380802245157,5.760336388852017,0.17029931808630366,-7.191733132865764,9.215828916859978,2.6805782280398986,-1.181408033831831,358.4481198324149,36.66457811916259,1311.1594643809349,1299.1150626756996,1298.2080485390838,1297.56856187621
2024-05-20 00:03:10.163388,190.16338779593198,12.971602486039327,77.59453457975822,19.33171998240226,5.845709825433487,-0.14807976631573666,3.433865958497705,6.781274688529518,3.040635661157981,-2.339274652947518,358.4681871175975,36.527040315826525,1301.0188920375963,1289.9254243541359,1298.6301807475008,1301.7439618921394
2024-05-20 00:03:10.263421,190.26342114038013,12.971602276414714,77.59454274563457,20.23638299467551,5.671100122530232,-0.2640141004135211,8.195177774526456,9.969554593916017,-3.9737466978508897,0.3649095971108066,358.5988219114243,36.771686413401206,1299.5774285953992,1296.1495345493342,1316.0759977357538,1303.7338254193048
2024-05-20 00:03:10.363454,190.36345448482828,12.971606299544932,77.59455568300574,20.97130206466831,6.192706666274882,-0.25242857750452313,-2.8906539989169744,6.838802276913774,-1.5493929293918896,-1.2365369543964384,358.6611309485644,36.50259472875891,1308.9223801707967,1311.9225769260645,1293.7388441887524,1301.5951102267752
2024-05-20 00:03:10.463488,190.46348782927643,12.971613735326365,77.59456162938763,19.658059420367344,5.785055977271432,-0.029300559488386658,-3.2742009714205125,6.647414774497021,-4.298566492505686,-4.491812027652938,358.6173118289844,36.53630549984672,1294.744720242675,1303.6918150997772,1284.4559798422285,1290.8195528733
2024-05-20 00:03:10.563521,190.56352117372458,12.97162051018654,77.5945652593924,20.316243517535163,5.2187249761376435,0.2998885286965477,0.841022175412661,5.294557753556237,1.0908165384184043,-1.1769172457817507,358.78263485749204,36.44074671356902,1296.710091477586,1322.22723557515,1310.8317761188725,1328.8057570142498
2024-05-20 00:03:10.663555,190.66355451817273,12.971612168481458,77.59454504557443,19.826319942290517,5.2034370952968,0.12126336163116425,-1.5720987610146722,5.437090850994561,-1.7913057593581674,-1.4227755512456197,358.6558767554563,36.501563248282544,1289.9591390229202,1297.037207569524,1298.7900978445277,1280.3831127189494
2024-05-20 00:03:10.763588,190.76358786262088,12.971614992172555,77.5945553580458,20.001718923800983,5.800672519834574,0.08555847648486874,2.1865485094544823,6.199686792045226,3.636941550685368,2.9722083874935246,358.70415979184133,36.63119916156663,1305.9702067080812,1302.779352160195,1300.7271095835144,1302.9936117035897
2024-05-20 00:03:10.863621,190.86362120706903,12.9716209421376,77.59454689883778,20.263775462688216,5.554546617524788,-0.31057784667142363,-1.1780472103252322,5.686584383868245,-2.0720095717641605,1.3754369897829188,358.6669387967357,36.56006201744182,1315.191208860456,1305.4027599627846,1310.242631721427,1302.9243530195495
2024-05-20 00:03:10.963655,190.96365455151718,12.971606137631134,77.59453773084553,19.76603091906769,5.858149266535852,-0.21674581696663087,-0.8006889078832273,5.916586372680983,-0.2553390076201313,-2.0863444403990483,358.6443962056937,36.28876622133288,1296.5476289796768,1310.0445380597594,1300.8461225545616,1295.5563976296357
2024-05-20 00:03:11.063688,191.06368789596533,12.971628029757513,77.5945423634555,20.103584284052022,5.998046402819351,-0.09251235458352905,5.05744228584355,7.846199185641617,-0.8690010183925735,-0.8446564327927583,358.55026941201567,36.38788394751514,1308.2426687337556,1289.6975685756893,1292.210924256778,1305.4722325891025
2024-05-20 00:03:11.163721,191.16372124041348,12.97162791501492,77.59453210410554,20.77785665148054,4.958243880694697,-0.04403238780620645,-4.1056070072815345,6.437556223433048,-0.7365656023245556,-0.40861974986998195,358.7038181564365,36.29584453091168,1307.6084022861503,1315.634909568986,1297.7652317719658,1266.3498145670717
2024-05-20 00:03:11.263755,191.26375458486163,12.97162896462502,77.59452598759964,19.28218908419576,4.994141375936836,0.18176799723414327,-6.746920242067844,8.396155098644117,0.08464898866178705,-1.9591667692927357,358.64689009079746,36.25786067181401,1281.6721055399566,1297.3278487987075,1287.4543552076493,1319.6962512712907
2024-05-20 00:03:11.363788,191.36378792930978,12.971633708314057,77.59453439748833,19.428022658402607,5.343750861160555,-0.009395062891190159,6.105282840413423,8.113583677685682,-1.8063994601625861,0.45413672213522777,358.5369075072953,36.26064697489987,1284.4895431370926,1308.9828678985207,1303.2177181494906,1301.721989347761
2024-05-20 00:03:11.463821,191.46382127375793,12.971616594587925,77.59453829540531,20.50365280685267,5.180546231544257,0.1020094756168847,4.661846838242141,6.970027340944315,1.603939882065509,1.1949632068328242,358.6224419643605,36.161003691232324,1301.7740362558313,1288.0010739956626,1310.307751018245,1296.458063216466
2024-05-20 00:03:11.563855,191.56385461820608,12.971620943742284,77.59453174257047,20.360702919471397,5.230952016124981,0.16298564392521225,-1.3770169238831613,5.411617034102502,0.1092616402660808,-0.46307541399609115,358.755538862065,36.12900414075037,1314.286600939549,1311.3893749000663,1284.7811700581158,1290.9977212891845
2024-05-20 00:03:11.663888,191.66388796265423,12.971616073609468,77.59451389810464,20.228157590337197,5.737679202393593,-0.002999956348771434,0.022688881341224487,5.737724846544542,-0.495686191208761,-1.3198863811066976,358.60549992663795,36.14041969743992,1291.5435654625553,1304.9779516902397,1316.5104426914886,1295.767254992908
2024-05-20 00:03:11.763921,191.76392130710238,12.97161995691144,77.59452572392432,20.365242208836097,5.624563974196595,0.23312489945719186,-2.5122551117752607,6.164535089138357,3.023062714447965,1.431449465116578,358.67302240387204,36.09827403843515,1288.2359173789964,1308.0138631056127,1295.5359760824094,1308.6847662929877
2024-05-20 00:03:11.863955,191.86395465155053,12.971617655934164,77.5945260639587,19.72553902846152,5.14598160133969,-0.052249488398653454,-3.654714049520962,6.311956228787588,1.7206541827474378,1.0783473619787942,358.60787837351165,36.08439794232568,1276.7931034961653,1309.1514293859157,1302.006539060259,1289.6253731878
2024-05-20 00:03:11.963988,191.96398799599868,12.971623402217563,77.59452509599565,19.63405567008565,5.3138661094876865,-0.24377860475928378,2.119877026770567,5.72629720206084,-2.422348283590765,0.28412980409798977,358.65140278449473,36.20016241113302,1296.718477923426,1304.279513469034,1304.0741005317118,1296.6868823699106
2024-05-20 00:03:12.064021,192.06402134044683,12.9716436620721,77.59453163474176,20.149655806074836,5.7934738067661256,0.03580919192866772,1.4981424964736618,5.984150063931561,0.8572915618659432,1.0924383944925116,358.7508634949245,35.9909744514332,1285.8651202898375,1303.2876599132853,1297.9999620247333,1282.724923732339
2024-05-20 00:03:12.164055,192.16405468489498,12.97165776745169,77.59454137253456,19.93378407884997,5.265418020008835,-0.19167698596607452,-0.7595031371238861,5.323364726156177,-1.2052183016744809,0.5300197625798276,358.6959049595943,35.8777001355394,1300.4832962326057,1305.658660314697,1288.7475242215746,1316.1327482030197
2024-05-20 00:03:12.264088,192.26408802934313,12.97165186245944,77.59452392974029,19.99770452822411,5.925189705319127,0.09492371881203016,1.7757306822500567,6.186283457157223,-2.759654114301983,3.9295086982345655,358.5565833526118,35.87683087116024,1293.5304265614632,1302.685339278394,1277.4788095508188,1300.0480019217828
2024-05-20 00:03:12.364121,192.36412137379128,12.971634403362685,77.5945462287843,20.28904863681931,5.805444305524359,0.24001402143599437,1.519423673428122,6.00578376354035,2.7829454076749798,-0.09383495603791081,358.7268433576901,35.84339075275371,1291.2709778946644,1313.1948760214093,1292.3366347854958,1308.1659669430462
2024-05-20 00:03:12.464155,192.46415471823943,12.971650152894268,77.5945588782362,20.301690591597527,5.411069469788875,0.08180319750269727,-0.09591003452626978,5.412537603077299,-0.5470389331370613,1.4602458300469496,358.79249506311317,35.7269528930303,1294.4778908349952,1292.981185582412,1297.0072358931802,1304.5237756208903
2024-05-20 00:03:12.564188,192.56418806268758,12.971654972867148,77.59458481619147,20.269860233779706,5.624173684420846,0.26112307299578263,-0.015565415650883097,5.630253739748068,-2.534267573575116,0.851367317497786,358.89317174786925,35.99282934657562,1294.0501419563382,1317.499812949203,1293.419132167123,1301.1900206110683
2024-05-20 00:03:12.664221,192.66422140713573,12.97165652236592,77.59458216638265,20.29857647042696,5.252988984518219,0.11538578164492617,-1.2679392897501742,5.405078833150146,1.342220683367112,-3.132910639043096,358.7582690944535,35.78716014399149,1308.8732391712576,1314.178934973425,1290.084418264848,1300.4921907206087
2024-05-20 00:03:12.764255,192.76425475158388,12.97165883959783,77.594586928034,20.016187818357864,5.556263338732539,0.24062757195892248,-5.362040847389125,7.725376752417942,-0.2677519245598794,3.0863994693474495,358.8487034627242,35.51437057354631,1296.6816768252215,1290.6153289330703,1301.915626974715,1278.9260959686744
2024-05-20 00:03:12.864288,192.86428809603203,12.971661576492629,77.59458977159711,19.22581071236311,5.248253084225789,-0.16841861523186188,-1.0946827208862686,5.363847082593714,5.109757474736089,-0.9397277096852196,358.9067641471335,35.79210214561685,1304.0722458924513,1284.5291885095587,1290.1889726498944,1280.520217991694
2024-05-20 00:03:12.964321,192.96432144048018,12.971660683726126,77.59459632818084,19.797178270998156,5.600319175530281,-0.20994106663849443,1.5012197675274592,5.801836856521275,0.1087478561785247,-2.9322476292871102,358.90148791839937,35.530766007786355,1299.1690714889637,1302.8802673489795,1285.9691967050178,1306.372879132184
2024-05-20 00:03:13.064355,193.06435478492833,12.971657366500855,77.59461095846567,19.526154780558,6.072797686524738,0.26416365565451067,-3.0061369618786387,6.781261948339844,-2.0346522651832277,-0.06252734052875719,358.9925461711965,35.64004025475216,1300.4654223483537,1302.8128215589793,1305.7952060225173,1304.2664178978775
2024-05-20 00:03:13.164388,193.16438812937648,12.971659914754474,77.5946128214236,19.195750402666317,6.474399800470285,0.1374257788509605,5.46495389164204,8.4736332029889,0.1141470365232037,-1.4786761873604732,359.0092517968591,35.363595259941484,1292.4368948875958,1284.1550720930409,1292.2952332451273,1295.2015621898252
2024-05-20 00:03:13.264421,193.26442147382463,12.971669335135548,77.594609084288,20.61951001062977,5.887791324974732,-0.2508487368868905,2.6195847404282944,6.449126761626742,-2.2480620887971616,1.2448268900831352,358.94112389308754,35.665598305070915,1305.5390269196184,1306.3742985711413,1323.5119559595655,1291.1327355636465
2024-05-20 00:03:13.364455,193.36445481827278,12.971663790205305,77.59460844552848,19.719842047967077,5.803698560287586,-0.03525217793773219,-8.143171705431953,9.999770253304877,3.0720199493936176,0.5711980043361289,358.82691207871613,35.696562968598165,1283.229660547168,1304.1105276658866,1302.0487358700486,1301.2035153817562
2024-05-20 00:03:13.464488,193.46448816272093,12.9716610166165,77.5946015736595,18.990332610409965,5.314241788923981,-0.5552243700570715,-1.4908772614242736,5.547265533655584,0.8740553771582266,1.5644935163902145,358.8113837097482,35.56710912256704,1279.3646526616367,1293.1911612799338,1289.654989106563,1303.0403666176173
2024-05-20 00:03:13.564522,193.56452150716908,12.971668079265898,77.59461727693102,19.42156717072314,5.397071929154697,-0.18619297994876713,7.885208938109429,9.557173914494422,-4.539740957648553,-1.9686082611719322,358.74898393494675,35.55642846961719,1302.87899329012,1307.2800815401258,1293.7933302022234,1279.5812313341276
2024-05-20 00:03:13.664555,193.66455485161723,12.971638944037357,77.5946215568421,20.567900253913027,6.186308718724663,0.026963950048291704,3.306601578540409,7.014610225606047,-0.15541354586483164,0.6376113085411935,358.64288406632875,35.49320052013806,1301.9326313573779,1304.1998411468205,1295.666512666631,1306.784987095114
2024-05-20 00:03:13.764588,193.76458819606538,12.971637627327306,77.59462726332303,20.083108000040998,5.5685275860483765,0.11330192485514544,-3.8273306902306388,6.757943253323379,2.0145858211273895,1.8033699514793398,358.58748740621735,35.459655733503695,1290.647899303275,1308.3910201447502,1287.9894736580113,1305.0145060743512
2024-05-20 00:03:13.864622,193.86462154051353,12.971635377594566,77.59462853958826,19.802178875407392,5.892878031362803,-0.04492957365887468,-2.345841443149922,6.342791359922476,1.7534301064758069,1.8629923117244942,358.67749053591245,35.23468729532189,1301.3292868999113,1303.9761568768715,1296.0284346040708,1296.7228597547555
2024-05-20 00:03:13.964655,193.96465488496167,12.971634235089228,77.59464245295335,19.613783269834276,5.076681934861903,0.17381592363602927,1.6252365449283843,5.333320285716337,-0.856953005454349,2.0113052648656398,358.6670946464265,35.33543203682016,1296.7182477173826,1289.3958421345853,1293.904820089673,1280.9657283868682
2024-05-20 00:03:14.064688,194.06468822940982,12.971632022945272,77.59461777090713,20.127334569624477,5.625797061303521,0.18280485279899567,1.646309759258088,5.864584044295607,2.0661492720386696,0.004333252808234062,358.708853425344,35.296631058868144,1309.3553668533316,1306.6608850356397,1305.4314274579142,1305.2239532763735
2024-05-20 00:03:14.164722,194.16472157385797,12.971645075682224,77.5946311690004,19.943155012266704,5.880384276110502,-0.011718491398495333,-1.1722352072734026,5.996098059483317,-1.6990438651727593,0.9203607083196541,358.7486128870875,35.33401046738438,1284.1523921340558,1285.0015922187513,1306.2703154423862,1298.3473263871265
2024-05-20 00:03:14.264755,194.26475491830612,12.97164882839535,77.59463023681384,19.89280935309762,5.713782354594959,-0.06848606780508804,2.331676053449897,6.171605330495122,-1.539266625241576,1.3592172993265077,358.60413020971896,35.24351840912775,1305.3057918836282,1298.8269893826096,1305.15408441479,1298.8976601353133
2024-05-20 00:03:14.364788,194.36478826275427,12.971640542152127,77.59463093898576,20.409645719859217,5.64778310457093,0.35495238136760826,-3.0395156130160075,6.423558231314126,-0.7032869811745412,1.0513524509151624,358.55383348265525,35.09033096444075,1292.998462290801,1298.598660501871,1305.222299268646,1299.4215490254564
2024-05-20 00:03:14.464822,194.46482160720242,12.97163370337652,77.5946155749239,19.2847035285529,5.500942475894102,0.19283497674051622,-1.3542866073306215,5.668478249596229,1.9068577824457749,1.3138660702442788,358.5113108450649,35.33937781988827,1296.6320983735175,1305.9601695447277,1299.5499325073301,1304.4351748545191
2024-05-20 00:03:14.564855,194.56485495165057,12.971636234305397,77.59462047868716,20.138698082513976,5.829366155186487,0.0473173591214843,2.10750804543882,6.198817537667751,0.20101866609705812,0.6196485770124278,358.49081596749926,35.14240313509454,1306.9698179446486,1300.1559639167688,1296.8656800713084,1298.1310661904113
2024-05-20 00:03:14.664888,194.66488829609872,12.971615867302154,77.594619219609,19.706345685026157,5.154715570552961,0.09297296069710986,-1.9724711541953894,5.519998101345218,-1.234699115426222,-3.3605807958917135,358.5246707984465,34.94457302810943,1287.9732104793422,1280.8012298278943,1295.5086955279355,1290.0146132854557
2024-05-20 00:03:14.764922,194.76492164054687,12.971609144869586,77.59460734194965,19.744072309750642,5.2853397728835185,0.057259955859352396,-0.539155785004823,5.313076714849277,-0.3185146901947445,1.250392766955415,358.5228433187532,35.10419252277963,1299.2887946796443,1299.7080155914598,1305.9238850941947,1285.9992526165818
2024-05-20 00:03:14.864955,194.86495498499502,12.97159434234103,77.59461597292395,19.598478572320957,5.599055648843801,-0.15533603414006922,-1.5585184666342826,5.813994603815187,2.691326074725387,-0.5053728656801864,358.37185287179926,35.02220036770029,1290.5386145205462,1281.3867623734302,1286.870214876012,1290.071335887046
2024-05-20 00:03:14.964988,194.96498832944314,12.971601196508983,77.59461588368366,19.432264680547433,5.235269858132707,-0.07285965783514922,-2.241228005364789,5.695301746987963,-0.8157503420724725,-2.2922419824712796,358.30453958650605,35.131551505358686,1293.8882597428628,1285.1278655235221,1302.6706188033581,1295.1845344562573
2024-05-20 00:03:15.065022,195.0650216738913,12.971604318601837,77.594622909507,19.150083506225997,5.243620117081628,-0.5672145781246923,3.4338886571846388,6.293558263799712,-0.22491482302629665,1.0806596380598277,358.24455017160125,34.87714552507206,1280.0188712720355,1295.2700924891246,1290.6827992365668,1297.9545787668355
2024-05-20 00:03:15.165055,195.16505501833944,12.971603432545587,77.59461355705525,20.119271414228926,5.75709547980934,0.03266156502892968,3.5139789342107406,6.74486939025124,5.2952636487087075,-2.556038464934879,358.1650958815325,34.77025118830823,1305.074919434108,1288.1481727537066,1312.2786552460761,1308.3006931860325
2024-05-20 00:03:15.265088,195.2650883627876,12.971606209387636,77.594611069201,19.85311363644489,5.612578599516624,-0.06561364647351174,1.953721910242038,5.943262823476288,0.5111801369068207,0.20680173803987006,358.04163612652803,35.02878379129365,1309.9352136104837,1296.029471145356,1304.5636712160183,1282.4749202052672
2024-05-20 00:03:15.365122,195.36512170723574,12.971592262940877,77.5946074209417,20.510146087835203,5.605678796695291,-0.0723091439896328,3.0995498203040057,6.405940405012387,-3.3804454612113823,2.8685657389089285,358.07514938134375,34.99166578733383,1305.9021313667174,1310.3471511968896,1289.5317231788692,1309.0846360657908
2024-05-20 00:03:15.465155,195.4651550516839,12.971592362361168,77.59460849882173,20.47323030606223,5.616731643484987,0.09567653545013188,-5.914118378676676,8.156814608127522,-1.1745238809686795,-0.9754322544338949,357.9915280851785,34.79039978015101,1313.7589516988344,1291.8790644712064,1284.8258428588606,1306.3263293945574
2024-05-20 00:03:15.565188,195.56518839613204,12.971588669008417,77.59460878152994,19.32692800607261,5.473875985752,0.0832675225845627,-1.8341914527329521,5.773604599640368,-0.8358522766167736,1.7443839697623336,358.038056277242,34.832865602849836,1314.033424655816,1290.9753010943791,1298.3930018721974,1277.8071414496128
2024-05-20 00:03:15.665222,195.6652217405802,12.971602752928389,77.5946075268945,20.106269695312054,5.42888059787616,0.030986068406423758,2.9058165828316334,6.157716678728472,-0.2047941379249716,-0.06516285317827393,357.9669119537822,34.766652477130535,1309.9274661305387,1292.9644163159076,1309.816061254702,1317.3442780808437
2024-05-20 00:03:15.765255,195.76525508502834,12.971615288522658,77.59460569101134,19.908285108339694,5.957540942373688,-0.26879620807451704,-3.6484097017052193,6.991097112258617,-3.111633007050651,-0.7658739054599243,357.94486949800915,34.78657521450851,1286.186256028513,1296.821832801226,1291.8598147610815,1301.8052113057884
2024-05-20 00:03:15.865288,195.8652884294765,12.971611758203053,77.59460958617252,19.376344446554757,5.448639224699484,0.4207047649034794,-3.531496138309805,6.506621771322147,-2.6129625086069015,-0.4292994091989383,357.9388052988272,34.72711144350948,1284.6474228324296,1285.1427854928468,1292.3091099616997,1299.1588842257713
2024-05-20 00:03:15.965322,195.96532177392464,12.971627521397611,77.5946204904787,19.201750369097983,5.244234953987347,-0.11462467667721868,4.118626010223252,6.6691992983576025,-0.45422250082932747,0.7871649777622833,357.8985223056778,34.77308540701041,1284.7465070455432,1306.5783493391255,1300.364829086381,1291.679494535586
2024-05-20 00:03:16.065355,196.0653551183728,12.971625740843239,77.59462361400777,20.2003443152223,5.443692530862522,-0.22582137159038532,3.6979661867537175,6.584811127193339,-1.9540624418309036,2.6463225284401934,357.9605989724111,34.75868169993249,1304.075924249726,1281.4060444748848,1299.498819335676,1312.5309801182982
2024-05-20 00:03:16.165388,196.16538846282094,12.971622843821073,77.59461251709064,19.941590219732273,5.25444512800125,0.07735581623436363,-0.6486622411408263,5.294897565445737,0.4434764717720383,-3.2722550079620274,357.9346119748746,34.50069911032514,1313.6360273956932,1278.761648290033,1315.5406316430756,1297.9993248619132
2024-05-20 00:03:16.265422,196.2654218072691,12.971616117581243,77.59462794661472,20.0705686084252,5.802598118597944,-0.26214808317321575,-2.031239754100241,6.153438183820895,-1.326044894773574,-0.5796470715044556,357.8887247462559,34.47360535357514,1294.9352491444097,1293.2878162817985,1312.5968816902944,1301.763957490526
2024-05-20 00:03:16.365455,196.36545515171724,12.971618988774289,77.5946365519923,19.535206807774905,6.042657325824465,-0.1217334997169261,2.367648559130231,6.49109284341588,-0.6677809928376912,-0.17729923892898816,357.87289444077237,34.58539261995647,1289.2342570851479,1293.8391888524277,1306.086813948734,1306.2211965264937
2024-05-20 00:03:16.465488,196.4654884961654,12.971608014681948,77.59463031468641,20.54425621612048,5.467161406587537,-0.0605683438309737,3.2102802628723737,6.340301391585621,0.914934380753879,2.108260223877165,357.7758219466182,34.430922671481625,1306.2354335914026,1326.8488347828525,1312.6385756693808,1312.8321092940362
2024-05-20 00:03:16.565522,196.56552184061354,12.971596776624338,77.5946417255661,20.177476950396922,5.469959700376158,-0.10135868890129074,-0.6139322255942119,5.505238004407992,-0.13482815402128795,-3.3462073501510665,357.82848179661175,34.62718457707064,1293.8985262995961,1299.8717640647353,1296.6336520302136,1290.4993208667136
2024-05-20 00:03:16.665555,196.6655551850617,12.971603687169072,77.59464051250951,20.42142882853911,5.3209008872410815,0.453644736768533,-3.9957972590245845,6.669645832746226,2.9494109897592993,0.5940630622504263,357.83622641016126,34.433968437394576,1306.4013824059175,1291.4280618665737,1303.082683977512,1311.3148751421884
2024-05-20 00:03:16.765589,196.76558852950984,12.971594522600814,77.59464274640547,19.378051023282964,5.694309368462419,-0.08956739135997076,-8.451842761153287,10.19150761961218,-1.8982510884339967,-1.252927248457243,357.87381352949546,34.331077806652296,1298.4490358732055,1301.1019981187128,1306.698113287712,1303.7826369660504
2024-05-20 00:03:16.865622,196.865621873958,12.971578328344329,77.59464662722787,18.730496632243014,5.527028350884107,0.09906951779710027,1.8817077590925066,5.83940761134742,0.02039193961700311,-0.7186817279469577,357.8020457787267,34.368662089956125,1296.4134773675432,1268.346804086776,1289.1945791094063,1282.5560344910266
2024-05-20 00:03:16.965655,196.96565521840614,12.971596688809646,77.59465464657963,19.75451806411508,5.052886346596343,0.015137950876477256,3.4841230519352564,6.13767081474749,-1.1355360005645452,0.3502481260951001,357.9033903156831,34.38577503531727,1286.9809933754325,1292.962127289033,1287.4946621274157,1290.8936655327573
2024-05-20 00:03:17.065689,197.0656885628543,12.971585597242232,77.5946545194068,19.42755359495097,5.228571356280456,-0.01523692360307078,-1.394545557814041,5.411372090734124,2.0739023144831554,-0.9859724733659093,357.9241194513567,34.34780582489992,1296.0474607494332,1284.4475215894354,1280.630867376917,1291.96029386865
2024-05-20 00:03:17.165722,197.16572190730244,12.971593361387654,77.59466304322854,19.47551595184818,6.014166419593691,0.1270687085607922,7.386973091660252,9.526474459955075,1.3469204527644667,1.4029790224870038,358.07119015247235,34.295580080623196,1310.578422457755,1293.442870899654,1290.0927811940735,1296.2634408711658
2024-05-20 00:03:17.265755,197.2657552517506,12.971575591100255,77.59464303203076,20.9054408423655,5.995580957419096,0.10377418640182212,4.1985688283801466,7.320228159379685,5.620442415822302,-1.5053951507317578,358.04537185788234,34.4617073721829,1295.3611548003237,1299.2051799311944,1305.211807922248,1304.2425178486646
2024-05-20 00:03:17.365789,197.36578859619874,12.971578462172966,77.5946505568392,20.315509715445412,5.712213187426856,-0.06630204120743335,-7.658686571097846,9.554541090685413,-0.06239392968444922,-2.0728489488863957,357.9765240133108,34.32475728687981,1306.2455839971817,1325.4103637645424,1286.6295767427973,1305.3827343750659
2024-05-20 00:03:17.465822,197.4658219406469,12.971597711144206,77.59466403828016,19.3731927787914,5.826449008884531,-0.0875625782296417,-4.685742146237132,7.477389565835173,0.5439308834481371,1.0694001814146554,357.8840344649621,34.27117060375312,1311.767031499974,1290.9176217394352,1304.7914488131628,1305.695187981024
2024-05-20 00:03:17.565855,197.56585528509504,12.971596462761946,77.59467789138533,19.37804879922591,5.320194181829421,0.0012398148959028633,2.5549621053404934,5.901889445697752,-2.437465944963633,4.2923121234532955,358.1254723201857,34.32177528684193,1300.4766326303868,1314.3968082890556,1313.4278582800293,1318.1786904034843
2024-05-20 00:03:17.665889,197.6658886295432,12.97159718498629,77.59467384866184,19.88435558746239,5.965413316460294,-0.15752725607801582,6.607850277612755,8.903631627822225,-2.926777653158971,-1.9704683915636099,358.05799149406386,34.21626628072839,1302.3214828538473,1309.5257321698125,1313.1160815579312,1308.2676891547312
2024-05-20 00:03:17.765922,197.76592197399134,12.971594575853564,77.59468574561446,20.700059524990387,5.988456984902984,-0.19742631904233895,2.9059262132057597,6.659204259375163,1.1298981709540097,1.2270644714950165,358.2708321634167,34.031473690827596,1321.2952613006144,1301.8612384211265,1299.5084536804613,1320.0727953231174
2024-05-20 00:03:17.865955,197.8659553184395,12.971584638429345,77.59468559245099,20.46573462311543,5.338767212294807,0.46850130729935613,-3.5671529884056667,6.437896338456123,-0.3637318837408956,-1.332166789297327,358.38583732130013,34.03590394209231,1309.9774993942515,1313.2842412956038,1300.7054356535416,1285.178001934326
2024-05-20 00:03:17.965989,197.96598866288764,12.971590719375865,77.59468818498785,19.986391037813526,5.056989117918279,0.002524317803999779,-5.6110089719073954,7.55357974696432,-2.116112354273128,0.5896129003454346,358.3991507317636,33.99801534465997,1295.6610072246938,1312.1591422983486,1304.2634628219585,1293.0984385674058
2024-05-20 00:03:18.066022,198.0660220073358,12.971600402498447,77.59468416071833,19.343158636738487,5.041636511423721,0.13261826549234734,-2.0235733501525175,5.4342005319191555,2.767803891570702,0.10176651815326707,358.4728300381219,33.777068585014554,1300.7477358882072,1315.2167046779743,1283.8263944766559,1302.3406278096236
2024-05-20 00:03:18.166055,198.16605535178394,12.971614153880065,77.59466456015124,19.58154141790972,5.83520228147348,0.2562888711830012,0.8868520579209047,5.907772526413327,0.7392022737774391,1.7845551821110053,358.60305454573376,33.97908001005224,1293.9648078902144,1312.173224868257,1289.8491250160703,1299.4352521346698
2024-05-20 00:03:18.266089,198.2660886962321,12.9715976362028,77.59467744486567,19.520588191507592,5.749406938003606,-0.04318597678345531,0.9048454830593187,5.820334227135723,-1.0208212436326964,0.3575027148324996,358.74472532085736,33.8852549613491,1310.7351610322123,1297.1364563843188,1305.2504081844306,1290.7938020770637
2024-05-20 00:03:18.366122,198.36612204068024,12.971608802460377,77.59467665943987,19.76257085766817,5.4374909169885255,0.01561906873316055,-1.9521902685244186,5.777334876235083,1.8723928032616006,1.5155387614031894,358.72633861696096,34.06797930319708,1301.7566698477137,1283.743624568188,1295.7971065244042,1288.2038616572486
2024-05-20 00:03:18.466155,198.4661553851284,12.971604639456814,77.59470452956937,19.130019948388334,5.534574205979453,-0.31122745181324807,-5.418673507744515,7.7517995815028335,3.980956178056789,-4.265209360998209,358.7127991918071,33.8266822346862,1283.4573003190626,1286.4207228769844,1306.2067098495081,1283.2470836650225
2024-05-20 00:03:18.566189,198.56618872957654,12.971613179648275,77.59471463918545,18.678474790763627,5.675608884231377,-0.03176013718153976,6.41582761735917,8.566001922060757,-0.41568747078699636,2.9509514557541876,358.7091986452623,33.7988693501564,1289.4321996643453,1321.2567784024868,1291.7436891587956,1282.0341653187431
2024-05-20 00:03:18.666222,198.6662220740247,12.97161620624624,77.59471223300137,20.41361333632282,6.17241374954076,-0.3709917961522937,1.1999454404927405,6.2989043069800195,-2.669688324314635,2.0891074409410666,358.7349798066797,33.740434829747656,1309.9457945561396,1307.3321344837682,1281.8126501450804,1316.0484677650793
2024-05-20 00:03:18.766255,198.76625541847284,12.971611569195423,77.59470065570193,18.91854390189922,5.819056519345211,0.10070093090359998,-5.220848469932079,7.818492066812563,0.8441213922659428,-3.311956029123944,358.53796729841855,33.68374870150647,1291.9950618515074,1289.0783704695014,1311.5425368466745,1305.407248257574
2024-05-20 00:03:18.866289,198.866288762921,12.971622053305934,77.59470072023842,19.369095469714193,5.2099624652862415,0.0784885918709885,7.24699948158171,8.925742032727081,0.5547906702198405,-0.697938834875401,358.5830107197301,33.75879403158316,1297.2851253586591,1294.0708983971283,1291.5325445563144,1293.7566142695673
2024-05-20 00:03:18.966322,198.96632210736914,12.971627328192076,77.59470144633958,20.368427092612475,5.577978816418979,-0.0491300318968312,5.739432792140789,8.003583585616763,-1.8772248444117918,-4.49940055997288,358.6806353078035,33.755383081490535,1305.6062090980697,1306.1316679367312,1302.0505369294974,1301.4060336130983
2024-05-20 00:03:19.066355,199.0663554518173,12.971633401615929,77.59471119849574,20.517364784580646,5.855489300529328,0.179682187083837,1.0587479458734919,5.953149405974959,1.0813208263358147,0.717183965623045,358.6421756124295,33.8002048416004,1313.8367714647397,1294.3946721447066,1290.4279482744573,1289.944406026318
2024-05-20 00:03:19.166389,199.16638879626544,12.971623984558562,77.59472381894702,20.580247288519143,5.510375795017236,-0.312243949179393,-7.9548493333871875,9.682012476907968,0.47959791228128945,1.1623993012950322,358.60531950563865,33.59543135190451,1322.641280429559,1318.165752172762,1311.1065753634357,1287.075457308595
2024-05-20 00:03:19.266422,199.2664221407136,12.971614786983084,77.59471060965221,18.925864417780936,5.736373756391314,0.02900019974629329,-0.001439302438939194,5.736447241646333,0.40987275794470157,-4.790183364763815,358.48549531288035,33.657513786579194,1297.295054118916,1299.1658750963907,1286.5906594950184,1301.5483347374516
2024-05-20 00:03:19.366455,199.36645548516174,12.97160542855783,77.59470365547479,20.579959332045863,6.181035512507595,-0.0645422901338679,3.488268669674383,7.097702728765671,1.9820707626119942,-1.5204658545323324,358.2565951236362,33.52287127546831,1309.0796097425898,1312.4072779814844,1289.214474502898,1319.1402485428127
2024-05-20 00:03:19.466489,199.4664888296099,12.971609034173312,77.5947141871966,19.62375078050339,5.885725877530105,0.06772621117479093,-1.019382404461112,5.973733876867343,-2.807332190609177,-0.847270704756441,358.26190371797657,33.450507239660304,1299.1851516708596,1300.0184059373319,1305.165076318221,1290.846554735906
2024-05-20 00:03:19.566522,199.56652217405804,12.97159966139686,77.59470117728816,20.37601486966618,5.8428936785634615,-0.021058041131738037,0.7818825343032927,5.895014018434707,1.5660397124416985,-0.7751040444333769,358.2333599540947,33.31862754123586,1307.5528209843415,1283.711750746874,1294.5905608734922,1307.818847992408
2024-05-20 00:03:19.666556,199.6665555185062,12.97159646078009,77.59469985628547,19.780179430247294,5.829174333056322,0.001457992808221768,-5.2047712670561594,7.814660547540054,2.8618029454615574,3.436812291158433,358.18806472181444,33.58160295746874,1309.235333277543,1294.4096505285265,1314.8944572848745,1316.936682910783
2024-05-20 00:03:19.766589,199.76658886295434,12.971586917334362,77.59469669353594,19.334713515803656,5.8974138293662675,0.08578001711150254,3.9641081833826775,7.1064056861185225,0.14425061131768735,-0.41621450186086995,358.1956402998643,33.44730253006667,1299.8123836648747,1307.6920727207732,1304.1656720817637,1303.1645462243075
2024-05-20 00:03:19.866622,199.8666222074025,12.971575743033188,77.59470089934037,20.573265428923392,5.322982788425772,-0.2648134201476178,1.4613316600790824,5.5262792305598145,1.4963661196220948,1.1700087100383665,358.2957675713109,33.13524264261365,1299.7590509668012,1294.7010946284327,1295.8308768477468,1295.097357440952
2024-05-20 00:03:19.966656,199.96665555185064,12.971562933844563,77.59468045363707,19.62707730241501,4.91965400011129,-0.047632958060473324,-3.5291558159905208,6.054767142759854,-1.526784891680693,-0.19565226090058951,358.31136863716347,33.42915685460027,1326.0084228158444,1321.3727100820317,1299.5323764026862,1278.3550414947924
2024-05-20 00:03:20.066689,200.06668889629879,12.971567978958,77.59467038199217,19.867198910219052,5.582413221789007,0.24661263668899736,7.122256322579645,9.05266205576598,1.0397878946322605,2.9837102889175178,358.3521387890033,33.22411554959541,1300.664914193144,1299.3106410714151,1304.4989358629505,1312.4857806852463
2024-05-20 00:03:20.166722,200.16672224074694,12.97155573501124,77.59466863554907,21.052003542344256,5.9480548455653794,0.1569579781191665,1.9772446482189991,6.270046941742918,0.8883229826249945,-2.7224457249900174,358.3999544031452,33.355178663331195,1306.8330483397385,1297.718331699203,1321.0803842723237,1308.3573368740144
2024-05-20 00:03:20.266756,200.26675558519509,12.971558753362418,77.59467683242312,20.262779700126156,5.975980874274328,-0.013005645580749934,-1.2145261981592768,6.098162874384774,1.1531294084385553,0.5347614926997173,358.45300861263337,33.29236130312068,1317.1739141546398,1323.6130563897134,1301.5389083719342,1311.2249611144782
2024-05-20 00:03:20.366789,200.36678892964323,12.971548099773601,77.59467566800876,20.809017307300717,5.821940387147655,-0.4233737583683865,2.3336182935635037,6.286494217831605,0.007725580492895583,-2.0661144457030014,358.5338234846945,33.15288490144438,1304.4850066041915,1305.6604964952578,1289.8628336330476,1302.6530302649937
2024-05-20 00:03:20.466822,200.46682227409138,12.971548905101196,77.59468109349794,20.72965898526724,5.781768075496968,-0.20257717743404402,-6.516581831883087,8.71411030245095,-1.698921206258924,3.067381504059063,358.59567045803794,33.15948621800735,1306.0540652416541,1312.0501236258078,1311.5483244389982,1299.0787009736353
2024-05-20 00:03:20.566856,200.56685561853953,12.971554208310344,77.5946612684965,19.505266357274085,5.802568118521631,-0.20631025846179563,-1.6668225296374288,6.040749791055506,3.401616722568724,6.68653134016972,358.5103920242992,33.07201850828128,1286.0053097214054,1301.8058240331095,1298.2934697567036,1313.084928899213
2024-05-20 00:03:20.666889,200.66688896298768,12.971562581279592,77.59467239181019,20.396183320784925,5.945733190764449,0.15370381049359783,-4.689450662616565,7.574055423234847,-3.728888587148896,1.1849173021606976,358.63833311094055,33.06733989901974,1291.4497761993982,1297.9529751513949,1299.8653166413592,1311.7768949990266
2024-05-20 00:03:20.766922,200.76692230743583,12.971570815385855,77.59468086113017,18.56706349046183,5.961923852849222,-0.34972103533117493,-1.1315923697635668,6.078432538165801,-0.9917820886702798,-1.7277999771649957,358.5857133811065,33.1716854700943,1299.6543117420401,1293.445033585633,1293.3679196077587,1291.7217327688875
2024-05-20 00:03:20.866956,200.86695565188398,12.971550826014226,77.59469344535779,20.16978938218601,6.035304843845305,-0.1558454759464189,5.784505416786203,8.361201784871866,1.1588921019796867,-2.314515001110219,358.58250971047516,33.16938105670733,1296.3050645195074,1292.1707086842464,1305.8096853191896,1282.286371922429
2024-05-20 00:03:20.966989,200.96698899633213,12.971548053514024,77.5946942623674,19.724350336100958,5.43730316994028,-0.19007351509970238,3.38179752677776,6.4060087585879195,-0.6372845930128317,3.6602031372211887,358.53744273643036,33.00708650387229,1301.1955506424795,1311.2493784285255,1307.5992766027027,1301.25241235311
2024-05-20 00:03:21.067022,201.06702234078028,12.9715554039533,77.5946832939243,20.84637441588613,6.260567165144074,0.10153674834668464,3.8679863060179542,7.3597777822490915,0.46704065070247075,1.4188138727046917,358.5725152526034,32.99502540339021,1314.4852421165474,1304.192847966291,1287.1234385089922,1298.320757519349
2024-05-20 00:03:21.167056,201.16705568522843,12.971544547145886,77.59468295807856,20.498205549042197,5.938297450278117,0.03635750552342337,0.47721331039275583,5.9575524353381475,2.004304156403163,-0.41131123022146526,358.53171385382853,32.99153033747831,1305.2205885665626,1284.8162600420333,1287.4757039384974,1311.043041434063
2024-05-20 00:03:21.267089,201.26708902967658,12.971560541564056,77.59468610424382,20.94184890279365,5.812336935605286,-0.052485183881878686,0.018489572660769227,5.8126033076260875,1.6240891563905107,0.550971192053138,358.4691206386452,32.84163549326789,1308.1664134087184,1281.6646434538366,1310.145936607873,1298.1119461804426
2024-05-20 00:03:21.367122,201.36712237412473,12.971555569349833,77.59468310886574,20.501904696623544,5.4468947587284475,-0.015954790505975692,-5.664256877636319,7.858290083972077,-1.681858390904102,1.804858148682021,358.4325542984691,32.89051410501246,1293.4606463822502,1296.1668657159628,1298.1923768521253,1283.9965552592653
2024-05-20 00:03:21.467156,201.46715571857288,12.971554270935005,77.59468634554295,19.80861978422686,5.545358325383028,-0.13027198748861615,-4.055192877275815,6.871139572118121,0.44965850785390854,4.084883165034526,358.23503526316745,32.7207262343356,1319.5122534906159,1307.077644750258,1299.012602611363,1313.8712598697978
2024-05-20 00:03:21.567189,201.567189063021,12.97156508884926,77.59469805748762,19.690595684831067,5.360650378717792,0.215652427223935,0.5313782325294341,5.391237453333037,3.7497282177156586,-3.6843106216034562,358.2499688957555,32.64069750002968,1295.68928339272,1306.980933031044,1300.6801886839112,1302.745712582516
2024-05-20 00:03:21.667222,201.66722240746915,12.971573311736089,77.59470530677399,19.914930867760678,5.487443202702527,0.08615001025437885,0.6990289169458208,5.532458418630856,-0.7169886761142047,3.2081036071846314,358.4298291901818,32.8235769425965,1297.5551916097872,1298.5960708257574,1312.4287866066677,1309.8113069392377
2024-05-20 00:03:21.767256,201.7672557519173,12.971577328638604,77.59471861201,19.830448085687184,5.549344718339583,-0.05082016844571721,1.0155906130942043,5.641740315353884,-0.5230915556582567,1.9533676968446687,358.41727546654676,32.825852888408356,1305.1906428026389,1298.8066300711143,1292.6578617171174,1301.9567653709883
2024-05-20 00:03:21.867289,201.86728909636545,12.97159806582092,77.5947071073655,20.1181167189966,5.664028097754173,0.2951115916287244,3.3701222167559592,6.5974259298255475,0.6157543328045744,0.47632104048720586,358.54361937514847,32.7558904696254,1301.9891242001208,1307.727460153063,1300.547407643629,1313.4128965627015
2024-05-20 00:03:21.967322,201.9673224408136,12.971585513702543,77.59470936561392,20.504697278769406,6.272171530508546,-0.21767866790542395,-1.5005140512577526,6.452833651087323,-4.710255246437082,0.05592199881662154,358.4756729846198,32.73747750438923,1291.2195012015043,1311.1438148016416,1301.1914585158859,1310.4101380931309
2024-05-20 00:03:22.067356,202.06735578526175,12.97159513296665,77.59470352961927,19.817913841119086,5.835412227983372,0.3529813445556084,-5.342092183840094,7.919253790651463,0.6868684725721772,0.47757588954271746,358.38950517733383,32.8090688890147,1297.7850525077852,1290.9297502416243,1300.5003559946022,1311.394477281533
2024-05-20 00:03:22.167389,202.1673891297099,12.971592146854311,77.59471057499954,19.435922583769717,5.309668088352377,0.42233335978350306,-2.5451819517809895,5.903294998805777,3.9900113928132384,-1.0936211987748539,358.349217234433,32.740715273361,1312.1755576783441,1282.864153855243,1291.4323667906988,1291.0027232504642
2024-05-20 00:03:22.267422,202.26742247415805,12.971591127036529,77.5947269060225,19.308707715387644,5.032194743975001,-0.10825926680347607,3.8025997860710135,6.30828575313181,1.0146780559660271,-0.916504561173323,358.3025381716646,32.61363273614988,1309.4518981314352,1287.6711925382494,1297.3946509474613,1295.3660810287333
2024-05-20 00:03:22.367456,202.3674558186062,12.97159619254233,77.59474352799536,20.19669613216672,5.325079177111381,-0.13685044048524928,2.087398609098784,5.721226200635121,-0.9916765000073122,1.0336508902516328,358.25077643437703,32.634029370661786,1297.782561650954,1300.1257918394012,1290.2730093790208,1300.5821191164596
2024-05-20 00:03:22.467489,202.46748916305435,12.971601147780218,77.59475491773681,19.726326643516778,4.973424621252576,0.128627581558371,-2.52883144000819,5.5809036875754074,-2.7523280137304122,1.2016325627509195,358.35659818608985,32.356801412726874,1289.5953676375336,1298.3110007809253,1295.4165445140845,1306.6106030448284
2024-05-20 00:03:22.567523,202.5675225075025,12.971606770942298,77.59474866665909,19.69076119918742,5.970445193576939,0.1202710320587746,4.0358684761858825,7.207559593075136,2.1682515932455795,-1.119692858059845,358.4860831492972,32.573580337926245,1300.460396397965,1291.676830190598,1289.5157480647629,1291.1389885122676
2024-05-20 00:03:22.667556,202.66755585195065,12.971597756080207,77.59476116649712,20.533769486368243,4.8316278432868325,0.0647094862969089,-1.0247480728446163,4.939526652062942,-0.6301907895239717,-0.948974198878731,358.5497931633808,32.544039614307685,1304.151416932579,1308.996063351047,1304.0382041687167,1300.6102151022833
2024-05-20 00:03:22.767589,202.7675891963988,12.971606840012132,77.59474396087275,19.485743245300533,5.609059092430708,0.34158118510439256,-4.801423452580835,7.391338767732824,2.722936672182025,0.2751301636964444,358.5456940455661,32.50079964289452,1292.767756142908,1295.2431069458669,1303.1691536674618,1268.1469061497987
2024-05-20 00:03:22.867623,202.86762254084695,12.971603767796678,77.59475191210863,19.573164594221357,5.045111690643654,0.007875235442524517,4.315741460487061,6.639189584894344,-0.44723186563037903,-1.1432268786087378,358.5663267877768,32.19097702925604,1293.9903215535487,1281.0852228748108,1281.2128809655965,1306.4700300500745
2024-05-20 00:03:22.967656,202.9676558852951,12.971602855716492,77.59473673250822,20.34917934943266,5.633931920751843,0.15308792081785136,1.4890375958404718,5.829396003103002,4.2248029549323824,-1.524257330329542,358.5906773270814,32.464359739955,1304.6028978475522,1292.4457740558555,1305.125219355175,1304.1554497053464
2024-05-20 00:03:23.067689,203.06768922974325,12.971591531807372,77.59475951994463,19.871071415663266,5.142105394512641,-0.27548642492845904,-3.1722062234835704,6.048142936712373,0.7426807842129206,3.3746073943211976,358.48615030862743,32.303320535804744,1311.0560849882584,1308.7962520694982,1290.9714913896469,1288.095323592682
2024-05-20 00:03:23.167723,203.1677225741914,12.9716026695584,77.5947674242456,19.714526553804067,5.608325577017609,0.1573794117790511,0.6989098210751905,5.653897681695095,1.7835040680410268,-0.5497150335739187,358.5760023059283,32.0856092769225,1271.5547692037858,1285.0665836787953,1297.6385934089194,1291.951294577083
2024-05-20 00:03:23.267756,203.26775591863955,12.971624580246816,77.59477281300062,20.010899989402883,5.398947024108281,-0.12121239548144723,2.4790339204420064,5.942131822220715,-2.188945666272276,2.8610460437849268,358.513635157193,32.332160067884494,1296.2894379739546,1292.8670648477216,1279.6678205850865,1279.768330912725
2024-05-20 00:03:23.367789,203.3677892630877,12.971614196606676,77.59475643598222,20.21049866192851,5.204258890433468,-0.025160346773322236,-3.223869530262405,6.121950538011548,0.6286285477995917,1.828204423408088,358.5769873089242,32.21340028919055,1298.0812151343137,1304.2249929781651,1308.9121474881072,1305.5757552226755
2024-05-20 00:03:23.467823,203.46782260753585,12.97161225317571,77.59474835442285,19.365911087049614,5.538129873954703,0.11557754780707681,0.24487280517844567,5.5447455632393625,-1.2271445976316402,1.0553556733597504,358.5965768189796,32.231585140117666,1300.0239448760549,1288.997166954114,1292.4699605062747,1291.839250389259
2024-05-20 00:03:23.567856,203.567855951984,12.971635297501436,77.59475167205063,20.259489553261314,5.921520325677539,0.05703503391635371,3.531025324664924,6.89462078768159,0.5210219029080427,-0.4467791661248654,358.6438088152745,32.236263255079585,1295.918791725148,1305.0890804317123,1299.5959178616981,1295.4281712699837
2024-05-20 00:03:23.667889,203.66788929643215,12.971642571558,77.59473901709708,20.07235163216431,5.81427509145981,-0.10739862430393883,1.971477290280717,6.14036253080915,-1.9629098041473194,0.9418168095189229,358.63922719613953,32.219943553658574,1299.732053087194,1304.4509964942406,1300.7706574921388,1304.1594222788951
2024-05-20 00:03:23.767923,203.7679226408803,12.971650635829382,77.59474546461362,20.653916486962025,5.5378700629340285,-0.1095696089629405,-3.9309158729364952,6.7920622739528325,-0.14294003183301748,-1.4575142812517117,358.6341886968246,32.096338053945445,1315.2024542653112,1314.604666467657,1303.9154545558977,1313.6944649845784
2024-05-20 00:03:23.867956,203.86795598532845,12.971656795354466,77.59474473430159,19.285906309135996,5.2984160733139625,0.11369580673956606,-0.8713106330468321,5.370784099336183,0.6172072378322869,2.4574070381615796,358.8170501112794,32.13411149329173,1300.845153824639,1293.93232889789,1293.062396712026,1306.4608153301458
2024-05-20 00:03:23.967989,203.9679893297766,12.971659794730497,77.59475032992776,20.479596253608207,5.471632898440258,-0.2231433547617444,0.28983239516736603,5.483845580371179,0.5777021009963949,3.586401501051502,358.8030249170544,32.00818660642943,1311.6499127839718,1308.638658015013,1297.1969906941197,1295.5120320852532
2024-05-20 00:03:24.068023,204.06802267422475,12.97166317548785,77.59474854281281,19.343892116772015,5.682672032701061,0.061390422012896684,-3.1433268943078474,6.494384819183164,-2.4642128070348948,2.90301996961676,358.76139784790536,32.211319939603705,1281.8478073782069,1281.7108578014663,1325.0173836411277,1302.3100068567398
2024-05-20 00:03:24.168056,204.1680560186729,12.971661891434298,77.59476613899204,19.850721249745348,5.773831291804536,-0.04300555233175944,3.213288645085271,6.60788931356954,0.4294250935465682,0.19527530039804522,358.7914359367793,31.921946554797813,1295.9178805210727,1294.605645047431,1311.136619150514,1310.0969477272422
2024-05-20 00:03:24.268089,204.26808936312105,12.971658551256457,77.59477242859818,19.986764136462302,5.916541120014639,-0.11377769555402904,1.6296329588122518,6.13792373439723,0.6334703632697676,5.308271954977462,359.02546334704397,31.77364197050261,1307.1395610821485,1293.3196556619907,1286.9094712325598,1306.1187624326856
2024-05-20 00:03:24.368123,204.3681227075692,12.971650279960311,77.5947591935625,20.176756519931192,5.375128541592354,0.05948273366638788,0.5317737419906479,5.40169680257194,-1.0776744624868175,-0.4312106222422599,359.02851896213394,31.724176317093274,1283.971341929669,1315.1720952202747,1302.5814413641183,1296.6447621926438
2024-05-20 00:03:24.468156,204.46815605201735,12.971646044992871,77.59475347571949,20.093154348264367,5.777377170967696,-0.2658894772950068,-1.7395808231641752,6.039447460660243,-0.5645216200527634,2.7244357631947813,359.11109649419734,31.813998857763067,1302.1950831767701,1278.1756740267351,1314.3621442974945,1283.3383177246058
2024-05-20 00:03:24.568189,204.5681893964655,12.971645865693125,77.59474659920919,19.82872434457324,5.263292949036004,-0.07157733353149424,-0.6426022399445941,5.302859004426707,-2.671133367537829,-0.04096698397049736,359.0993502959006,31.917317428706905,1309.6361257059373,1292.5781374031767,1320.9299802417438,1292.900864784157
2024-05-20 00:03:24.668223,204.66822274091365,12.97164361756245,77.59476380562654,19.964591045841306,5.464950950735418,-0.11212898167431294,2.7214703561283073,6.106116826736974,-1.9383410554856395,2.421714366661108,359.22862974961737,31.741319188884212,1296.079289547308,1313.065514265594,1298.9712562491877,1310.571416936844
2024-05-20 00:03:24.768256,204.7682560853618,12.971641007436116,77.59476317851549,20.373199907653262,6.206573940427434,-0.10894161844621773,-0.4036112412531594,6.2206374583549335,0.33514667689198935,0.20121803070917346,359.0310310867678,31.759821291821602,1305.800623306742,1285.6141621350991,1297.0644172715613,1279.0971282216212
2024-05-20 00:03:24.868289,204.86828942980995,12.971657129010527,77.59476300596012,19.88384188120246,6.212869881168837,-0.07928974670321559,-1.6133513218465083,6.419419094588779,1.5955860561101842,0.0858707224412873,359.0172881491803,31.747483883895928,1315.7058325024059,1285.8559550090547,1289.4414464696492,1305.3822983051998
2024-05-20 00:03:24.968323,204.9683227742581,12.971649717702688,77.59474274795924,20.050422050664963,5.823296075197985,-0.1321728272310682,-3.133681812074059,6.614242854250081,0.776984480003782,0.42823215260203457,359.03630963910274,31.850896185122366,1298.3064032798413,1312.2882923936977,1293.7076908956476,1304.9244877383771
2024-05-20 00:03:25.068356,205.06835611870625,12.971652237390055,77.59474691636802,19.25689653700625,5.75721582303795,-0.3198629767194241,2.1557229916712686,6.155890510213325,-1.8650484120601218,-0.8266366958928096,359.05982259134134,31.454622704530017,1290.9840418836773,1290.493801658067,1297.2280126096769,1301.9717728344053
2024-05-20 00:03:25.168389,205.1683894631544,12.971652980675959,77.5947542609675,20.48171041178626,4.85960079849399,0.07143813867525338,0.06020914469455363,4.860498788137454,-0.09727398351413229,3.4305541374789406,359.2901678620206,31.799706208351832,1307.7104258579745,1303.9421112782188,1312.580101461862,1299.0445134875636
2024-05-20 00:03:25.268423,205.26842280760255,12.971647624226328,77.59475554397187,19.268942381226566,5.7119921102230995,-0.08800347454391404,-4.998051076443517,7.590461978135516,-3.375374613824371,-0.6188504802714759,359.09613704819077,31.533790405448563,1301.6116775090168,1290.9083916609889,1299.802482361941,1291.9411698228876
2024-05-20 00:03:25.368456,205.3684561520507,12.971633937761315,77.59474581883887,19.481766881987618,5.818169722360583,-0.3831381071730056,6.873065781569181,9.013152997987925,-2.2226365536786634,3.0774528381033828,358.9282353327324,31.763591742575905,1295.3020358256863,1298.1232384195594,1316.0056771058858,1306.875219091493
2024-05-20 00:03:25.468489,205.46848949649885,12.971625277158786,77.59474446443231,20.64401389471157,5.808983239135385,-0.1164744294920715,-1.3566904765292946,5.966444637670462,2.026715733081443,-0.34364986063934405,358.833370186833,31.573163494994155,1292.841870325731,1307.000794244267,1310.754731717754,1307.073985679221
2024-05-20 00:03:25.568523,205.568522840947,12.971608738771844,77.59474148297926,19.21033831049126,5.767225854805321,0.45511217950296756,-2.7844767886958977,6.420384111799941,-0.1560575414263439,0.6664747966243256,358.8032796056831,31.329511790216063,1289.2386437466578,1295.1894996563785,1296.1765292985453,1295.5779656692346
2024-05-20 00:03:25.668556,205.66855618539515,12.971605678023577,77.59474408881272,20.08693284328858,5.586362037974199,-0.14130903877660175,6.263624066831255,8.394069067761292,1.5315531338615294,-0.36163948972601895,358.8023451027672,31.39674961682491,1285.4787274396383,1307.7085666268729,1305.3259626559607,1296.4184962558782
2024-05-20 00:03:25.768590,205.7685895298433,12.97159459558069,77.5947410735124,20.463480838033362,5.482268361473247,0.3088664486628181,1.622067274244202,5.725536403909607,2.5047182373953505,2.2523901038100624,358.9630159248129,31.564902559141824,1300.6878942664616,1310.3760615295676,1301.5972269227223,1308.5463173445107
2024-05-20 00:03:25.868623,205.86862287429145,12.97159584957169,77.5947603512387,20.411454472013663,5.381080449356143,0.2179433857225178,-6.423703305869296,8.382570625032587,3.1569639083763734,2.600489201310667,358.9202171844892,31.31708071775157,1287.7283843568543,1300.689927209271,1310.9656391827173,1305.40870061645
2024-05-20 00:03:25.968656,205.9686562187396,12.971593552335497,77.5947748049245,19.17831178717588,6.335032235556837,0.2891896780419621,-2.9472105463130305,6.993018954623891,0.6222037236465456,-2.222709015521204,359.01571818147545,31.194918734219193,1309.7833651599685,1304.8346807691162,1293.2351008624184,1308.8106752814106
2024-05-20 00:03:26.068690,206.06868956318775,12.971582174715394,77.5947853176276,19.82181581653256,5.56353797568921,-0.15026401807664266,4.710980463295684,7.291698773785033,-1.3703579172838338,1.0021226593548922,359.07260389914916,31.35244653964592,1299.6032805069494,1314.8916115154284,1312.3992551468814,1312.0934087153682
2024-05-20 00:03:26.168723,206.1687229076359,12.97159411628245,77.5947759945074,20.1208220499226,5.326490408364921,0.07391284599993074,-0.18273739684924806,5.3301365963185745,0.5675291207386953,-1.7513773141666482,358.989976165544,31.356504894264457,1291.94399246789,1307.219416264735,1316.1994387660475,1295.6242203902057
2024-05-20 00:03:26.268756,206.26875625208405,12.97158488607294,77.59477895291685,19.785256150607403,5.373686243222217,0.3215454642356646,1.4138543090441686,5.565867347805641,2.0785769469222384,-0.2568392846152299,359.1321012627,31.35090991858524,1285.481142796739,1299.49441537936,1296.8289195698846,1279.3378685943246
2024-05-20 00:03:26.368790,206.3687895965322,12.971598041813104,77.59477607598149,20.403687200114835,6.07446381241218,-0.03301457280336429,0.18989472644990713,6.077520923654315,-1.1595225017883088,-0.4799636214904374,359.23770308857985,31.30187854291752,1284.9180060486442,1312.1872424110902,1298.6103990122917,1304.7417429413483
2024-05-20 00:03:26.468823,206.46882294098035,12.971606028757762,77.59478290054349,19.823247759767103,5.852527514193997,-0.009343774437844787,-0.018971668334302194,5.852565722374923,-0.8103524505234272,-2.2807305153646102,359.419505860355,31.289619668667495,1303.8353628283899,1285.364288338401,1304.975585790088,1290.3804362688734
2024-05-20 00:03:26.568856,206.5688562854285,12.971612165539655,77.5947867827049,20.399891601248353,6.229501354551957,-0.28134381437797445,2.009375759682925,6.551597699176495,3.395823474426865,2.3068522509182037,359.338686326925,31.30998085638939,1310.5919164998515,1328.3735795541218,1307.905065220203,1294.9409991084578
2024-05-20 00:03:26.668890,206.66888962987665,12.97162136985256,77.59476766979944,20.225256914755352,5.4226810235257,-0.044563327704513704,0.7654352485040334,5.476618162035241,2.718415547974489,-1.2663656220115587,359.30477083307545,31.039960638497238,1276.913902413163,1304.9721021807907,1299.6958717135803,1309.9220947076817
2024-05-20 00:03:26.768923,206.7689229743248,12.97162846964549,77.5947569346604,20.55302969698107,5.377701328756446,-0.04712916692873263,-1.15008399854986,5.499507791012272,1.1786925571303535,1.8852583596607255,359.3166803618374,31.02122517390212,1304.3508956816531,1285.9350519868021,1304.266115806847,1298.869603046154
2024-05-20 00:03:26.868956,206.86895631877294,12.971632053851204,77.59475599454312,19.995163417212865,5.231710768885886,-0.2341678025772843,-2.208144957167363,5.683444051004996,0.18150336797201455,-0.6090568629165065,359.37937340564537,31.002522060000437,1287.9568286644444,1294.8567583350873,1302.7037401722807,1302.0558144914985
2024-05-20 00:03:26.968990,206.9689896632211,12.971636777072638,77.59477235026621,20.111253446797534,5.377112622380572,-0.33731654690100493,-1.9765308331805613,5.738797499571764,-2.5143425721193386,3.1832242290844093,359.30867093127944,31.163213140689656,1312.5733347948124,1287.4212239201972,1314.3704192684004,1295.4149389971788
2024-05-20 00:03:27.069023,207.06902300766924,12.971642821365174,77.59476861212204,19.599725437916987,5.594749250201496,-0.1912701079332125,0.24965465948301357,5.603581968332449,3.05573485498045,-0.15878740516339007,359.0703418588863,30.80054018335855,1313.2272445100393,1292.2830104581737,1294.0911905387009,1303.8985742507039
2024-05-20 00:03:27.169056,207.1690563521174,12.971649204709326,77.59477093808518,20.161201027887834,5.215974217953665,-0.013715483717290769,-0.6796706377499078,5.260088148754763,-0.35349431489388394,2.155568203597528,358.9589704858521,30.77916552923036,1291.1565042667175,1313.8818631262272,1301.0407838370495,1326.250629703409
2024-05-20 00:03:27.269090,207.26908969656554,12.971643421186757,77.59477788014449,19.463745983882326,5.278048857277931,-0.28426067432517604,3.6908091860944268,6.446757038925826,2.8665602268018504,-0.005941269114660729,359.019702800928,30.80356185101133,1279.9302001907615,1296.7279514744098,1298.9034740466368,1303.259863549959
2024-05-20 00:03:27.369123,207.3691230410137,12.97166333503194,77.59476798615367,20.899609001097794,5.582992887113063,-0.09719826635173892,2.0666786132920834,5.954025325036477,-3.473927562328741,-2.5638624162635626,359.04613928129606,30.779760844160457,1302.3721627845573,1308.315443789355,1306.0860833179884,1304.2681511701321
2024-05-20 00:03:27.469156,207.46915638546184,12.971667812762936,77.59479306973752,19.87721953105647,5.679225144976027,0.018378251617403654,-7.362327716833761,9.298268947364294,2.1582678537054494,-1.2041400843290215,359.0559167226235,30.912984873104513,1298.359981988712,1302.3071134098298,1290.2145376196868,1275.830401180564
2024-05-20 00:03:27.569190,207.56918972991,12.971677790280843,77.59478511838775,19.42665247222141,5.6204241322234525,0.0067385601735260306,-1.2946763087364843,5.767616455579938,4.884716787913796,1.4093531106073478,359.0445435864079,30.860088027347715,1305.496346765675,1294.8262635513518,1281.4882661359193,1275.961486653684
2024-05-20 00:03:27.669223,207.66922307435814,12.971679301173866,77.59477827470192,19.61819792877508,5.811979835196304,0.4858365500558033,1.885604211764928,6.1294901909966555,2.5770502797634975,-1.1101731357051017,359.06139950152647,30.875632729396127,1308.096504973856,1303.3367470082449,1294.039918878186,1285.4734314326213
2024-05-20 00:03:27.769256,207.7692564188063,12.971697948401475,77.5947719372037,19.803899063438134,5.04679921976698,-0.12442011073558464,1.9971829211787906,5.429033279437905,-0.7253177830637438,-4.124545497057256,359.00115726962736,30.735285750902737,1297.4913161124578,1317.1244147971229,1299.2773706980345,1304.9055682756539
2024-05-20 00:03:27.869290,207.86928976325444,12.971693091753606,77.59476471937698,20.017767702935558,6.037390038282311,-0.22048430066146874,1.1711600243440188,6.153885569606421,-1.482516628603451,1.5985143877545587,358.90633352078004,30.708149724710534,1310.7373233530805,1310.040106624639,1276.8144115191162,1299.7698504210164
2024-05-20 00:03:27.969323,207.9693231077026,12.97167941565797,77.59476532116419,20.038209171676353,6.17455438596871,0.02252130003830657,-0.5153239722772867,6.196062287505225,2.5790342856714865,-0.8174982484912162,358.83324306608046,30.68623857675448,1275.8219021773475,1291.9454462968554,1303.9918947425317,1295.913435928218
2024-05-20 00:03:28.069356,208.06935645215074,12.971678950395107,77.5947649958749,19.914668542093153,5.383868388061522,0.1458407556923576,-1.422644614850313,5.570567838753217,2.2381688922697283,-0.07103323055678547,358.6743136216776,30.666876031355,1306.421196918561,1307.7469190647237,1298.7836912486375,1304.9995885718972
2024-05-20 00:03:28.169390,208.1693897965989,12.97167369042682,77.59476846501036,19.7535853741071,5.728523141857754,0.11680061033323652,0.3242577259047863,5.7388816717356175,0.11528208506114691,2.2957981905818055,358.6119119962261,30.579688395933957,1301.2548257785986,1289.991727969487,1303.0637189191473,1305.0061971434923
2024-05-20 00:03:28.269423,208.269423141047,12.971681775487507,77.59476781673187,19.97954171166385,5.574632651278767,0.2124561800573379,-4.406855890470055,7.109292908898783,2.1293047104233325,0.7716003594126486,358.7395480508772,30.562114104438116,1286.2289893280583,1313.4864409041622,1297.3993385394804,1307.76263396529
2024-05-20 00:03:28.369456,208.36945648549516,12.971697109713107,77.59477584214962,18.871920307657348,5.652793045780267,0.15811369814404053,-0.6288402451847048,5.689860210402931,2.9220977606828598,-0.1041784087837722,358.70163600869495,30.615543715525884,1285.6721456444277,1297.6163026228382,1292.324923368694,1312.9310997273637
2024-05-20 00:03:28.469490,208.4694898299433,12.971672988946912,77.59476125543614,19.853731725965005,5.361438798242954,-0.032782001701356596,5.391097834388276,7.603291162837733,0.5926577491865288,-1.988315340255286,358.8015284982061,30.517478493131712,1298.9735405884007,1305.397193990899,1297.953039048414,1315.5172810961508
2024-05-20 00:03:28.569523,208.56952317439146,12.971682080762042,77.59476931430676,19.95049940089942,5.533990793872265,-0.20278934720598385,0.5258803409191586,5.562618786054682,0.40337396207623455,-4.390458471265874,358.67969983413576,30.69665956904728,1291.2431463636422,1291.7129846275805,1291.38650034108,1288.692513571654
2024-05-20 00:03:28.669557,208.6695565188396,12.97167553228488,77.59477652487352,19.95894286452836,5.713736687046939,0.3216401475094928,0.15047055081299732,5.724760318131932,0.2636998388070797,-2.6654737322589943,358.55459339393155,30.593513014130586,1294.146860616637,1303.0598630000434,1290.5342242617783,1298.2158122391552
2024-05-20 00:03:28.769590,208.76958986328776,12.971681016387949,77.59477766410751,19.98060354577698,5.3919584226745,-0.09782729753637302,-0.22077783376876425,5.397363121365596,1.5155122762178834,-1.2758514509991654,358.4821155678223,30.510324954245053,1301.405130440614,1316.4414741105068,1280.602555329877,1286.893716324747
2024-05-20 00:03:28.869623,208.8696232077359,12.971670039900314,77.59477630758849,19.914772574344546,5.7795100277461415,-0.2291186117805745,3.2163255071128987,6.618155427820316,2.0242146069048808,1.741340348566383,358.5194829726448,30.415372468934823,1306.570613879236,1303.8136419627504,1289.9705984648854,1314.8021653583164
2024-05-20 00:03:28.969657,208.96965655218406,12.97167295156166,77.59478507702491,20.62408314039777,5.866777309686665,0.2213013373893189,4.463495104034308,7.375014496739842,-3.598549713590288,0.3103617518297271,358.5049832969681,30.381050960507398,1294.9172029692593,1312.1591202973468,1308.5684902545433,1308.6287324922898
2024-05-20 00:03:29.069690,209.0696898966322,12.971665180863797,77.59477117076699,20.807769260713535,5.4092114822860005,0.32523706870621477,-1.348699276452777,5.584293845175016,0.12913215342167916,0.4477681475806497,358.4956063398042,30.499069745437346,1310.5086441614728,1299.294521415353,1295.586352646929,1301.6874468383214
2024-05-20 00:03:29.169723,209.16972324108036,12.971676687657064,77.59476219840602,20.354253341841027,5.510094427575533,-0.09159663525149361,-5.473550377490042,7.767192818471144,-0.5572355099196359,2.4111566549491372,358.5049174139005,30.32190658898412,1310.6778209801405,1301.1878724227342,1312.886734127927,1292.9765977437648
2024-05-20 00:03:29.269757,209.2697565855285,12.971688366943877,77.59477597143669,19.71269416018201,5.892967674897399,-0.2724774504934648,-1.554978330349016,6.1007597548394,5.130034560379398,-1.0426352263685565,358.5007348196083,30.285230431586562,1297.3253485387206,1289.1464411486065,1299.5478221110138,1307.4856089335958
2024-05-20 00:03:29.369790,209.36978992997666,12.97166104733287,77.5947867007219,20.043153975982605,5.789748209664261,-0.1771471125813635,-1.8344663335917915,6.076004621450526,2.0873575384921246,1.8723488517902322,358.3060200160311,30.437214505508763,1281.2465808233728,1300.0380285488598,1291.8671135227096,1297.115527478052
2024-05-20 00:03:29.469823,209.4698232744248,12.971667774526848,77.59478939257293,19.345678554928565,5.559050047925034,0.09386231023534214,2.094740236892818,5.941362152627613,-0.5497677875382475,0.5350866445130034,358.20271723303364,30.211000577445677,1287.129662572519,1288.0149302016648,1287.335749746267,1309.3943325795178
2024-05-20 00:03:29.569857,209.56985661887296,12.971662518370175,77.59476879873777,20.4622417192756,6.152768021075886,0.010130287598693001,0.4535294623357231,6.169468852106106,-2.345325323588532,0.4478802331874385,358.0176134438962,30.112407203989278,1320.272465511284,1299.9194515847864,1314.523691504055,1299.365679278696
2024-05-20 00:03:29.669890,209.6698899633211,12.971656574256686,77.59476362118424,19.436414692774992,5.591507565715154,0.023372930884929633,-2.0481577415655465,5.954868032600121,0.2723058076370912,1.324662135552541,357.9397040879399,30.21921810090723,1289.924337543395,1296.698638100708,1286.507094948947,1305.263661429688
2024-05-20 00:03:29.769923,209.76992330776926,12.9716775489034,77.59477419655506,20.052473581583257,5.747851553040872,0.01950492931475349,2.4467852210955385,6.246994144085096,3.2230291842252434,-1.221688075872226,357.8854938757325,29.928011162823932,1279.2810414250046,1305.1629784973595,1294.899452465594,1303.1053457369617
2024-05-20 00:03:29.869957,209.8699566522174,12.971690614418604,77.59476441124905,19.925934910399977,5.607076212665315,-0.02771229939726254,0.7246088953287568,5.653771279187429,1.6083311500268644,-2.230048188590699,357.93532911658417,30.050893729057293,1313.308726849876,1285.390891612382,1316.5584026851554,1292.577109504548
2024-05-20 00:03:29.969990,209.96998999666556,12.971669595029326,77.59476070313555,20.197443684016488,5.868689245408255,-0.26601349884788456,1.3014133387097502,6.017138299799288,0.3556639650428589,3.2337019382240944,358.02960295432086,30.096464541578097,1320.0851292780235,1300.6393898870758,1306.6723986539646,1322.2730552096295
2024-05-20 00:03:30.070023,210.0700233411137,12.9716565007169,77.59475170554506,20.186304367961117,5.960879906142102,-0.14635509068977712,-2.7074458645205652,6.548570239168929,0.22542858833244314,-1.3264977568432552,357.9480246679988,30.103835588150513,1305.34226048329,1290.2376956718206,1308.7091810237182,1323.9542295553704
2024-05-20 00:03:30.170057,210.17005668556186,12.971660028922859,77.59473760988898,19.655773954535878,5.168849691522371,-0.45514780081149353,-1.3764140244724388,5.368303476974719,1.2616861381258353,-1.3129606587911502,357.9994176575874,29.916942614046704,1295.152820070725,1302.346633427129,1284.9742753970534,1285.8015911833068
2024-05-20 00:03:30.270090,210.27009003001,12.971663417276938,77.59476156839553,19.910929771534484,5.8963090398144,0.20700590595130242,-0.6419528552422946,5.934763281416494,1.0331171000050536,4.646117299137565,358.0292871869064,30.015827250270746,1294.1962296368276,1307.3661878126768,1291.984989377495,1309.319578848519
2024-05-20 00:03:30.370123,210.37012337445816,12.971675391383586,77.59476956796975,19.52734057236003,5.948588842122115,-0.0011870196490275224,-0.14372308263118327,5.9503249445821345,1.1874821327496,-3.6272265225082596,358.0048842527987,29.906702062504465,1299.9450586826042,1302.146313823433,1276.3126837159748,1305.506626443428
2024-05-20 00:03:30.470157,210.4701567189063,12.971683951612949,77.59477214758017,19.882175570274494,5.345949192622708,-0.17039675917555902,0.2734810729797488,5.355651195038664,-1.6221827623095855,-2.5138532002447747,358.0344817142684,29.745755392724654,1306.0758904596898,1297.968370328665,1295.5676746579422,1293.0044332738948
2024-05-20 00:03:30.570190,210.57019006335446,12.971696289443285,77.59475924498864,19.582055025106893,5.411613447503519,-0.295054979719734,-1.5666607557598127,5.641546194962533,1.1976768885014721,1.329666904947454,358.10635282329326,29.913235648081663,1291.7153882594648,1297.569478636652,1294.4335450720052,1308.8942859575945
2024-05-20 00:03:30.670223,210.6702234078026,12.97168795119859,77.59476619386044,19.568738940245854,5.466186090234931,0.24946640283157515,-1.9952410327852448,5.824294861880664,1.396167492723608,3.041474462107523,358.12104491651036,29.787057279632638,1298.084275970825,1303.3984753026148,1287.1951406193402,1301.7677883459596
2024-05-20 00:03:30.770257,210.77025675225076,12.971700106171175,77.59475719521917,19.182873758127517,5.807960454678327,-0.027626987590895876,-0.7595237553071996,5.857477633625805,-0.6220737835787061,4.341512237080263,358.1335672837436,29.78601040009917,1300.1545733913342,1288.744144474362,1301.6129282443235,1294.7328162185909
2024-05-20 00:03:30.870290,210.8702900966989,12.97169119782187,77.59475460251905,19.41678353738346,4.801604256500981,-0.20891355378726584,4.670429241422298,6.701638427141292,-1.6033921255786725,-2.6824125675024857,358.0710579795065,29.759470452732657,1298.4395122956782,1304.6907649642555,1293.2034601868124,1312.0644512709293
2024-05-20 00:03:30.970323,210.97032344114706,12.971675191967469,77.59475166654471,20.117271072183332,5.815200928944716,-0.20671783531315518,6.03078437706607,8.380313497125284,-0.2210743385167857,-2.078891002702695,358.10045188997407,29.616890056977105,1303.6374113058446,1286.8011962939445,1320.1543566119353,1287.4931159429793
2024-05-20 00:03:31.070357,211.0703567855952,12.971670065944958,77.59475980911176,20.6233425991506,5.886175970981831,-0.058139481767581096,-0.971683524707359,5.9661224118259435,-2.474509782929285,0.7466838225540426,358.291822875721,29.577165086704085,1293.7165633571406,1300.8974834789299,1308.300615923451,1287.9672226157043
2024-05-20 00:03:31.170390,211.17039013004336,12.971682129755582,77.59477684935314,19.922869566740044,5.257615188094458,0.1675495025518163,-1.8985187600258513,5.592402326733743,-2.9845856357582687,-0.383509009330805,358.2083163372057,29.573931179897286,1296.4647298612774,1303.062816034121,1290.5153874570524,1305.905339673867
2024-05-20 00:03:31.270423,211.2704234744915,12.971683966813691,77.59476466910083,20.24351223702472,5.68569185555883,0.0499558779568174,-1.1550692206021864,5.802048980359697,-2.2252606188083695,0.008407774574850578,358.321911747346,29.610428045462807,1296.3527986920133,1299.5680524117677,1295.0313913512748,1293.6129449499576
2024-05-20 00:03:31.370457,211.37045681893966,12.971685930105773,77.59476769245558,19.691778692328135,5.443087393643443,-0.14119328668372047,-2.211935160572338,5.877056497399093,-0.9550064726083747,1.1369958937519056,358.2320300857349,29.585741981854884,1297.60457183547,1293.5451414560566,1289.963097003814,1318.5163542753705
2024-05-20 00:03:31.470490,211.4704901633878,12.971695176115215,77.59475369604543,19.80097769339571,5.210875490314199,-0.058027816794614995,7.168263359113169,8.862312914171087,-0.7877719099293706,-2.0283262422880393,358.2893637225564,29.53539041111564,1302.8736261749318,1304.2294453062666,1284.3181201572093,1305.1001039389848
2024-05-20 00:03:31.570524,211.57052350783596,12.971693824068566,77.59473717718464,21.125909407722574,5.965299512297738,0.007721430340449895,2.1977631486902,6.3572809242353605,-1.580587209296187,-1.104109225877708,358.2049481961701,29.32988548439426,1323.4431446633678,1303.9978268435211,1306.5056843164236,1296.3895404777436
2024-05-20 00:03:31.670557,211.6705568522841,12.971699224803732,77.59473678476354,20.240676889532462,5.75014478659199,-0.23933728567837942,-8.176921016381542,9.999174201464294,-0.6970337553005131,3.197805935098318,358.2771163934683,29.519420171429704,1309.719403250491,1307.3650136331291,1304.718767488319,1303.448051746534
2024-05-20 00:03:31.770590,211.77059019673226,12.971696001408784,77.59473121443355,19.489979894608553,5.607812826195885,-0.0169263795774954,2.0572288572079884,5.973277305374493,-0.3085691458115449,-0.05296304212507828,358.19658563584846,29.33677885190145,1303.6736788099279,1284.5134494046833,1283.4030952452213,1303.1323664052552
2024-05-20 00:03:31.870624,211.8706235411804,12.9716853578019,77.59472449238429,20.652259855295984,5.544028603358209,0.11507475403551531,0.2686114251205822,5.551724727647762,-1.2413106568149115,-0.9136060920570128,358.24924067921853,29.601343155959334,1311.299426248282,1292.8572488402895,1310.1970500015696,1288.3614880958594
2024-05-20 00:03:31.970657,211.97065688562856,12.971675395040533,77.59472031164675,19.543720093032146,5.460780639138058,0.12315390453552655,-5.9472279757440845,8.07494970067681,-0.49447156493592354,-0.5147384346824898,358.04448558141456,29.454939717234865,1293.409563302781,1305.709232043317,1272.2977855720544,1304.581297122462
2024-05-20 00:03:32.070690,212.0706902300767,12.971680224045958,77.59472051177455,19.462417646077423,6.47523066830521,-0.39186689761186466,2.704356489254792,7.028208583570837,-0.5077962513182723,2.624145035826529,358.195538214655,29.396934563321878,1298.688063072576,1288.3524925914226,1311.490956275501,1308.8247417723517
2024-05-20 00:03:32.170724,212.17072357452486,12.971689603827798,77.59471954093439,20.084771741432572,5.1884854074823314,-0.23625964113322706,3.5393947150582363,6.285182128679142,1.1116501294385897,2.7645067520175686,358.1371638209326,29.44116599213256,1302.396207673565,1305.2561067623797,1304.5177599645924,1318.0819809951968
2024-05-20 00:03:32.270757,212.270756918973,12.971698915714946,77.59471989573746,20.170532627416186,5.788683033708964,-0.005112745083213704,2.7175222738016203,6.394826402141049,1.001142260346822,3.0084128320017016,358.1572479586138,29.37403488304041,1305.1085316057759,1300.1137341964734,1305.5652302360688,1297.5294647342243
2024-05-20 00:03:32.370790,212.37079026342116,12.971707985805143,77.59471518840229,20.628457424754007,5.8047506965697115,-0.10289068957939791,0.55769295053706,5.832387038803873,0.7055495690523509,1.0306924998540261,358.05907594077775,29.154921611301955,1307.8737488975498,1324.5583576694974,1310.6361638425312,1293.542321038691
2024-05-20 00:03:32.470824,212.4708236078693,12.971703783859011,77.59471081469763,20.28210840945094,6.1747494757532735,-0.26339522144363786,-6.91463193719953,9.274106046295481,2.504049722278101,0.13240223579997687,358.07920883941324,29.214524776565906,1298.933511068539,1294.6883135532958,1307.8043050756621,1283.9738887418544
2024-05-20 00:03:32.570857,212.57085695231746,12.971698676506998,77.59470998279828,19.24506990814189,5.53378997463498,-0.13836187032458422,-2.43369149145515,6.046885956102655,-0.6722136274600586,2.387870440064573,358.1723747280559,29.03655496762081,1299.4877460523337,1304.7609339653877,1283.446643346607,1309.0327019527733
2024-05-20 00:03:32.670890,212.6708902967656,12.971711635782201,77.59473117072233,19.795207810960413,5.863491257639421,0.007702684413384769,7.294898250714041,9.359280396912569,-1.5762889216678204,2.8183143952388674,358.16430675394855,29.305497119137485,1302.4832940882834,1306.4509230972642,1306.1179165190035,1303.672863861008
2024-05-20 00:03:32.770924,212.77092364121376,12.971714711112625,77.59471216526727,20.704536046997656,5.684464932774525,0.36506639076699265,-0.467513498552961,5.715328854312773,-2.132411113532787,0.6917934734774676,358.22049681871346,29.062162127798704,1289.3983730490427,1304.346812467359,1298.410118033927,1301.700704629084
2024-05-20 00:03:32.870957,212.8709569856619,12.97171857199361,77.5947162706467,19.701673933290596,5.9152263273194485,0.10433223093981203,-4.546236052005483,7.461169476588801,-0.1674558107383762,-0.4139111469430034,358.09343950338916,28.949096137473468,1299.468081396717,1286.094828621667,1312.82352569758,1294.219166876827
2024-05-20 00:03:32.970990,212.97099033011006,12.971703863902963,77.59472391999685,19.794985653131935,5.76269165574768,0.12145095020298158,0.9817945747663401,5.846989485159844,0.5429385586673805,-0.15673453314787483,358.083415902759,28.783960740925927,1287.2185324597556,1295.753683365982,1306.134680775099,1278.2653727924014
2024-05-20 00:03:33.071024,213.0710236745582,12.971719371729703,77.594721459074,19.89809832304045,6.098483220639536,0.30213381790528243,1.8167226941406796,6.370499492484853,-3.1531128571640674,2.5416673463910104,358.3112107196878,28.9120825493204,1298.240174420208,1291.096447757993,1317.160336602655,1291.2708181998353
2024-05-20 00:03:33.171057,213.17105701900635,12.971708780285285,77.59472970111621,20.158451347191424,5.15645865364518,-0.05557795099923968,-0.48045504024776164,5.179091793074247,0.3359248660727254,1.7571374051176643,358.3749927007643,28.920875770621485,1314.7422668664685,1293.0743249403477,1292.767118702892,1303.4119840864143
2024-05-20 00:03:33.271090,213.2710903634545,12.971693413003628,77.59473481028367,19.80197527397454,5.53199721342815,0.06834190191097393,-0.38497576137142175,5.545797519002757,2.381489815751632,-1.1573934751481318,358.3750636171539,28.906771257986005,1305.655888453322,1296.8141677396238,1272.3739236837512,1295.2263376572148
2024-05-20 00:03:33.371124,213.37112370790265,12.971690949847188,77.59473056675036,20.081430521308512,5.2552226500711425,-0.05243182227154896,1.459966602067965,5.4545042558385965,-1.076867361695515,0.19185465090562898,358.2688549205736,29.030674921814335,1289.8956943582014,1304.9974571916719,1288.6527713008732,1298.9028588541728
2024-05-20 00:03:33.471157,213.4711570523508,12.971670582934797,77.5947434186015,20.09406595794946,5.562187801176447,-0.42290553787692264,2.1665537275556233,5.984207322938286,-3.172999179430644,1.7974119460614586,358.14543232997863,28.8121109891183,1288.3224797513985,1284.7946624919675,1317.8404884369743,1315.4570451244638
2024-05-20 00:03:33.571190,213.57119039679895,12.971668115377215,77.59475566688654,20.5148857518965,5.434975062443356,-0.25895733740304616,1.700189708234035,5.700583994290494,-0.03963969638030963,-2.221589760025371,358.1234711651875,28.696886666572034,1296.3513432217321,1294.898065612759,1282.3693129879514,1324.9197447606082
2024-05-20 00:03:33.671224,213.6712237412471,12.971664593377913,77.59477168835686,20.43421728337141,5.734496394127698,-0.04014982359035285,-4.211118780869938,7.11474400728469,2.417773084846753,-1.1161536135426446,358.1264815712466,28.798869170550482,1306.9845852052867,1305.8153155170467,1292.393034429072,1298.5483936960052
2024-05-20 00:03:33.771257,213.77125708569525,12.971660310863601,77.59476429574988,19.67238116085883,6.085086605382118,0.23409507531468804,1.2600912186404827,6.218593842548516,-0.7608696134959859,-1.3201232675817762,358.1455345210794,28.538461892668092,1308.2635147235983,1299.0737294983116,1299.8615845866925,1295.6807491526902
2024-05-20 00:03:33.871290,213.8712904301434,12.971667727068073,77.59477296268335,20.686319561192114,5.223241043537348,-0.19174072661465114,2.684661740356333,5.875918665644456,1.822619226804605,1.9060232002403201,358.1378679342897,28.758671457514435,1309.2949431597358,1302.6653624536386,1306.9059073384026,1298.3778726939267
2024-05-20 00:03:33.971324,213.97132377459155,12.97167446902923,77.5947794932632,20.2094925460585,5.5085818525075805,0.159136173888052,-5.749153613494343,7.963828577962401,-0.9396516879081195,-1.853961063182595,358.13211205741595,28.99437365531224,1296.0277910648485,1301.7188391803345,1318.480353588732,1295.365408885128
2024-05-20 00:03:34.071357,214.0713571190397,12.9716781887455,77.59478372015768,19.536105433784105,5.853478678477683,-0.28807724234448584,5.3271071550097275,7.9198656414048765,3.0728524692501824,1.1552149435327879,358.07497802913696,28.843782519278964,1292.0567062007667,1294.906610894893,1316.998004233664,1289.5396329547227
2024-05-20 00:03:34.171390,214.17139046348785,12.971684543993083,77.59477858521818,21.275269235957083,5.057127951249281,-0.31396799844718165,2.211514122119951,5.528463957709379,0.6089209281988994,0.8196616604769862,358.10915120781806,28.506673130556003,1317.3629393945857,1308.4248274563781,1294.6716306918734,1292.9566750482215
2024-05-20 00:03:34.271424,214.271423807936,12.971702026182923,77.5947741180805,19.97855574164405,5.579643325719626,0.24735640652541738,-3.291565868479978,6.482901410683266,-0.11671171468996619,-0.07958590052270287,358.11620055829815,28.51410431342474,1319.9400365532485,1305.7212418205709,1282.0122138657132,1280.0428400416483
2024-05-20 00:03:34.371457,214.37145715238415,12.97170278987959,77.59479273527731,20.61673655136622,5.389004494325814,-0.10574361092632695,0.2826723673400551,5.3974489176251765,-0.9053215839045469,-0.7397076981457228,358.23696546540384,28.58877336841963,1282.372431218108,1296.5262312487569,1276.900972372323,1295.9916945321136
2024-05-20 00:03:34.471490,214.4714904968323,12.971696588487525,77.59479758874639,20.035109066220254,5.971133729470408,-0.3917894522983364,0.8320479752569696,6.041542917440927,1.3069427998248528,-0.5928503124659367,358.0187265814117,28.526769633013874,1296.0273832658202,1299.2964408996338,1299.639398498331,1306.515405514716
2024-05-20 00:03:34.571524,214.57152384128045,12.97169169011369,77.59478430042626,20.783201634778752,6.190126297071405,-0.14430718623861294,4.13115454708344,7.443448530727087,-0.608071985104422,-1.2965166555303262,358.0037458313032,28.463844129856074,1308.90811440757,1290.435988052197,1314.146415200714,1312.1140685352107
2024-05-20 00:03:34.671557,214.6715571857286,12.971703841974966,77.5947818593628,20.86161547777413,5.388278710734351,0.283955613649204,-2.6362753239154983,6.0053414422963245,-1.3850668618528772,-1.1279269836486132,357.9139302605355,28.418617571750897,1300.7651173139177,1318.2547300877818,1306.129045229553,1303.050150539837
2024-05-20 00:03:34.771591,214.77159053017675,12.971689029739972,77.59478993559279,20.25577075970396,5.3781461665440125,0.14178124569394837,-4.966463925348876,7.3219069942286445,3.3718735021336457,-1.1649186294639897,357.9038671449342,28.426954722892916,1279.6764226365856,1300.1072843071236,1291.8670595763997,1303.1112641484194
2024-05-20 00:03:34.871624,214.87162387462487,12.971688703112594,77.59480398418383,19.86799148470674,5.858311661119058,0.35922811421509926,-1.285605572319298,6.008464200145035,2.257583885563668,1.213277612471802,357.78478451673567,28.376505027946198,1290.2173995770074,1316.382040288085,1303.4634939114662,1285.0336507196753
2024-05-20 00:03:34.971657,214.97165721907302,12.971681142640248,77.5948203600185,19.998563909623588,5.543931526628914,0.062119521908298975,1.7980684691064255,5.8285577827235135,1.2141443019857274,-3.7346652522920616,357.8143237766149,28.32790014368225,1295.2172663881997,1310.1810548731926,1308.858474780691,1298.617281043356
2024-05-20 00:03:35.071691,215.07169056352117,12.971685267825286,77.5948197875524,20.2277250897297,5.746673580671197,-0.041073160686665194,-1.8962611318074778,6.051590743541476,3.1717677570688543,-1.2428309948686185,357.6248363377813,28.299694092210796,1287.3285838900952,1298.300080379098,1306.5920568002095,1304.643400207341
2024-05-20 00:03:35.171724,215.17172390796932,12.971669443108304,77.59481653175962,19.619185223700114,5.658883086162309,0.018837747606425533,1.9965704642072666,6.000800468448652,-1.3524903833039599,1.3108961436902409,357.5523530570476,28.423980554189857,1297.0957591450526,1317.8751609734416,1316.6450488599398,1298.204985020721
2024-05-20 00:03:35.271757,215.27175725241747,12.971657181180154,77.59482085779649,20.627172331651796,5.536123066652555,0.2595542453966326,7.155201199175735,9.050576291933668,-2.163850204579692,2.2237745780073066,357.735462161319,28.291280960129274,1290.9799356700769,1306.9490979754928,1291.311874931225,1319.6605932050466
2024-05-20 00:03:35.371791,215.37179059686562,12.971658673883514,77.59481254821256,21.050702636006037,5.247572009757548,0.12176658490578188,2.1133136237905603,5.6584391462035954,-0.5640608360530651,-0.6774421628408687,357.5500119751658,28.145416624127048,1287.0129466248939,1298.501584843562,1313.4979301778478,1310.013623652508
2024-05-20 00:03:35.471824,215.47182394131377,12.971663591472227,77.59482305518884,21.049975990963013,5.880581157131043,-0.08879614018460054,-2.0263032392741422,6.220532478623453,1.1928890057677373,-1.306781727641091,357.43471445266516,28.131387760070158,1313.9200031880162,1322.9675521624063,1320.6635756259384,1300.9981215963055
2024-05-20 00:03:35.571857,215.57185728576192,12.971673371002442,77.59481005198236,20.645306856224614,6.132489672617056,-0.08216836249051003,-7.066341107510965,9.356674509260676,0.6560992894970835,-0.18587447355035008,357.4663676492488,28.116547847151896,1296.660957863667,1316.3586982127765,1301.048069425062,1291.0342425675128
2024-05-20 00:03:35.671891,215.67189063021007,12.971673944355778,77.59482953903174,19.636236522971483,5.731661561126763,-0.043846766268532206,-3.4635018294486173,6.696992736505259,5.112274902241866,3.4887503625678415,357.364988375649,28.142990705175944,1298.8366333019806,1310.4832139202144,1302.2069421941935,1304.3940937996426
2024-05-20 00:03:35.771924,215.77192397465822,12.971687765790769,77.5948393035699,19.952375513220552,5.446968501649945,-0.2600999583351122,2.0362646439876784,5.8209528040215925,-0.26906124508539414,-0.029541718969636425,357.3916791091989,27.985489912625667,1294.7552289024948,1327.9456769201083,1303.1054173576417,1295.1424337802282
2024-05-20 00:03:35.871957,215.87195731910637,12.97170620168938,77.59484264587996,20.0436252480107,5.445310444445248,-0.06449869730140867,-0.7535813796084341,5.497585907835423,0.6614923271093099,-2.3089614677987695,357.3342892786236,28.096934393431003,1299.473945438677,1288.4430144118762,1305.417475913234,1299.0274265869355
2024-05-20 00:03:35.971991,215.97199066355452,12.97171100574803,77.5948586517361,19.801608981788387,5.347042551665077,0.42093403147055375,2.544262644933795,5.936440171902059,0.49034766692621556,1.2986204474382905,357.3577061869708,28.049971469537162,1297.884807080712,1311.7884690405476,1316.4327090462102,1281.521316756403
2024-05-20 00:03:36.072024,216.07202400800267,12.971722307617616,77.59485210234965,20.552647451065145,5.460026108178444,0.06702606692016326,1.820355246125743,5.755872724247345,-0.7470688299897047,0.33988903175352847,357.3835798003078,28.03255900246254,1303.7779595455954,1307.7595966215172,1304.512862444346,1303.982784984045
2024-05-20 00:03:36.172057,216.17205735245082,12.971726337723991,77.59485051117439,20.165801428495772,5.57485652393333,-0.2834309631633715,-2.930959206798505,6.304750609281754,-3.465838232836272,1.454598542300775,357.47851691113556,27.83567528392518,1303.2123269469764,1301.7511356097734,1308.5786760906847,1275.0557368035852
2024-05-20 00:03:36.272091,216.27209069689897,12.971734376311344,77.5948645912771,19.966260147270845,5.901554273529687,-0.08576640870587451,0.5483047897515831,5.9275911517869835,0.10373540472228801,-1.4631624689906504,357.59554992170354,27.891365163960575,1296.7521254000653,1301.313550569662,1285.7790072878195,1322.1877097741915
2024-05-20 00:03:36.372124,216.37212404134712,12.971745971818853,77.59486660170933,20.275498952287354,4.93433103821487,0.07397529902174113,1.0494456165281179,5.045238472223693,-0.08877659470462676,-0.43993136878346034,357.6375346961339,27.871270782644253,1290.2371472500804,1286.703425889585,1297.9218184533293,1307.1883354758281
2024-05-20 00:03:36.472157,216.47215738579527,12.971751687625167,77.594871758873,20.17621925694636,5.967912427789454,-0.04372785793564907,-4.313360639604127,7.363624846406122,-3.3124448950493965,0.829372957912404,357.559570013396,27.89176252247677,1285.181032971999,1296.2982986500897,1291.515895956606,1302.659212675751
2024-05-20 00:03:36.572191,216.57219073024342,12.97174112676804,77.59488205137085,19.412539171106133,5.025497976276197,0.039433232767681195,0.006549395900790955,5.025656950488099,2.286881842360233,-0.10080370364376019,357.4998563062089,27.786992979849263,1293.98949577031,1298.159071240992,1290.312079206549,1289.3345899633532
2024-05-20 00:03:36.672224,216.67222407469157,12.971735474253812,77.59487864862986,20.177529572898504,5.7291304865896695,-0.0016200213866799475,5.148891651637101,7.702858170649302,-0.6876085715513267,-1.393282157813789,357.51794432245384,27.759887270758323,1283.8808679336219,1302.6751284919317,1307.0118003083755,1292.9651590093547
2024-05-20 00:03:36.772257,216.77225741913972,12.971739302240007,77.59486721024997,20.442660875334965,5.3010129821362435,0.11056360204131262,-3.1393230768694735,6.161843257324756,2.0698723518551128,0.551068882536664,357.6689837710176,27.711230353327014,1288.203331208517,1296.9240070588921,1304.1206773169404,1287.4440991164536
2024-05-20 00:03:36.872291,216.87229076358787,12.971749086945911,77.59486138060325,19.549455599533484,4.930710840813726,-0.19561519960391482,0.5301609910230809,4.962987545666083,-1.6554198782621203,0.40492216182583873,357.58523063161397,27.624214317937025,1308.4715388887164,1281.899727924935,1294.0197222594156,1303.6860818957289
2024-05-20 00:03:36.972324,216.97232410803602,12.97175472874548,77.59485002611754,20.548728429390934,5.698902721653244,0.011647894925146075,4.57647066312019,7.3090157774301385,0.5918083039737985,-0.3153186391937931,357.4920907032134,27.563639027612982,1291.5050444019357,1313.825075388938,1304.4531551661992,1294.6191186089632
2024-05-20 00:03:37.072357,217.07235745248417,12.971741822940286,77.59487160699476,20.465054931934993,5.3673568352829415,0.15714922992850955,-5.046381060173147,7.368797532990026,-0.020083041678117503,0.4934446469272905,357.6176179759002,27.693529097372146,1297.6539775898652,1305.809903038605,1322.9703151570297,1288.3693052767094
2024-05-20 00:03:37.172391,217.17239079693232,12.971742500138483,77.59485820759294,19.539115679773094,6.331193104369253,0.12587898970238418,-1.14386291280033,6.434926107434437,-3.7153964044852144,-1.9041774472752238,357.61187272808945,27.76506165087428,1299.162070217293,1292.4992380356393,1303.913519154039,1308.2309389191057
2024-05-20 00:03:37.272424,217.27242414138047,12.971751403642953,77.59485673467533,20.236206066419754,5.198521564854154,-0.24391573392076793,3.9622698810215837,6.5409253134062455,-3.873431020537306,3.0789106455994166,357.50533737006424,27.756431855553604,1298.65884130047,1312.1741187250095,1298.9757893254007,1299.5931790523664
2024-05-20 00:03:37.372457,217.37245748582862,12.97174692379727,77.59483857456294,20.33183389538262,5.46628333801858,-0.2750694884003129,1.2913898621817168,5.623486865912827,1.083997331719063,-0.19398853251172637,357.4200763834631,27.557137956742174,1317.4196947168082,1305.7563437632746,1296.5577536683704,1289.634430485795
2024-05-20 00:03:37.472491,217.47249083027677,12.971748902878925,77.5948587729027,20.4945701602207,5.688715399026367,-0.12685962292223887,-5.081560895167968,7.628881791347141,0.06628812932383693,1.0690145606894639,357.5341792079368,27.6254772778232,1311.8678191971758,1304.402477175232,1306.6314206915833,1282.7741583971892
2024-05-20 00:03:37.572524,217.57252417472492,12.97175526858679,77.59486161948062,19.315182832661446,5.529387607794395,0.2583382768075983,-1.8917183659785621,5.84974053772257,-0.28475484838220755,-0.3690684930770033,357.4383391789472,27.390439903188184,1282.7789183483903,1279.8289782247011,1297.8330773584078,1289.2823986771582
2024-05-20 00:03:37.672558,217.67255751917307,12.971762269169936,77.59485577753843,20.11610033041505,5.3758612214069785,0.015134708358007086,1.4491138889755462,5.567768313646523,-0.21208819115085809,-1.5455826454012025,357.4207668088276,27.457885374852715,1287.6602780419512,1308.8141216506594,1326.718676180104,1301.5390194808738
2024-05-20 00:03:37.772591,217.77259086362122,12.971761319234531,77.59486090318141,19.605102250262423,5.51687042849048,0.21029393817229908,-2.4300659125687645,6.032023143574087,-0.8579237955117777,-0.9302246299944438,357.43352996693005,27.56653065647971,1290.8342657652108,1300.622870160417,1304.6813842763709,1302.5627392618887
2024-05-20 00:03:37.872624,217.87262420806937,12.971772141370366,77.59485285144297,19.629925089487653,5.838756079886462,0.37003814273835667,-0.3328443407686308,5.85993055783719,-2.0209396267279884,-0.4157855841910305,357.487190468764,27.38167894229869,1287.5985689430433,1288.5558514805323,1294.5745283213655,1302.0151735828629
2024-05-20 00:03:37.972658,217.97265755251752,12.971776390209078,77.59487446642765,19.53851118508697,5.770414959782484,-0.05769786610695085,0.7427301113147422,5.818304381010708,3.960434635962257,-3.518579749524791,357.46685290407146,27.423090516471596,1301.8854940425836,1289.7583517521944,1304.0529333102243,1289.9549712833477
2024-05-20 00:03:38.072691,218.07269089696567,12.971767533467068,77.59488619361993,19.778520643601972,5.204007921192536,0.23964194818073625,0.351105709998663,5.221341008472458,-0.9761103922004721,-1.9096305690020288,357.35252428718235,27.345473998173397,1297.0362358674397,1309.2673750490094,1301.8413637495644,1304.516214341442
2024-05-20 00:03:38.172724,218.17272424141382,12.971770239208716,77.59490225172603,19.60875574193899,5.358628633124279,0.23692549752239422,-0.014841594061977048,5.363884300768419,-2.567055951214817,2.184764021569151,357.27335259567514,27.24304315458444,1282.3805224130572,1278.4226967472384,1297.2416182238596,1291.7569281214212
2024-05-20 00:03:38.272758,218.27275758586197,12.971767867501349,77.59491414931162,19.77555133502005,5.438663807865469,0.47771137014177595,6.616142387045912,8.577914213479524,1.0100460036225873,3.3008688086852715,357.45480318529695,27.23020633548193,1290.8506956110864,1316.3113948399018,1306.997409369311,1290.2851094250152
2024-05-20 00:03:38.372791,218.37279093031012,12.971771801784472,77.59491423326273,20.932425442581724,5.725037742500442,0.10696956587063043,-2.7311589436665713,6.344030959622361,-4.276836449939284,-3.3324006358642646,357.5860407057854,27.228597746410326,1317.7310469995396,1321.663781195915,1309.3792769203958,1303.123293484273
2024-05-20 00:03:38.472824,218.47282427475827,12.971789325729628,77.59489332679631,19.229137408311164,5.33011437647466,-0.27887420848320027,-3.540627077107004,6.404992598715651,3.8184664858825865,-2.687858394850579,357.7221964491927,27.24894325303382,1288.904649596557,1290.3100923542263,1294.0681896766423,1297.9030415452626
2024-05-20 00:03:38.572858,218.57285761920642,12.971775896057483,77.59488707770747,20.224063906648343,5.731032121282159,-0.019511260385091045,0.6498854128509919,5.7677951519004385,0.821766335926982,2.822465349467883,357.67567076325065,27.159150194722095,1313.7910036757403,1286.4197005136657,1294.6547201794272,1298.6498146233803
2024-05-20 00:03:38.672891,218.67289096365457,12.97177251005108,77.59488155921812,19.359157831022266,6.23374851961458,-0.10358410759529052,-1.2553435570696223,6.359735664272494,1.7843660576383356,-0.3272935928389064,357.6669883090001,26.863414949057653,1290.7000851039402,1304.1532589754884,1286.0546601333604,1305.277024714417
2024-05-20 00:03:38.772924,218.77292430810272,12.971777844539403,77.59488107632201,19.97291147775812,5.487670512508474,-0.029220958489205417,2.9806455001721446,6.24496830384002,-0.4911692761182204,2.3805763014800037,357.67848423688434,27.07085344090516,1290.6336255941817,1292.892433163162,1301.3189227082232,1301.2138000854638
2024-05-20 00:03:38.872958,218.87295765255087,12.971790904599512,77.59488228748162,19.955485707015363,5.146523163709764,-0.3440696843928002,3.16397649217312,6.051101706742619,-0.3902737791030264,-1.5705524228671204,357.631771224691,27.09255570442961,1298.8715096443582,1302.2677866327058,1309.2573395371278,1288.4515474716181
2024-05-20 00:03:38.972991,218.97299099699902,12.971785672610752,77.59488697624909,20.605917778292927,5.5718974204873515,0.0643257631151958,-1.9326652012976666,5.89791263486845,-4.411250108632051,0.4046308199096688,357.6857604745042,27.081112067853983,1298.7658150770878,1305.6866352772493,1284.4527921435117,1301.0487201470025
2024-05-20 00:03:39.073024,219.07302434144717,12.971792879797565,77.59487364225153,19.56882377944664,5.5324085959281675,0.045743396569514316,-3.5109416474210207,6.552583351795307,2.7594230181925203,3.095882605717011,357.75334172659535,26.931345607239344,1326.0611871984017,1294.0412926488389,1287.329708464834,1305.5640364446454
2024-05-20 00:03:39.173058,219.17305768589532,12.971799552868127,77.59487165995537,19.90349530798528,5.852822892528911,-0.3462036007191747,2.053152750963875,6.21215171766208,-1.5858583648268494,0.012245326525691755,357.63087400767324,26.730905411242777,1298.8187006326486,1306.3374669095715,1282.1890494732743,1311.8728485846277
2024-05-20 00:03:39.273091,219.27309103034347,12.971784467947073,77.59487707907596,19.97959125213031,5.335700567562019,0.1855582298580435,3.8737944417461705,6.596242550138164,0.7316033348816329,3.102266580408156,357.7170442599744,26.934890960189406,1305.196686008441,1310.5766150738423,1307.628465040175,1295.5167355807562
2024-05-20 00:03:39.373124,219.37312437479162,12.971779048902881,77.59487794907228,20.678512535410327,5.531730790559056,-0.23416947844765948,3.0211062262472694,6.307294484493775,-1.1916885774976473,-0.9993039472509286,357.77035298746085,27.04934303380219,1290.653593058331,1293.409430464124,1293.6346537145143,1318.4290189818682
2024-05-20 00:03:39.473158,219.47315771923977,12.971795699169489,77.59487113338578,20.584013971619594,5.4656912668030335,0.08807939522445471,1.4078521459289277,5.644784023208217,1.013266140979585,1.6020026095499649,357.815748963701,26.906798714381186,1312.391638966445,1310.6377032994494,1289.7976416658726,1293.7804846559495
2024-05-20 00:03:39.573191,219.57319106368791,12.971804809673671,77.59487706361098,20.960176852701878,6.022342677876505,0.25101656314521786,0.13364986536245738,6.029053236724436,-1.0548755772680019,0.27265453722779714,357.7007747726636,26.740312055920647,1318.0863188524386,1296.0700036196013,1308.6736968745547,1304.6179084532023
2024-05-20 00:03:39.673224,219.67322440813606,12.971811713839061,77.59488845173573,20.6107528576541,5.4442293207868815,0.14826035494332676,-5.847638270696947,7.991025427007669,0.049266484828176894,0.7289952081333063,357.8998023818727,26.830841386122753,1305.4165104281499,1300.6715556433533,1310.9418485194815,1322.3215338166917
2024-05-20 00:03:39.773258,219.77325775258421,12.971808209464763,77.59490659960201,19.790259226020257,5.706846879520793,-0.3572671245620591,-0.03301525976081621,5.718114296860996,-2.3670976176018867,-1.4693139101985555,357.9626045767373,26.832288219308648,1295.1705259870114,1303.4586625950901,1287.0616113243514,1284.4710417742504
2024-05-20 00:03:39.873291,219.87329109703236,12.971805829061264,77.59491831281778,20.6041476039507,5.587347070559193,0.12344682389577216,1.0974579222260274,5.695445574867082,3.3223690335462086,1.5177072557104396,357.9461070450987,26.779911498561447,1302.29890815095,1311.1458944831884,1294.0573433871361,1300.182431347567
2024-05-20 00:03:39.973324,219.97332444148051,12.971788701622696,77.59491396793058,20.009823998723032,5.7163589875489915,-0.057937281231280335,-6.906063455964514,8.965145244829953,1.832099519859991,2.998645931050601,357.922925192245,26.620799238525887,1310.6509364199355,1309.9778465301592,1297.5827570401657,1299.41815206077
2024-05-20 00:03:40.073358,220.07335778592866,12.971796974179437,77.59490895511986,19.222474355008146,5.837700274124465,-0.1920516813483607,-0.4206067535346705,5.855983126678266,2.39487085618506,3.490087436715719,357.9503289143804,26.70927902977996,1302.2336844053477,1294.2445722681086,1296.8475518876642,1286.0587773661189
2024-05-20 00:03:40.173391,220.1733911303768,12.971806247792419,77.59490915679906,19.925674598215927,5.367074654952847,0.33976938873381335,5.254031232121378,7.518362705899779,-1.94897700315128,0.15146639818134533,358.0037625345786,26.59106000047534,1296.1872258018452,1313.777790096873,1297.7158730230053,1322.8695086858445
2024-05-20 00:03:40.273424,220.27342447482496,12.97179709730404,77.59489356855535,20.273630986976414,5.452427392723109,-0.1606808657557718,-0.5009594897172178,5.477749832173343,0.07763987864092824,-1.3455403724443842,358.01058544098714,26.444485810081257,1310.194400847391,1291.3759221962948,1318.575916366079,1300.317915475152
2024-05-20 00:03:40.373458,220.3734578192731,12.971783372750647,77.5948914496656,19.825449291837025,5.212943386563327,0.04556919244906796,0.9148559036621293,5.2928080096750385,2.8960646882461516,0.10846119482787363,358.06495754694697,26.66603866298476,1305.6538525133492,1298.824619825651,1299.473004457835,1311.587225140293
2024-05-20 00:03:40.473491,220.47349116372126,12.971781023602793,77.59489460941909,20.456663178439328,5.794533179178812,0.07559125128240954,-2.9596472328621815,6.507060822280926,1.633494691424542,1.685211974678217,357.9544926564694,26.553762718786857,1295.570608306511,1301.3301500574562,1297.8603459593403,1287.7743453163873
2024-05-20 00:03:40.573525,220.5735245081694,12.971770231910982,77.59489619500204,19.233322469657192,5.234440252071922,0.17652905052668225,0.8500244145549374,5.305946547368347,0.9685925927871243,-2.7494858653264664,357.90690837027705,26.36302120422649,1287.2672135530745,1285.330905144439,1302.5734305425124,1302.29219302023
2024-05-20 00:03:40.673558,220.67355785261756,12.971768716559577,77.59489452021755,20.62672474854035,5.772414478882497,-0.18112482974775773,7.120230196094809,9.167947052930867,1.1169048865987918,-2.428848629184498,357.847684655448,26.415233993073237,1326.9567248524768,1275.8311383596024,1311.6546287075898,1314.0304167502804
2024-05-20 00:03:40.773591,220.7735911970657,12.97178306533315,77.59490016722984,20.65784334916933,5.534108275492124,0.060242075386934824,-4.235574760265877,6.969223562371828,-3.2092699363603354,-0.1352835622893463,357.97493614073113,26.401023829267277,1310.9484816697493,1298.6150327401049,1302.5379291933853,1302.31483223058
2024-05-20 00:03:40.873625,220.87362454151386,12.971787626053231,77.59490186341952,19.77932733068122,5.535310221359352,0.27229939328415453,-4.265062821564527,6.993180040450853,-0.09524215579163565,-1.5560017000358268,357.9192754337116,26.483787113217236,1306.8553416381371,1294.3957515327854,1308.3674921112865,1305.8327170271755
2024-05-20 00:03:40.973658,220.973657885962,12.971784045436383,77.59489116911668,19.804546352524206,5.514280186295626,-0.1015631615380946,6.032990098227913,8.174018018946995,1.2818494593077419,-0.1705413406920886,357.8989095748699,26.422752665500237,1300.781525425858,1304.3419646412015,1281.4297577486452,1280.7155439901421
2024-05-20 00:03:41.073691,221.07369123041016,12.971772625243936,77.59489155228016,20.986327683777837,5.512507939443993,0.2956799406543174,2.443637277861697,6.037096450736374,-0.531247594354706,-3.9856665643687217,357.7250018749429,26.211215692321883,1299.7422080120284,1308.5822292592286,1313.7485850484074,1295.294007029561
2024-05-20 00:03:41.173725,221.1737245748583,12.97176553314755,77.59488068604094,20.293436771569564,5.4656983063029285,0.05339650895525949,-10.627056199863375,11.950357008798772,-0.11019284952913273,0.14442348183547085,357.848478705815,26.394556153445777,1323.7984705275287,1322.314312778159,1290.0181526158208,1291.4244493357858
2024-05-20 00:03:41.273758,221.27375791930646,12.971762491245569,77.59488590786184,18.86020773715628,5.175855032295576,-0.28260004137480604,2.1135587684199066,5.597898602715947,0.7673388614218437,-0.18982630743772197,357.88818987001696,26.237189680170925,1304.3991077837616,1299.6868860375073,1276.8669089059454,1267.7598104014821
2024-05-20 00:03:41.373791,221.3737912637546,12.971758516958806,77.59487779100955,20.716289476155076,5.472420651765351,0.18889211204757708,5.235050168297505,7.575540791551019,1.0320693673055434,-0.5802429256004352,357.816278644905,26.209570467221884,1315.3788284711825,1286.572357138764,1295.9872084834647,1295.5746879627734
2024-05-20 00:03:41.473825,221.47382460820273,12.97175029297134,77.59488857526736,19.907566890534184,5.268124956884748,-0.13006888805206004,-1.1794444790811696,5.400106272678906,1.1390901797293553,-0.7779216621865512,357.9183286140859,26.206775119517648,1282.3610261952465,1298.8411430757665,1294.4465216754227,1290.019295619637
2024-05-20 00:03:41.573858,221.57385795265088,12.97174831329126,77.59488596760332,20.480321924488713,5.668345603820982,0.01859953873033515,2.1338040424211187,6.056699391471426,-1.4070994404824528,-2.19531673499909,358.0328790013078,26.22941459923978,1290.466082977995,1308.4289657050533,1308.1810311796648,1294.478463225789
2024-05-20 00:03:41.673891,221.67389129709903,12.971738987921213,77.59487453877,20.334470000054917,5.457603299799109,0.010490794951133364,-5.117526414273016,7.481618837894567,1.120574596757337,-0.3932899288037409,358.00520728693897,26.097234787418977,1296.7716137481736,1305.488989517091,1302.245216968252,1292.504978619832
2024-05-20 00:03:41.773925,221.77392464154718,12.971733769603423,77.5948826826501,19.456475359445758,5.4944386621798,0.1311852517528563,-1.2436256201864921,5.634950795341326,-0.5723668846748935,-2.2891842418204655,358.0094452844882,26.11600443428159,1307.0898271788976,1289.541024070154,1280.2810107735975,1309.737072137355
2024-05-20 00:03:41.873958,221.87395798599533,12.971731628325637,77.59490177744091,20.085661939997596,5.685435003366362,-0.16129681701038745,2.1154502093609153,6.0683867237484375,0.5107572391782167,0.2878878645399673,357.7663773508837,25.983895692838054,1290.675350255814,1313.9250153344667,1298.0689532886752,1299.69498475151
2024-05-20 00:03:41.973991,221.97399133044348,12.971727826934691,77.59492105901309,19.87970647835758,5.389155357565603,-0.19116486466200866,-0.9269438266792491,5.4716326933812045,-1.4271701122889133,-1.1505539523743051,357.6233723441107,25.950415408830406,1292.9074569832546,1297.6140112196952,1294.992623227587,1305.9387383093092
2024-05-20 00:03:42.074025,222.07402467489163,12.971720405145794,77.59491115181146,19.900211357801016,5.6351682468223965,-0.08574571894196613,0.16782971090459853,5.638318925901105,-4.976430466892845,4.282289199261013,357.6256625008898,25.92378119385972,1299.2910984580924,1298.8439600243016,1304.866286627159,1291.8680163342012
2024-05-20 00:03:42.174058,222.17405801933978,12.971725665756388,77.59491147941942,19.913283612916686,5.684325344142304,0.4209961082485631,-2.736815636182186,6.3228911241354036,-0.7699790496845961,-0.9872401093831674,357.7651763122928,26.096410834650996,1304.296632060293,1283.688543286319,1305.03587117642,1308.8843648990253
2024-05-20 00:03:42.274091,222.27409136378793,12.971718282803465,77.59490844696953,19.352665715350426,5.4921192700184545,-0.003511633159608462,1.0612784704499205,5.593719549594528,-1.2282699010090488,1.9908735321538886,357.74015906342726,25.893701523302276,1306.6654127609556,1309.2460268517066,1279.484473758535,1302.250662897803
2024-05-20 00:03:42.374125,222.37412470823608,12.971713480017064,77.59488856310485,20.125610082496532,5.898166971338886,-0.15542170823961035,7.701991600512841,9.702226762117828,2.277323968962799,2.918413968544439,357.5465809551836,25.875654226306718,1295.0869506800802,1282.613285772621,1301.0372223522586,1287.1029330251386
2024-05-20 00:03:42.474158,222.47415805268423,12.97170724661738,77.59489139049258,20.89357767277214,5.529307386383561,-0.48699468903914345,1.7671929634695118,5.82523604417918,3.750744868180027,-0.04297503403551872,357.56088357861006,25.84907263846626,1282.5063541829163,1296.5879083793416,1324.9064050167399,1304.242600975987
2024-05-20 00:03:42.574191,222.57419139713238,12.971713260893354,77.59487265205495,20.479166527338716,5.334137423317448,-0.07911504792576916,-2.9408943162899277,6.091645148991396,-1.7056264175992462,0.045774895684777606,357.5282591048826,25.906287516015734,1285.9238134677141,1303.9982519006016,1308.6248720912145,1303.948795637798
2024-05-20 00:03:42.674225,222.67422474158053,12.971710772338987,77.59487969609948,20.30520268451807,5.792015143993847,-0.20622001917507912,-2.4739626176256877,6.301623374811603,-0.30542222842420286,0.5742856939692174,357.64603763824573,25.969100961343,1313.9307099279833,1304.2298301267979,1313.5057912417822,1311.7899534122957
2024-05-20 00:03:42.774258,222.77425808602868,12.971716916167217,77.59488539852121,19.984209017977122,5.562029906857351,-0.163357605698313,-0.8371593036144276,5.627050567725802,2.002231697830648,0.5419217548736971,357.7424932371453,25.70551795022213,1295.0713564440023,1319.799197603879,1308.4494493561506,1297.202275508517
2024-05-20 00:03:42.874291,222.87429143047683,12.971702989972036,77.59489162149798,20.137714994565197,5.997791543143558,0.16850126276296534,3.427614557464338,6.910169145910869,4.016018383705559,1.6014708080008762,357.8250171887642,25.879127289563147,1300.2197992187616,1280.7124351991079,1292.396028819261,1293.4919770937497
2024-05-20 00:03:42.974325,222.97432477492498,12.971704850947162,77.59490565421733,20.669960513301767,5.973826541161649,0.09211497793681389,-1.9232083257049197,6.27644955186516,-0.7504145443598278,-0.8888404291023908,357.836264120279,25.592987465829225,1299.7962588276187,1304.4160880422128,1291.1955244765568,1289.2707698967197
2024-05-20 00:03:43.074358,223.07435811937313,12.971704832930998,77.59489685151603,19.752945072783618,5.693059252363479,0.20403026356078363,-3.163485105573514,6.516148403202276,-0.0003172825340886805,-1.24284221434736,357.7330567315363,25.634789055228655,1286.2693691125282,1327.4832606976463,1307.9439409930121,1294.4279965109545
2024-05-20 00:03:43.174391,223.17439146382128,12.971720979035222,77.59490607405355,20.037052522856914,6.170018992129985,-0.12549419815767313,-0.10951779001277373,6.172266788088897,-2.9463003481860093,-0.6889242699373332,357.7327633059144,25.738916924622504,1308.2148143697136,1314.4172450557155,1316.70095278058,1294.0490767803471
2024-05-20 00:03:43.274425,223.27442480826943,12.97171984156864,77.59492551612455,19.731034211160523,6.106573316762252,-0.10606780183836051,-2.7629519165706995,6.703386557916921,-1.8535320870768457,0.4216552015263113,357.7054465840403,25.630589162820286,1310.0474924673508,1293.096020878493,1309.8151062773625,1284.8364483149185
2024-05-20 00:03:43.374458,223.37445815271758,12.97172754116051,77.59492519327641,19.48427788132893,4.938629804011234,0.29594121057310174,4.8950477006760735,6.959823096392438,0.9825025043383228,1.333581841567933,357.74334184414096,25.61948080035107,1299.1162389959593,1294.7775043620654,1309.8985483055262,1305.2703521446288
2024-05-20 00:03:43.474491,223.47449149716573,12.971743883228564,77.59491735114395,20.71037019662423,5.603144283572541,-0.17465062749016197,0.08908679251791796,5.606573388515973,0.652841936397992,2.020183775928668,357.77516897465136,25.68587779688341,1295.0501877899158,1292.5852316332478,1289.5847877078647,1308.4133233581883
2024-05-20 00:03:43.574525,223.57452484161388,12.971743478781267,77.59493312466371,19.50210118093238,5.749548710457449,-0.03771559699017704,-0.76412417962689,5.800225737164865,-0.12622331444241075,-0.7661088596114717,357.7790289009667,25.41843747261636,1321.5898090088497,1301.4494031618015,1309.2639346804272,1285.296590367313
2024-05-20 00:03:43.674558,223.67455818606203,12.97175384767409,77.59494059126595,20.557494402100676,6.063179703021549,-0.11948366125560922,4.582834196742908,7.601236329129343,0.6316163931011519,-3.3829328453192495,357.69268047102184,25.499102215647532,1289.8337402632915,1296.3937335301976,1300.5004841730422,1318.1613707937968
2024-05-20 00:03:43.774592,223.77459153051018,12.971758559639218,77.59493907998281,20.418973644435468,5.46208017077095,-0.1218569795221634,-4.616469474619123,7.1526889576912005,-0.12643576025861836,1.620647286746478,357.69395141649716,25.4146734037379,1297.9525255689018,1300.3177242665981,1311.7683863162674,1309.9873683440264
2024-05-20 00:03:43.874625,223.87462487495833,12.971751503256916,77.59494348026128,19.633892639922788,5.914774475131187,0.12217253329251243,-2.488327290275919,6.4180414398075065,-1.713753165545801,-0.18578539273572464,357.7165132316128,25.437966531477443,1298.0733677662945,1292.0724643808487,1283.9376221414764,1292.7866747303567
2024-05-20 00:03:43.974658,223.97465821940648,12.971756484961361,77.59493190926872,19.921142242579663,5.634669486480372,-0.019599278741595994,7.096747249275069,9.061661319741178,-1.1818406030348003,-1.8005048612130263,357.62208673585315,25.483135379617067,1307.7614782159467,1285.6044587644458,1286.5144942940583,1308.975019694026
2024-05-20 00:03:44.074692,224.07469156385463,12.971753787640756,77.59493358344011,21.053715364019173,5.47612005666375,0.2790814123155988,0.6274393176639563,5.519008734097607,0.15277857962297842,0.5569868038003851,357.48628690484645,25.19790461982219,1300.2567987586797,1308.4503421521197,1300.4444781093373,1290.178280021468
2024-05-20 00:03:44.174725,224.17472490830278,12.971753123031752,77.59492711696919,20.046671949348045,5.581648731598817,-0.12660421556138177,-5.339088466527443,7.725069374689327,-0.6183808051797102,-2.201180959343655,357.4863128229593,25.18355637348371,1307.991057074129,1313.944264602989,1301.797931960949,1311.0604190581505
2024-05-20 00:03:44.274758,224.27475825275093,12.971774931635487,77.59492967267512,19.985541612796606,5.924439085668494,-0.10472458815346947,0.33525861300935844,5.934841535943265,-2.4629873084113645,0.8243385862454412,357.54419238512946,25.26965573335928,1296.1920192108391,1300.5552488460219,1293.6638010248207,1294.8901286529854
2024-05-20 00:03:44.374792,224.37479159719908,12.971784453008667,77.59492595044294,20.11374602997679,5.598893152560122,-0.05432087370982589,-0.6800857911533171,5.640307790753432,1.490336680922914,0.4447132555140388,357.6086978459606,25.281736623708976,1291.785203292434,1302.1938276295566,1297.9583507627601,1289.4416900742629
2024-05-20 00:03:44.474825,224.47482494164723,12.971774309721187,77.59492446856495,19.84947910039514,5.537256307858979,-0.295735934837966,-2.05085873321147,5.912249039550711,2.2278263884708407,-0.560255013642214,357.62647884263055,25.156746231218406,1291.7033406723006,1300.9092060678586,1287.0074428758774,1307.9425985591217
2024-05-20 00:03:44.574858,224.57485828609538,12.971771341337641,77.59492412971126,19.703437513829115,5.245660860185647,0.28588040481725363,0.17810253849886237,5.256463257758189,0.34811300495751696,-0.9261073516261056,357.5534967077315,25.447366818218853,1292.551814833555,1281.9077693051734,1283.269704553337,1290.4433202786297
2024-05-20 00:03:44.674892,224.67489163054353,12.971756935378513,77.5949252675721,19.885111485556635,5.390943671213395,0.423272206422129,2.8861693926975676,6.129551924102565,3.6049079115898475,0.33653611423949964,357.644685708197,25.145087730994078,1314.6317439210918,1308.5462128050638,1286.9531704002202,1302.8137515373217
2024-05-20 00:03:44.774925,224.77492497499168,12.97175543023051,77.59493332014222,20.28086386781996,4.970784794468638,-0.06236793346881669,0.258627045729682,4.977899072985374,1.5514854801776632,1.939463358643341,357.6282844114562,25.040495937221724,1299.763621434829,1300.8135050855471,1309.7226667259213,1303.3427351503474
2024-05-20 00:03:44.874958,224.87495831943983,12.97174830475518,77.5949545423547,19.936854142254802,5.557187396306359,0.20173263938560573,4.3240530500671355,7.044179341502787,0.5413329311470936,-2.6963344243395673,357.635381281353,25.017206369104628,1295.5877043275,1295.4640515526917,1304.6181859179587,1298.5069734479764
2024-05-20 00:03:44.974992,224.97499166388798,12.971753852847604,77.59495954307177,21.145962844158838,5.9294230846902956,-0.14347363285381162,2.9168760805972767,6.609599751130395,1.3341318422906743,-0.6032927717181202,357.5563784794649,25.111586040159512,1316.1029810229732,1321.8146905249778,1297.2510945716833,1305.7613154910873
2024-05-20 00:03:45.075025,225.07502500833613,12.97176487286359,77.59495193203996,20.520423881620715,5.35649768555146,0.040635961912999535,-3.990058589098112,6.679392658105552,1.5914987330809809,2.4817343126258544,357.6348353449748,24.989621637309888,1293.8944216295424,1313.752565826711,1301.6995277065946,1311.1991222115666
2024-05-20 00:03:45.175058,225.17505835278428,12.971765938078658,77.5949472290753,20.347685033735736,6.2536939705083165,-0.13799936060504597,-0.5332897810260278,6.277908098311592,2.8817386954218915,3.0513452242654084,357.580222463976,25.03097335520153,1305.7046434076635,1295.616209844955,1303.06212590417,1303.97118520158
2024-05-20 00:03:45.275092,225.27509169723243,12.971777233425827,77.5949333193793,20.413730360908605,5.929015331526854,-0.014563270247920127,-4.2641099822510995,7.303154717726736,0.3722409923579576,-3.5813175689188665,357.6260312190918,25.020076063038967,1305.0614276212514,1309.8084380073215,1304.8590577666218,1317.4501560889712
2024-05-20 00:03:45.375125,225.37512504168058,12.971769294350793,77.59493002435228,19.494578668497102,5.396208456773885,0.026687813578428234,0.8199282598010598,5.45821035684518,0.3429519593018814,-0.09609553460026823,357.5551890910032,25.005248167616593,1288.4230929789978,1307.3594749431338,1287.035236262146,1303.1241032974
2024-05-20 00:03:45.475158,225.47515838612873,12.97178502357076,77.59493143988662,20.57777069297951,5.848940013002942,0.228808446067813,-0.4961428273860662,5.8744029727169265,1.699859976162065,0.49056876303354824,357.402116139581,24.697412629244248,1298.684300182226,1321.7278716951269,1302.0894276597764,1308.5824132349824
2024-05-20 00:03:45.575192,225.57519173057688,12.971795484432182,77.59492139715061,19.395317015802323,5.437932453062115,-0.23487204316000418,-2.334591396922363,5.922549386143455,0.17739204912014286,-1.1157567488882787,357.41169401822384,24.69240214774874,1280.9652370183296,1288.0821699160242,1285.5035442439025,1299.702805659086
2024-05-20 00:03:45.675225,225.67522507502503,12.971772930745827,77.5949206575523,20.110696722271467,5.6834068461714455,-0.018318799934653383,0.8706291828140138,5.749734266164559,3.1612477858553376,2.5748869043669544,357.46968447354095,24.864843700520368,1302.6266450886571,1299.8367253426504,1312.9920553378468,1293.28447350507
2024-05-20 00:03:45.775258,225.77525841947318,12.971778686306868,77.5949324910825,19.569500913664413,5.155737311961115,-0.466589325202986,0.1653910860171237,5.1794485265977235,-3.541724210927832,-3.002814694314402,357.2710051846822,24.606972621120068,1297.922820624553,1296.2614194620824,1299.5799308442326,1288.557741885955
2024-05-20 00:03:45.875292,225.87529176392133,12.971783382407072,77.5949382924362,20.143785969223874,5.346597600532118,-0.16931615437269246,4.146051644715399,6.7679035234550025,-0.8219037113621972,0.37835656810531637,357.3038600943904,24.80541423831933,1311.0469217165703,1301.3164415343072,1316.4444030349534,1294.455584785153
2024-05-20 00:03:45.975325,225.97532510836947,12.971787395652756,77.59495828354383,20.39898773821568,5.527498347742586,0.005095208990087409,0.23743953689908892,5.532598076775009,-0.7282356670878596,-1.2258705141245825,357.3662010622262,24.858321307048048,1299.341127057886,1315.5808192368575,1309.9616402768831,1302.8223463237075
2024-05-20 00:03:46.075358,226.07535845281762,12.971813860122571,77.59494679256348,20.191289711184346,5.866336207301617,-0.1206597675239687,-3.5650148463084292,6.865696623868286,-0.017825549113783527,-0.28985420438475407,357.4758076769542,24.564317455719653,1293.7639836237804,1300.8982241431797,1286.5792069004506,1323.3705381771867
2024-05-20 00:03:46.175392,226.17539179726577,12.971801755149132,77.59493914044545,19.685747022048602,5.537233340672336,-0.030168394159494488,1.1050233887198146,5.646498020072026,-2.459027457291648,1.7763707492182967,357.6694619542701,24.5283294310257,1303.8254459860905,1307.6316035467162,1300.9038094629166,1300.638998542863
2024-05-20 00:03:46.275425,226.27542514171392,12.971797254662214,77.59492474882943,20.412368081718487,5.444623372338293,-0.010472404705099188,0.8530966597586342,5.511062261376118,-1.0485046178069026,1.4930957699305571,357.59967544883153,24.634094064460687,1300.1069263544982,1309.7903257692526,1297.440708652654,1310.2086878324678
2024-05-20 00:03:46.375458,226.37545848616207,12.971784096460418,77.59491787654466,19.856423246075007,5.379306133341435,0.49051434431268837,1.3033837341648393,5.556648986274621,-0.9800786870526849,1.775567024348468,357.560907432617,24.817731985572497,1303.802600638462,1302.6316372623903,1296.0146461209458,1296.495384120497
2024-05-20 00:03:46.475492,226.47549183061022,12.971784199552566,77.59492090523598,20.673131749774143,6.150164157758433,-0.11185361862947583,4.898376904900175,7.863277096849406,2.1028285518785292,1.7967543009785065,357.42997082416315,24.549973312988076,1312.4645918588392,1284.4735191976902,1307.313723128961,1305.2241765820445
2024-05-20 00:03:46.575525,226.57552517505837,12.971785431646659,77.59495080620081,20.83642529440449,5.852578617644367,0.39186728833787604,-7.151151711816269,9.249065209673358,-1.0249647107025357,0.0785082724452151,357.379678658469,24.51963519205168,1295.12752650175,1309.0919658677433,1306.0968383452116,1301.7016646178656
2024-05-20 00:03:46.675559,226.67555851950652,12.971791987792676,77.59494874095131,19.242424504995956,5.728177267401959,0.011294343349326195,-4.453173060224216,7.255542203948577,3.8007198027248656,1.084933883210026,357.3549499668091,24.571013595978656,1306.2157997318611,1297.0653755184455,1292.0811048045018,1279.5739533176895
2024-05-20 00:03:46.775592,226.77559186395467,12.971771392588261,77.5949548831674,19.945493705163226,5.792758834898846,0.08218380769277535,7.6122031533784025,9.566004701329057,2.5737456670902903,-2.388951479023694,357.341143460202,24.480476646444302,1325.2928298290724,1304.059979511927,1299.5605201886544,1281.5130528877892
2024-05-20 00:03:46.875625,226.87562520840282,12.971782835673176,77.59496536434841,20.765372785098343,5.797313432552145,-0.031724326197923015,-0.5887510410225616,5.82721865527864,0.43432514130419037,0.13314905016955844,357.31937010797503,24.318046292028548,1308.4853914114954,1292.0139295812687,1302.7181269510536,1313.503230586468
2024-05-20 00:03:46.975659,226.97565855285097,12.971809209635442,77.59496723585413,19.827704233801594,5.8562510453318755,-0.08117826667230921,-2.4392259126564397,6.34445342562346,2.5240466383758546,0.0228950692146733,357.37884598632127,24.2975918252096,1311.0279748689986,1297.8795623548658,1287.0708332477263,1288.9298275115277
2024-05-20 00:03:47.075692,227.07569189729912,12.971829486358633,77.59496189437822,20.277364933283117,5.864642691729287,0.0715962572264437,6.051739610702981,8.427497388991231,-2.5605267601566344,-0.4720162494326414,357.33096353934104,24.32085773811888,1316.6847268411195,1304.05617570692,1314.9826481818518,1305.8377379216197
2024-05-20 00:03:47.175725,227.17572524174727,12.971837079103665,77.59497936586361,21.038455739777522,5.580639545314618,-0.1501852904466412,0.5815820728808774,5.612871908719484,-5.532307499983187,0.3701275543972771,357.1478846428779,24.16598985843739,1310.18803789224,1303.8020889604682,1321.697993498917,1305.118666863559
2024-05-20 00:03:47.275759,227.27575858619542,12.971850932021715,77.59497274852707,20.39372013292584,5.089383796169485,-0.09135338539823501,-9.12355542870317,10.447460769314011,0.7496766430437357,-3.11939146876759,357.0436106765259,24.288286814091613,1326.030658435779,1296.3979154537112,1303.7051399949837,1317.2348773102701
2024-05-20 00:03:47.375792,227.37579193064357,12.97184663175845,77.59497162732701,19.213136214195018,5.743425261784897,0.11470167926499826,-7.296349736540378,9.28637764097756,2.3079922017667736,-1.4981963428840184,357.112354362938,24.192500277843855,1286.4159960881138,1266.4822420331684,1310.000142665476,1296.8932730233435
2024-05-20 00:03:47.475825,227.47582527509172,12.97185916820887,77.5949884161976,18.933963600106818,5.686615551968355,-0.10562684543020975,3.036354268815927,6.447340592222548,-4.126883880370028,4.6137280959495826,357.1945820731703,24.12404841078998,1282.6875423919284,1301.3939444710504,1285.3355074281644,1299.3813714472985
2024-05-20 00:03:47.575859,227.57585861953987,12.971877731425892,77.59499712883355,19.820609559073166,5.592108587309308,-0.11134074294801932,1.6180539982006223,5.822557338008081,-1.413191714238105,-0.28278304717261254,357.0829057749728,24.126378115172585,1295.1606101639331,1297.0487494127985,1304.878343538377,1290.9293793156141
2024-05-20 00:03:47.675892,227.67589196398802,12.97188851355347,77.59499903065304,19.257682305982236,5.919372875366375,-0.05399472980012591,1.2305822438025302,6.046174271986497,-2.4336586177945883,0.6820138227609281,357.09409328430814,24.10718528852631,1307.1903573951074,1298.9162456800352,1307.2420110490702,1302.345474177156
2024-05-20 00:03:47.775925,227.77592530843617,12.971881314532794,77.5950211088078,20.066808074005316,5.520049050393072,0.08062362982751792,2.037127982258781,5.88449930788795,-1.3139230750948736,-0.8959877669922861,356.9074810775799,24.160676353065888,1309.0435374997871,1299.3881026288088,1301.2655713694626,1281.6878226915762
2024-05-20 00:03:47.875959,227.87595865288432,12.971876437833727,77.59503513132613,19.66524375625075,5.657326917145771,0.035943524271999906,0.7014191072354237,5.700756839963805,2.9564567001275432,-2.4523837604681384,356.9249043128041,24.163469427238446,1292.1271862534297,1297.5963146466142,1308.45828271713,1302.9836808835255
2024-05-20 00:03:47.975992,227.97599199733247,12.971878930018008,77.59502242193808,20.207138672318507,5.562409544593399,0.24379563834652315,0.29050168685911615,5.575323083474942,0.25698562996171553,1.6659455683600424,356.9241047424912,23.862877494941294,1298.1647314288919,1301.1759270164314,1317.7155732046003,1312.6754963465291
2024-05-20 00:03:48.076025,228.0760253417806,12.971886717916748,77.59503185077853,19.723363466859727,6.223197864275265,-0.12653238049796495,1.5178323381962002,6.406872646471822,-1.1715728054323913,-1.558734333544599,357.0232238906071,24.178309394659312,1311.5365502921063,1298.8182130732635,1306.8637414784762,1319.9933570270443
2024-05-20 00:03:48.176059,228.17605868622874,12.971890087833243,77.59503152715544,20.510806362521468,5.359176564782093,-0.13691413142903944,4.596987218989128,7.061997622729985,3.0993427707125916,-0.4938695535707101,357.1511872445186,23.908519955839473,1306.2614563310647,1318.1502656982223,1297.29090657266,1317.001187359484
2024-05-20 00:03:48.276092,228.2760920306769,12.971907664030011,77.59503515744808,20.64306747866149,5.909861814825051,-0.3736279834635204,-4.8308713606082705,7.642210586152379,2.5119035938428658,1.1022845918936166,357.0454919395806,23.778600131731316,1298.550764779449,1293.6392170436634,1302.9741924263647,1293.5645244014052
2024-05-20 00:03:48.376125,228.37612537512504,12.97190210909985,77.59502722596281,19.544309924920608,5.713834794948682,-0.3039003664898227,-6.217031274173607,8.449363370146392,0.4418279901497385,-0.9843528551426561,357.00364252097467,23.912046383659895,1299.4233668333413,1307.7021169918974,1297.255443136838,1278.6296974022994
2024-05-20 00:03:48.476159,228.4761587195732,12.971897722050548,77.59503230028422,19.399246616872833,5.651489154438442,0.03616044199729219,2.434999156791392,6.153849050299785,0.6595626230423395,0.2681635948080959,357.029949950863,24.091369318097474,1278.4444250767733,1300.4896437988618,1294.239466584182,1306.2616690900165
2024-05-20 00:03:48.576192,228.57619206402134,12.971896946802632,77.59505001854012,20.031472143685143,5.608921307461395,-0.15069577700670866,6.796478171823324,8.81333211620741,0.3287888606069171,-2.192944482200434,357.0200163687564,23.993047168135796,1291.467710130319,1305.3631966989897,1295.7030804309068,1298.1511713294594
2024-05-20 00:03:48.676225,228.6762254084695,12.971910663349659,77.59505396866955,20.758995500865502,5.209516861462666,0.028203399848841616,-0.6275144377682409,5.247250301942385,0.5333735896155853,1.8629473208556693,357.0172989855204,23.8740122222024,1309.7650280657338,1315.6591383270145,1311.3070002102754,1306.052800683378
2024-05-20 00:03:48.776259,228.77625875291764,12.971923518957444,77.59505782687054,19.905927407886228,5.434269451230833,-0.06364741929091526,-3.949384930262923,6.718108125800813,4.881415284370353,2.4614645807762354,356.9515753404365,23.603583475947623,1305.964078053068,1302.143297980614,1293.2577684117778,1300.8189606621993
2024-05-20 00:03:48.876292,228.8762920973658,12.971931382761973,77.59503780376583,19.968855134690855,5.7223329016593,0.08238908019808869,1.4170714443299346,5.8957589228430765,0.7448163600510477,-0.6123254914926404,357.06785806285257,23.723454011554775,1301.758102836723,1284.3265161877205,1284.088587254493,1317.1412511938104
2024-05-20 00:03:48.976325,228.97632544181394,12.971939564696426,77.5950317780138,20.189436199682817,5.369441510551326,-0.1721816949713137,-4.170693599837179,6.80112003827588,-0.2845249397396978,-0.2603292006549231,357.22351074482117,23.660737307624743,1299.9844775881727,1317.5800442056723,1306.323976722642,1291.0132949315678
2024-05-20 00:03:49.076359,229.0763587862621,12.971950051559851,77.59502867035827,19.134438275770442,5.733999047283751,0.08580096033296096,-0.585868861793827,5.7644903679566175,1.3712487286161263,2.50623888327022,357.20727434181265,23.581606993053683,1304.8442044664828,1303.396207225907,1282.4610053012484,1300.7329371415153
2024-05-20 00:03:49.176392,229.17639213071024,12.971955938657288,77.59502474685975,20.07222335637628,5.6138709734796395,-0.3987871050304005,6.7592644800698025,8.795580411408281,1.1802190036685811,-1.6749653556921567,357.14086637485764,23.641876504052224,1298.7324707896273,1315.894652487322,1285.0938340796793,1300.8262859003687
2024-05-20 00:03:49.276425,229.2764254751584,12.971948651582146,77.59502139724682,20.486741939672378,5.654386554637297,-0.0027485521431369203,-0.9027782576156227,5.726002396631128,0.5001757447555651,1.1241148031344614,357.06890955244194,23.624701940157188,1301.103269794995,1297.8665124850972,1287.9703905604936,1288.692623939233
2024-05-20 00:03:49.376459,229.37645881960654,12.97196145113598,77.59501268508966,19.891607499567552,5.456003970570937,0.11182038397729664,0.7753301853200014,5.511952469082712,1.2242894034432361,-1.5844741765113721,357.09680820825264,23.615898445659678,1310.969687547399,1302.1909643171764,1287.6975614115904,1308.7866882995697
2024-05-20 00:03:49.476492,229.4764921640547,12.971956758187991,77.59500146440344,20.641859682650704,6.09301920013162,-0.1912448517686547,1.2971800894416958,6.2325062174814185,-0.638425766134685,0.022153046668453625,357.1595125761353,23.552806751378935,1298.1146649598788,1294.4751318323592,1280.0613433283258,1300.7111669575656
2024-05-20 00:03:49.576526,229.57652550850284,12.971945010524868,77.59499345873051,20.15113002496436,6.087106253155,0.03198634084780958,-6.926345496277904,9.221070848714305,0.6689385152402358,0.5275836276304491,357.114920430278,23.483976908296054,1293.8765652245977,1316.6417710189387,1298.526240040058,1321.3469935010298
2024-05-20 00:03:49.676559,229.676558852951,12.971938588057856,77.59498834696488,19.256128673058587,5.440056285574037,-0.1850698307931823,-3.0181541154498035,6.223963166431015,0.42642536455541175,5.007400731889343,357.08865273552027,23.524119789502475,1281.8701139257603,1308.1180389749181,1276.5352796979564,1287.9362400257428
2024-05-20 00:03:49.776592,229.77659219739914,12.971944683001745,77.59496746079327,19.547297924507575,5.46476703031959,0.03942694591469717,0.5072116612125512,5.4883965644805714,4.989726583828301,1.8464481807611195,356.99933546772263,23.35302882686548,1298.7178095609324,1302.344249596368,1296.5886476536693,1292.425089335604
2024-05-20 00:03:49.876626,229.8766255418473,12.971935212855836,77.59497018589902,19.357604830686974,5.535627108413922,0.38569974060608325,-0.21764528298585617,5.5533144375693935,1.2049964838797096,2.1180930772386497,357.0828700948722,23.437439097233145,1320.1898177802082,1302.9106339641082,1287.9610074018472,1298.1016531832527
2024-05-20 00:03:49.976659,229.97665888629544,12.97194892472717,77.59497381364643,19.503754353386697,5.985503103321049,0.3763210047172338,5.230992858859153,7.958087156339314,2.5332326536655922,-2.3773430042612627,357.08694066666715,23.27930165786211,1319.6396039880103,1310.035095541628,1313.9693927475862,1309.8135929993846
2024-05-20 00:03:50.076692,230.0766922307436,12.971950160448369,77.59496721580746,20.40415225159911,5.673969423957365,0.23340219591112024,5.307708392510733,7.773041488953219,0.3010926538345762,-3.143729168440344,357.0740817994449,23.491127935547738,1296.9844241943158,1296.9096512261253,1296.346837451612,1304.144138180965
2024-05-20 00:03:50.176726,230.17672557519174,12.971944882464863,77.59494520585977,20.56564999710342,5.6349713566876956,-0.11438352493568485,-1.8016233181085113,5.917079715689134,1.9071376955610133,-7.0344728815195126,357.0393747797584,23.397374085841488,1277.6151946870748,1305.966465391127,1303.7689027845115,1297.436532741226
2024-05-20 00:03:50.276759,230.2767589196399,12.971953362564152,77.59494313955793,20.04370743970678,5.8323433230379464,-0.08536763715066682,2.3968518593887467,6.306220350345625,-0.3956712172603422,0.23887629252596146,357.0772285985098,23.20793128995075,1307.9176144736089,1311.4057062678448,1306.7144671953201,1292.9866452196004
2024-05-20 00:03:50.376792,230.37679226408804,12.971939721399984,77.59495466310945,21.045180212386267,5.798492756257918,-0.24116642561206483,-1.344572126817198,5.957227013756634,0.9351834218677416,2.327586492629504,357.2593250273762,23.270521594202204,1309.4140003031507,1316.2189332780601,1287.149576725377,1327.0672188540855
2024-05-20 00:03:50.476826,230.4768256085362,12.971927346595473,77.59495782341088,19.774703346312204,5.412496083895732,0.15022717861412982,-1.600300960678723,5.6461177129183415,-2.6641783475174803,-0.8294420296502932,357.21071244374747,23.19611561039501,1313.942725959608,1295.5545616219574,1305.5484515955588,1290.749857541989
2024-05-20 00:03:50.576859,230.57685895298434,12.971928306207081,77.59496615785272,20.725013297945708,5.664765922911721,0.18988763821215512,-2.092168554816496,6.04175467379226,0.8333675966110564,2.537998629646946,357.16750163815476,23.230028909457253,1311.8183834755225,1302.6671250857257,1301.4782130364647,1313.943682429475
2024-05-20 00:03:50.676892,230.6768922974325,12.971921204421678,77.59496883909145,19.356130110937112,5.793262472161999,-0.1580840634461361,-3.6753242807080966,6.862571617902336,0.6085434047458712,2.4562816800643876,357.240873998601,23.029429268905986,1289.5804462825074,1298.04162207836,1298.8407322343369,1296.8191866776838
2024-05-20 00:03:50.776926,230.77692564188064,12.971913309840174,77.59496376810894,19.989703338484265,5.196913436442811,0.17569140939470215,1.3801360490981551,5.379921212363169,0.9127721458070712,-0.25969728565716726,357.25938420462995,23.113210319188067,1306.5140396607405,1286.2216625695878,1307.3787251815306,1306.277968665467
2024-05-20 00:03:50.876959,230.8769589863288,12.971909334225131,77.59494640728118,19.632249360506602,5.690289648439483,0.10222985443304547,-2.8303856560074934,6.356172605271816,2.3148765848095287,1.28987868045859,357.26660006206885,23.049756168181993,1281.877653795589,1303.8463648501868,1301.7682159904755,1304.3184699227545
2024-05-20 00:03:50.976992,230.97699233077694,12.97189607508769,77.59495002766747,19.423437451987265,4.996586970322848,-0.3310178525449947,0.23024060695435367,5.0128300298129265,1.8720230330598322,-0.5992681052940532,357.37444763464885,23.10069894308805,1300.0523243667865,1292.4656354514502,1299.970494810989,1281.964189935349
2024-05-20 00:03:51.077026,231.0770256752251,12.971883857683855,77.59495824640688,19.678312836389434,5.38267145335227,0.26700260386834873,3.5377028906987675,6.446687840128784,0.050683560332017215,0.4726019543387911,357.52181981821616,23.063255762486953,1299.834657726088,1309.4529139762958,1315.7246004985302,1298.4021211879274
2024-05-20 00:03:51.177059,231.17705901967324,12.971875850737757,77.5949700050343,20.131213955628233,5.667799486814801,-0.10176522316068573,2.018929541938661,6.017506433623127,-0.570532218701379,0.8288774295412088,357.55272770091625,22.91976869512955,1311.7751579331418,1304.4649470652937,1304.624691533133,1307.028491428173
2024-05-20 00:03:51.277092,231.2770923641214,12.971871722850292,77.59497175424343,20.082233384960023,5.338594614742103,-0.11428254931679108,0.19118578523720942,5.343239182940297,-1.4125057104241714,-0.21450809763198805,357.5061722443753,22.801508216910193,1294.3421707046386,1321.0288903732412,1303.9619078530527,1291.2404481112458
2024-05-20 00:03:51.377126,231.37712570856954,12.971877149269254,77.59498513293504,20.169463862644683,5.919640662993435,-0.045376693661869534,-2.4502679083835943,6.406872672852766,-2.8975986846536133,-3.684343353260818,357.53657674247825,22.630190927046566,1292.743177803799,1287.485708528739,1304.9286882058204,1312.9514702466613
2024-05-20 00:03:51.477159,231.4771590530177,12.971892281180125,77.59498101594842,19.592016397620856,6.347111043823266,0.02846900820003659,-5.258587250247913,8.242534134325503,0.6883406120586134,3.5359351291139203,357.5694917932139,22.91951274566574,1296.2812271510265,1313.2162052870262,1295.9591192291527,1296.7005749278894
2024-05-20 00:03:51.577192,231.57719239746584,12.971875222434084,77.59500550499877,19.117395723215285,5.837726689833447,-0.4545046968883192,5.120675217525871,7.778620835859719,-2.98877033875361,-3.4162057909640957,357.69456480255053,22.78560006936425,1298.5947948011913,1294.196193433849,1269.3811178834612,1297.3760467851873
2024-05-20 00:03:51.677226,231.677225741914,12.971868010048368,77.59501885315892,20.616492933304595,6.012418966585545,0.2281989817554723,-1.7012348685966998,6.252635978782154,-3.3542890976291817,1.846893663905086,357.87905731423314,22.867717789202615,1290.1164056088141,1296.8079850218971,1303.1918560510499,1303.796526309964
2024-05-20 00:03:51.777259,231.77725908636214,12.971875065777406,77.59502049333295,18.777035296020212,5.7576730616346055,0.12868822380928907,0.24360421189240355,5.764260816069283,-2.067945950451931,0.6334492990454575,357.9078754027102,22.756768279410704,1287.7296911712097,1313.7315606833815,1304.1682606751563,1304.4370991715
2024-05-20 00:03:51.877292,231.8772924308103,12.971874458120121,77.59501129153901,20.665230021379102,5.470005924750615,-0.5653611245624859,12.002665833151042,13.202446179411783,0.3267475630277342,1.91529733494865,357.87624007081416,22.727279292519057,1318.2529546984356,1304.3514509989072,1317.8766727578425,1307.8250634710919
2024-05-20 00:03:51.977326,231.97732577525844,12.971876160876048,77.59500636323465,21.178368907187487,5.442566361508408,-0.14617265419055012,-2.629467070253213,6.046237848265812,-1.6272516078281805,-1.9165046255453475,357.8616462647366,22.499879137305825,1298.7084892879466,1319.5175971068404,1296.7598674280098,1308.8585453915443
2024-05-20 00:03:52.077359,232.07735911970659,12.97186303261305,77.5950019037081,20.139161251071688,5.819869651989513,-0.22329239790249802,-3.036303675180605,6.568095787138372,1.0389478675238761,3.6996557872603315,357.7831078617999,22.616114045214502,1303.9099261392855,1294.3259003293285,1322.1904517560633,1304.5289000027763
2024-05-20 00:03:52.177392,232.17739246415474,12.971850226040592,77.59499427919397,20.570905684410437,5.7627398324617225,-0.05683012277049202,-1.4836163262588116,5.950925763529299,-1.3089536374240642,0.6647229060219753,357.6885359498269,22.854359182776623,1304.9011557249255,1312.0438105301794,1306.3892924761074,1300.4724600444158
2024-05-20 00:03:52.277426,232.27742580860289,12.971844294964963,77.59498250840421,19.842339045084596,5.33028367076292,0.13910291024528262,-1.0151961154094664,5.427881426779974,-0.9666583151310822,1.5368815096770359,357.6622396495751,22.56177324463552,1289.9502388476,1304.183004165205,1279.843664471548,1310.0963552855173
2024-05-20 00:03:52.377459,232.37745915305103,12.971844041369813,77.59499266680314,20.36779875902008,6.225823083258277,-0.371165783591797,3.0388597661601153,6.937817076093,2.543409219205529,-1.8365906728120633,357.7701614364637,22.503859889806822,1301.4508408995978,1300.7413861508562,1311.4748482718512,1321.7478017353149
2024-05-20 00:03:52.477492,232.47749249749918,12.971836434081766,77.59499219473018,20.450313656520432,5.921216494491292,0.21257883754875573,5.79642483935568,8.288819907267188,-0.7292804318276763,-3.893987519805039,357.61181511039496,22.51109047067743,1291.3459418209657,1305.600807701154,1283.7090248426819,1303.8367823545111
2024-05-20 00:03:52.577526,232.57752584194733,12.971856409971231,77.59500798608836,21.527470284066236,5.6683158859425635,-0.06715638500049369,2.8640946573014077,6.351169433171944,4.47018571797818,-1.7568127343639286,357.77235991661576,22.545287092233337,1320.5649339552212,1316.511068277295,1310.5862652949888,1308.512766217187
2024-05-20 00:03:52.677559,232.67755918639548,12.971850693857434,77.59500998799214,21.023323591292307,6.016299106945624,-0.053893779299050495,-8.565948928881383,10.467771517180052,0.9317615031696949,3.4400022482350403,357.7819775325806,22.354745532609908,1312.7869940304058,1291.3899715940272,1308.113649322968,1308.575840587271
2024-05-20 00:03:52.777593,232.77759253084363,12.971869173901258,77.5950068096629,19.813709244610134,5.96943844864197,-0.27549274972715887,-2.9516601401765428,6.665012320347524,-3.364199607552404,-0.11346807422043705,357.7563298620139,22.471510986305915,1288.8362591526225,1311.7387633284413,1296.420719957564,1319.4388231520281
2024-05-20 00:03:52.877626,232.87762587529178,12.971874408879257,77.59498852191041,20.4327947203,5.905685969240523,0.1415876339053697,-0.0224741314545156,5.907425743244169,3.2699688247692076,-2.5129524461944097,357.89406127512717,22.461122573957706,1293.4147908360285,1286.974536506179,1316.0053755440033,1297.7169375350634
2024-05-20 00:03:52.977659,232.97765921973993,12.971882894896122,77.59497433582874,19.80921291954421,5.879774612238564,0.006243283922700089,-1.9892302373003616,6.2071592058130225,2.084057911318232,0.9215172488272994,357.9433427919441,22.243579212443336,1289.9610160901507,1301.498675821585,1300.4874637857922,1295.8187653533025
2024-05-20 00:03:53.077693,233.07769256418808,12.971850129967477,77.59495683750832,20.034816013270916,5.550151046988863,0.04244855883222198,1.6615782094863363,5.793688002540207,0.462556871413142,-1.5712018356097315,358.04905544153735,22.367036039792286,1304.7815777033754,1309.808908559567,1310.8855359309669,1293.6520167232106
2024-05-20 00:03:53.177726,233.17772590863623,12.971851558304742,77.59496158017757,20.141639370258382,5.164658606402388,0.13537968297200484,0.4041958184572394,5.182219644023801,0.6010050290565101,-1.298667251996815,358.0602427116675,22.366640617629187,1295.4699190121623,1289.5215758423954,1297.7897676004118,1304.5722213981048
2024-05-20 00:03:53.277759,233.27775925308438,12.971839484996456,77.59495890073441,20.115682132335387,5.5405171732630585,-0.004639376770475128,1.9544971959063133,5.875152028658095,1.495934717111699,-1.0491912284016198,358.1774767558561,22.35152905372964,1301.7861556632074,1308.7203802620975,1308.0363151225893,1295.0095236347424
2024-05-20 00:03:53.377793,233.37779259753253,12.971861947998391,77.5949546754945,20.53266915270046,5.629953534992587,-0.03271529597831178,-0.23318006412419834,5.634875334829639,-2.43844217082053,-1.4104698606617319,358.15614749997883,22.336041123518854,1307.632190987276,1300.7775136770574,1308.7761316628712,1298.8105029304027
2024-05-20 00:03:53.477826,233.47782594198068,12.971854519712682,77.59495976723817,20.06903056898943,5.148077143936942,0.3506173095276622,-5.305839299926802,7.401186489632193,1.0861650071252678,-0.8840068810447087,358.10427579404035,22.175478310820786,1303.8414478315203,1301.1243703820487,1296.113382697399,1283.8237510563254
2024-05-20 00:03:53.577859,233.57785928642883,12.971848717010017,77.59495189688157,19.471147452148244,5.791736897633539,0.05630002097369205,0.9782324559490547,5.874038195453238,3.4663312534750457,-1.9770114891008292,358.0280625673396,22.23513909647457,1295.6427826059235,1304.5033055456895,1301.6211755423778,1285.9231794439404
2024-05-20 00:03:53.677893,233.67789263087698,12.971850441765925,77.59495735078852,20.264742297422053,5.540286961234212,0.03168307184453639,-0.624215587953799,5.575430793230944,-2.074593353793866,-2.7360501041721754,358.0285710664899,22.040615542626906,1307.7010616930963,1294.1074157010662,1300.8186905225346,1291.1483743134297
2024-05-20 00:03:53.777926,233.77792597532513,12.971857961838305,77.59496931402647,19.34626270630887,5.676304589489287,-0.19942499353593235,-5.128051468591153,7.652262148229361,-2.549809186829402,-1.7838996611553015,357.8999782248973,22.172983445761393,1327.4083747118086,1282.013435627161,1286.513756541143,1296.8745204115462
2024-05-20 00:03:53.877959,233.87795931977328,12.971845368496801,77.59496783201027,19.238790019611216,5.670995216448119,0.07531448303669772,7.0608114113522475,9.056540001734364,-1.7834594959989651,2.729909533838754,358.0006589541769,22.13261721431019,1290.3320653893109,1290.561984731334,1303.5929312849873,1281.2175281412515
2024-05-20 00:03:53.977993,233.97799266422143,12.971857943527125,77.5949575914084,20.758895866299323,5.901278448508642,-0.11826154917267698,1.656825604799124,6.130590852892017,-1.4464484743016413,1.4971551637418883,357.934295789521,21.898732332703876,1306.412868506615,1318.9213382587122,1314.8311111148498,1308.9249184025127
2024-05-20 00:03:54.078026,234.07802600866958,12.971855057899749,77.59494406826019,19.570265632441984,5.522805938129656,0.0038619784279179123,0.7007111432359352,5.567081502131308,-0.13652327195662572,-0.9968307133112835,358.0083963941705,22.006547394648887,1299.3266652702177,1326.1625950471748,1284.8292902475873,1281.3015543904128
2024-05-20 00:03:54.178059,234.17805935311773,12.971844393128125,77.59494420976783,20.899084824599278,5.598083584728826,-0.32622052436260485,2.462925364132232,6.12461925358725,-1.135425245232499,-2.4894229555020293,357.78312021497743,22.102169325917952,1295.6065983714639,1314.4789304916364,1303.3823765516304,1315.5627804354647
2024-05-20 00:03:54.278093,234.27809269756588,12.971845210780872,77.5949466425198,20.063014955042632,5.917545393064031,-0.04591264132616041,-5.956801586549304,8.396602681508943,-0.548953144372669,-0.36432503503971625,357.71127099908676,21.82863893510516,1304.5971014166423,1300.8658539235223,1304.0408623662208,1311.0692657509244
2024-05-20 00:03:54.378126,234.37812604201403,12.97184216616797,77.59495226828726,19.707327254766135,5.418721896816892,-0.054821694516948266,1.0462050240571017,5.519066711464438,1.4006610865286955,-0.928767135999533,357.91776702150634,21.927655955383575,1303.1672234710325,1298.857688974863,1289.893367686821,1300.1432560304288
2024-05-20 00:03:54.478159,234.47815938646218,12.971847719523392,77.59496419700814,20.27232573011241,4.920543966767518,0.0536043331055882,2.9286205725452987,5.726381476233963,-0.5132029098919345,-0.9743341061992559,357.97633626920657,21.84833226511875,1295.0642405176586,1290.6362377393511,1297.934730271339,1304.2475365288026
2024-05-20 00:03:54.578193,234.57819273091033,12.971840477391687,77.594971807102,20.293246675748858,5.738584492032106,0.29758349146116325,-0.9074630186592998,5.817507802901157,-0.3669318710721485,1.5768546013400242,358.02301540432796,22.05106231595651,1296.8483327197284,1304.9425557866705,1289.5214356798149,1290.1557150175925
2024-05-20 00:03:54.678226,234.67822607535845,12.97183112769244,77.59498108427027,20.09077260867349,5.429171673478795,0.021516847116249568,-1.8953878061583112,5.750553275168223,0.6418561069586862,-1.9437380314561628,357.98582884570817,21.655837392984886,1301.3308711729537,1278.164900421621,1290.9285049947878,1283.9361361971576
2024-05-20 00:03:54.778259,234.7782594198066,12.971824647517264,77.59499543433245,19.914042713196405,5.868030260449807,-0.2816396624473824,2.174553008898428,6.264326047191933,0.03025072608781305,2.6061763816610966,357.9789799767485,21.756157408994397,1287.983895000957,1297.976021133672,1282.949023989731,1293.025497522875
2024-05-20 00:03:54.878293,234.87829276425475,12.97183617658548,77.59498582472011,20.525828228993284,5.3855249249973625,-0.36386166350160887,-1.438677460612439,5.586239062518562,-6.281010476879658,2.005773521121018,357.921679284173,21.59655905317771,1304.6086303006439,1308.3137705101813,1297.3305970801323,1302.276742419383
2024-05-20 00:03:54.978326,234.9783261087029,12.971842383917517,77.59495623722292,19.626211277261937,5.693286529472415,0.25456598147562043,-2.2798618079864212,6.138084816057189,-0.5360924009410892,-2.9048590268026824,357.8776266118055,21.542400657965562,1289.070933621752,1301.3352764625608,1296.3951847725136,1274.0558472252633
2024-05-20 00:03:55.078359,235.07835945315105,12.971833286348255,77.59496360250434,20.069703825928308,5.8629612771788375,-0.0007241862027044998,1.6090221886127694,6.079742417700966,-1.4700052078792716,2.541862671205379,357.8789981092287,21.49095949944912,1309.2442792294225,1299.5962990638416,1294.7018603019715,1298.5088477047366
2024-05-20 00:03:55.178393,235.1783927975992,12.971846303454956,77.5949677242721,19.94812301889837,5.6513443671438885,0.046207700383338664,0.16601637721652196,5.653971148239773,-4.180544258773286,-2.277980636348722,357.96534356899446,21.593374906726023,1289.359264749469,1295.7259595442943,1291.1448288331892,1310.629145336866
2024-05-20 00:03:55.278426,235.27842614204735,12.97186953377138,77.5949736082455,20.102918172820576,5.514336454019022,-0.08880125591908113,-1.8601976122321418,5.820320210068347,-1.4523852688436782,0.7505254004108842,357.7980752473977,21.50423031626105,1292.3887225705917,1319.4527377090762,1296.5492654317302,1304.9781544600803
2024-05-20 00:03:55.378459,235.3784594864955,12.971871696810275,77.59496182268963,19.575959441926283,5.60517270558567,-0.21785903358632536,-1.962934256537494,5.942939888089578,0.22532750396726645,-1.962366803375919,357.9682065629753,21.701231895842465,1308.389380594243,1303.217144465867,1288.6349356670319,1297.2697541006467
2024-05-20 00:03:55.478493,235.47849283094365,12.971879047249553,77.59496230006557,19.710200415594002,5.323136604487315,0.0031344974683301715,5.062996891309069,7.346409371693931,-3.2733686844145575,2.1911625298885093,357.85365651642974,21.578692011540166,1287.944708319537,1308.132096963752,1302.3259062488098,1276.9799669662357
2024-05-20 00:03:55.578526,235.5785261753918,12.971889700477528,77.59495384322331,20.58889646586275,5.844044012356718,0.1587357441597635,3.777629753284316,6.960498114915001,2.0804831627332536,0.3851042044110969,357.8584489903854,21.450062114127558,1309.185368842274,1299.482575009105,1296.0509293310158,1303.7154038033386
2024-05-20 00:03:55.678560,235.67855951983995,12.971891742668888,77.59495084616617,20.46597829220974,6.303323425859933,0.06521662058955122,-4.314495178404499,7.638783153295517,0.7226947922147376,-2.0150541925023306,357.7777487744586,21.627873221023926,1312.08410146429,1303.6816781013863,1289.9516709923853,1313.0027879906943
2024-05-20 00:03:55.778593,235.7785928642881,12.971903338136247,77.5949503123735,19.72570970126031,5.722614648734708,-0.12145636295986682,-5.134614924554157,7.689430439861641,2.464961946735778,-1.977550866440335,357.7096449728376,21.362145498892446,1295.2466488271293,1297.3131582602448,1292.2001164712638,1297.997931709576
2024-05-20 00:03:55.878626,235.87862620873625,12.971912609019382,77.59495455769559,19.438712885496667,5.922263560186872,0.2044350209220649,1.8753937389934237,6.215472711737412,0.25149394025095595,-3.310617613979565,357.741868697371,21.202151067127087,1300.719267464079,1293.1977200054193,1288.63312127207,1283.8659281531623
2024-05-20 00:03:55.978660,235.9786595531844,12.971913808384924,77.59495543460223,20.100913516997576,6.163024025142457,-0.0192674647021939,4.001058290219831,7.347904722532541,0.12151676452928208,-1.9825335228432943,357.60038277713153,21.279582905702426,1311.1861125324956,1302.1145131707397,1292.3009389010722,1309.8904517132105
2024-05-20 00:03:56.078693,236.07869289763255,12.971911236920295,77.59494943792973,20.239191369702038,5.768436109455282,-0.05961208946990085,-0.8627239283820529,5.8328981927238805,2.179898376356335,3.0017115343690026,357.5720728814861,21.237683965148634,1294.0656641987116,1298.189550780494,1316.3491458646854,1310.2467465577172
2024-05-20 00:03:56.178726,236.1787262420807,12.971934107363117,77.59496357536834,19.92831119721457,5.824986214273767,-0.02503401460541211,-2.1709006026507183,6.216421842584039,4.231685079216823,1.1505609916307593,357.59705017232994,21.318379945956586,1284.6824755116456,1292.7841409769824,1305.0351761293568,1308.151630462127
2024-05-20 00:03:56.278760,236.27875958652885,12.971925375935895,77.59495071089766,19.804866474206726,5.4999309272127235,-0.11204967026023163,-1.6846403473755203,5.753243296847609,1.0923779120527044,-2.924212493345695,357.65807173230974,21.18378695358409,1283.040053412421,1281.7848425944946,1293.0108730935672,1292.9129239310694
2024-05-20 00:03:56.378793,236.378792930977,12.97192144572613,77.59493326799294,19.59127078093404,5.123520385324705,-0.11077270265568172,3.7638163064463015,6.358383829178806,4.502331717976884,3.4091957956755117,357.4082311032161,21.346356678304353,1306.2189689668887,1294.7081150775991,1305.9854344921246,1290.7223474603418
2024-05-20 00:03:56.478826,236.47882627542515,12.971954919407276,77.5949431911718,20.55788074025134,5.1912983836452575,-0.49044818202170215,-2.0510515787293144,5.60329643209194,-1.4675059093236131,-2.9637241757154693,357.5582484962681,21.300164816514453,1287.5070058701706,1291.0361209919565,1273.700855204017,1309.2772788687444
2024-05-20 00:03:56.578860,236.5788596198733,12.971969588418895,77.59493537544977,19.180923682822137,5.6728886565950205,0.11975931152140701,1.890227530338251,5.980716355025472,1.902072151628829,-1.7421076452577906,357.4907832917816,21.14456601490164,1301.6131048832722,1305.1699693440896,1295.4542557584614,1280.5640268899729
2024-05-20 00:03:56.678893,236.67889296432145,12.971984552961962,77.59493243526543,20.93605230350674,5.689183981424826,0.09788478516853526,1.2938092779418753,5.835266767968436,-2.65944846987123,-2.250196502392188,357.37589589116754,21.27065460060206,1313.6516589788926,1300.9358023322156,1305.2569854503374,1293.1766535499733
2024-05-20 00:03:56.778926,236.7789263087696,12.97197327769817,77.59492398565553,19.43977182112328,5.338792211829221,-0.0674647434370739,-2.7398058422589884,6.001149042139502,0.4225101008461144,2.1990694546289005,357.48161483793837,21.093410312685727,1287.9871103807561,1279.156151807666,1296.3337740813772,1289.814537112132
2024-05-20 00:03:56.878960,236.87895965321775,12.971988222372097,77.59492243994558,20.387908420427248,6.223396898002921,0.5299465060483841,5.800632238929765,8.52401587402655,-0.577092658806961,3.271421496868294,357.6114161961957,20.915544198241125,1296.9702515834388,1319.666857626745,1308.212962315854,1297.1197338213829
2024-05-20 00:03:56.978993,236.9789929976659,12.971980084939386,77.59491009337611,20.600285106671087,5.634373284139461,0.05855407651401398,-0.8427849790127055,5.697357054437641,0.472169079300387,-2.541995334476651,357.5549510703791,21.02406844105194,1307.355056985578,1299.776292750822,1302.3600836939036,1313.1070175211503
2024-05-20 00:03:57.079026,237.07902634211405,12.971980011446627,77.59490731448872,20.21929522022464,5.504921458603594,0.004706579007612478,-3.7715254215379588,6.672974331030155,1.4750623945326296,-1.353741744767391,357.6745127766433,21.101113733345816,1305.464642886415,1310.4071763784586,1304.3650897175025,1294.9919610548068
2024-05-20 00:03:57.179060,237.1790596865622,12.971975739213603,77.59489341037579,19.845728503495767,5.530021326218966,0.12519044686372915,-2.4117526800133646,6.034348308307547,0.1353354727851013,-0.3376232819009491,357.8680195582567,21.029910785838027,1295.0202249877304,1321.8124085853806,1300.614808424377,1297.6401207822726
2024-05-20 00:03:57.279093,237.27909303101035,12.971982315324489,77.59487738900019,19.736783847097588,5.50491760969559,-0.3141510172940931,-0.017780253391833867,5.51390287261339,-2.223115670271121,-3.561172522331396,357.8920443423021,21.116958424601208,1301.6490736210114,1301.6966264536186,1292.390908937506,1297.5188377358747
2024-05-20 00:03:57.379126,237.3791263754585,12.971984412091922,77.59487715500993,19.842171267071926,5.429707610206194,-0.31414162021356196,0.22857190443868092,5.443588412562083,-1.9931377753400394,0.19568219037924814,358.06788500429485,20.903632935156832,1295.8043070924537,1302.9939925370543,1318.1542566451394,1304.570073633361
2024-05-20 00:03:57.479160,237.47915971990665,12.971968665384336,77.59486089967021,19.782513471193358,5.602028874079665,0.05749094591578607,2.885441793267617,6.301730481163092,-3.474707431914719,0.24658728663425644,358.1197500410984,21.007061365124862,1279.0457090122657,1302.0078125153632,1309.9848383280096,1297.2603851826152
2024-05-20 00:03:57.579193,237.5791930643548,12.971974603847158,77.59486338261502,20.419452052653977,5.153542995562725,0.12989698843264222,0.78457621047761,5.214541059840732,-1.304680882391285,0.7700412285005905,358.07000649430597,20.758455546307346,1300.7208293996953,1289.4433962744636,1301.746546777946,1316.469445311076
2024-05-20 00:03:57.679226,237.67922640880295,12.97197805008355,77.59485954758352,19.93948103581042,5.368073747698639,-0.09961994915351005,-3.030526799949655,6.165243918955174,-0.2944579728051264,2.2146038082993784,358.08746810574974,20.758269859337396,1296.6450393988152,1302.5532236509844,1314.8264125855662,1296.7622931430249
2024-05-20 00:03:57.779260,237.7792597532511,12.971990493032742,77.59483823452561,19.813144590176552,5.361741466117144,0.22255747031984777,0.9872861349284108,5.45642165611283,-0.7416372565008107,3.254900228693656,357.93334356296515,20.799403048008067,1292.357573464284,1309.116154468105,1320.2616659334071,1303.9803417732235
2024-05-20 00:03:57.879293,237.87929309769925,12.971977085044731,77.59482611410749,20.13700410381877,5.633897310425789,0.012527035917853195,3.2318967770571305,6.4950837260657455,-0.6914639629440739,0.13137926105803183,357.7202014561392,20.72979086685608,1286.5955056049968,1300.7877437551058,1305.2044988798264,1305.7718486319886
2024-05-20 00:03:57.979326,237.9793264421474,12.971972134745164,77.59483041785288,20.459739477216996,5.838159447011252,0.18152509084471913,-2.9580124195941977,6.547281463463017,-3.0098526483627572,2.167170827782996,357.68946424542304,20.61588711076273,1309.1210162383777,1309.8166432612643,1307.4488028932,1310.6277647431848
2024-05-20 00:03:58.079360,238.07935978659555,12.971975137509098,77.59482476294528,19.54520435331643,5.517010186963153,0.046201119225288675,-0.3907560223394597,5.531023975311212,-0.8887261243286299,3.4460562858945667,357.6291453145113,20.558303535590372,1293.5642202541085,1306.7029923729403,1289.7703534606387,1304.7642716630935
2024-05-20 00:03:58.179393,238.1793931310437,12.971958695836411,77.59482163348255,20.38156221366125,5.930168019829093,0.10845285919954993,-1.0301779745291242,6.019960251137643,-3.1466854121046084,5.556449318064555,357.6052772794058,20.627921985548213,1299.924265723868,1306.890944880766,1305.1103896568575,1297.5291001150952
2024-05-20 00:03:58.279426,238.27942647549185,12.971972451880626,77.59482951275879,19.33910005697849,5.541653628950781,0.37460829126978573,-3.221988960070547,6.421173504427982,-1.0313680330212296,-1.3520349878881404,357.4472076739004,20.595590444966405,1294.4932343361663,1322.296312418123,1286.5018874837226,1293.321232525887
2024-05-20 00:03:58.379460,238.37945981994,12.971978204485557,77.59483075208558,19.736949550759505,5.673494067149776,0.09504587731497188,1.6749508153747996,5.916335764871952,1.112566292457331,-0.7204863832142753,357.37826499093006,20.420328879930945,1303.8463753238527,1305.8827900177953,1293.2190193993104,1307.5534407112996
2024-05-20 00:03:58.479493,238.47949316438815,12.971980373326177,77.59483292292133,19.674201920674683,5.42219071483646,0.0821363623784478,4.016799554619183,6.748449984409187,-3.540911750490759,-1.5913287333713835,357.6384128328968,20.57110984510988,1278.4429321385205,1299.810496989299,1294.2895475131193,1295.6725705229496
2024-05-20 00:03:58.579527,238.5795265088363,12.97198454171621,77.59483715573128,20.540577337612294,6.27704799432415,-0.12731367723201867,0.057372067101894686,6.278601106101798,-0.12118802237369604,-2.429979643492473,357.7715441465848,20.624840114728812,1300.7442549246575,1296.5530296760057,1308.725326054164,1289.2096633429685
2024-05-20 00:03:58.679560,238.67955985328445,12.971995151892713,77.59484018594574,19.685680160174897,5.054141803772297,0.2875425787962477,-2.3598333467186876,5.585323941504647,0.2068228573186833,1.757334458023678,357.6969215032924,20.47889494101694,1301.42315230608,1301.4152011564051,1304.1499428891277,1282.7032422133634
2024-05-20 00:03:58.779593,238.7795931977326,12.972007753940213,77.59484442750846,20.068453293587215,5.880816080825526,-0.06172556070131137,3.7709439510166476,6.9862598078692315,-0.9321190792629807,-1.6096247724589257,357.3391868712235,20.267934585686817,1295.4995295469946,1304.076136413456,1300.6171637300786,1291.2130751894156
2024-05-20 00:03:58.879627,238.87962654218074,12.972013096841183,77.59485305114906,20.440120430468326,6.285391447692433,-0.20592310810979353,3.7678475053423597,7.331113476184462,0.49534667225398427,-0.4948966131040035,357.3056776313642,20.463218886094545,1307.6291852965446,1310.4841673682333,1282.9220251520817,1298.4435257858152
2024-05-20 00:03:58.979660,238.9796598866289,12.972022719840343,77.59484477427955,20.822274068247243,5.856408966960186,0.008262249972232738,-4.580032177863899,7.434668049303546,-3.2537813390010784,2.9815870481357676,357.2528434332265,20.310134427220675,1307.8834369967003,1308.4803421178983,1308.856968912455,1319.545757946526
2024-05-20 00:03:59.079693,239.07969323107704,12.972014266341658,77.59484181234667,19.52380855760459,5.602780872845465,0.027931612149916497,-2.4189261604406056,6.102715580276064,-1.5403434813072592,0.2714676049138648,357.23606124652207,20.470876667064704,1287.2571038188566,1284.7585255858803,1298.2753854185848,1284.8779840170957
2024-05-20 00:03:59.179727,239.1797265755252,12.97201439048215,77.59484481584705,20.33832752064325,4.912239732462537,0.08362744381876244,1.779628748881919,5.225339340405588,0.5442360501997815,1.522771031429434,357.0469255333799,20.213753464855166,1310.0911849483837,1301.8545262872535,1321.6188827275273,1301.6671857400959
2024-05-20 00:03:59.279760,239.27975991997334,12.972015310824494,77.59484577001243,19.879852988858058,5.478842689242109,0.2828100338837678,0.7019806741381416,5.530865718455881,0.43482726184857434,-0.6916498752475255,357.18965174761263,20.257342105925975,1305.8461508001515,1312.8748935568644,1285.693221163585,1321.0033290118593
2024-05-20 00:03:59.379793,239.3797932644215,12.972013577045107,77.59484661318753,20.47877046978726,5.536623486282866,-0.012905148002577194,-0.07188157704206333,5.537105122067131,-0.5024206594414405,-0.911357437189688,357.2153597424049,20.09991795191932,1294.209841839372,1304.7364433951705,1297.246841483237,1316.0028088397473
2024-05-20 00:03:59.479827,239.47982660886964,12.972033390284398,77.59483973302288,19.865471879746607,5.146789393477198,-0.27971714194426334,-5.199090534453305,7.321080871411598,-1.2029009695047763,0.28882430378018387,357.2954675166877,20.21449764632784,1277.4551333292259,1302.3877371295555,1282.7522773997698,1296.3421932797517
2024-05-20 00:03:59.579860,239.5798599533178,12.97202723213128,77.59482272308192,19.438605641287097,5.88439945987712,0.1720545615155713,2.373872071577722,6.347521436573268,1.4929801069679043,2.749944874480477,357.24739888409863,20.312914106288495,1290.0072237599525,1301.9350044393782,1298.2012848873883,1298.2760249076002
2024-05-20 00:03:59.679893,239.67989329776594,12.972037617748326,77.59483369057934,20.340404604970562,5.354908394077135,-0.1484282854312526,5.64022235420758,7.778764880736319,-0.13559706615077513,-0.5314804974107139,357.1052117192669,20.123321691096308,1308.841696127502,1289.7140943676206,1293.8926153655711,1318.3829627050081
2024-05-20 00:03:59.779927,239.7799266422141,12.972034026823875,77.59482850799392,20.567026252332298,6.603673370614998,-0.14414638842395133,-5.065734132638866,8.324118119635722,2.204679065818191,-2.018803596256251,357.14742791581455,20.0986939179428,1311.1615527430474,1309.434077078185,1293.5911033886262,1304.5446980812003
2024-05-20 00:03:59.879960,239.87995998666224,12.972046568262543,77.59484245574865,19.326919950224536,5.696889560601765,0.1296667973133996,-3.117497409572593,6.495394848868751,-4.587919482744362,-0.5599270035264461,357.21945390892097,19.956725783093333,1286.137169727277,1295.4537025247798,1311.053208104515,1306.3278554219025
2024-05-20 00:03:59.979993,239.9799933311104,12.972038018090332,77.59485433362589,19.943318867956318,5.312048455889155,-0.31259527487810684,5.19829759185518,7.43894296638157,1.4094799681935144,-1.743671584344658,357.23496960375064,19.937208878292687,1310.3690042743974,1303.9084961385115,1289.754181726539,1306.7517323922323
2024-05-20 00:04:00.080027,240.08002667555854,12.972032509486665,77.59487930192589,20.36692613732461,4.8807809165398295,-0.003925339183776603,3.4920329335227933,6.001360826708797,-2.784680393086733,-0.15609463482310998,357.3285646402763,20.044900617324526,1304.8133237848472,1331.4679849201848,1287.9302321600621,1318.8534093089756
2024-05-20 00:04:00.180060,240.1800600200067,12.972044002022711,77.59487857951459,20.641958334483057,5.841725121949786,-0.14846497025025665,-2.1266443698783206,6.218553732480391,0.3623380495973368,1.4763197051916634,357.28857139908564,20.08787544425748,1317.4992214534168,1307.3918210031038,1295.441991185103,1307.7385516995946
2024-05-20 00:04:00.280093,240.28009336445484,12.97202665842888,77.5948762210394,19.9414554397831,5.66831247556968,0.07035655191650782,-4.367372297692299,7.156022439298703,0.9457256471923734,-1.1025348074076216,357.4556770660549,19.838198767017776,1304.4592570023913,1289.312150531703,1311.639555121072,1311.0688853148522
2024-05-20 00:04:00.380127,240.380126708903,12.972008653443673,77.59487031954095,19.768192619706333,5.611975431059497,-0.09651084849077189,-1.2054163694430429,5.740784894630096,-1.0802533193914863,0.9293614305453652,357.51945410910645,19.95815516009829,1295.6800779168157,1284.970852005956,1283.104558979263,1288.7141330070015
2024-05-20 00:04:00.480160,240.48016005335114,12.972008529446285,77.59486828269849,19.70029177800723,5.954294695566688,0.033358510215059055,-4.8642891035651274,7.6886960269554026,-0.6763496989988821,1.3050300616283785,357.56318856879534,20.056992112533134,1299.6402813937245,1304.2401365809083,1306.8081272724069,1293.3368787983468
2024-05-20 00:04:00.580193,240.5801933977993,12.971998457597783,77.59488924987927,18.795010404921708,5.805883629662012,0.22208907495618246,3.2601326798500594,6.662287397629927,-1.222263613370148,1.0453978417313559,357.51762753827626,19.76492230433509,1285.6489216849698,1293.6246714326978,1299.732195669416,1277.060092830389
2024-05-20 00:04:00.680227,240.68022674224744,12.972003563320959,77.59489955793245,20.35253572862745,5.750924981822629,-0.14900676333383106,7.41393093198802,9.384120258519685,-1.2091639277596251,2.290522720008464,357.5088834071912,19.843518249612114,1309.24897512223,1307.4204425843,1293.554337691347,1304.6878407987667
2024-05-20 00:04:00.780260,240.7802600866956,12.971993113788796,77.59491254361166,20.27829101819041,5.372649798165012,-0.37346385023151085,-2.0227262309854837,5.7529351210203155,-1.4518996595424982,-0.5377852565056587,357.3412155977687,19.677730551970555,1300.798951100496,1281.1944564836272,1309.3879302779808,1302.9513428459761
2024-05-20 00:04:00.880293,240.88029343114374,12.971991382018823,77.59490526754455,19.947855589050494,5.2816400246381825,-0.13856156263896544,0.09143486958019764,5.2842483847635435,2.7055615550222027,4.997894146038997,357.51464201611196,19.840518961923987,1296.3497954122308,1284.681477189826,1294.7580721258682,1310.1447380940353
2024-05-20 00:04:00.980327,240.9803267755919,12.971982827621366,77.59491265252872,20.296584089796983,5.553317011635805,-0.053258978245503553,-0.17796651687362441,5.5564231688754155,-0.5376183891748788,-2.235709526300424,357.4275311114376,19.79564932365244,1306.148233848136,1317.8097189123343,1296.0576747551731,1311.9280581102682
2024-05-20 00:04:01.080360,241.08036012004004,12.971977565067036,77.59490064786497,19.91225041728518,5.154699786747051,-0.04255245652572251,-5.952438552395591,7.874278717640861,1.1426354447926284,3.1093489002143637,357.3486011450424,19.632835307159183,1309.3222936305463,1298.3703929142043,1303.4332984554035,1296.4195767415251
2024-05-20 00:04:01.180393,241.1803934644882,12.971990748090477,77.59490209625221,19.105699417760516,5.772639403823696,0.1636330555727849,-0.7658735018230942,5.82552175210503,1.0414148752278096,1.8874645827526262,357.3333781143332,19.757006879260228,1291.5979159658937,1293.0370164128865,1289.2275118628772,1301.4979198997344
2024-05-20 00:04:01.280427,241.2804268089363,12.972006334714985,77.59491597454877,19.75902464166163,5.419075821613967,0.06954617987834477,5.446535797246625,7.6834869442347395,3.130057272226669,-1.6466695807568619,357.40599743980493,19.47819007350727,1302.1276729806973,1306.335756736389,1288.220434698633,1302.6556326900227
2024-05-20 00:04:01.380460,241.38046015338446,12.972017679339924,77.5949137117434,20.1953698006706,5.492464294265015,0.11756738517019992,5.994155975709035,8.130860469529665,0.2541668973502617,-1.6274250740234069,357.256464963715,19.78860851630625,1288.17632373193,1299.3402745557419,1288.0512981860163,1300.2095242085418
2024-05-20 00:04:01.480493,241.4804934978326,12.97202909668494,77.59489811025388,20.958255580449705,5.51425129373773,0.08139206208542792,-2.251302324747698,5.956673077790415,-0.5126740173435353,2.1881905003826674,357.26137093454935,19.562521676153874,1289.4235979078603,1286.699952919716,1307.957359095162,1284.4414928313313
2024-05-20 00:04:01.580527,241.58052684228076,12.972029537522047,77.59490194371305,19.74495919885379,5.775048656471079,-0.09914955531934953,-8.623967488039327,10.379490972763923,-0.4116200694678288,2.1173023223645737,357.15312794267163,19.450169713038587,1313.868559009993,1299.6404062351203,1303.8595699938212,1279.9004209912473
2024-05-20 00:04:01.680560,241.6805601867289,12.97204107636837,77.59489174288498,19.232886959968337,5.618628901848256,-0.10166308969633873,3.1114782004273565,6.423443213123768,2.0829585636791754,1.2299367874015936,357.1740701968813,19.364703586934013,1290.5859720046378,1300.5825633598993,1294.513335932168,1283.1227465418153
2024-05-20 00:04:01.780594,241.78059353117706,12.972052350365463,77.59490958090132,20.367462339986307,6.062274670318603,-0.11046573724024251,-2.27243458066107,6.475132105283629,-1.1639624608426178,0.1671659340948529,357.2879628350114,19.363200092107274,1314.7415420558375,1298.25123882549,1308.3745839055462,1308.4562141043343
2024-05-20 00:04:01.880627,241.8806268756252,12.972058027182282,77.59492254697109,18.778248497682025,5.163591943921832,0.14605934974881504,-1.5330408946195035,5.388341997457034,2.011804705375662,-1.7143031959850283,357.3590842171489,19.370545903394213,1307.5558516052106,1295.9675281922823,1293.977043488473,1278.688227523909
2024-05-20 00:04:01.980660,241.98066022007336,12.972048928167503,77.59492871592019,20.06075192425716,5.479095724249806,-0.19529508415361974,2.8436207356356533,6.176148396332793,2.886638673168946,1.1330109248046785,357.2553115491004,19.409015038099056,1316.8052518529184,1298.4231398170323,1301.080210433412,1301.6974887950898
2024-05-20 00:04:02.080694,242.0806935645215,12.97204030861732,77.5949289184139,19.34716228273751,6.0461560878456995,-0.38477880764230904,-0.34702841055113254,6.068318291514865,-0.7110152753693713,-3.892862751291951,357.2031709077853,19.442004546721297,1310.1971728989824,1307.4038728236162,1278.3783646065615,1286.9093929219925
2024-05-20 00:04:02.180727,242.18072690896966,12.972039115992548,77.59494132460026,19.99132309920525,5.121836735853473,0.1950973485345455,4.43125879474816,6.775494744310285,-4.933077162056284,2.1639837898275682,357.1319581543771,19.226493048803103,1299.028291836165,1312.0039388400935,1294.9605547397055,1291.8169882868638
2024-05-20 00:04:02.280760,242.2807602534178,12.972035010669428,77.5949377822649,20.233709557445383,5.845644832447482,-0.15723073843309612,-1.6683026713115368,6.081078754245285,-0.5312756675842947,1.8519592975872983,357.0604310413861,19.224340903607978,1295.5522370871033,1298.5636115344375,1301.6854244197552,1301.2009995845187
2024-05-20 00:04:02.380794,242.38079359786596,12.972047145091155,77.59493390932154,19.6575513076791,5.33739927760445,-0.357629448366626,0.5057291697751651,5.373219878627061,0.837929411845464,0.7316198150630381,357.160088308825,19.127988035695218,1298.6172010244752,1295.129364716091,1290.3352509329388,1304.3587772477724
2024-05-20 00:04:02.480827,242.4808269423141,12.972039780590604,77.59494245489981,20.334889117920575,5.528049224144127,-0.13250835098624666,0.14612589953379995,5.531567541498172,-3.0015584967127693,-0.7042007236859953,357.3451131678847,19.247066256881464,1299.8679826969471,1316.5321335304377,1325.488577919052,1294.6466610726598
2024-05-20 00:04:02.580860,242.58086028676226,12.972050934941105,77.5949558189943,19.68678623256082,5.341624325493186,0.010118640726549936,-1.767479242029026,5.626458539134025,0.9617182550076082,-1.9188696910424696,357.67103676694387,19.16356753324216,1305.149679374263,1310.0383017494862,1322.9682882338464,1311.7508136832137
2024-05-20 00:04:02.680894,242.6808936312104,12.972052478970667,77.59496613451547,19.981275398274885,5.783848844496958,0.005304101835226669,2.6325069391668308,6.354764226487604,-1.1167790828986026,-2.3093340273126226,357.7023912590811,19.23102212922275,1294.3135791902666,1302.1863525142924,1304.3813819481816,1298.1693722717778
2024-05-20 00:04:02.780927,242.78092697565856,12.972048498082279,77.59495847744141,20.21346317937646,5.757549859787803,-0.49424728572363014,1.933382163273592,6.093572626682331,-0.9555672900665714,4.095642032699287,357.57662442023343,19.10584577192454,1306.4905075235881,1293.9038549110737,1320.106683992384,1302.182219276803
2024-05-20 00:04:02.880960,242.8809603201067,12.972044024089366,77.59497873196571,20.3680807660522,5.703408659977594,-0.24157891548035892,-2.953698854622303,6.427407536395151,3.09372766153511,1.8592772461731712,357.5218017203159,19.101980696007132,1306.7139317459978,1308.2532791309036,1304.4818794806395,1301.2086466883136
2024-05-20 00:04:02.980994,242.98099366455486,12.972048724919038,77.59497642599655,19.622526429535384,5.337551426678674,0.2016341153701308,-2.1130645900669833,5.744140798301831,3.05723103770495,-0.6172934740086232,357.51028145127367,19.123223460777233,1311.8159606083848,1313.129964902732,1301.1124935554287,1289.8925205187684
2024-05-20 00:04:03.081027,243.081027009003,12.972045988701842,77.5949878768988,19.94532693009348,5.195206672216417,0.1789289347989445,5.315635612817502,7.434929044651601,2.089946977127873,1.8943216233141789,357.5136016757299,19.10596926288086,1308.883153156071,1299.8577390677397,1300.7954799504687,1300.9895396708798
2024-05-20 00:04:03.181060,243.18106035345116,12.97205229122668,77.59498662349019,20.686008045971032,5.9030003944802045,-0.28496706540350286,0.5159952285345213,5.932357959653862,-1.2504498082833222,1.0069778540303478,357.701555416616,18.872977006193512,1294.648471137768,1310.0621689119123,1287.317572048827,1293.5793362873874
2024-05-20 00:04:03.281094,243.2810936978993,12.972038712887551,77.59498393059458,20.048560386952673,5.655119372076693,-0.2545970217550039,-6.4700771650694975,8.596923477493409,-2.5923268469502707,-1.5283815668590168,357.6739508765788,18.851795792344944,1310.1313537063456,1296.2532156861582,1286.3019682349645,1294.1682758601194
2024-05-20 00:04:03.381127,243.38112704234746,12.97202855053312,77.59497746832551,19.391561130652022,5.344281667533849,-0.059150051122100644,2.7186652540410137,5.996331047733774,-0.008188497684259303,-0.15835388713580972,357.664337060603,19.024457845217345,1287.8150245813733,1286.3289172298767,1310.9540226397844,1294.2199325251831
2024-05-20 00:04:03.481160,243.4811603867956,12.972040764655377,77.59498358689083,20.592474742546074,5.220355059936928,0.017740709743824988,2.0594332467330787,5.611923643666301,2.111274666922668,-0.06476108645099633,357.4867320105024,18.682096909616345,1310.930003293043,1295.924752062981,1300.525262391766,1312.8495956880347
2024-05-20 00:04:03.581194,243.58119373124376,12.972057470832608,77.59499125956216,19.803585121328865,6.034191326395164,0.22012612524992203,-6.3215364959130795,8.741953108071513,-0.7629253416671764,-0.180527711720122,357.4839392284735,18.665583871356592,1303.2862985718077,1296.1804572457268,1303.6938464608531,1295.4690640270856
2024-05-20 00:04:03.681227,243.6812270756919,12.972052909412753,77.59498724277401,19.327745867071627,5.706856934216884,0.14796806211514582,4.20575147964685,7.09073029550392,-0.9963426474108936,-0.8635900415816697,357.54802977815973,18.82641691386053,1290.3695382955857,1315.7356713237225,1290.6944143772155,1316.2030145328113
2024-05-20 00:04:03.781260,243.78126042014006,12.972063322890866,77.59497196705794,20.645015894182524,5.834953545069357,0.03131106960279036,5.414842158898679,7.960413234373179,3.3334717658728477,-5.444060827321025,357.57033589095715,18.670132468701322,1292.1945679521345,1317.5328946676075,1317.2490667246734,1296.592627557841
2024-05-20 00:04:03.881294,243.8812937645882,12.972064099910956,77.59496491676049,20.41107540869858,4.927936195849604,-0.22165067440895922,-2.769049755187581,5.656970984416927,-0.37593604258553487,-0.9371092498443716,357.6539203010728,18.81967444025227,1288.0077559474844,1315.5978093845122,1282.8944962043106,1307.5594374705693
2024-05-20 00:04:03.981327,243.98132710903636,12.972041018562198,77.59496561679386,20.091021278273036,5.463045481531394,-0.0713162015160901,-1.649182069913735,5.70699162725899,-0.9977890783386169,-2.1348652715678362,357.5225312996794,18.752664030569154,1317.3637176971433,1315.656872235826,1296.429479391882,1288.3623030867554
2024-05-20 00:04:04.081360,244.0813604534845,12.972045432302725,77.5949749071672,20.08112901258379,5.39447823541628,-0.035118603317619485,-3.9923103938662905,6.711197436348578,-0.6234672768893973,0.499024529003335,357.49277229402884,18.75653765959713,1304.7312868554877,1300.1841674559598,1315.698010640155,1303.3685963780943
2024-05-20 00:04:04.181394,244.18139379793266,12.97203768584171,77.59499801961898,19.292292956725923,5.2677775735937065,0.004764797773987851,3.4222027460312177,6.281797107762892,1.4793402679684482,-0.2587542962585089,357.5466878896634,18.483737964574,1277.049501613723,1291.5654484954562,1285.1851649420023,1288.0792456458962
2024-05-20 00:04:04.281427,244.2814271423808,12.972045386605082,77.59499786123372,20.76579778471408,6.069657401545002,-0.047131128186881054,2.2765025053783177,6.482702057966875,-3.4796057864382695,-0.2719896559968796,357.5894228041255,18.614514675315377,1313.4343802761282,1313.1946244264673,1295.8011517730802,1298.212896083948
2024-05-20 00:04:04.381460,244.38146048682896,12.972038024732543,77.59500358812467,19.747745275241094,5.937768805743903,0.012895919144909847,-2.1632231278083793,6.319556867050176,-0.6627721517862885,-0.6965823270359618,357.50691427961425,18.354231916708486,1292.1922702708446,1288.0058986065371,1294.70521036662,1294.2502866023367
2024-05-20 00:04:04.481494,244.4814938312771,12.972038239618618,77.59500572443869,20.33300889618956,5.486907737822277,-0.13574614833523618,3.3535570783747204,6.432023679844393,-2.9302940532014903,2.7902255838610093,357.3704147214119,18.67852104305839,1297.9198117123408,1312.3728945148055,1296.8203068360747,1284.8526309089857
2024-05-20 00:04:04.581527,244.58152717572526,12.972030253040957,77.5950022404674,20.418680335936273,5.606322794275558,0.15363491279676705,0.07118577237950774,5.60887924404092,-2.044809801112375,-1.6258748922488968,357.33603835933445,18.55100638275548,1299.1876164802468,1299.7894325195941,1291.984783261623,1313.2789667379975
2024-05-20 00:04:04.681561,244.6815605201734,12.972033751502478,77.59499980769543,20.347250797966055,5.80014055451161,0.07672637069690291,-4.739690317167444,7.490806477990296,-1.9930845236873609,2.5854442496189183,357.26879853391006,18.496070222587775,1295.2548580522337,1293.142329637074,1311.5704291099323,1300.791067215248
2024-05-20 00:04:04.781594,244.78159386462156,12.97204316277229,77.59499220478523,19.47042618778673,5.5690520051322245,-0.08220234350546896,-3.057870643486467,6.353870500210197,1.4154567214691132,-3.4276221188242015,357.1828241780943,18.389570866364608,1297.7152159141026,1309.7586306665867,1290.1520348114832,1291.985041697349
2024-05-20 00:04:04.881627,244.8816272090697,12.972050240597925,77.59498907382184,19.735472743250522,5.4616408101322405,0.018545408575716526,3.5749903823244296,6.527665777656924,0.6214052107403962,2.2740945660557257,357.2581364549788,18.304770654029152,1289.234712014395,1295.2105996434786,1300.0341945296411,1282.6480637898383
2024-05-20 00:04:04.981661,244.98166055351786,12.972065871937058,77.59498874083488,20.185662676414495,6.121883786432654,0.07171039577540794,4.864036234299448,7.819299966367017,-0.01592537238107911,2.8161396792956173,357.30910233462527,18.386626385817426,1298.9777893869077,1286.4379898603552,1321.5410967526825,1293.6233678395006
2024-05-20 00:04:05.081694,245.081693897966,12.97207224455969,77.59499258003822,20.708604367318436,5.418005466400541,0.13268647296026997,-2.0628236864629486,5.7989335653622875,2.1970418934762015,1.1073077600884824,357.2852986847442,18.51978436143031,1285.501874474194,1306.3820363828688,1314.943259681001,1287.3955703107877
2024-05-20 00:04:05.181727,245.18172724241415,12.972059702658333,77.59499394136769,19.772960371686995,5.391382223804655,-0.21292619547456348,-5.545097080475145,7.736952984203153,-0.4645712532535049,-0.7879663860654904,357.1894227138231,18.328071226034464,1294.0219123012064,1295.3903693887114,1303.9131040094476,1279.6114970335666
2024-05-20 00:04:05.281761,245.2817605868623,12.972067145594492,77.59498776837228,19.599215154819237,5.591898954847501,-0.016773853448647104,5.914271686770618,8.139301251847156,-3.896407886315504,-0.6097440020034036,357.07206007040827,18.231587718673463,1307.305535414993,1296.3559244566175,1291.498569532834,1290.5124002781329
2024-05-20 00:04:05.381794,245.38179393131045,12.97206467557147,77.59498294322907,20.956209125292325,5.805234713299458,-0.01910495405851329,-0.6149968578514233,5.837750954856994,1.089870829412181,-1.2502901470852825,357.19353460481426,18.35802058448522,1302.909772364979,1313.8959044324959,1310.1506337595388,1310.8919066528354
2024-05-20 00:04:05.481827,245.4818272757586,12.972069737061897,77.59497649131247,19.476174769787274,5.286309423232328,-0.02174252484184975,1.0038422027941891,5.380821426478684,-0.694041557456907,1.9220504321260041,357.0750336001132,18.122564695072473,1295.1419278609133,1286.4969655840055,1295.7170834452631,1302.9722543948565
2024-05-20 00:04:05.581861,245.58186062020675,12.972075751763343,77.59499134773839,21.157044510979727,5.208664072690929,0.21115998943781353,2.339263522669455,5.713748663685911,-0.2831175441947054,1.0494911307236927,356.97250248485705,18.038476977637504,1309.8638477426175,1301.2874408225512,1320.2513651498225,1290.9671469003324
2024-05-20 00:04:05.681894,245.6818939646549,12.972089166730447,77.59500159495497,19.944183477223646,5.044578174970646,0.23003134064956027,-9.976767626806605,11.18197548111994,-1.6067186605790809,0.26063477428130694,356.9755149182527,18.031767333349094,1310.2558600883267,1304.9312284037424,1304.5093891343809,1301.7953832916962
2024-05-20 00:04:05.781927,245.78192730910305,12.972099467038374,77.59498612016407,19.161025645996737,5.824765323078063,-0.028454950754247494,2.557605658695863,6.361607301503938,5.864482473926721,2.0291858150977893,357.02612358239753,18.236284046322137,1319.6997748223814,1276.3642558511444,1302.917867828328,1278.872028061307
2024-05-20 00:04:05.881961,245.8819606535512,12.972115353960659,77.59499910111312,20.45587517286137,5.8983613739969405,-0.044595478741974254,7.951455025203032,9.900418813000279,-0.27543509608081207,0.566169880959468,357.1642937640552,18.172634268942694,1295.8776759229409,1301.0551132484707,1315.6066310970286,1291.5794046870255
2024-05-20 00:04:05.981994,245.98199399799935,12.972119054110095,77.59500182260697,20.75184692479695,5.550624493346367,-0.3375392151694723,2.1089235840377114,5.947345935055763,-2.4193271763555186,3.3289217800286726,357.1192693570649,18.043624562695648,1325.6629551545147,1304.9473547277355,1299.2256492694905,1312.4086435170598
2024-05-20 00:04:06.082027,246.0820273424475,12.972118914448775,77.59501208034072,20.877800531455108,5.481289330216949,0.17623451491604358,-1.2997676182589117,5.63604357570737,-4.705341766962582,-5.340171826405715,357.14907340053605,17.971090118922536,1293.5639297074952,1292.980520093043,1295.304093898901,1311.7278239448856
2024-05-20 00:04:06.182061,246.18206068689565,12.972124893115126,77.59500087979491,20.49180672107726,5.549800120202037,0.09304370190117311,-3.0093075306348425,6.313863343357503,-0.2793635701681506,1.1933785910664276,357.0940523734875,17.960115874055322,1298.0332581108582,1289.3233431367535,1307.5691945886547,1300.155282511034
2024-05-20 00:04:06.282094,246.2820940313438,12.972129244879808,77.59498315450095,20.275738337930296,5.151702486549789,-0.17383227723662764,-0.721721987718908,5.204914869437298,1.2889883367582302,2.1043612510868654,357.115747401819,17.97228238802606,1295.8849339762498,1293.9489648887309,1304.5468980707096,1303.9363787552272
2024-05-20 00:04:06.382127,246.38212737579195,12.972124002777202,77.59496024233923,20.34741419269068,5.481518851173955,0.10245986826729599,-1.7447760017199556,5.753415527889382,-0.1881951155748361,-0.4064322174926584,356.95768340518816,17.92527708551341,1298.0760820368255,1306.9463457817292,1312.7484894369843,1292.0772990850949
2024-05-20 00:04:06.482161,246.4821607202401,12.972111559733008,77.59494683726304,19.92666678040046,5.853538927652251,-0.10662760533261434,0.29189029290178325,5.861781927609515,-0.6367251494586613,-0.7642194949809387,357.08337981868164,17.869667381194915,1305.4102936341835,1282.585946121063,1313.3254868567105,1303.8774238130225
2024-05-20 00:04:06.582194,246.58219406468825,12.97210403732299,77.59495363543516,20.405811717112513,5.15482866752591,0.42116890260711515,3.1944540883593504,6.078994880628375,2.6132971081763294,4.3788551504384845,357.0923022863531,17.625916148921764,1301.4461768020312,1298.8035267407447,1299.2372291978722,1309.1836859068435
2024-05-20 00:04:06.682227,246.6822274091364,12.972080923070427,77.59494516789485,20.565770632689762,5.844952580240882,0.051480662498832576,-0.9426732530213542,5.920705514196575,-0.5426849327926412,0.3916086074895563,357.1619584665799,17.704074507434278,1313.590490467942,1299.9147423194559,1312.9471861980892,1285.70078815201
2024-05-20 00:04:06.782261,246.78226075358455,12.972078884475259,77.59493449262757,20.217214200669428,5.393003722835733,0.0768283690361859,0.03707077204494169,5.393678336251509,-0.9220024085806539,-2.530142052142001,357.2730028723459,17.70803483415101,1312.9859215658005,1307.3332740469757,1301.732114879853,1293.0805015292685
2024-05-20 00:04:06.882294,246.8822940980327,12.972079916396979,77.5949267342994,20.573187259307623,5.993777912015176,0.021849139488004536,-2.371319287875181,6.445851860577174,-2.3350091092950533,-1.1042464337553966,357.36910192201685,17.714562067770604,1307.6296650954375,1293.0371512373465,1295.2504749844572,1322.5135642520295
2024-05-20 00:04:06.982327,246.98232744248085,12.972093205110415,77.59494331930904,19.74279220242831,5.163871815604372,-0.268831575671677,-5.694989001264275,7.692252093411421,-0.6193493918068232,-0.7116936880693546,357.30566971695487,17.879338330966398,1310.3816592265798,1292.7461964371344,1320.1447721861512,1279.977125119599
2024-05-20 00:04:07.082361,247.082360786929,12.972091507181405,77.59494920490371,19.433809666523835,5.3219243227557005,0.2708609632470319,-3.0473161619714517,6.138597555595434,2.426549336679932,1.1127102305494574,357.27298183674696,17.54410202330292,1303.7613696525998,1288.3481257836156,1295.6146525454578,1301.6407895794841
2024-05-20 00:04:07.182394,247.18239413137715,12.97209716227445,77.59495077541756,19.1331257478825,5.2961295713174135,0.23665622901384153,2.621696269665719,5.914244325126666,-2.085158535112163,-3.205718368774931,357.32550078041567,17.680934584530494,1303.904179969226,1293.5163432913896,1298.1998325598506,1304.732284497853
2024-05-20 00:04:07.282427,247.2824274758253,12.972094155892947,77.59494403659795,19.958323758487637,5.902625667895741,0.08169106047436746,7.768365436729283,9.75680094924731,-2.8201004553731375,0.5309483595106805,357.3229029357348,17.60828543351615,1283.802138375486,1298.1559687039446,1301.0574679701378,1286.8548908075722
2024-05-20 00:04:07.382461,247.38246082027345,12.97210594547796,77.59495689110844,20.687316898945383,5.04377863866024,-0.226006266970856,1.1530899839085862,5.178841405131629,-2.214098033719444,0.16351847501373512,357.3139581847768,17.50605514444596,1312.1276298418268,1305.664257937188,1314.9715982474627,1298.7895517952431
2024-05-20 00:04:07.482494,247.4824941647216,12.972102587478176,77.59494230191257,20.189018653567715,5.736484028387922,-0.31115791911567375,-4.11075669965885,7.064162293037175,2.3466996220174314,0.31840274373392574,357.19092317927095,17.50149447966134,1299.568244580658,1303.307012191257,1285.6201333550634,1322.428017013535
2024-05-20 00:04:07.582528,247.58252750916975,12.972102282811186,77.59493758466319,19.864891417186357,5.5440852138234025,0.4479007438438021,-6.1539497671652015,8.295094554690968,2.964466946695524,0.5780656800631498,357.19056879614726,17.462169924698447,1303.5017528576277,1305.1253096554258,1289.0749866798426,1299.4660913113785
2024-05-20 00:04:07.682561,247.6825608536179,12.972095728981113,77.59491875762984,18.957818300016818,5.9560454499562905,0.045254714676823404,-1.5536729518816799,6.155519883206798,0.30686443706841987,1.149851493377402,357.2075780545181,17.486887937756435,1291.4055433215585,1282.094087513017,1295.4514436519312,1302.1192019018588
2024-05-20 00:04:07.782594,247.78259419806605,12.972098642893817,77.5949192430249,19.55405321407565,5.559862167354364,-0.14200981248863184,6.808995526354877,8.791737836442927,-0.17190926002072962,1.9030135843859455,357.2397905024136,17.46878962437761,1283.0711142945665,1311.5020377737817,1296.730214935497,1288.592730753081
2024-05-20 00:04:07.882628,247.88262754251417,12.972087944078545,77.59491061535245,20.320071489684114,5.3656980713731866,0.1816546265698032,1.8134751133265752,5.6667809365765125,-0.7151997916483067,-3.186677669775237,357.33985061132034,17.217554901874966,1298.9074911103528,1305.1267763996182,1279.257128831955,1305.784754938561
2024-05-20 00:04:07.982661,247.98266088696232,12.97208612688642,77.59492160584846,19.916869175394357,5.730078790079375,-0.5391034600449246,0.08929993092901611,5.756075916700009,0.026418337322581722,0.8562564294093759,357.4230295756479,17.523532554769503,1321.5021467924055,1313.4017694056517,1310.7054382239235,1308.4709272178566
2024-05-20 00:04:08.082694,248.08269423141047,12.972083880194786,77.59489688097706,20.33793743118375,5.629665894135557,-0.21547740088406303,-3.116654950985321,6.438408706612695,-0.6107287233635338,0.0660886351226156,357.4028776529044,17.40357061704607,1301.7724049631488,1318.571256557323,1287.5141625457895,1284.4867620829007
2024-05-20 00:04:08.182728,248.18272757585862,12.972072409013624,77.59488829070789,19.293330338918462,5.689218366753834,0.1637796990259327,0.07705511578049595,5.692096881228404,2.5916861482436913,-1.474457434302879,357.4147126286855,17.21418964345798,1303.2393956048693,1290.2795354986881,1281.6093601492594,1284.767162242248
2024-05-20 00:04:08.282761,248.28276092030677,12.972075160825401,77.59491335206782,20.353353593060476,6.329021075981239,-0.24377875763564305,6.097835948775071,8.79201564608837,0.5666115402849393,-4.5326665733933496,357.59888986106,17.311079219966555,1295.791329373218,1296.7067798419953,1308.9264813304676,1287.3445634338182
2024-05-20 00:04:08.382794,248.38279426475492,12.972080040734575,77.59489690136193,20.51330418662272,5.10739805714357,0.019445472283773954,0.7334619062569487,5.159831335270207,1.8225076512207885,-1.683341636783917,357.5222255550138,17.104623809731525,1304.78311523104,1311.7923289240628,1313.6857629917065,1297.6394960048783
2024-05-20 00:04:08.482828,248.48282760920307,12.972094373495555,77.59490105069318,20.500094888076873,5.475889836392729,-0.13549016752697093,-1.0389783305590754,5.575231211095823,-1.3570938388474176,-1.4975251959472926,357.52819532074096,17.27890836707398,1305.3056492146331,1310.6973266506066,1306.273220811874,1301.7889640833075
2024-05-20 00:04:08.582861,248.58286095365122,12.972079965235368,77.59488934342319,20.305439232192757,5.730625001930669,-0.13252308389503925,-1.3302950845577612,5.8844974545424416,0.2532633172162454,-2.0409352037981674,357.5651430960024,17.20360328009588,1294.7398281177968,1284.1435725933027,1292.302851457022,1310.0610085501305
2024-05-20 00:04:08.682894,248.68289429809937,12.97208271621468,77.5948960197097,20.233947155254377,5.587615417446291,-0.3994145971969073,-4.973264236965818,7.490950223063871,0.4994864611162888,1.3038642924514932,357.5628719926357,17.196366787837928,1302.8860765859515,1316.4031510270463,1287.1965882334873,1308.9511437167657
2024-05-20 00:04:08.782928,248.78292764254752,12.972064593438272,77.59490292843714,19.310454723296626,5.185390006853749,0.11891596179425708,-3.89523891065015,6.486547363597304,2.7339112637812595,-1.0546355540763355,357.59898792690814,17.01344283873422,1302.2743125840257,1306.9733233978968,1310.0527703045002,1308.9067083159628
2024-05-20 00:04:08.882961,248.88296098699567,12.972040335145271,77.59491624225629,19.454639603940574,5.585389271909275,0.12812371931750233,4.44751037685289,7.140961949095171,1.7830025211464235,2.850775510501867,357.39284258173234,17.052794360897806,1276.6284097484274,1309.6560061043074,1306.4783364274347,1300.8938256045176
2024-05-20 00:04:08.982994,248.98299433144382,12.972064161952876,77.59491982495479,20.200253398225517,5.9721445861340525,-0.1133842479933175,0.559493563402782,5.999366632643184,1.3960987518741161,-2.7222482775828283,357.4496929281933,17.00089090484295,1294.8520292558906,1302.605895931068,1297.3097265199417,1302.773219769039
2024-05-20 00:04:09.083028,249.08302767589197,12.972082402783832,77.59494066790477,19.56657562862936,5.3599927968654475,0.018556019820590467,-5.3244979396006045,7.555140330737222,-1.3047197413763356,-1.7079124145678022,357.54838135998966,17.120949675162045,1295.6347301754338,1284.1851415353528,1286.3850577412247,1291.019216003471
2024-05-20 00:04:09.183061,249.18306102034012,12.972090176599895,77.59495453885077,19.134998725414455,5.667237166145469,-0.09915414585989782,7.946429305714091,9.76079645073564,5.015602056633777,-3.1651841570228236,357.6082160038905,16.87335167721641,1283.556119510958,1298.5182449937504,1309.9542404914982,1301.9751341030499
2024-05-20 00:04:09.283094,249.28309436478827,12.972089174304408,77.59495294690404,21.1563914283721,5.389371569965444,-0.41018337686132667,2.542849641415998,5.973245401007281,-1.3852988196183185,-1.9938951381182863,357.57525546471584,17.06055022901157,1302.2908091109175,1298.4479091034173,1301.8672101093036,1312.625154426708
2024-05-20 00:04:09.383128,249.38312770923642,12.9721218751981,77.59494796415406,19.643738233533696,5.450377888433478,-0.21547049221045086,-8.29302291750048,9.926090658961673,-0.37955615462245673,3.510479500054908,357.74212841604384,16.927640482925945,1311.2672360047661,1281.5361045903126,1298.3456865875671,1301.8516197005583
2024-05-20 00:04:09.483161,249.48316105368457,12.972102835105835,77.59493845003612,19.497233792326647,5.550453365699648,-0.08131278596175455,4.410735200793937,7.090044382476751,0.2258179418064675,-1.2039810329005014,357.6020246919127,17.038095402506666,1305.4262161535623,1304.0072932531168,1292.8618578105918,1301.4881826862634
2024-05-20 00:04:09.583194,249.58319439813272,12.972109221122068,77.59493929187379,20.526179420754893,5.669257688858327,0.17160566526135046,-2.5777401023160564,6.230142476871411,-0.2056488289802376,-2.818093312889248,357.59639797232967,16.83752957730424,1304.823869274601,1288.861224259628,1316.6456802815903,1298.6379612626101
2024-05-20 00:04:09.683228,249.68322774258087,12.97210277330396,77.5949487980049,18.981513865221064,5.194874842529985,0.2906078948188944,-4.591793451942181,6.939434031920837,-1.5072881612611053,-1.5226871282395469,357.67227883732033,16.684330484665747,1299.8089741320462,1303.3896827634996,1294.0178049502922,1276.378800813985
2024-05-20 00:04:09.783261,249.78326108702902,12.972111566033446,77.59495456906201,19.60751450872911,6.148786709774988,-0.007963131088443069,5.541162193633227,8.277204834357578,0.5326679331278186,0.6884498717503873,357.8650884119002,16.744784930551212,1308.8805920072411,1300.207377355958,1299.0708677338732,1295.4209737720587
2024-05-20 00:04:09.883294,249.88329443147717,12.972124158985084,77.59495839958186,20.090115837938622,5.506025195817013,0.0760283155963,0.5548020965387508,5.534428527686304,3.1121372753604497,1.2116401458160404,357.9928601887355,16.84256701423395,1301.6468182729427,1313.5495838498844,1310.7938830141122,1286.9127547038338
2024-05-20 00:04:09.983328,249.98332777592532,12.97214205202977,77.5949629881806,19.718511927176344,5.734250640554516,-0.09728397125628743,1.0098670465114594,5.823308855916287,1.705120036975686,0.06509354546825805,357.8612978349337,16.809845053287575,1293.0002414716425,1297.9205841253197,1287.9289621626976,1298.1866597775365
2024-05-20 00:04:10.083361,250.08336112037347,12.972152212243055,77.59495154510398,20.292156594159653,5.1850871535255445,0.44656553296510443,3.8607812968051007,6.479983162528135,-0.25104704591673943,1.9671163728405954,357.79735952184336,16.616271546520846,1315.9398353201445,1301.3765135659603,1285.4794497580413,1311.711724237576
2024-05-20 00:04:10.183394,250.18339446482162,12.972155564365742,77.59494787166705,20.490925657780902,5.379692856496093,-0.014880769374640819,0.11449089755990371,5.380931595286856,-0.1794579115767071,0.21125876518975617,357.7733737864404,16.53120438506693,1302.5927999031976,1298.2249117030888,1294.462326088688,1297.5243047446363
2024-05-20 00:04:10.283428,250.28342780926977,12.972148333741524,77.59496127847429,20.31506240894323,5.990562792951668,0.11680036048541409,-0.07634323700341383,5.992187679833014,5.173135655226143,-0.7480365585232075,357.77074264274205,16.478166876624194,1314.9793811508146,1313.5495849028791,1314.0576462297956,1308.2147438641518
2024-05-20 00:04:10.383461,250.38346115371792,12.972147258937758,77.59495870935234,20.475651919134005,5.298536657589955,0.05605903421954528,-5.992015737492451,7.998867790225025,3.4628960598304404,-0.08285850330614598,357.58551495941725,16.662252410940944,1293.0499603958597,1316.7157261566076,1298.5234738254137,1307.000315398935
2024-05-20 00:04:10.483494,250.48349449816607,12.972146119043146,77.59494904382177,19.116259660528595,5.373950414898458,-0.44666362799245624,-0.4757405750157915,5.413425953412038,0.46642982053097604,4.794323357859473,357.48920380123036,16.52972684162045,1293.6248787787952,1291.5209521929457,1295.0270881798012,1302.218950910697
2024-05-20 00:04:10.583528,250.58352784261422,12.97214729232968,77.59496264776189,20.380472077516973,5.357996213542283,0.3059157672605385,0.9898263547557917,5.457239603825472,-0.5373595855187595,-1.640394698926548,357.67793510090837,16.43281759404551,1292.5540718076018,1302.9572386779646,1286.6253347454297,1299.398027845634
2024-05-20 00:04:10.683561,250.68356118706237,12.972158595096762,77.59496446864168,19.314290941906883,5.74588424169032,0.18046340287465035,-1.0293116661898125,5.840140003872912,1.8454659958804147,1.1706399137286576,357.71373239512417,16.518706311166525,1300.6637517400804,1296.287226099105,1315.1186038345602,1296.3485734148408
2024-05-20 00:04:10.783595,250.78359453151052,12.97215573711705,77.59495398832017,20.174541100620043,5.470316970998647,-0.25149759756898066,0.8236745919373334,5.537694343152384,3.931814369971194,3.932730110289038,357.80427145537783,16.528461929839658,1308.3811193405259,1279.7962596307354,1314.0597088807904,1301.0791358809688
2024-05-20 00:04:10.883628,250.88362787595867,12.97215473725768,77.5949531948411,19.479080790243795,5.267967596917652,0.30399553574459626,0.826621132937774,5.341085880731213,1.9610937224381286,0.6446974963482458,357.76707710169444,16.407139464469065,1294.6814136755645,1286.9534652973093,1280.637290644806,1302.763393460552
2024-05-20 00:04:10.983661,250.98366122040682,12.972140043772837,77.59494496413815,20.339920453658614,5.757032562573632,-0.0031198362400141266,-0.8395000508051282,5.817920074666985,-1.2838213706442483,1.4532945783316404,357.813021077725,16.345385177096507,1306.5659933699746,1299.8602331426227,1293.5439960200863,1306.9780862853552
2024-05-20 00:04:11.083695,251.08369456485497,12.972122831142256,77.59494172037375,19.31112479475094,5.477596631065785,0.08619146707199044,-3.502156506472943,6.5020453718418505,1.9852005807386879,-0.4686738035337846,357.65946127366755,16.45044851156333,1324.6714574174468,1286.0116961081596,1282.9766330732834,1302.2957159598452
2024-05-20 00:04:11.183728,251.18372790930312,12.97212797025637,77.59492468528317,19.63925559741194,5.689279567092226,-0.15132755398314587,4.1801294813516705,7.061464756124823,1.9072009255568583,-8.135723213071202,357.63105545651575,16.192872320710546,1303.82359766667,1307.6958965459478,1281.7700007370004,1276.9154955839347
2024-05-20 00:04:11.283761,251.28376125375127,12.972115211725606,77.59492827881137,20.147429459242773,5.665564267952026,0.18431258979689255,0.36109854267094477,5.680051211263107,-0.2160251645443726,-0.694219967020812,357.57294628540103,16.20101865856447,1305.4312120187801,1303.9080750850046,1283.3989617582472,1294.3613797587936
2024-05-20 00:04:11.383795,251.38379459819942,12.972119868976899,77.59493683828322,19.711499387209393,5.343747437654413,-0.1784010760630501,2.206782662671401,5.7842331679874075,-0.7198073291673569,-1.7723588912822,357.60579774627865,16.2537781090623,1312.944468068203,1290.1181325394361,1297.9233062369221,1288.7745000022671
2024-05-20 00:04:11.483828,251.48382794264757,12.97210298329161,77.59494555860903,20.5889331596772,6.108411922946299,0.19689858656908277,2.082033378592442,6.456495044786952,-3.3501026825029503,-2.1433310731778903,357.4843904843223,16.315176529268644,1319.65418709601,1301.9147708454525,1304.470464540924,1303.7012583958733
2024-05-20 00:04:11.583861,251.58386128709571,12.97210047988973,77.59493330778123,20.12804491143596,5.459877129905117,0.14822663292763472,-6.494164159441652,8.485658344415388,-0.47639591352044897,-0.16625550956326318,357.4572744574815,16.18757978154243,1319.3972083247177,1305.729026833306,1291.6914720952632,1302.9615884616414
2024-05-20 00:04:11.683895,251.68389463154386,12.972091149085443,77.59495231139692,19.289667239148688,5.522001765363877,-0.12872645545403255,-2.6501029620307293,6.126346358669217,1.5880850812690939,-0.4514989001561579,357.36723832976116,16.100294547543157,1306.8352183033026,1295.3127186392937,1295.6793951514587,1312.2320238462382
2024-05-20 00:04:11.783928,251.78392797599201,12.972099839152868,77.59496261917383,19.597847586588195,5.38274408424779,-0.22298108015919182,1.7727610275887002,5.671537366495162,-0.5759596079823239,3.079081428781415,357.24225532362743,16.157091466260994,1304.134021618279,1288.7895373652775,1289.4634072378135,1315.2588151832574
2024-05-20 00:04:11.883961,251.88396132044016,12.972109226433393,77.59497183446831,19.64433766814276,5.750405198488779,0.19822087609551117,3.0470762331872123,6.510846721693056,0.03199761366459841,1.4566199653714271,357.24531993667205,15.946716073328338,1297.8925492933909,1292.589065658476,1282.5363129399666,1304.8946998528597
2024-05-20 00:04:11.983995,251.98399466488831,12.972114396528086,77.59499315906154,20.20746603937657,5.628535849869619,-0.032853498202536954,1.671440701110484,5.87155934849852,1.5527768577969918,2.708098415925533,357.11087291053605,16.31411089691847,1304.8640892277597,1302.51952326471,1307.7580277370485,1309.527800405449
2024-05-20 00:04:12.084028,252.08402800933646,12.972134484593257,77.59501211713122,19.978737274900443,5.489049431061222,0.025227944447655304,-0.6408641813861351,5.526391861314062,0.796446737679718,-3.0050818112015567,357.0276300877917,15.977735463508447,1306.230015745182,1290.3956538464456,1295.7721431540972,1289.834531071635
2024-05-20 00:04:12.184061,252.1840613537846,12.972127201673816,77.59502796830324,20.079250464574407,5.550265111542334,0.01869621542655715,0.5363213958809041,5.576148580925275,1.4632952176751177,-2.3895459457267947,356.9948442681814,16.08094558503888,1304.1509267228416,1301.2371981180938,1314.4873168712668,1295.2945089842876
2024-05-20 00:04:12.284095,252.28409469823276,12.97212716176859,77.59503304925964,20.086037320758578,5.508754659090621,0.3394052381685656,3.9941511875684625,6.812842102889472,-2.099014422448485,-2.204744568831891,357.032190840262,16.017699502330892,1320.1681081142563,1299.220929747446,1284.5528717137645,1287.9790134855414
2024-05-20 00:04:12.384128,252.3841280426809,12.972122555765969,77.59504082466582,20.878347067622453,5.578915936301571,-0.2857552174715408,-3.616542645833931,6.654723118039348,-0.09947521396466104,3.9672192104479063,357.04080882937217,16.010196936624315,1288.971964152863,1308.7118412790744,1309.5826944763387,1290.3835677005636
2024-05-20 00:04:12.484161,252.48416138712906,12.972100159067477,77.59501541027733,19.36248760835432,6.070671739365724,0.011224234877003489,-3.710828529455469,7.11501438688657,-0.8654379232663164,0.5317261124661588,357.04646135527486,15.74458866424553,1283.241650454337,1281.9916650367209,1307.5747117380645,1291.3203799068565
2024-05-20 00:04:12.584195,252.5841947315772,12.972076749667728,77.59500692039893,20.135933890672373,5.439940622841419,-0.036352662459556005,7.2006585874593725,9.024619636819082,3.166962178098023,0.7932277446240124,357.04890486808284,15.881254634385604,1302.8811478655098,1300.2196560633968,1302.183543198925,1297.314235935001
2024-05-20 00:04:12.684228,252.68422807602536,12.972064379291785,77.59500807481925,20.803099529820024,5.365939823604795,-0.11374420488518502,-3.4507652222834793,6.380754544253679,-2.4765172305225422,1.301058125893688,356.9607926860639,15.64267368198883,1305.3873019473515,1312.6866185818367,1296.2588815211425,1290.9471920704552
2024-05-20 00:04:12.784261,252.7842614204735,12.972080244834824,77.59499062807339,19.445550718491614,5.6289744469619984,-0.23253815895041893,-1.5514278323919228,5.843488310849906,0.9105212730561862,3.3914622477523357,356.8773272341611,15.626588849203854,1292.207983945525,1298.9107828020567,1293.2600358942707,1285.7899707039624
2024-05-20 00:04:12.884295,252.88429476492166,12.97208811868044,77.59499935506851,20.492710500331807,5.573236335107985,-0.06413215349388933,-0.9606067449497431,5.65577947753646,-0.1052894776705075,0.4008875945827128,356.8873502560391,15.662514201132627,1313.0155738643,1312.8292854776564,1311.2282368281672,1302.9928491636163
2024-05-20 00:04:12.984328,252.9843281093698,12.972086972477198,77.59500199252088,19.25336530769807,5.70232582753669,0.2035881807660922,-2.4415844653724434,6.20639208335146,-0.11042128946805457,-1.506599814124541,356.8168596096966,15.85289145568553,1293.7947822648873,1292.725523582279,1308.8195998032688,1296.2293238180166
2024-05-20 00:04:13.084361,253.08436145381796,12.972077429290543,77.59499328621871,20.0042307806841,5.4502351055959215,-0.07444280647718624,3.0991477654312263,6.270193083923632,-0.29173003620527427,-1.5105508871617481,356.74813189465726,15.728254559875666,1290.6493843711696,1285.6095836801164,1313.4141487690933,1299.0760250561077
2024-05-20 00:04:13.184395,253.1843947982661,12.97207793811652,77.59498407092542,19.87340153952826,5.7670205189519335,0.011972656019042969,-2.8633631576360017,6.438751244069924,1.1000032952371026,0.2500551708004032,356.7169223083516,15.523553186714382,1307.9853210598528,1291.562033546471,1292.2515275974251,1307.9633531283537
2024-05-20 00:04:13.284428,253.28442814271426,12.972077798469096,77.59499540156054,19.431367194628212,5.622134142772847,0.08915895454719512,-0.5726388073477864,5.651925056313894,0.8132663557801479,-0.18225345857352473,356.7433439133836,15.745501579135043,1259.2006837552917,1275.5365550094248,1293.1671630792252,1306.0755080388399
2024-05-20 00:04:13.384461,253.3844614871624,12.972075672072531,77.59498625598236,19.758835589408662,5.840769666586486,-0.054734749244992026,1.3341063626664607,5.991446067336237,-0.8365765853875221,0.9207061530725681,356.79146377261844,15.578360046026964,1308.1491828014935,1301.0217807932302,1307.8338382338213,1281.9173629361326
2024-05-20 00:04:13.484495,253.48449483161056,12.9720829100785,77.59497637869666,19.69827743724238,5.919265475326002,0.29722468489370496,0.9638740877065146,6.0045898725598725,3.553514680436992,-0.666548226103645,356.855348924742,15.40479848717463,1299.522855641918,1276.2172315069772,1296.2283912915734,1301.2400050353335
2024-05-20 00:04:13.584528,253.5845281760587,12.97208321222158,77.59498953004442,19.951674686649046,5.410929522250293,-0.2527309349694915,-0.08129297465981722,5.417438487696873,-4.757490627681302,2.203136240806383,356.82688148494435,15.556488958916873,1307.3023985795567,1316.0532276998454,1306.8483504026299,1301.965023322681
2024-05-20 00:04:13.684562,253.68456152050686,12.972076937249533,77.59498952789387,19.682013420971657,6.258578834891441,0.04444197607899855,-2.6128460151173414,6.782237714833024,0.9676036473681859,-0.7002593962489309,356.78811565267443,15.427167847261872,1294.9002031375828,1296.4896508855727,1297.612369656397,1299.1889792564962
2024-05-20 00:04:13.784595,253.784594864955,12.972074219027322,77.59498781646022,19.428931235808626,5.856718869446442,-0.04467560500543345,2.455485473086526,6.3507921343680875,-2.543585144807009,0.8043813958517354,356.7200898671215,15.425008242123127,1307.5255079228398,1282.8690516134072,1294.5510508773195,1301.4927655116257
2024-05-20 00:04:13.884628,253.88462820940316,12.97209307528654,77.594987820315,20.17327426920504,6.009368754362504,-0.10213670099892268,3.390668042335392,6.900693769825887,-3.394667955962064,0.31814134840174857,356.7489719468825,15.394698518320608,1304.207202263736,1299.5390046703608,1301.9464318560222,1313.5036636282962
2024-05-20 00:04:13.984662,253.9846615538513,12.972073405838175,77.5950045216342,20.107290964185168,5.312993253401594,-0.14999754267438867,-0.14814336169440878,5.31717434631528,-1.9117446117943893,0.9146539450162907,356.9067372580375,15.399847909146944,1316.4550060742722,1301.4995527518781,1296.3365296453017,1289.644279723933
2024-05-20 00:04:14.084695,254.08469489829946,12.972069560950986,77.59500678737872,20.143635717348875,5.311920350392102,0.11579903366616875,2.630595224122814,5.928738352995984,1.3483342954668889,0.6650642009894578,356.8966416779219,15.325334956678587,1308.5171678054312,1301.6987098759307,1310.5926331239684,1308.9932317809714
2024-05-20 00:04:14.184728,254.1847282427476,12.972063683049713,77.59500289420411,20.63358544050184,5.675061262939675,-0.19328508444808792,4.081110762736998,6.992792326368368,-4.995641998325826,-1.9964386566112344,356.8903297275922,15.126081973486201,1297.857749441836,1317.005627902223,1311.5655993609648,1301.8521439149404
2024-05-20 00:04:14.284762,254.28476158719576,12.972074279869824,77.5949879805304,20.96013003466872,5.650387596462429,0.04259697897806339,-5.910585887477978,8.177023910086625,-1.9831981687433284,-0.04579148530337677,356.82023971973007,15.430229812062693,1318.3466261150231,1302.159519776104,1305.2727745706661,1294.6536850811067
2024-05-20 00:04:14.384795,254.3847949316439,12.97209008059936,77.59496400011572,19.451074092556922,5.558800552027438,0.2091138051298044,-4.71807535780853,7.294122787743328,0.27705463473780956,1.0715783818935751,356.9011144601801,15.41142140301607,1291.4088336436887,1297.2546813333818,1306.2555241697964,1305.697399210282
2024-05-20 00:04:14.484828,254.48482827609203,12.972096053967848,77.5949491004515,20.01620031986829,5.853390121485706,-0.08946869922568476,-0.18358118615643093,5.856951648627312,-0.06958949941403116,-2.2150277025458425,356.7843111938394,15.097146666824694,1304.8551175348346,1302.4544326478433,1297.322487931149,1298.511901273747
2024-05-20 00:04:14.584862,254.58486162054018,12.972111142902849,77.5949627367404,19.41434561249862,5.352251652018928,0.15536498570353907,5.0473323776940475,7.3584169599337494,-1.8072285955968859,-0.564424966040416,356.8046220355975,15.298025894628722,1287.830488830259,1290.1179135580064,1288.95157170503,1289.9197650380308
2024-05-20 00:04:14.684895,254.68489496498833,12.972116892050025,77.5949506406521,21.026003396432625,5.886516756602832,0.013979166413949699,11.969783250313142,13.33892746821635,2.8453761305626513,1.4735399448474524,356.65540797590205,15.078487167992812,1297.4396930191674,1318.0616452203642,1280.8341277441511,1314.0539280854998
2024-05-20 00:04:14.784928,254.78492830943648,12.972118283845724,77.59493374647991,21.80910051419516,6.015402012984065,-0.025667203152347374,-1.9761463791156189,6.331735519967821,0.8876471330505957,-0.3099002709208536,356.6801738902223,15.317647865087821,1307.5693750116031,1316.8200926903053,1318.9923784413363,1314.0530666500656
2024-05-20 00:04:14.884962,254.88496165388463,12.972121453482808,77.59493458289234,20.63064233358855,5.616838938209435,0.1356963621515206,-9.617775930593496,11.138622312099034,3.02454996298079,-0.1472822015659276,356.7771592967454,14.899588891720285,1284.8782234668074,1305.0674298956023,1296.8538820491533,1294.6670688312424
2024-05-20 00:04:14.984995,254.98499499833278,12.972105233646603,77.59493218682093,19.88490392921479,5.77749578655398,0.18891945895251994,-3.1521605973867537,6.584167719411279,-0.6334025212947642,-4.686019284074414,356.78192373278705,14.92906658152298,1296.796664858917,1297.9694263522117,1287.8034285896338,1302.503461161199
2024-05-20 00:04:15.085028,255.08502834278093,12.972092454373163,77.59491967843209,20.0,0.0,0.15818941541075468,0.352645616970662,0.3865007403830103,-1.2764657822365566,5.238586007868586,356.7327864621884,15.017247289054525,1274.225779694913,1284.821688978217,1293.1572454092109,1290.998381181421
2024-05-20 00:04:15.185062,255.18506168722908,12.972080530942604,77.59490525706025,19.955456570155903,0.0,0.29743511155231406,-0.4452858203414962,0.5354877285067667,-4.73045293793137,5.07203441393555,356.8316394762535,15.163039750358275,1282.0238032654875,1302.6648548877797,1307.4684694221949,1303.033937632718
2024-05-20 00:04:15.285095,255.28509503167723,12.972071860703995,77.59490346303697,19.910913140311806,0.0,-0.3836051923574477,-0.44528582034151043,0.5877349788814737,-0.06556137052830595,2.4985260857928933,356.907445084881,14.761950702670909,1291.6132304703299,1287.9614753172882,1303.7588844757472,1301.6606892655989
2024-05-20 00:04:15.385128,255.38512837612538,12.972075586273995,77.59491714790708,19.866369710467705,0.0,-0.11131730780964043,-0.44528582034151043,0.4589891118699856,1.214884726808052,0.5046571190855346,356.77790614371764,14.760330158323168,1303.417648533944,1293.24172440912,1279.7214950740706,1303.6527529797045
2024-05-20 00:04:15.485162,255.48516172057353,12.972075427224748,77.59490583606312,19.821826280623608,0.0,-0.08401861700716143,-0.4452858203414962,0.4531430125258419,1.1592179149943305,-0.8736008831096278,356.7867824278877,14.757776931912055,1299.975067882557,1290.6172927947007,1287.7234424439307,1297.6637724990894
2024-05-20 00:04:15.585195,255.58519506502168,12.972092080802033,77.5949043518005,19.77728285077951,0.0,0.24345784831489092,-0.445285820341482,0.5074950105205992,1.7144017591910863,-0.08543812010673794,356.83869489857426,14.728882506849235,1315.3192042425978,1299.918933365682,1288.3302808448911,1295.7964937850882
2024-05-20 00:04:15.685228,255.68522840946983,12.972085212682826,77.59490978669182,19.732739420935413,0.0,0.38709518600531856,-0.4452858203414962,0.5900187665029744,0.6119532178619743,-4.082527728883017,356.9125490914457,15.030020193079924,1297.7423747455764,1297.004416662847,1298.6968126836243,1313.177598609074
2024-05-20 00:04:15.785262,255.78526175391798,12.972094666382148,77.59491835152679,19.688195991091312,0.0,-0.09828578771465374,-0.44528582034151043,0.4560039011498716,-0.7284743995251451,1.139119573766616,356.8217327568564,14.775224297301145,1301.1163663687742,1314.9356439274027,1302.6462199394844,1308.3905312697423
2024-05-20 00:04:15.885295,255.88529509836613,12.972086253214561,77.59492702078187,19.643652561247215,0.0,-0.014005419106092607,-0.4452858203414962,0.4455060196692482,0.01090018676850144,0.7373098373291403,356.84101437891326,14.794480418790801,1292.2538137430863,1308.2588388149425,1300.0742895870112,1306.410411798572
2024-05-20 00:04:15.985328,255.98532844281428,12.972088446464983,77.59491874986298,19.599109131403118,0.0,0.062128649521314055,-0.44528582034142516,0.44959918915460495,-0.24222807680392072,3.515028803439699,356.8417402182182,14.648799582566067,1304.5218880973805,1303.0506987343426,1292.727581121191,1302.6292249070348
2024-05-20 00:04:16.085362,256.08536178726246,12.972091757433981,77.59491480595328,19.55456570155902,0.0,-0.04914367426463911,-0.44528582034142516,0.44798946697145114,-1.6073745301264017,-2.30756870983982,356.8655423659148,14.71170991782704,1282.9949032724514,1292.2712809688483,1308.528786555387,1300.8367745772196
2024-05-20 00:04:16.185395,256.1853951317106,12.972101198425465,77.59490206497462,19.510022271714924,0.0,-0.13085247673615472,-0.44528582034151043,0.464114029593157,-2.8851201941583606,0.3211008786594379,357.00517834243783,14.614524014504052,1299.164736380444,1305.6903256219748,1297.8550487457385,1330.0829005770106
2024-05-20 00:04:16.285428,256.28542847615876,12.972109188279859,77.59492420007817,19.465478841870823,0.0,0.06496189270472974,-0.4452858203414962,0.4499994547785364,0.7826076187529089,0.4087409094022997,356.9660020823749,14.70605504635527,1300.4372515818116,1293.8163565788814,1285.3701988158798,1299.349453355132
2024-05-20 00:04:16.385462,256.3854618206069,12.972106868042879,77.59491539964738,19.420935412026726,0.0,-0.055777363439578634,-0.445285820341482,0.4487656137333357,-0.7458771880854251,-1.5436515631961096,356.9714116066575,14.612304171079597,1292.4564447452258,1305.9193024903223,1282.6349397223416,1303.6084679009014
2024-05-20 00:04:16.485495,256.48549516505506,12.972088885130336,77.59491713413081,19.37639198218263,0.0,-0.16913307635221694,-0.4452858203414962,0.47632495138672304,-2.148049494511538,2.795137819712582,356.66185461307623,14.619055858240408,1317.9618294867905,1294.7428025028835,1297.8602431166414,1292.1531646372548
2024-05-20 00:04:16.585529,256.5855285095032,12.972087796228582,77.59491674810772,19.33184855233853,0.0,-0.3422713429504786,-0.44528582034151043,0.5616307808536993,-2.9559281656634053,0.15606564118373412,356.85221233241253,14.484165826306612,1296.0047332381976,1303.6356836402088,1310.575433519536,1290.528013243455
2024-05-20 00:04:16.685562,256.68556185395136,12.972080883640633,77.59490996296,19.28730512249443,0.0,0.14816891089530132,-0.44528582034151043,0.4692904089720049,-2.048939259884471,2.532372346755646,356.9348699273884,14.430204449036552,1287.1262832728091,1307.9647007385138,1285.0294605487416,1272.020558363865
2024-05-20 00:04:16.785595,256.7855951983995,12.97207342472891,77.59491736101685,19.242761692650333,0.0,-0.11992084601909854,-0.445285820341482,0.46115124537089014,-1.0999305556949832,0.5938885995327015,357.09067638871096,14.407075954529514,1306.49486600484,1297.292158245956,1284.5343494202407,1299.2005148021792
2024-05-20 00:04:16.885629,256.88562854284766,12.97208776361378,77.59490595594852,19.198218262806236,0.0,-0.3594746626598666,-0.445285820341482,0.5722774632043547,-0.5877561113556452,0.16217387341815864,356.9898715005074,14.37923089526078,1304.9664566710355,1288.9854151209177,1283.7204767325002,1298.1134025956983
2024-05-20 00:04:16.985662,256.9856618872958,12.972087052403138,77.59489999200076,19.15367483296214,0.0,-0.10215724894563655,-0.4452858203414962,0.4568539868594122,-1.1192019062744145,-0.3754938721057181,356.9533853229947,14.222049940802853,1299.8398736036017,1286.0452234823306,1279.148410092082,1310.8539145021239
2024-05-20 00:04:17.085695,257.08569523174395,12.97207784535892,77.59490983187428,19.10913140311804,0.0,-0.25984568214869647,-0.44528582034151043,0.5155572134385604,-1.6274453303649374,0.7503504723540321,356.60840221734776,14.168709176964619,1301.388457355383,1287.0177265072243,1291.5028168485928,1302.7478950708412
2024-05-20 00:04:17.185729,257.1857285761921,12.972081872476014,77.59492063874805,19.06458797327394,0.0,-0.050392919763395605,-0.44528582034151043,0.44812822736298585,-1.9744221519494953,-0.45358432054730285,356.6318491025586,14.245666417889474,1298.4413711248706,1307.3274877575209,1303.8576162065933,1309.9466862235993
2024-05-20 00:04:17.285762,257.28576192064025,12.972069524438261,77.59492296325713,19.020044543429844,0.0,0.2654284162404036,-0.4452858203414962,0.5183933891795769,-1.5381148412017343,1.7583276043972746,356.6104837543362,14.268604472100506,1298.011687896981,1309.0503980606188,1294.7414436896872,1282.8545937429465
2024-05-20 00:04:17.385795,257.3857952650884,12.972072030016527,77.59493201337064,18.975501113585747,0.0,0.01796739747381054,-0.445285820341482,0.4456481674697748,-3.358672526453859,-3.5328038507960415,356.44624261810145,14.11534490328496,1292.018287508584,1286.3548483428829,1278.3878963771333,1280.9062117190663
2024-05-20 00:04:17.485829,257.48582860953655,12.972076915280525,77.59493139026502,18.93095768374165,0.0,0.08566355180327635,-0.4452858203414962,0.45345088587933297,0.22420832681192673,2.6741721967420715,356.54089100272347,14.271068494365398,1300.6318382341317,1305.4155156375964,1301.02836091274,1294.3594787310228
2024-05-20 00:04:17.585862,257.5858619539847,12.972079384687364,77.59493059156864,18.88641425389755,0.0,-0.030607021246119328,-0.44528582034151043,0.44633647794771636,-0.8071715427266247,-1.4733513748395861,356.6149275470497,14.082060989745031,1287.3381580529071,1276.8216169328007,1289.5655192899471,1276.7224278802958
2024-05-20 00:04:17.685895,257.68589529843285,12.972100767396972,77.59491655639424,18.84187082405345,0.0,-0.06423956049570993,-0.4452858203416099,0.44989574673471017,0.39040972756219694,-0.09606712406851164,356.6682642303104,14.076327002429903,1300.1502703294013,1302.8349609497952,1291.8182720311343,1277.6780580785905
2024-05-20 00:04:17.785929,257.78592864288095,12.972100298984321,77.59491327537633,18.797327394209354,0.0,-0.15850338691555294,-0.4452858203416241,0.4726550385439836,1.239639925196543,-0.8892839601213384,356.65069996478036,13.96157594707558,1298.7959351497468,1304.5048904515259,1290.0883390465283,1281.9591216880174
2024-05-20 00:04:17.885962,257.8859619873291,12.97209005502063,77.5949182482957,18.752783964365257,0.0,-0.013723803146810485,-0.445285820341482,0.4454972554011966,-2.387810544354034,1.6119052987795877,356.6112203715414,14.108541860671933,1297.7901963973131,1292.0349916584016,1296.154868039574,1298.674344446472
2024-05-20 00:04:17.985995,257.98599533177725,12.972080518675805,77.59492954398637,18.70824053452116,0.0,0.02543471394621621,-0.4452858203414962,0.44601164387348124,1.4051574575391903,-1.0360755968250757,356.5766070196098,14.013057469038488,1291.1322978138296,1286.3457995037672,1293.629656600364,1289.5041529653074
2024-05-20 00:04:18.086029,258.0860286762254,12.972073876146897,77.59492979523658,18.66369710467706,0.0,0.025713395943545443,-0.44528582034151043,0.44602762305507654,3.5056908556001103,-0.21834166692540116,356.5161911795206,13.99268979589286,1296.3007507453692,1299.590299213,1301.398156093692,1271.3711986088188
2024-05-20 00:04:18.186062,258.18606202067355,12.97207953517253,77.59494585568156,18.619153674832962,0.0,0.04999120189550224,-0.4452858203414962,0.4480832311793827,-0.7241700282240492,2.099970473542542,356.4432264741593,13.813933935709068,1280.4011091576879,1296.3822477120311,1288.3627986627748,1307.1747483877948
2024-05-20 00:04:18.286095,258.2860953651217,12.97208527476052,77.59494691036788,18.574610244988865,0.0,0.1156487529463745,-0.4452858203414962,0.4600587960850774,-0.5963511170516189,-0.40549339151078273,356.34501578426995,14.081880729645405,1297.9083395813284,1282.3135406331198,1290.9792962585188,1303.0836682270976
2024-05-20 00:04:18.386129,258.38612870956985,12.972084922239203,77.59494898936077,18.530066815144767,0.0,-0.07391186392157016,-0.44528582034151043,0.4513783617161689,2.4193290062494275,-0.2408380977464238,356.21578239570255,13.835176410719635,1302.2464922031565,1309.8677386915176,1310.9564384990322,1312.6370928675215
2024-05-20 00:04:18.486162,258.486162054018,12.972088466509156,77.5949327169839,18.485523385300667,0.0,-0.3104002725232651,-0.44528582034151043,0.5427962702338043,2.4965974922041765,-4.349171516055639,356.29007622676534,13.874579410499315,1287.3150527295895,1294.9913346007195,1287.5806084455498,1287.959609122463
2024-05-20 00:04:18.586195,258.58619539846615,12.972100633098945,77.59491817242011,18.44097995545657,0.0,-0.008916424971617648,-0.445285820341482,0.4453750828587754,-0.3420057099321743,-2.527689574959216,356.4151778521184,13.823442771960439,1289.512910337153,1299.2544854947714,1293.0804274516463,1292.7131975479876
2024-05-20 00:04:18.686229,258.6862287429143,12.972114790753864,77.59492349568848,18.396436525612472,0.0,0.04126142013246904,-0.445285820341482,0.44719343307849985,-0.9672101562832784,0.8261520799751944,356.3918587459065,13.762743045209813,1297.9364594023932,1305.4404999115916,1304.302462913207,1290.9485197315994
2024-05-20 00:04:18.786262,258.78626208736245,12.972111911716528,77.59491375469221,18.351893095768375,0.0,0.01709290326158139,-0.4452858203414962,0.4456137667746689,2.955895085334713,0.20667203946593463,356.48665509913207,13.702972904216796,1298.5575167203972,1308.9077723174057,1321.4243071237122,1281.1712728824264
2024-05-20 00:04:18.886295,258.8862954318106,12.97210722078555,77.59492398690392,18.307349665924278,0.0,0.04841300003601845,-0.44528582034151043,0.44790990206703335,-1.7605402578569453,0.845950228217579,356.52650724740704,13.780034816396347,1283.5221791635227,1291.2595201153092,1290.4684950844146,1290.9410066637358
2024-05-20 00:04:18.986329,258.98632877625874,12.972116765846085,77.59493411307079,18.262806236080177,0.0,-0.018484955478184916,-0.44528582034151043,0.445669334121434,1.4306427801966957,1.5115266106677323,356.5711910586493,13.696568763070418,1295.2638485598845,1295.901004239634,1307.274048662818,1275.931285836496
2024-05-20 00:04:19.086362,259.0863621207069,12.97210641395675,77.59492372590668,18.21826280623608,0.0,0.31130145640449725,-0.445285820341482,0.5433121189120924,-0.32264816598701224,2.138721229233739,356.3779114555456,13.392075485643058,1286.488784613824,1300.2687410573792,1283.5657254367932,1290.371140328895
2024-05-20 00:04:19.186395,259.18639546515504,12.972119242310242,77.59492606287895,18.173719376391983,0.0,-0.17502361441297515,-0.445285820341482,0.4784482494474908,-0.7196750328786322,0.20311799230140448,356.46040835378375,13.678683617704499,1312.6183940986832,1295.3547755695654,1301.9088799117915,1280.1895320467256
2024-05-20 00:04:19.286429,259.2864288096032,12.972099116287653,77.59491611069095,18.129175946547885,0.0,-0.26469413294001265,-0.44528582034151043,0.5180178045299959,0.6705915517805133,-0.7494027507693578,356.3859002724492,13.607891612414543,1276.777500775425,1287.85817297094,1285.4194861343517,1289.0076920671193
2024-05-20 00:04:19.386462,259.38646215405134,12.972095202703109,77.59491660916531,18.084632516703785,0.0,0.2764447464414174,-0.44528582034151043,0.5241194135235514,-4.301937257586221,-4.154871357853093,356.51532910237944,13.795440727502111,1281.6460903047575,1304.5591250018483,1292.3537883566355,1265.1808662494577
2024-05-20 00:04:19.486495,259.4864954984995,12.972098276411124,77.59491809948734,18.040089086859687,0.0,0.0318369302019399,-0.4452858203414962,0.4464225038255603,-0.6388322304897052,-0.6824767278533626,356.61787768873165,13.628673482574126,1279.567893609042,1276.684381899742,1303.1782724978923,1302.9943136418028
2024-05-20 00:04:19.586529,259.58652884294764,12.97210301143905,77.59491458960684,17.99554565701559,0.0,-0.16589101717843424,-0.4452858203414962,0.4751834291909755,-1.4256296819314254,-1.346556794661339,356.5571329716828,13.506738510769752,1294.4235020774977,1285.4834352545543,1296.9551672677012,1275.3324190669011
2024-05-20 00:04:19.686562,259.6865621873958,12.972113613910453,77.59490886820832,17.951002227171493,0.0,0.03203049685429732,-0.445285820341482,0.44643634991555037,0.8159719655639556,1.9584908677686372,356.45185905844016,13.414000664164936,1298.1762733230746,1288.9264325869888,1289.6238742491537,1315.8855319851646
2024-05-20 00:04:19.786596,259.78659553184394,12.972139816686855,77.59491737036433,17.906458797327396,0.0,0.004689206202470509,-0.4452858203414962,0.4453105101521954,4.509020230851435,1.8005430035083791,356.4831505018885,13.370194664658126,1283.017080173597,1294.3143682353211,1290.0638104776629,1277.4408420787697
2024-05-20 00:04:19.886629,259.8866288762921,12.97212740517512,77.59491311223685,17.861915367483295,0.0,-0.09661751662459082,-0.44528582034151043,0.4556472388985969,-2.1576506195241474,0.3862556151794739,356.47051246687596,13.370850988360854,1293.3638405644556,1287.8039377914163,1317.4600881299284,1271.3730348358768
2024-05-20 00:04:19.986662,259.98666222074024,12.9721309922506,77.59491789357408,17.817371937639198,0.0,0.30025013255724703,-0.4452858203414962,0.537056425245843,-1.5619026291740001,2.937518264297106,356.52374344776007,13.251676359076265,1284.8233289493792,1300.9317024517984,1292.6234745475442,1290.8504096413021
2024-05-20 00:04:20.086696,260.0866955651884,12.972134219976889,77.59491813764375,17.7728285077951,0.0,0.2075395372417592,-0.4452858203414962,0.49127601337305565,-0.1285157002321548,-3.2002096059799188,356.5847365438608,13.44948052043591,1295.964342892243,1292.8434971094005,1308.7102813155993,1272.7379972865153
2024-05-20 00:04:20.186729,260.18672890963654,12.972124512809398,77.59490819047512,17.728285077951004,0.0,0.03142368956168666,-0.44528582034151043,0.4463932235853062,0.4370564321432003,4.109109729134414,356.7258515929958,13.259356628783895,1288.9576805606296,1283.8153202632807,1297.9630492756246,1283.6852444061876
2024-05-20 00:04:20.286762,260.2867622540847,12.972127709702006,77.59490096929883,17.683741648106903,0.0,0.028214471423732408,-0.44528582034151043,0.44617879621843587,-0.26955998621739863,-0.327791127528925,356.6912009640635,13.363989320592516,1268.8512555248353,1298.5991162668445,1287.107018539707,1278.594626628896
2024-05-20 00:04:20.386796,260.38679559853284,12.972135004817014,77.59488792458792,17.639198218262806,0.0,0.29503846866454764,-0.445285820341482,0.5341602379334387,0.6866504213848947,0.24246478696177975,356.703246932859,13.128480440146141,1282.9411751038147,1292.2784885131648,1289.6731871786767,1287.2134555940033
2024-05-20 00:04:20.486829,260.486828942981,12.97215206161507,77.59488261900981,17.59465478841871,0.0,0.13373552423899235,-0.445285820341482,0.46493510540791033,1.1449373782191603,0.9081981078087239,356.8132739567957,13.102162745375919,1291.0062065744016,1293.8034332003017,1287.0074508854607,1293.3286942926234
2024-05-20 00:04:20.586862,260.58686228742914,12.972157173255798,77.59487100554024,17.55011135857461,0.0,-0.014429481882237142,-0.4452858203414962,0.44551955259515724,0.24940395045423497,-3.6603508351764154,356.8805408863181,13.0831996620081,1284.776982051767,1274.3111667329977,1283.2031511435437,1286.079500623777
2024-05-20 00:04:20.686896,260.6868956318773,12.972141487600176,77.59484517173512,17.505567928730514,0.0,0.06471054350476134,-0.44528582034151043,0.44996323876278327,-2.397524842736638,-4.18099887476439,356.8117862599264,13.054848118238032,1284.8296812849903,1294.4361752967657,1262.516731493591,1279.3931887960075
2024-05-20 00:04:20.786929,260.78692897632544,12.972136149369682,77.59484355502151,17.461024498886413,0.0,0.03501313120241532,-0.44528582034151043,0.44666025248930474,-1.2897445435702939,3.999385873594489,356.8122339269581,13.007333177136882,1308.73344695513,1280.4615773239154,1282.8082321891432,1310.6511226854386
2024-05-20 00:04:20.886962,260.8869623207736,12.972139336730933,77.59482501094996,17.416481069042316,0.0,-0.2901367974903098,-0.445285820341482,0.5314685532137529,1.8874646070134127,-2.4396971789675126,356.809137502034,13.098711318612299,1298.0550888875962,1287.9228749056344,1295.0441687430048,1293.1740693426275
2024-05-20 00:04:20.986996,260.98699566522174,12.972144734389298,77.59482256456049,17.37193763919822,0.0,-0.013534398688808642,-0.445285820341482,0.44549146091149067,0.09621854214336986,-0.35908860475601523,356.912872672647,13.056778395200272,1297.891575200695,1285.918089152096,1270.3162442031878,1301.798446373845
2024-05-20 00:04:21.087029,261.0870290096699,12.972125713749145,77.59482518321506,17.32739420935412,0.0,-0.13080093483212757,-0.44528582034151043,0.46409950048472404,-1.1591515373417465,2.466814065038838,356.8706463410656,13.022520230436783,1307.0228925600704,1280.582725645117,1279.2695512607777,1287.7079516939984
2024-05-20 00:04:21.187062,261.18706235411804,12.9721164959735,77.5948323958241,17.28285077951002,0.0,-0.2795277833567727,-0.44528582034151043,0.5257520741429013,0.2941500252469599,-1.1415137121262355,356.73672459213003,12.892006417327048,1278.5988850919007,1271.359903733358,1283.7544609571755,1295.3011552879536
2024-05-20 00:04:21.287096,261.2870956985662,12.972124895240704,77.59483721419608,17.238307349665924,0.0,0.021978493354959747,-0.4452858203414962,0.4458278994941358,3.238936878923203,2.3218647197139206,356.8412103039928,12.810436450633196,1288.8525362901044,1282.1354110781006,1279.7393763791338,1286.4879599945277
2024-05-20 00:04:21.387129,261.38712904301434,12.972115525192628,77.59485880521639,17.193763919821826,0.0,-0.2663387028212271,-0.4452858203414962,0.5188600643889383,2.0777817315155414,-1.035463477052516,356.8377955412764,12.797982344002575,1292.4539882979766,1295.279409256305,1292.1786471745615,1280.749918284356
2024-05-20 00:04:21.487162,261.4871623874625,12.972127782285787,77.59486268356278,17.14922048997773,0.0,-0.2398710111909133,-0.445285820341482,0.5057841079027077,1.3411503889090612,-1.4850903362907408,356.7388429162984,12.695133154914032,1303.3113993139436,1288.3099150227865,1290.193782916945,1270.398327671204
2024-05-20 00:04:21.587196,261.58719573191064,12.972125848001133,77.59487111768672,17.104677060133632,0.0,0.08547737552840853,-0.4452858203414962,0.4534157512972215,-0.0098494715655598,-2.8791400031322225,356.8228335791941,12.81992873907371,1283.110763201705,1270.098292796588,1285.83409610812,1282.2348033369994
2024-05-20 00:04:21.687229,261.6872290763588,12.972125556602792,77.59485832162031,17.06013363028953,0.0,0.06942218729285564,-0.44528582034151043,0.45066495524473194,0.005313818909352409,0.9490026102842198,356.769994804397,12.716138968988119,1273.0982206464423,1286.3307384613574,1278.4928349478766,1280.466743770585
2024-05-20 00:04:21.787262,261.78726242080694,12.97212445565293,77.59487778198478,17.015590200445434,0.0,0.10530024336915718,-0.4452858203414962,0.4575670476015542,0.4967906350885857,2.5171122577310285,356.82536953881,12.74066647581552,1299.0151848130788,1308.8006530578418,1281.653071278367,1270.695024753323
2024-05-20 00:04:21.887296,261.8872957652551,12.972128189023659,77.59487222500726,16.971046770601337,0.0,0.0832731812227796,-0.4452858203414962,0.4530053912572798,0.2899486997254455,-1.2325692015645953,356.853760515104,12.69697768144343,1281.6721740294045,1279.722705680162,1269.496105822403,1271.0517408009525
2024-05-20 00:04:21.987329,261.98732910970324,12.972140837345222,77.59488011415998,16.92650334075724,0.0,0.17835667259696164,-0.44528582034151043,0.4796775630119379,1.5928010627022935,1.075291685263604,356.6654597826958,12.66939498054194,1281.0131781575162,1296.1859273999462,1279.4815915324723,1302.4567412417152
2024-05-20 00:04:22.087362,262.0873624541514,12.972161704221985,77.59486129180993,16.88195991091314,0.0,0.0875295592876395,-0.4452858203414962,0.4538071016922142,-1.5641464286005602,-1.3551473275361317,356.58416085670535,12.666698625850453,1271.8867276439316,1278.733438300618,1277.5483258761183,1293.0725948308634
2024-05-20 00:04:22.187396,262.18739579859954,12.9721791366209,77.59484006226592,16.83741648106904,0.0,-0.11417393611344072,-0.445285820341482,0.459690275603936,2.0750151709132716,2.629914279452905,356.6028637379493,12.60806252362102,1265.2738264568868,1264.7954466202789,1284.5375749525624,1283.5149382050552
2024-05-20 00:04:22.287429,262.2874291430477,12.972196073758198,77.59484202905006,16.792873051224944,0.0,0.20338576907797767,-0.4452858203414962,0.48953573195492045,0.29337932131645983,0.6278308716549582,356.65237708931613,12.65228144060485,1287.758852013494,1271.3675543316006,1292.858686685619,1284.427940061499
2024-05-20 00:04:22.387462,262.38746248749584,12.972204384286085,77.59483438561416,16.748329621380847,0.0,0.004621951543816507,-0.4452858203414962,0.44530980702570727,-1.1037155599454207,-1.6880815209097004,356.80436688995763,12.556034421628876,1291.078975660663,1281.157844463317,1290.73748645642,1292.7576848281306
2024-05-20 00:04:22.487496,262.487495831944,12.972203496484383,77.59482596725981,16.70378619153675,0.0,0.22766443756365862,-0.44528582034151043,0.5001105457080354,-0.5918218910968864,-1.2439853571500248,356.8191374696316,12.444756317482394,1292.0076259233817,1283.714514209457,1283.0144770010506,1298.7684152450536
2024-05-20 00:04:22.587529,262.58752917639214,12.972194464702692,77.5948255480937,16.65924276169265,0.0,0.11837073055296976,-0.44528582034151043,0.4607505742252045,-0.249772203571037,-0.31481573874069235,356.8196889278985,12.396445051343383,1269.1288634879602,1274.7220810405368,1272.4465186977582,1268.640351521466
2024-05-20 00:04:22.687563,262.6875625208403,12.972189524174901,77.59483737000728,16.614699331848552,0.0,-0.04706923600690969,-0.445285820341482,0.44776665214758987,1.5052748473627413,-2.3407381676107173,356.8849214734553,12.528736811320359,1289.6678939305316,1294.5254266794293,1287.4732796896074,1306.8427407082318
2024-05-20 00:04:22.787596,262.78759586528844,12.972179264545048,77.5948403928985,16.570155902004455,0.0,-0.11319256499535701,-0.445285820341482,0.4594475144860561,-0.6473292823779729,0.6407839624614536,356.85648659115725,12.280596910126228,1286.462708978071,1294.6452495925898,1280.472911286266,1264.3896528859102
2024-05-20 00:04:22.887629,262.8876292097366,12.97219447768807,77.59482960102393,16.525612472160358,0.0,-0.4281393885221867,-0.44528582034151043,0.6177238847586872,-0.20758343193448223,-1.0881260164108302,356.8650502090542,12.403035543200792,1287.8276040488402,1283.0375998596112,1270.3876480284678,1271.3657909908989
2024-05-20 00:04:22.987663,262.98766255418474,12.972204761728426,77.5948461780121,16.481069042316257,0.0,0.0806305500312315,-0.44528582034151043,0.4525270681357645,-0.17419495443170377,1.753003253137713,356.650879397925,12.290066261127766,1265.4664278577538,1281.7606969481706,1277.2120825403247,1262.3173287588884
2024-05-20 00:04:23.087696,263.0876958986329,12.972226477405755,77.59485575785418,16.43652561247216,0.0,-0.051922096745773506,-0.4452858203414962,0.4483027614544402,0.940362502477098,0.36320433426625304,356.6302734464392,12.310709864545272,1277.7532605431995,1268.0728890093737,1272.298766721709,1292.6723818087185
2024-05-20 00:04:23.187729,263.18772924308104,12.972240454915372,77.59486672016982,16.391982182628063,0.0,0.050987652992449374,-0.445285820341482,0.4481954959109529,-1.95879828245257,-1.6014772294141124,356.58930093143044,12.352192150712098,1279.1192553993797,1280.6971819404657,1303.4140760388918,1281.2213008064157
2024-05-20 00:04:23.287763,263.2877625875292,12.972238015820519,77.59486839795139,16.347438752783965,0.0,0.10691984296735142,-0.445285820341482,0.45794247959470813,0.8363704592221859,-0.8001359440614051,356.5353445287531,12.313529424768044,1303.889116230081,1262.4157384765335,1292.77971752246,1282.1002336902252
2024-05-20 00:04:23.387796,263.38779593197734,12.972224494335562,77.59487347641091,16.302895322939868,0.0,-0.07129225541412569,-0.44528582034151043,0.4509568133194628,0.6426451095320515,-0.843807782294156,356.52606744407865,12.186607693420944,1283.604229177594,1278.2577688825659,1290.4369705550848,1276.4114954072802
2024-05-20 00:04:23.487829,263.4878292764255,12.9722405874275,77.59486779206824,16.258351893095767,0.0,-0.18899241320131432,-0.44528582034151043,0.48373297804146886,1.358755068116432,0.11742877944501467,356.41264539278734,12.18573799933082,1284.6124065218241,1289.5978926387272,1296.6733811737208,1279.1915920167787
2024-05-20 00:04:23.587863,263.58786262087364,12.972237160483399,77.59484719038034,16.21380846325167,0.0,-0.11236306143790338,-0.4452858203414962,0.4592438561079476,-0.2710945235975348,1.6125604391170612,356.50502664155675,12.128498437559058,1274.3407424534817,1284.695950399626,1258.1836672664253,1289.87342779726
2024-05-20 00:04:23.687896,263.6878959653218,12.972243853007411,77.59482795072174,16.169265033407573,0.0,0.1684854414577753,-0.4452858203414962,0.47609537466816526,1.2468333364158148,-2.3595330844331244,356.44916803449854,12.23653634437756,1292.7378947751395,1305.0473960626396,1295.0787017214957,1280.264088190703
2024-05-20 00:04:23.787929,263.78792930976994,12.972242438604217,77.59481262922321,16.124721603563476,0.0,-0.08265723815131581,-0.44528582034151043,0.4528925709437231,-0.0227240146457416,1.2646601251114382,356.41289097922504,12.153463499976457,1280.645040757195,1278.0674537889893,1303.7182635447125,1283.5864688050158
2024-05-20 00:04:23.887963,263.8879626542181,12.972254558908926,77.594802813904,16.080178173719375,0.0,-0.02486122317761954,-0.4452858203414962,0.4459793069359683,-2.9414970007558616,2.22831379584525,356.32543336445093,12.021885462125013,1285.4935426104746,1286.6720160903492,1294.8318876872752,1278.2471396224876
2024-05-20 00:04:23.987996,263.98799599866624,12.972260137540193,77.59479594148071,16.035634743875278,0.0,0.1188888580127717,-0.445285820341482,0.460883957582348,0.2351961403275328,1.2858321528861627,356.29902541020755,12.06360330044462,1292.933863769461,1281.9338440930842,1273.2494586793969,1296.3914665706884
2024-05-20 00:04:24.088029,264.0880293431144,12.972249869223063,77.59479973396563,15.99109131403118,0.0,0.2108377259483922,-0.4452858203414962,0.49267840269316515,-0.6438479982895233,-1.4273220194428846,356.5187703086166,11.990772424478049,1272.2501163985823,1270.0502857335966,1271.540019368545,1293.6172984870504
2024-05-20 00:04:24.188063,264.18806268756254,12.972254549713394,77.59478611020897,15.946547884187083,0.0,-0.06430955146685817,-0.4452858203414962,0.4499057459147057,5.617775173949792,-0.3876717851384347,356.3378155914338,11.874496566361259,1296.9970629088596,1256.413323810844,1278.6239294340548,1284.128205899216
2024-05-20 00:04:24.288096,264.2880960320107,12.972259410696221,77.59477781033358,15.902004454342984,0.0,-0.18534306279012333,-0.44528582034151043,0.4823188911100575,-1.5964943200768507,2.3359774373417035,356.4484155162712,11.886274444301861,1292.3730786737412,1282.874371880246,1277.2692506988426,1287.43474224836
2024-05-20 00:04:24.388129,264.38812937645883,12.972280678787925,77.59476616553033,15.857461024498885,0.0,0.04216141942403724,-0.44528582034151043,0.4472773715325441,-2.4349480549372546,0.04483036280828856,356.3827111216908,11.846422148706052,1270.0488807487964,1276.4164673900862,1279.1692046449366,1286.3421778393226
2024-05-20 00:04:24.488163,264.488162720907,12.972293180988402,77.59476452071249,15.812917594654788,0.0,-0.18324830319906546,-0.445285820341482,0.4815178111166016,2.7297694373105847,-2.3294096088351344,356.26527773258726,11.772808770315427,1283.3652950119993,1278.19927117424,1275.2956605897946,1260.9695691741044
2024-05-20 00:04:24.588196,264.58819606535513,12.97228677055239,77.59473873838571,15.768374164810691,0.0,0.023911072512667886,-0.4452858203414962,0.445927349672461,3.436754349236235,-1.4934085624831395,356.44307360546367,11.739165929029836,1282.8543361588147,1274.271371321459,1283.0111421666068,1270.1503515895147
2024-05-20 00:04:24.688229,264.6882294098033,12.972283258976182,77.5947419683275,15.723830734966592,0.0,-0.2338960821375483,-0.4452858203414962,0.502977970726844,0.04304258841061207,0.3102304157853704,356.24922148664,11.853128584033799,1269.9130786970861,1264.9048817787345,1284.9272477525942,1271.579715084463
2024-05-20 00:04:24.788263,264.78826275425143,12.972285042321893,77.59473644549175,15.679287305122495,0.0,0.24187385905008446,-0.4452858203414962,0.5067370378105189,0.8418371781523258,-3.0992121285897536,356.2885807884402,11.84849043459452,1272.6054100165995,1273.6760063759195,1275.5869378030575,1278.074350401369
2024-05-20 00:04:24.888296,264.8882960986996,12.972296018907846,77.59471353850483,15.634743875278396,0.0,0.06631975776030287,-0.44528582034151043,0.45019748118642017,-0.3471493030987821,0.6752317932603388,356.34414127670635,11.868930374779723,1284.3032215120284,1278.1586484956479,1285.2952357366157,1286.908542681504
2024-05-20 00:04:24.988329,264.98832944314773,12.972302060843882,77.59470828120976,15.590200445434299,0.0,-0.020451297965782638,-0.445285820341482,0.4457552213779125,-0.5282023978887889,1.0487050336171602,356.29727016321954,11.637925157090786,1282.3268278704045,1287.903624047348,1261.8933236057273,1271.4946947823723
2024-05-20 00:04:25.088363,265.0883627875959,12.972310958788814,77.59469128153488,15.545657015590201,0.0,0.4417492444315661,-0.4452858203414962,0.6272334946039304,-2.267981759776229,-0.513304250893924,356.2925957397544,11.669436073381242,1302.772104283554,1262.6729458343143,1282.8331652503173,1272.0401157483388
2024-05-20 00:04:25.188396,265.18839613204403,12.97229621722915,77.59469826838757,15.501113585746102,0.0,-0.08975868595544026,-0.44528582034151043,0.45424231804363985,1.0743901588341471,0.352464825521263,356.2008217378754,11.655213939386037,1289.7453158930434,1284.1725423392334,1271.0448205193798,1282.0020720398174
2024-05-20 00:04:25.288429,265.2884294764922,12.972290271207648,77.59470170841469,15.456570155902003,0.0,0.3413810929359546,-0.4452858203414962,0.5610886849788954,-1.5344818282321746,-4.458506884973053,356.091781213713,11.49102145296169,1280.8112268683635,1281.7728522926768,1267.1095711893688,1268.8226268416372
2024-05-20 00:04:25.388463,265.38846282094033,12.972269702487802,77.59471394802506,15.412026726057906,0.0,0.14399399757773398,-0.4452858203414962,0.46798903099924866,-1.6946810084159094,-1.0443826863139103,356.017355780325,11.637066096384261,1290.069229633237,1279.731063003704,1269.0524479458772,1288.0014530915068
2024-05-20 00:04:25.488496,265.4884961653885,12.9722797790917,77.59469898719559,15.367483296213809,0.0,-0.11655359146949013,-0.4452858203414962,0.4602870859383696,-5.362538259496895,-3.0000032234243057,356.2173062795292,11.612519447421874,1288.3366188022464,1284.3635565797063,1290.397096121137,1268.3264240572444
2024-05-20 00:04:25.588530,265.58852950983663,12.972269000138809,77.59470145930422,15.32293986636971,0.0,-0.04725585204441677,-0.4452858203414962,0.44778630768441663,-1.4472759556295494,-0.07857287806908982,356.28094548326993,11.537927762072904,1275.4632589814796,1276.2487775557609,1291.187979444522,1281.400871231205
2024-05-20 00:04:25.688563,265.6885628542848,12.972290317330799,77.59470767212127,15.278396436525613,0.0,-0.1049901088577542,-0.4452858203414962,0.4574957756691993,-2.2756422160829413,-4.59505952079694,356.2711568589638,11.410672562679206,1277.1251134660272,1275.269551208324,1268.7756233272316,1268.7430568914353
2024-05-20 00:04:25.788596,265.78859619873293,12.97229419685345,77.59471119725909,15.233853006681514,0.0,-0.01851350170841321,-0.4452858203414962,0.445670519041485,-1.614594300847823,2.2194105378284554,356.33937359851063,11.511824291585162,1268.383575428336,1261.9885969931306,1282.2817951969455,1281.4403035640787
2024-05-20 00:04:25.888630,265.8886295431811,12.972292603963673,77.59471671354156,15.189309576837417,0.0,0.013411431074296078,-0.4452858203414962,0.4454877420094293,0.9566015605457968,3.859299122381941,356.4662514662083,11.562450286728069,1279.9931153253872,1276.01290162343,1275.8980383785838,1273.7480668407852
2024-05-20 00:04:25.988663,265.98866288762923,12.972283794765653,77.5947233147271,15.14476614699332,0.0,0.03378190289232417,-0.4452858203414962,0.44656542494938595,-0.32718927942632076,-3.8377126879455337,356.3782731094528,11.276460347928783,1282.5351320211344,1268.3441199625865,1280.4116749296945,1289.65238029813
2024-05-20 00:04:26.088696,266.0886962320774,12.972275744236251,77.594720813024,15.10022271714922,0.0,-0.038152950104716976,-0.44528582034151043,0.4469173406782343,0.07102135119352976,-0.0021768323567680804,356.4437638945086,11.34632519626187,1277.1468513830346,1268.9969692562547,1263.35780681598,1259.027570715169
2024-05-20 00:04:26.188730,266.18872957652553,12.972275353385927,77.59472537235153,15.055679287305122,0.0,0.14677920926479657,-0.4452858203414962,0.4688534931826766,-1.8794275091603523,1.405877936912263,356.30444202214085,11.358512908860416,1275.872046678264,1286.9495092606326,1290.6060178857167,1271.30227548015
2024-05-20 00:04:26.288763,266.2887629209737,12.972267527555937,77.59472279662846,15.011135857461024,0.0,-0.26148136949895945,-0.445285820341482,0.5163835477551912,-2.33597990963894,-0.9511130652456958,356.255056213355,11.22871665022338,1261.4702899489318,1283.145595572438,1273.3367835290167,1261.8822362752908
2024-05-20 00:04:26.388796,266.38879626542183,12.97226224683991,77.59472750364644,14.966592427616927,0.0,0.3455119062990437,-0.44528582034151043,0.5636115144242628,-1.9838575837650603,-0.4054581930007055,356.1502617959983,11.345151427854809,1257.507520371748,1284.3533842427837,1263.3198294586418,1271.6692454425831
2024-05-20 00:04:26.488830,266.48882960987,12.97225837231007,77.59474654132686,14.922048997772828,0.0,0.38208113432019447,-0.4452858203414962,0.5867413868141617,-1.0810561407864594,0.09471656210433049,356.2820478260975,11.205459573860278,1261.394760737448,1270.3652913897945,1288.0615451706067,1267.9545309762473
2024-05-20 00:04:26.588863,266.58886295431813,12.972247471391874,77.59474469357305,14.877505567928731,0.0,-0.22620349245067894,-0.4452858203414962,0.4994471761799075,-4.115540131127323,3.210090308789499,356.27072143488965,11.008953423905535,1269.131765174638,1291.602415511966,1263.6042440046597,1267.7603626061598
2024-05-20 00:04:26.688896,266.6888962987663,12.97223832052136,77.59473167909665,14.832962138084632,0.0,0.33192515614511364,-0.44528582034151043,0.5553861459193684,1.1073662998602347,0.3940010767789183,356.3242353918494,11.177440597013005,1279.8147619982856,1255.1781923185547,1258.113345038309,1258.048144288717
2024-05-20 00:04:26.788930,266.78892964321443,12.972238889573282,77.59473103032862,14.788418708240535,0.0,0.0855570530672017,-0.445285820341482,0.4534307787598131,-2.075232491922963,-3.432141636700553,356.3332956337376,11.230123558051277,1276.7552784467052,1278.908507812324,1243.9804452001777,1267.7599557900146
2024-05-20 00:04:26.888963,266.8889629876626,12.972238975734221,77.59473076392186,14.743875278396438,0.0,0.10857834763480428,-0.4452858203414962,0.4583325423448608,0.843300194928786,2.8175309616122894,356.3625343181392,11.101775249797234,1275.6502076574604,1270.3947985932973,1272.7296934302447,1262.8304776121843
2024-05-20 00:04:26.988996,266.98899633211073,12.972246256796923,77.59471850767837,14.699331848552339,0.0,0.07051084731081647,-0.44528582034151043,0.4508339399221194,1.3690389309124655,1.252045384019963,356.4380864841438,10.901423755505675,1250.0556151201185,1274.0956529682555,1268.111629015101,1261.8262839886854
2024-05-20 00:04:27.089030,267.0890296765589,12.97224584653785,77.59473315634541,14.65478841870824,0.0,-0.020088024068003585,-0.4452858203414962,0.4457387020532948,1.1713151609048023,0.3894071819321378,356.2768923469372,10.992187855653006,1261.752027215994,1279.0896031959326,1270.9983363945084,1272.9297327673276
2024-05-20 00:04:27.189063,267.18906302100703,12.972248968074492,77.59474293505261,14.610244988864142,0.0,-0.08672420960586918,-0.4452858203414962,0.45365245544244764,4.634401193834417,-1.2732747201356753,356.3465012661028,10.845725511115443,1268.0595118549722,1275.1584303388522,1290.2485556940474,1273.0461306626194
2024-05-20 00:04:27.289096,267.2890963654552,12.972251381285238,77.59474234239889,14.565701559020045,0.0,-0.17137158379573358,-0.4452858203414962,0.47712438790095124,0.44896736294513806,-2.500104624411959,356.1917325496254,10.924000349714056,1289.7986197429557,1267.871033072137,1270.1091689625368,1271.1490345416294
2024-05-20 00:04:27.389130,267.38912970990333,12.972244045950163,77.59474566388081,14.521158129175946,0.0,0.030094140054147053,-0.4452858203414962,0.44630160100855326,1.3864012127090628,-0.5552209151008549,356.1320770982038,10.907363749236474,1247.257898383666,1278.9865976065041,1271.6963894448554,1274.3464737301108
2024-05-20 00:04:27.489163,267.4891630543515,12.972250448665754,77.59473819282803,14.476614699331849,0.0,-0.09385945638114407,-0.4452858203414962,0.4550703894447134,3.2288200016062945,-2.7579474123572396,356.1564063047577,10.760532753766991,1266.7220605820876,1275.0950348722822,1257.1912480694098,1262.400730449705
2024-05-20 00:04:27.589196,267.58919639879963,12.972254963268476,77.5947306059311,14.43207126948775,0.0,-0.060105286874633734,-0.4452858203414962,0.449324056008001,0.33345278505962583,-0.1262858576237128,356.0953503793793,10.827866277298986,1288.4475554408104,1276.2594675563635,1268.5770907757478,1259.3404263525065
2024-05-20 00:04:27.689230,267.6892297432478,12.972259771734981,77.59473493128327,14.387527839643653,0.0,0.04478497145201644,-0.4452858203414962,0.44753229544375583,0.9281626642830662,0.26680644302172585,355.9176352972912,10.705557103687177,1282.129210252241,1276.24181587487,1295.8370477271862,1266.5899242117669
2024-05-20 00:04:27.789263,267.78926308769593,12.972247104757331,77.59473619295095,14.342984409799556,0.0,-0.11247831075282982,-0.4452858203414962,0.45927206771913465,-1.704184013913035,1.1575605118486096,356.0701100883099,10.77447556892414,1279.6775257636823,1260.0150950305183,1270.5212380536293,1276.0838458266355
2024-05-20 00:04:27.889296,267.8892964321441,12.972230225491906,77.59471131514017,14.298440979955457,0.0,-0.2517059366361675,-0.44528582034151043,0.5115030208465071,-1.8457947733079512,-1.893102652987126,355.96055246413096,10.865462170802381,1268.1010231189885,1267.754920816216,1254.3272382095531,1264.5613614151907
2024-05-20 00:04:27.989330,267.98932977659223,12.972232945545256,77.59469944870138,14.253897550111358,0.0,-0.08116404272539819,-0.4452858203414962,0.45262242943620185,2.1173895884696474,-2.666642959281447,356.02771375906315,10.80185125531536,1281.7461396067454,1275.7292899066179,1284.2016521561109,1260.4318805078067
2024-05-20 00:04:28.089363,268.0893631210404,12.972234798268367,77.5946903458854,14.20935412026726,0.0,0.19819498736859364,-0.445285820341482,0.4874020053459193,3.4049554601796976,1.7849088196958534,355.81947794463423,10.531545864453868,1264.7912103091808,1266.1180571901448,1291.8478978863127,1280.3311014660621
2024-05-20 00:04:28.189396,268.1893964654885,12.972229848614857,77.59469477566536,14.164810690423163,0.0,0.08208558308525522,-0.44528582034151043,0.45278858725420434,0.7068627417443561,-0.7961904122820352,355.8227291343818,10.758803842903465,1250.81638264125,1267.6735991770897,1270.3661984577234,1282.9119266882258
2024-05-20 00:04:28.289430,268.2894298099367,12.97221439410058,77.59467055085743,14.120267260579064,0.0,-0.017923590395178695,-0.4452858203414962,0.4456464034297297,3.237751124877139,-0.29197415904813223,355.7903160026939,10.469641090594546,1256.173583954629,1272.2554872646147,1257.2143254185467,1274.297129350515
2024-05-20 00:04:28.389463,268.3894631543848,12.972199982169364,77.59467969554143,14.075723830734967,0.0,-0.46874425562394856,-0.4452858203414962,0.6465296891695298,-1.5956344498057098,-0.7912079893165314,355.7284266434337,10.573660568180538,1256.0450830884506,1270.6411545488359,1257.1223941777969,1268.694002134984
2024-05-20 00:04:28.489496,268.489496498833,12.97219161723707,77.5946746716619,14.031180400890868,0.0,-0.008858109917998392,-0.4452858203414962,0.44537391920555763,-1.6768350094284612,-1.386918709530477,355.81553352659614,10.525134463807845,1279.188546103363,1263.1569275426993,1268.1431588381854,1273.4366419100988
2024-05-20 00:04:28.589530,268.5895298432811,12.972190436362169,77.59469063339651,13.98663697104677,0.0,0.08532303759624792,-0.445285820341482,0.4533866810371003,-0.5988630255156672,0.31638701585312307,355.7689236889985,10.45214947727535,1280.3150092654396,1278.0260011493954,1282.1800800286187,1251.8419828735184
2024-05-20 00:04:28.689563,268.6895631877293,12.972196995794887,77.59469172204686,13.942093541202674,0.0,-0.06360514134456777,-0.44528582034151043,0.4498055977893943,0.8500343158471662,0.7345535874681366,355.7882827712392,10.43183535101673,1257.5920688027247,1280.280361555618,1270.7441115745164,1270.9172574236359
2024-05-20 00:04:28.789597,268.7895965321774,12.972193106868815,77.59469039217912,13.897550111358575,0.0,0.1836704392226485,-0.44528582034151043,0.4816786190412156,0.05772084094811781,-2.215611923201634,355.66272266072247,10.36794012661607,1284.2994493157619,1269.0274219242924,1280.8958637567143,1263.4263108691364
2024-05-20 00:04:28.889630,268.8896298766256,12.972194483298281,77.5946878559349,13.853006681514476,0.0,0.14181868649485105,-0.4452858203414962,0.4673243002844214,-0.590785627570349,-0.7400840644378314,355.3693283402666,10.484681283824747,1261.1606611779468,1276.4067040500784,1273.714379972926,1258.1708089375456
2024-05-20 00:04:28.989663,268.9896632210737,12.972195425348266,77.59469819956541,13.808463251670378,0.0,0.13576264945208363,-0.4452858203414962,0.46552224305982265,-3.39900536872893,-0.300871407321281,355.2797814951356,10.485247979583082,1271.082823047138,1256.3172981288544,1281.6675556471414,1269.6783058901578
2024-05-20 00:04:29.089697,269.0896965655219,12.972213767713814,77.59470424337226,13.763919821826281,0.0,-0.21324239831847722,-0.4452858203414962,0.49371224639238526,-2.7806917405116116,-0.35022777236704816,355.18277619471615,10.376747769803503,1252.7371318171613,1265.7459057011808,1276.3099447226484,1281.2265895108696
2024-05-20 00:04:29.189730,269.18972990997,12.972198535612149,77.59471745425141,13.719376391982182,0.0,0.16424770096620847,-0.4452858203414962,0.47461223021524035,3.884411117348157,-0.4819134320960588,355.16540894524036,10.229372983811201,1274.8285004497911,1257.655050331292,1279.1705438862746,1272.7276806801901
2024-05-20 00:04:29.289763,269.2897632544182,12.97219100123375,77.59471628096408,13.674832962138085,0.0,-0.12048669544025857,-0.4452858203414962,0.4612987162081777,-1.0661131285029166,2.386174976949852,355.04041159207566,10.199456306528246,1280.8920621631848,1258.9139542376922,1273.467550652168,1266.4515354030552
2024-05-20 00:04:29.389797,269.3897965988663,12.972193816396075,77.59470811039809,13.630289532293986,0.0,0.01465671368992674,-0.4452858203414962,0.4455269700628546,0.8782094573526107,-0.06482682929273455,354.86388307441615,10.239735322103245,1279.7770623385265,1266.1349721734646,1273.5546349676918,1273.138519968615
2024-05-20 00:04:29.489830,269.4898299433145,12.97219366474886,77.5947099742169,13.585746102449889,0.0,-0.010276697672857419,-0.4452858203414962,0.445404391887034,0.07970484991318687,-1.3578620606479914,354.89000263181833,10.179938526904564,1266.5247679873764,1267.4087924982762,1271.5995801149659,1273.6272006587458
2024-05-20 00:04:29.589863,269.5898632877626,12.972201856947901,77.59469958327087,13.541202672605792,0.0,-0.33608063389294796,-0.4452858203414962,0.557879605537866,3.996784904942454,-0.6286000558657496,354.94629092785044,10.089328395557295,1252.1735591836023,1284.2183180393765,1265.5396315794396,1274.9476727550616
2024-05-20 00:04:29.689897,269.6898966322108,12.972209814790514,77.59470409402827,13.496659242761693,0.0,0.011730522169719423,-0.44528582034151043,0.4454403068286324,0.2583268833575956,1.7842853066296913,355.0510230339976,10.033604947785575,1270.083271971141,1285.3434143630147,1281.7686005292576,1267.6663120221833
2024-05-20 00:04:29.789930,269.7899299766589,12.972195465526799,77.5947092765739,13.452115812917594,0.0,-0.22366332162466881,-0.4452858203414962,0.49830185955641315,-3.1466933149531364,-3.9768056386962427,354.99904086153725,10.096848870295187,1272.709608242436,1274.4528185725178,1251.3244438126992,1281.4336076179857
2024-05-20 00:04:29.889963,269.8899633211071,12.972184969832407,77.59469425186606,13.407572383073497,0.0,0.20244336525672654,-0.445285820341482,0.4891449457304603,1.7297133772898683,-1.5727196104613865,354.9592110415959,10.011159795719703,1264.7155185757358,1257.8262144820449,1251.4071129589388,1277.3800469433493
2024-05-20 00:04:29.989997,269.9899966655552,12.972189890623968,77.5947064864933,13.3630289532294,0.0,-0.4778536873396803,-0.4452858203414962,0.6531643042155076,1.6013578183285782,-2.9402333958576015,354.90903410579017,10.08607197101277,1282.326910421292,1290.288510720404,1246.5648273119214,1247.165450202343
2024-05-20 00:04:30.090030,270.0900300100034,12.972186997689167,77.59471065762511,13.3184855233853,0.0,-0.5948062823354054,-0.4452858203414962,0.7430168068777888,1.1591883188685947,0.8636326029674478,354.90260236670787,9.844878113311111,1273.8553093912394,1273.212164282569,1269.199395354647,1252.0117391701178
2024-05-20 00:04:30.190063,270.1900633544515,12.972176132072475,77.59471689343317,13.273942093541203,0.0,-0.1319731819717847,-0.44528582034151043,0.4644312463185156,0.1899928748363657,2.759247197546322,354.77850482936685,9.902640688577995,1246.0429924854957,1267.6561770587773,1264.5153477718295,1279.7055678934987
2024-05-20 00:04:30.290097,270.2900966988997,12.972179969925365,77.59471530275948,13.229398663697104,0.0,0.3334705091322472,-0.4452858203414962,0.5563111020446377,1.3030532379474624,-0.6528129565886749,354.82580069656376,9.974151485129239,1261.3415256684684,1260.3499499790796,1273.838862322774,1280.8108755509886
2024-05-20 00:04:30.390130,270.3901300433478,12.972171950210361,77.59470714841734,13.184855233853007,0.0,0.022171499897435835,-0.445285820341482,0.44583745603626507,1.8785980877295598,-0.9633695592330708,354.7587666606312,9.88440343789961,1254.1408685715687,1262.9231014062934,1260.3493869828803,1261.7522649982923
2024-05-20 00:04:30.490163,270.490163387796,12.972161726007664,77.59471057698728,13.14031180400891,0.0,0.1765932427007546,-0.44528582034151043,0.4790246707266542,0.8450781719454405,0.6380034534982378,354.6936744357188,9.994845539763384,1267.1431274538581,1263.0855115065144,1260.93904810087,1253.4143040961021
2024-05-20 00:04:30.590197,270.5901967322441,12.972169422122978,77.59471466462253,13.09576837416481,0.0,0.26798869353560045,-0.44528582034151043,0.519708958610615,-1.44411634013958,-0.39429976852522297,354.7319951516439,9.781970688291267,1257.911628186442,1271.4576680536704,1272.286444473257,1256.3711795161507
2024-05-20 00:04:30.690230,270.6902300766923,12.972158250957117,77.59472463832414,13.051224944320712,0.0,-0.42769257677606654,-0.4452858203414962,0.6174142871901741,-1.0229177417586552,-1.4098855250260314,354.83383066494287,9.864341391315925,1271.9131296164926,1265.9391607051114,1249.7905461937346,1276.6278215621662
2024-05-20 00:04:30.790263,270.7902634211404,12.972154495384741,77.59471442083397,13.006681514476615,0.0,0.17458424324279215,-0.4452858203414962,0.4782876956245662,-1.3766197072490407,3.9263228449678165,354.8236022732465,9.549787931608467,1278.7391790545455,1257.148851512977,1266.437327366919,1289.8099414830435
2024-05-20 00:04:30.890297,270.8902967655886,12.972143158378582,77.59470544550383,12.962138084632517,0.0,-0.08177994766077318,-0.4452858203416099,0.4527332786936468,2.3508236639566813,3.2427412188420575,354.76977803216084,9.668904470737195,1263.3631260573675,1274.2766067274645,1267.60248639496,1262.5053874339635
2024-05-20 00:04:30.990330,270.99033011003667,12.972143169068836,77.59470998534796,12.917594654788418,0.0,0.05030016643287877,-0.4452858203416241,0.44811780654253014,-0.7579892931503575,6.160922564431119,354.8333094156439,9.450680317050077,1269.3054280267443,1276.9031970371548,1264.4440143001193,1274.3959804806548
2024-05-20 00:04:31.090363,271.0903634544848,12.972142771762565,77.59471244719133,12.873051224944321,0.0,-0.24533167759718097,-0.4452858203414962,0.5083965910879482,-1.1070598901301525,-2.2598568481410646,354.801135294443,9.632570266977668,1261.6764845625025,1274.0157818200394,1269.2470449101847,1255.764838982816
2024-05-20 00:04:31.190397,271.19039679893297,12.972132146404844,77.59472455432784,12.828507795100222,0.0,0.2898385888441716,-0.4452858203414962,0.5313058153082648,-1.3273520888255221,1.997520953407021,354.69169946820733,9.69545926176435,1268.7749260366893,1269.1020649579575,1253.2900245918745,1252.912176910605
2024-05-20 00:04:31.290430,271.2904301433811,12.97212089925109,77.59471945926077,12.783964365256125,0.0,0.03984565389885808,-0.4452858203414891,0.44706502651384006,-3.1782658941895168,7.115904896039372,354.7306361794071,9.453027851340813,1262.8370685691661,1267.4142986495085,1256.3920309788773,1267.0338879729302
2024-05-20 00:04:31.390463,271.39046348782927,12.972104514037879,77.59471856449117,12.739420935412028,0.0,-0.048815760216101414,-0.4452858203414962,0.4479536139408579,-0.7142148671640892,1.4649269945796697,354.8979396883314,9.557582274317353,1255.14956332319,1263.458638176223,1262.6531443071453,1261.724339070917
2024-05-20 00:04:31.490497,271.4904968322774,12.972104613967296,77.59472201926317,12.694877505567929,0.0,0.012015742049676243,-0.44528582034151043,0.4454479092489,-1.2121979734911805,1.7221091116225384,354.7937679789611,9.542627131006173,1267.569584355968,1247.728907213793,1283.6468302624844,1261.6306687102829
2024-05-20 00:04:31.590530,271.59053017672557,12.97209600114695,77.59472597832506,12.65033407572383,0.0,-0.09040892783331571,-0.4452858203414962,0.4543712535242177,-3.5816683586448232,1.8778232595760795,354.82226874822067,9.659819419174092,1264.7266277632832,1271.0926137142953,1260.1401009894507,1272.4193463203128
2024-05-20 00:04:31.690564,271.6905635211737,12.97208112637365,77.59473904237272,12.605790645879733,0.0,0.2224018900473042,-0.4452858203414891,0.4977369410580313,1.3951789510690908,-1.405227772211583,354.99338262214525,9.360561858159338,1252.3706646271062,1271.0333786811111,1262.5351790197237,1255.143167470306
2024-05-20 00:04:31.790597,271.79059686562186,12.972081270587514,77.59474407536048,12.561247216035635,0.0,-0.3763528804811731,-0.4452858203415033,0.5830274028239854,-1.5323753148885573,-1.7585983515258223,355.0040812024978,9.569286457876828,1277.3754290653762,1242.8683310248048,1272.5600584058052,1246.4411196015426
2024-05-20 00:04:31.890630,271.89063021007,12.972076954313476,77.59474525484833,12.516703786191536,0.0,0.273021745413888,-0.44528582034151043,0.5223220608648057,2.4051635011623405,-0.7767088970208494,355.0808587586934,9.283255080782917,1259.7417016506809,1266.401114434519,1262.3403428623697,1259.03288295274
2024-05-20 00:04:31.990664,271.99066355451816,12.972089500026055,77.59474184074536,12.472160356347437,0.0,0.023419215000768167,-0.4452858203414962,0.44590124627371414,-1.0708740636599148,1.7083929252605394,355.07124388969527,9.219934990056297,1265.268504790785,1284.8621696432049,1285.0728521727754,1269.2816517142426
2024-05-20 00:04:32.090697,272.0906968989663,12.972105248567482,77.59472322643826,12.42761692650334,0.0,0.11583292266615886,-0.4452858203414891,0.46010512686839,-2.5186711581280603,-1.7695532120502657,355.018317516838,9.30773093047597,1263.5722409775874,1266.0596172268085,1265.8981696149144,1262.160872927289
2024-05-20 00:04:32.190730,272.19073024341446,12.972091278665923,77.5947305088239,12.383073496659243,0.0,0.3410860026057637,-0.4452858203414891,0.5609091931594382,-1.4199047881952078,-3.3383423212424654,354.99776121047097,9.275043269194787,1259.083332149176,1268.2255009156186,1249.9685066999264,1258.299837545959
2024-05-20 00:04:32.290764,272.2907635878626,12.972105576335919,77.59471705690483,12.338530066815146,0.0,0.08574763846799567,-0.4452858203414962,0.4534667786068097,-0.17279210974741702,3.819874555348156,354.8992593852144,9.220174037596388,1264.4024711341551,1264.596834705885,1246.595172133618,1255.3198579307814
2024-05-20 00:04:32.390797,272.39079693231076,12.972093707667256,77.59471212801617,12.293986636971047,0.0,-0.23555764093229012,-0.44528582034151043,0.5037527806362935,0.3807545062653722,-0.631863247627329,354.98622620883464,9.116616063869529,1250.1335357840462,1265.4971218411406,1270.8137078383593,1258.8317229719873
2024-05-20 00:04:32.490830,272.4908302767589,12.972079923328241,77.59470910808854,12.249443207126948,0.0,0.34212834253652946,-0.4452858203414962,0.5615436443981822,0.33428965012854545,-2.6148032695507735,354.9366437149565,9.346334817136274,1254.5931140551531,1255.7952120619436,1250.5958331663624,1261.4388096171303
2024-05-20 00:04:32.590864,272.59086362120706,12.972090321841634,77.59469755520784,12.20489977728285,0.0,-0.07961051837472205,-0.4452858203414891,0.4523464340890562,-0.5785485281851356,-0.6239840486406496,355.10818898280286,9.220505257721936,1252.2335446167556,1260.857532299816,1263.5494518569874,1267.9410768447992
2024-05-20 00:04:32.690897,272.6908969656552,12.972085706037875,77.59469538577228,12.160356347438753,0.0,0.0027515006443870004,-0.4452858203415033,0.44529432126740803,-1.0710951821905144,0.9178064080200156,355.0325572753741,9.156680512190105,1269.0652377059266,1260.2812984863697,1263.0701294518035,1269.5345501240793
2024-05-20 00:04:32.790930,272.79093031010336,12.972096030926734,77.59469597457263,12.115812917594655,0.0,-0.17842700466820058,-0.44528582034151043,0.47970371875990075,1.082184273598619,-1.314503908292134,355.0001434461892,8.967178425195119,1257.378824370833,1240.8878523464793,1275.4635768078724,1259.1726097458388
2024-05-20 00:04:32.890964,272.8909636545515,12.97211305327498,77.59470294529747,12.071269487750556,0.0,-0.2097831689735252,-0.4452858203414962,0.492228036362999,-1.7020739357008567,-0.08724631083031578,355.0892982927208,9.042056511226264,1267.326587738749,1260.259140883472,1257.473263159796,1257.8113060348858
2024-05-20 00:04:32.990997,272.99099699899966,12.972122126660283,77.59468861402163,12.026726057906458,0.0,0.3237703642587936,-0.4452858203414891,0.5505512787828803,-4.180078983094443,2.8203745576925154,355.14387316631695,9.050462085294987,1272.7238195454754,1264.5679038276705,1262.5253614164642,1256.3340688768048
2024-05-20 00:04:33.091030,273.0910303434478,12.972121645994527,77.59470688258932,11.982182628062361,0.0,-0.3372022362660184,-0.4452858203414962,0.5585560043003771,-1.9662207613501623,4.606696559663604,355.260459522516,8.89444016868431,1262.9728431154897,1238.3263090180135,1258.7983442464856,1271.0956460229531
2024-05-20 00:04:33.191064,273.19106368789596,12.972150454892105,77.59469992817257,11.937639198218262,0.0,0.09245758551459378,-0.4452858203414962,0.45478331864349164,0.5147396610246224,-1.7413771221045409,355.29443075119786,9.127562391558449,1260.688753971573,1259.8115883455148,1268.8439860954775,1265.4399966714159
2024-05-20 00:04:33.291097,273.2910970323441,12.97214521991636,77.59470924107882,11.893095768374165,0.0,-0.14780447233827418,-0.4452858203414962,0.4691754723345999,-0.03645248982830857,-1.634634167939991,355.2122597399137,8.92744596758103,1271.2688453867345,1264.0538887101893,1266.4348909201908,1265.2051059268586
2024-05-20 00:04:33.391130,273.39113037679226,12.972137948015003,77.59471073708394,11.848552338530068,0.0,-0.08105609239588447,-0.4452858203414962,0.452603084293169,-0.6160291073400321,-3.647461750537331,355.3629549252436,8.902425008361002,1262.4799167390854,1261.966213996818,1264.3512729519962,1265.7439878782056
2024-05-20 00:04:33.491164,273.4911637212404,12.97213250350792,77.59472554332169,11.804008908685969,0.0,-0.08419635756951177,-0.4452858203414962,0.45317600159890675,-1.302386080096575,-0.437813004322543,355.2907995089966,8.895349283692372,1273.6816794350877,1249.5457867015054,1256.3036052668713,1267.1920046876792
2024-05-20 00:04:33.591197,273.59119706568856,12.972114434747903,77.59471847226435,11.759465478841872,0.0,0.0594705894685304,-0.4452858203415033,0.44923959399071234,-0.3550923948998791,-1.8587737889376172,355.2849729343118,8.710439342160612,1262.9850801224713,1255.8856125019076,1259.0233549425793,1267.227738685435
2024-05-20 00:04:33.691230,273.6912304101367,12.972114162090774,77.59471505280666,11.714922048997773,0.0,0.04925006971180132,-0.4452858203414962,0.4480011508509956,-1.1417577861222936,-3.3909612505145637,355.2125456792104,8.76382378108006,1264.4267483160722,1250.8677941022706,1269.7321823253967,1267.7648253170069
2024-05-20 00:04:33.791264,273.79126375458486,12.97212127489905,77.59472493887566,11.670378619153675,0.0,-0.08208596002668345,-0.4452858203414962,0.4527886555896708,5.543105217933396,2.161687771570702,355.11568742978756,8.60262771868797,1246.4934636661694,1281.36178825973,1249.524846648762,1254.2333932832469
2024-05-20 00:04:33.891297,273.891297099033,12.9721224707753,77.5947397819599,11.625835189309576,0.0,0.18903501290185826,-0.4452858203415033,0.4837496231523197,2.5083973545632636,-3.9538653835390503,355.0978286886221,8.617798592037248,1251.1910291692445,1256.0773671323448,1249.9672453444691,1264.0123707093733
2024-05-20 00:04:33.991330,273.99133044348116,12.972123393087186,77.59474982221272,11.58129175946548,0.0,0.2024086976995371,-0.4452858203414962,0.48913059881960136,-1.6175075444559273,2.3913900317450323,355.05897322543683,8.826170463235215,1256.8413910607017,1258.8856030502857,1270.2017024849238,1251.6588730059884
2024-05-20 00:04:34.091364,274.0913637879293,12.97212657885917,77.59475641392291,11.53674832962138,0.0,-0.390588265401249,-0.4452858203414962,0.5923163469518259,0.11429997645493543,-4.32816432571067,354.9287499148008,8.620920238889662,1253.6486104753035,1239.6580585810416,1232.6215645410723,1269.2507371446889
2024-05-20 00:04:34.191397,274.19139713237746,12.972128315726536,77.59475866519179,11.492204899777283,0.0,0.14604299781819405,-0.4452858203415033,0.4686235365503216,2.206142374460338,1.4609463439836816,354.9023475562922,8.666219097636834,1263.3733179684725,1239.9793767880756,1251.531120895642,1264.4241772444573
2024-05-20 00:04:34.291430,274.2914304768256,12.972151794490381,77.5947677983488,11.447661469933184,0.0,-0.055574844633685797,-0.4452858203414962,0.4487404875351204,-1.1433749375210898,-2.4386626250986363,354.9158874671526,8.559520462457195,1258.6821371374099,1259.7584936083329,1254.9218398158607,1274.8454545399798
2024-05-20 00:04:34.391464,274.39146382127376,12.972164090660783,77.59477052113745,11.403118040089087,0.0,0.11976837050766005,-0.4452858203414891,0.4611116181265151,3.052530670298935,-1.9953143932085726,354.6866628672244,8.526245247245436,1243.8368253704953,1263.5056359086839,1248.8786734305547,1255.8063429097817
2024-05-20 00:04:34.491497,274.4914971657219,12.972170161455598,77.5947727393342,11.35857461024499,0.0,-0.13885739109261722,-0.4452858203415033,0.466434172052449,-0.5239509759681814,0.2501767808880103,354.66501550638964,8.51023311598108,1264.3041113547315,1259.5055424964544,1258.7202605791856,1268.144031963851
2024-05-20 00:04:34.591531,274.59153051017006,12.972177306726977,77.5947811230183,11.31403118040089,0.0,0.19783024173369926,-0.4452858203414962,0.4872538007461954,-0.7787474604629844,-1.2684179770484774,354.74100345086316,8.516294241305769,1269.5863599606878,1265.1762695471343,1258.5990270296477,1261.507035349428
2024-05-20 00:04:34.691564,274.6915638546182,12.972176763712467,77.59479332215432,11.269487750556793,0.0,-0.10352563364303612,-0.4452858203414962,0.45716191728794664,0.2662950726084405,4.608962666634353,354.58952805567145,8.534759567690822,1265.902506473172,1244.4392763589624,1248.9279820451543,1257.1443407220318
2024-05-20 00:04:34.791597,274.79159719906636,12.97216758130916,77.59478411076836,11.224944320712694,0.0,-0.04604873160059453,-0.4452858203414962,0.44766052705060205,4.5244558244545905,-1.521074154256347,354.5744681348997,8.509246558659703,1251.1804459603013,1262.3455544057017,1244.9014842164934,1259.455562870795
2024-05-20 00:04:34.891631,274.8916305435145,12.97215704996046,77.59479503867492,11.180400890868597,0.0,0.05966946027012631,-0.4452858203414962,0.44926596386341955,-0.5822261177485544,-3.5958066410607272,354.6466814290274,8.303328398816445,1229.9482029327976,1262.6684021978106,1256.2049066655443,1253.8399745018194
2024-05-20 00:04:34.991664,274.99166388796266,12.972155573987678,77.59479608791378,11.135857461024498,0.0,-0.0526396769701352,-0.4452858203415033,0.44838643756109053,0.28462115958344864,-0.030492443840917233,354.6735167239902,8.31560753747634,1257.5726299023213,1264.5500219871308,1256.477661629943,1269.5306725035575
2024-05-20 00:04:35.091697,275.0916972324108,12.972164376589872,77.59479977851075,11.091314031180401,0.0,0.09588493230582162,-0.4452858203415033,0.4554924610138982,1.815154678784775,0.6933365601104436,354.6552021827932,8.222615593584479,1261.6980584899213,1260.1114955964822,1242.2340629787113,1257.6014653019536
2024-05-20 00:04:35.191731,275.19173057685896,12.972172532075142,77.59479838424762,11.046770601336302,0.0,-0.13986879765281354,-0.4452858203414962,0.4667362663796793,5.246863578008106,-1.886688622728284,354.44725978330655,8.451014278403393,1262.220555436005,1256.1587780982081,1263.2847658809274,1252.213564656866
2024-05-20 00:04:35.291764,275.2917639213071,12.972174900447516,77.59479591560094,11.002227171492205,0.0,-0.4895613223077363,-0.4452858203414891,0.661777719553093,0.2863894449843219,-2.2295345220665523,354.4233489050847,8.09698376734125,1254.8799115680135,1243.163591061467,1247.158948829769,1267.2906240614568
2024-05-20 00:04:35.391797,275.39179726575526,12.972178057001837,77.59479481030165,10.957683741648108,0.0,0.06409484311164595,-0.4452858203415033,0.4498751056801344,-2.933354106490584,4.185869498130227,354.3434781344496,8.394771133205776,1255.779926117606,1254.465389699241,1249.3188648075081,1253.8322118445394
2024-05-20 00:04:35.491831,275.4918306102034,12.97217949598401,77.59479528394453,10.913140311804009,0.0,0.49226862122397325,-0.4452858203414962,0.6637829895673366,1.5038382572319313,1.255731971078253,354.31158277963635,8.098676624740067,1255.2717889495834,1253.598776532227,1234.1934500475497,1265.219480504276
2024-05-20 00:04:35.591864,275.59186395465156,12.972172366239437,77.5947859374885,10.868596881959911,0.0,0.18541859591248733,-0.4452858203414962,0.48234792163681756,0.03893068795148265,-0.31627787245781297,354.32085555804497,8.170961728604007,1240.5716156155538,1250.626818522717,1243.0170077134317,1271.1053862620176
2024-05-20 00:04:35.691897,275.6918972990997,12.972170813369317,77.59479293384157,10.824053452115812,0.0,0.006488338480774832,-0.4452858203414962,0.44533308919666,-0.7988821999727552,1.023093921520737,354.1965361453089,8.172312864125836,1262.7205960904078,1254.4445274135585,1242.7868911329397,1266.639818435461
2024-05-20 00:04:35.791931,275.79193064354786,12.972170939075157,77.59477415102815,10.779510022271715,0.0,0.0057778643273180864,-0.4452858203414962,0.4453233044804461,-0.6359805203598851,-0.016084746421391183,354.21692869968916,8.215350084660233,1256.9082855361548,1246.0624247514218,1248.0460236213257,1242.996703195677
2024-05-20 00:04:35.891964,275.891963987996,12.972162514097946,77.5947714039381,10.734966592427616,0.0,-0.1744383615687711,-0.4452858203415033,0.47823446528246255,0.3442854096476289,-2.6770103725466057,354.264819359418,8.001750366717063,1228.4493096076574,1240.3335099484298,1264.713632953666,1262.5891146873885
2024-05-20 00:04:35.991997,275.99199733244416,12.972149979403689,77.59476787570861,10.690423162583519,0.0,-0.08389178794996635,-0.4452858203415033,0.4531195139062626,-2.3267836891644507,-0.167817719762066,354.25325335989965,8.062963470457294,1239.3196780734877,1266.1306753337967,1252.3654522128647,1255.7267671263623
2024-05-20 00:04:36.092031,276.0920306768923,12.972146622027468,77.59475801016625,10.64587973273942,0.0,0.11894172184621883,-0.4452858203414962,0.4608975970787248,2.3434995078960297,2.285743767473909,354.2616694504129,7.941145467398872,1258.4462629246282,1249.3534647590925,1245.3486450787489,1264.7365459097896
2024-05-20 00:04:36.192064,276.19206402134046,12.972138871959455,77.59475829016459,10.601336302895323,0.0,-0.22466988452976475,-0.4452858203414891,0.49875446746050384,-0.5100193952269949,-0.04077283131318118,354.2848919161966,7.890472328783655,1239.223219502204,1246.8588345223457,1251.9244177632058,1239.516541347322
2024-05-20 00:04:36.292097,276.2920973657886,12.97215293183563,77.5947526139413,10.556792873051226,0.0,-0.008015473316336424,-0.4452858203414962,0.4453579567153641,-2.9145987645909264,0.2379437854097463,354.4003577116105,7.947529418316784,1265.7133120457636,1240.6529495534935,1251.6678451175292,1274.4435208219609
2024-05-20 00:04:36.392131,276.39213071023676,12.972152752898463,77.59474688518331,10.512249443207127,0.0,-0.07561814679912054,-0.4452858203414962,0.4516608970483637,-2.389633918054382,-1.749308170854667,354.60183646840864,7.9187951525549085,1259.704151882179,1253.6536349534688,1269.4431198427528,1263.5589804258675
2024-05-20 00:04:36.492164,276.4921640546849,12.972162237488996,77.59474137312397,10.46770601336303,0.0,0.16901216238616598,-0.4452858203415033,0.47628203076712156,-2.503544459219265,-0.325521165286366,354.5236311345475,8.026450105938665,1251.0737328490436,1254.823755966371,1250.7142785376097,1243.3630617939134
2024-05-20 00:04:36.592197,276.59219739913306,12.972174535863314,77.5947379173485,10.42316258351893,0.0,0.10670162756881069,-0.4452858203414962,0.45789158009624115,2.3195188481295554,3.754403121582148,354.6309793379483,7.81469989803858,1256.1241840874384,1254.4213759193703,1251.1726096429345,1250.355886088092
2024-05-20 00:04:36.692231,276.6922307435812,12.972159225669882,77.59474701890883,10.378619153674833,0.0,0.28953324906481065,-0.4452858203414962,0.5311393076314583,-1.0227187271741425,0.7583567479920532,354.8192074376006,7.8175638859263605,1260.0007985392199,1245.9865225765514,1258.2492694518799,1255.1620544091
2024-05-20 00:04:36.792264,276.79226408802936,12.972160957918064,77.59473786262407,10.334075723830734,0.0,-0.08520896482720201,-0.4452858203415033,0.4533652274757394,0.3242103219682378,3.3766163183421987,354.64599399198215,7.841244375882649,1253.5333655403538,1247.970739990425,1250.2091753884094,1246.8182394213115
2024-05-20 00:04:36.892297,276.8922974324775,12.972155049869697,77.59474118057187,10.289532293986637,0.0,0.04745499312305757,-0.4452858203414962,0.44780736725684706,-1.3159082150579258,-1.151770774068222,354.6308535842564,7.652866073975881,1245.7208690626537,1251.1449083393043,1271.1892764563152,1245.7722874886229
2024-05-20 00:04:36.992331,276.99233077692566,12.972154748633102,77.59472959574622,10.244988864142538,0.0,0.12173275549752348,-0.4452858203414962,0.4616257418712902,-2.6334369420269685,-2.281708121331054,354.76845651596506,7.702826835124962,1252.313075928223,1252.1410971783673,1247.8834349331642,1247.270949712847
2024-05-20 00:04:37.092364,277.0923641213738,12.972171611909319,77.59470803530682,10.200445434298441,0.0,0.06009120816728796,-0.4452858203414962,0.44932217294075705,-2.197728689197214,0.4411361860981417,354.9310397872433,7.803811698892029,1252.200371298821,1264.9252900671477,1261.6689169351323,1262.3443454998494
2024-05-20 00:04:37.192397,277.19239746582195,12.972183247470294,77.59471182912233,10.155902004454344,0.0,0.07750696841724912,-0.4452858203414962,0.4519809641460929,-0.23132137188152613,0.08351554059588094,354.9922400716044,7.608228837273165,1254.7680055146832,1250.9602026576008,1257.6003645922367,1236.5230315985762
2024-05-20 00:04:37.292431,277.2924308102701,12.972181747919153,77.59471581972582,10.111358574610245,0.0,0.038942059653810535,-0.4452858203414962,0.44698539775621327,2.479557214804018,-1.0635459119719919,354.98175014026236,7.600520858584764,1244.1561987822888,1250.0376509572143,1252.9447160386885,1250.1780930985642
2024-05-20 00:04:37.392464,277.39246415471825,12.972178292469017,77.59472347940985,10.066815144766148,0.0,-0.028681885515219524,-0.4452858203415033,0.4462085973554451,-3.760804484728722,0.5757826113732551,355.11546204677967,7.370887050614741,1246.9495822831905,1263.4379850734304,1243.4990554217782,1259.490813798597
2024-05-20 00:04:37.492497,277.4924974991664,12.972197546439787,77.59472144772847,10.022271714922049,0.0,-0.06418875244915177,-0.4452858203414962,0.44988849478307147,2.451979608590254,-3.2624567239627575,355.0895731867221,7.629005476324637,1254.1859701447063,1232.7770385509698,1260.5700115123384,1254.531933922512
2024-05-20 00:04:37.592531,277.59253084361455,12.972210908553873,77.59471285259856,9.977728285077951,0.0,0.012693480483512537,-0.4452858203414962,0.44546670610044986,-1.2909362726464868,4.399048261327393,354.9620362112009,7.504843243867119,1240.8663164873174,1254.0398027583508,1251.0532385571414,1251.807048711147
2024-05-20 00:04:37.692564,277.6925641880627,12.9722021871577,77.59471119661458,9.933184855233852,0.0,-0.24552443541025348,-0.4452858203415033,0.508489636256954,-4.245976879254787,2.757628714737843,354.8402876185052,7.5430814079185495,1251.1621560048375,1242.2438532633237,1243.0580524316958,1262.3600340553655
2024-05-20 00:04:37.792598,277.79259753251085,12.972182341610134,77.5946962491631,9.888641425389755,0.0,0.168720625153511,-0.4452858203414962,0.4761786546553623,0.5152101624263252,-2.589062944535748,354.8366421963602,7.510177225911028,1238.1346055755073,1260.2428477417275,1265.6180210736302,1262.4132942201327
2024-05-20 00:04:37.892631,277.892630876959,12.972170068279574,77.59469784874705,9.844097995545656,0.0,-0.17380371641750764,-0.4452858203414962,0.4780033406135742,1.4572886704749737,1.5979576965964262,354.9436212221524,7.506939725575837,1251.3406310341063,1246.0672114734605,1245.206119814312,1242.32409006929
2024-05-20 00:04:37.992664,277.99266422140715,12.972162300893261,77.59469469848932,9.799554565701559,0.0,0.026683143802097728,-0.4452858203414962,0.44608457937969864,-0.5840628563719305,-0.186936981428853,355.07397159987545,7.377015643781276,1235.8205056772294,1244.6423389966606,1260.6839759171705,1251.653224109155
2024-05-20 00:04:38.092698,278.0926975658553,12.972142611970881,77.59470302145132,9.755011135857462,0.0,0.35904797147837336,-0.4452858203414962,0.5720095345533447,0.22674736378678953,-1.3966450628372922,355.2192528012109,7.28928418426388,1253.2095768117367,1251.801382223613,1244.3150733661575,1261.2600784935892
2024-05-20 00:04:38.192731,278.19273091030345,12.97214943438369,77.59469783786017,9.710467706013363,0.0,-0.04502690338531557,-0.4452858203414962,0.4475565705312232,0.2186229266109628,-0.006979030553612085,355.17099170440275,7.341367884304659,1249.0666435236828,1273.7468809332872,1226.8661411333217,1261.1226695849512
2024-05-20 00:04:38.292764,278.2927642547516,12.97216008278446,77.59470896597443,9.665924276169266,0.0,-0.09058229817351868,-0.4452858203415033,0.454405781806968,2.483401774017537,0.9213903281280307,355.37999002581415,7.1460164414365615,1252.284641557242,1238.4972685800662,1240.513829725735,1254.317267594618
2024-05-20 00:04:38.392798,278.39279759919975,12.97215417815608,77.59470550086898,9.621380846325167,0.0,-0.2673580340119575,-0.4452858203414962,0.5193840391732675,1.639120241167943,-1.586877103037839,355.2716879890852,7.4139907947602595,1252.9681041783106,1250.7557817477116,1237.8975227458236,1258.252439914317
2024-05-20 00:04:38.492831,278.4928309436479,12.97215056149248,77.59470970221496,9.57683741648107,0.0,0.1815059990124135,-0.4452858203414962,0.4808574523439285,1.2174840536138987,-0.7516017369465763,355.2002280158974,7.283534264930091,1258.5123818607665,1252.6445966896963,1238.986394808544,1239.4296642674533
2024-05-20 00:04:38.592864,278.59286428809605,12.97215420201079,77.59469413395617,9.53229398663697,0.0,0.04362512546329503,-0.4452858203415033,0.4474177168696986,0.5148882666715188,0.7517693343429427,355.07107711235875,7.274078132429992,1249.55685334565,1245.6816983614583,1236.5410791727077,1242.9533527027588
2024-05-20 00:04:38.692898,278.6928976325442,12.972135770869674,77.59469692588698,9.487750556792873,0.0,-0.02934043076068507,-0.4452858203414962,0.44625141195790274,2.4367235454770575,0.7397067631604806,355.0649630300056,7.143307209991701,1256.9379292543872,1242.540068737656,1256.7266370963162,1236.2236849545743
2024-05-20 00:04:38.792931,278.79293097699235,12.972123919795653,77.59469871709487,9.443207126948774,0.0,-0.12898150932823854,-0.4452858203414962,0.4635900037164194,-0.6101072682485474,0.21392698911800215,355.1654502890046,7.053693612298797,1243.3369457538943,1244.6740328763549,1240.830822296529,1230.8567233281947
2024-05-20 00:04:38.892964,278.8929643214405,12.972130615697525,77.59469547472878,9.398663697104677,0.0,-0.21299077426819704,-0.4452858203414891,0.4936036180181006,1.1016065886158466,-3.4956853197624254,355.0747369977471,7.18584976675888,1240.8302303070534,1226.2063627252844,1241.1627969752149,1236.913588156359
2024-05-20 00:04:38.992998,278.99299766588865,12.97212784633349,77.5946914783104,9.35412026726058,0.0,0.01613649904828626,-0.4452858203414962,0.4455781058341339,1.1510036575228553,1.4098535395267666,355.17315935849524,7.099236933069978,1259.397105372329,1242.7039357672782,1275.4852695800041,1225.058094224198
2024-05-20 00:04:39.093031,279.0930310103368,12.972136403885534,77.59467540298742,9.309576837416481,0.0,-0.051504726653300484,-0.4452858203415033,0.44825461365705627,2.4756766690767176,-0.8352508215527971,355.26365841590575,6.876684063251237,1242.96117313162,1236.784100003623,1243.373943878314,1235.0264068612682
2024-05-20 00:04:39.193064,279.19306435478495,12.972135590985742,77.59466422703876,9.265033407572384,0.0,-0.5577571483471947,-0.4452858203415033,0.7137033685850167,4.017607609287225,0.9688453721869467,355.23664632734756,6.904590904557754,1228.0368616170042,1251.2563029766118,1247.5191281399004,1236.333059123115
2024-05-20 00:04:39.293098,279.2930976992331,12.972116432926216,77.59467349801089,9.220489977728285,0.0,0.1326208180480857,-0.4452858203414962,0.4646156940708554,-3.498422564727558,1.3341706396836166,355.1505408567285,6.823865829869165,1254.6295661785462,1243.7289844762784,1249.4458036620404,1251.6713574379949
2024-05-20 00:04:39.393131,279.39313104368125,12.972121581453314,77.59466957177902,9.175946547884188,0.0,-0.16881080493107806,-0.4452858203414962,0.47621061481100746,-2.7871542606403854,-4.776159994944111,355.08344271752725,6.900911174608894,1235.788152439956,1239.3257532250827,1237.6312737403346,1240.5379034940152
2024-05-20 00:04:39.493164,279.4931643881294,12.972126556154436,77.59466611473458,9.131403118040089,0.0,-0.049237153596802176,-0.4452858203414962,0.44799973112884156,-1.9357865857483258,1.2666428697647798,355.12934848757294,7.031650379314222,1254.4584602214984,1241.089854115335,1253.0840484116882,1253.303872647247
2024-05-20 00:04:39.593198,279.59319773257755,12.972130539697577,77.59466348922021,9.086859688195991,0.0,0.4120554953609906,-0.4452858203414962,0.6066870635297826,2.975405255374558,-1.1226749211784415,355.01783354040384,6.78885671684447,1237.469412737204,1263.5971692731578,1266.3597352753554,1243.5015456787355
2024-05-20 00:04:39.693231,279.6932310770257,12.972133573315126,77.59464334297738,9.042316258351892,0.0,-0.025771250139487608,-0.4452858203415033,0.44603096207657783,-2.175781189020017,-1.651676622897706,355.0587718278385,6.933618920653651,1237.2933048080638,1245.5639211977596,1264.274374851749,1245.6928838943809
2024-05-20 00:04:39.793264,279.79326442147385,12.972132602668772,77.59462989422751,8.997772828507795,0.0,0.2503535733548567,-0.4452858203414891,0.5108388919108827,1.0680840259458089,-4.608497759258332,355.17925668904485,6.767365373440383,1229.9030989441126,1227.7677334561533,1243.2713825463666,1250.6520072556657
2024-05-20 00:04:39.893298,279.893297765922,12.972118521323111,77.59465002580887,8.953229398663698,0.0,-0.43120283670539905,-0.4452858203414962,0.6198510693545525,1.5261476415037878,0.981372997472513,355.2046985650094,6.835541840814442,1254.5168676111596,1239.2945370345274,1262.7336796783695,1236.8954939027342
2024-05-20 00:04:39.993331,279.99333111037015,12.97211331881899,77.59464413456728,8.908685968819599,0.0,0.007239196446079173,-0.4452858203415033,0.4453446617647847,1.6742218537058773,1.6542064700029644,355.2852385974383,6.688457251604208,1231.24649020751,1260.5661372849872,1234.688133260881,1243.36546569396
2024-05-20 00:04:40.093364,280.0933644548183,12.9721212094973,77.59465592374596,8.864142538975502,0.0,0.15113903157302178,-0.4452858203415033,0.47023660923202953,-0.8147296620202965,0.6032584010599736,355.32374434807195,6.752830890328672,1242.5445378684947,1239.9837051983293,1259.1589703166205,1254.2236799931002
2024-05-20 00:04:40.193398,280.19339779926645,12.972109528155615,77.59464841324612,8.819599109131403,0.0,0.02058929784369165,-0.4452858203414962,0.445761574143505,-1.2715671105226467,2.5147736793664017,355.2809504648667,6.585551221249367,1244.9990598975191,1239.542341196416,1244.3216887175618,1234.820945748646
2024-05-20 00:04:40.293431,280.2934311437146,12.972101596446745,77.59465625072806,8.775055679287306,0.0,0.4812508472685084,-0.4452858203414962,0.6556537499273961,-0.7988612381165694,-0.8892810031334885,355.15012368012265,6.661492432093525,1270.4964141524938,1236.2731112722158,1241.2276488779264,1232.6594341052219
2024-05-20 00:04:40.393464,280.39346448816275,12.972093717004611,77.59464789392376,8.730512249443207,0.0,0.26785631029627055,-0.4452858203414962,0.5196407073764826,-0.7596012098601769,0.7270170850157036,355.10792802775165,6.647033482592265,1247.1080193736611,1227.9816562532685,1237.9093017559908,1232.6543243877327
2024-05-20 00:04:40.493498,280.4934978326109,12.972093642067193,77.59463403659115,8.68596881959911,0.0,-0.010400334612630173,-0.4452858203414962,0.4454072616799752,-3.561279116789764,1.1552732578550977,355.11159837206213,6.733028951501718,1243.9438220553634,1259.8000082690303,1245.0114503502666,1252.510216236002
2024-05-20 00:04:40.593531,280.59353117705905,12.972100176370509,77.59461686210621,8.64142538975501,0.0,-0.15597107499172785,-0.4452858203415033,0.471811867200562,-1.5267278236957762,2.3790937671808488,355.0097938511757,6.37641165456906,1255.2251636060064,1244.6590309718158,1264.2989097300153,1229.5145293727458
2024-05-20 00:04:40.693565,280.6935645215072,12.972091216839267,77.59462149578368,8.596881959910913,0.0,-0.1224455332250582,-0.4452858203414891,0.4618142163294259,0.9846262859231064,-0.3614131746680766,355.1972921865536,6.5667479726065014,1243.8780045203139,1247.3021286773087,1240.1356521833918,1246.9956620258101
2024-05-20 00:04:40.793598,280.79359786595535,12.972091792364495,77.59462682462141,8.552338530066816,0.0,-0.4903000840633638,-0.4452858203414962,0.6623244176608174,0.7623623676374564,0.005819746935151742,355.19152008623274,6.356209394922039,1247.6990563630216,1241.9421677288794,1251.1206613182378,1221.3192868495612
2024-05-20 00:04:40.893631,280.8936312104035,12.97209439692567,77.59463894073193,8.507795100222717,0.0,0.18661458604918124,-0.4452858203415033,0.48280893272961806,2.001050944857251,1.9772717198447007,355.071504915357,6.480790540074596,1237.0192806949472,1253.490678039068,1252.1009007069836,1237.0419724373182
2024-05-20 00:04:40.993665,280.99366455485165,12.972096151945907,77.59465037999,8.46325167037862,0.0,0.04372597038388675,-0.4452858203414962,0.4474275609338475,1.0778028132461968,-0.7142585321492751,355.0387151933963,6.289125518600679,1251.3617199919208,1236.0078249337525,1251.4410285409267,1257.1347307751366
2024-05-20 00:04:41.093698,281.0936978992998,12.972094747473614,77.59463507415227,8.41870824053452,0.0,-0.31733620325755957,-0.4452858203414962,0.5467922161983677,-0.5331789639396275,0.24846116660428055,354.9095853194835,6.22906193959348,1241.4760053182417,1271.2004189579236,1251.4119625927326,1243.1003132120175
2024-05-20 00:04:41.193731,281.19373124374795,12.97209434977089,77.59463196766977,8.374164810690424,0.0,0.10169325820232003,-0.4452858203415033,0.4567504576472905,-0.24414702802808425,0.3974323557527596,355.0066958332861,6.372447199945931,1227.2923655898242,1226.2212535877095,1241.8159681455138,1252.3220239857253
2024-05-20 00:04:41.293765,281.2937645881961,12.972079971749839,77.59462575760236,8.329621380846325,0.0,0.04915691426366861,-0.4452858203414962,0.44799091956994497,-0.8482587337215368,1.435043368391331,355.02207277643805,6.210725844812528,1277.960163938357,1245.6600875140155,1230.3396434540646,1238.7869272902929
2024-05-20 00:04:41.393798,281.39379793264425,12.972080934887963,77.59462496711649,8.285077951002227,0.0,-0.022551552892498446,-0.4452858203414962,0.4458565176545728,-1.2112787750761156,1.0542337661063224,355.10262635614254,6.242389584353731,1237.279224339493,1264.1639289875511,1262.9864294729095,1239.882568268332
2024-05-20 00:04:41.493831,281.4938312770924,12.972083642591944,77.59461560143635,8.240534521158128,0.0,0.2037235517347427,-0.4452858203415033,0.4896761657755296,-2.589624983785695,-1.1677070033148143,355.2024663903001,6.408111007062181,1240.3728026066997,1250.9324611047355,1223.829254026069,1255.3425200385582
2024-05-20 00:04:41.593865,281.59386462154055,12.972062029785397,77.59461871772753,8.195991091314031,0.0,0.00919684181083566,-0.4452858203414891,0.4453807850553125,-1.4464796108504052,-0.09567577529699962,355.1830684468795,6.237023588506524,1245.825957934577,1255.2944623074409,1251.3382894949686,1224.11096417318
2024-05-20 00:04:41.693898,281.6938979659887,12.972068689763452,77.59462176473559,8.151447661469934,0.0,0.18564065811141522,-0.4452858203414962,0.4824333277679296,2.2838959329599753,-1.4635233092929951,355.0976839422903,6.153245952615825,1233.7730314690189,1234.762666415039,1237.7337874089453,1239.9009053089742
2024-05-20 00:04:41.793931,281.79393131043685,12.972073051918796,77.59461517560341,8.106904231625835,0.0,0.14936618623091588,-0.4452858203415033,0.4696697982480609,-2.3080496497150866,-0.658361592392907,355.20997036246104,6.5186292112290305,1248.362115376593,1234.3257273772251,1240.0021296093742,1235.5207954882592
2024-05-20 00:04:41.893965,281.893964654885,12.972064944010704,77.59461280141015,8.062360801781738,0.0,-0.006226137706807881,-0.4452858203414962,0.4453293462011496,-1.4221252094890582,1.8700019950325821,355.0856120879012,6.161741329338034,1235.0430938754794,1251.9264216469726,1232.8719664105197,1227.772444767959
2024-05-20 00:04:41.993998,281.99399799933315,12.972063229122803,77.59461224067766,8.017817371937639,0.0,-0.1122652729112027,-0.4452858203414962,0.459219940005904,0.3293281673802587,1.5377016376079502,354.9990218631825,5.967560324240015,1247.8917564453918,1249.8295954661191,1256.9462023965007,1223.7140784782816
2024-05-20 00:04:42.094031,282.0940313437813,12.97205388759041,77.59462732945815,7.973273942093542,0.0,0.05182006490961819,-0.4452858203415033,0.44829095565764276,-0.40336751352123595,2.3381760079796843,354.8431115699301,6.1889124394395125,1222.1448117106972,1232.9445004356287,1242.6412883373848,1242.1442860770603
2024-05-20 00:04:42.194065,282.19406468822945,12.972051495103287,77.594644954161,7.928730512249443,0.0,-0.09588725695827535,-0.4452858203414962,0.45549295037813875,0.21367664283725787,-2.388296162002157,354.98023154693533,5.86817903513747,1235.385158253637,1237.7554706903054,1232.7275111582871,1229.91917208036
2024-05-20 00:04:42.294098,282.2940980326776,12.97204212985235,77.59464022493103,7.8841870824053455,0.0,-0.09555631070276914,-0.4452858203414962,0.4554233967555064,0.3050286173822267,-0.5573106132417208,354.9749028293702,5.9477775143008955,1242.0940517428664,1241.1587474063465,1238.2902478528063,1227.8320073757804
2024-05-20 00:04:42.394131,282.39413137712575,12.972054722096033,77.59463482860167,7.8396436525612465,0.0,0.14983813423922018,-0.4452858203415033,0.4698201020278891,-1.0023479007456022,1.0560255836201105,354.83711449959316,5.841947600982108,1240.7683358861796,1244.211642051724,1232.9430774710913,1221.7133522550025
2024-05-20 00:04:42.494165,282.4941647215739,12.972041416803753,77.59461374496132,7.795100222717149,0.0,0.3957279252735384,-0.4452858203414891,0.5957180982969144,-2.567375456929841,-2.264546120803419,354.83261453207695,5.915597188157469,1232.617405180177,1222.7175735850306,1228.0501336728346,1248.027178733889
2024-05-20 00:04:42.594198,282.59419806602205,12.972044115654587,77.59460364633541,7.750556792873052,0.0,-0.20574035149462488,-0.4452858203414962,0.49051865818777074,1.8631607034311746,0.20114184103822091,354.78059052182584,5.759822927284792,1228.2724843629744,1232.5216989426278,1234.200670401993,1247.3380743960888
2024-05-20 00:04:42.694231,282.6942314104702,12.972047245189225,77.59460666989212,7.706013363028953,0.0,0.009023682043741717,-0.4452858203415033,0.4453772430589961,0.2601559175288644,-1.021965036557254,354.7992702967109,5.758310280320546,1226.9214136518472,1258.206933860736,1247.3434700420416,1230.1473236254626
2024-05-20 00:04:42.794265,282.79426475491834,12.972032234638757,77.5946137188567,7.661469933184856,0.0,-0.1823084304048517,-0.4452858203414962,0.4811609144495009,0.6809953287981482,1.200953124785114,354.9078004352338,5.792245157625836,1233.809685332008,1250.312788244664,1229.7830422747963,1247.6277071238642
2024-05-20 00:04:42.894298,282.8942980993665,12.972033504583644,77.59460986144849,7.616926503340757,0.0,-0.06032687534647183,-0.4452858203414962,0.44935375116523507,2.984436648974682,1.773859817479221,354.86737441580556,5.611931855348165,1248.1412809053095,1230.8781314214743,1236.4252292183996,1238.5816599735178
2024-05-20 00:04:42.994331,282.99433144381464,12.97203796933454,77.59461111183094,7.57238307349666,0.0,-0.004140863249001549,-0.4452858203415033,0.4453050735682814,-0.5642125319698739,2.166585286331544,354.8272988306945,5.5607527539969,1236.2199960321661,1215.6989569437792,1236.771291076113,1237.7581274031172
2024-05-20 00:04:43.094365,283.0943647882628,12.972022909161192,77.59460197647971,7.527839643652561,0.0,-0.018804853200786426,-0.4452858203414962,0.4456827170769609,-0.7421406654127934,1.0971748494801505,354.78388877146625,5.907676672812115,1228.8963889979743,1249.032706126269,1258.9114457296516,1252.6473754238966
2024-05-20 00:04:43.194398,283.19439813271094,12.972022032227066,77.59459616194724,7.4832962138084635,0.0,0.20342121219023876,-0.4452858203414962,0.48955045844748774,-0.1321146734703301,0.10281351951023958,354.80595107782136,5.712099418996116,1237.5562089244477,1254.9496647255,1229.2775494472337,1242.358948728905
2024-05-20 00:04:43.294431,283.2944314771591,12.972013279917416,77.5945945336001,7.438752783964365,0.0,-0.010971734245774377,-0.4452858203415033,0.4454209702624759,0.5714559677929509,1.0765874084165592,354.7431831688672,5.863156319099288,1238.0119587190202,1242.772174753122,1226.200174075331,1236.5653028705203
2024-05-20 00:04:43.394465,283.39446482160724,12.972002816904533,77.59460546442126,7.394209354120267,0.0,-0.05875988335170238,-0.4452858203414891,0.44914606275542324,1.0344806290233524,-0.8209930546243555,354.7847070399001,5.571564617854217,1250.0415659086082,1227.726248649698,1225.4884291287738,1237.6397241621764
2024-05-20 00:04:43.494498,283.4944981660554,12.972009997443458,77.59460074378117,7.34966592427617,0.0,-0.1406010385276631,-0.4452858203414962,0.46695622260791925,0.5771380672312106,-1.0333204330934629,354.81411104521055,5.485879957439511,1238.323748796387,1256.9041230128396,1229.501591782115,1235.1839534926435
2024-05-20 00:04:43.594532,283.59453151050354,12.972011711650596,77.59460848633812,7.305122494432071,0.0,-0.06431986962566287,-0.4452858203414962,0.4499072209087797,1.7455638442299763,-2.2680769401645287,354.82208160678726,5.472292037621475,1241.2510411574724,1235.6656945822695,1237.844721623849,1227.9674360227725
2024-05-20 00:04:43.694565,283.6945648549517,12.972013059225878,77.59461474256645,7.260579064587974,0.0,-0.3034494434562067,-0.4452858203414962,0.5388515811715512,-0.6047891794497248,-2.1422773213591197,354.9095685784272,5.4247922882369535,1247.552903209197,1232.8132798574682,1254.9783377955423,1235.1529827040665
2024-05-20 00:04:43.794598,283.79459819939984,12.971992673090915,77.59462240640717,7.216035634743875,0.0,0.14295036513127743,-0.4452858203415033,0.4676689734078701,0.5087502902185751,2.241187890323854,354.798438453871,5.5475403488926815,1222.5493360730522,1238.2836700157845,1230.4388283370115,1235.624793122654
2024-05-20 00:04:43.894632,283.894631543848,12.971989675706595,77.59462484924622,7.171492204899778,0.0,0.18059323609493427,-0.4452858203415033,0.48051366132550927,2.0880750036698488,-0.40737224688905194,354.8042598852494,5.317543393877537,1242.9924453875726,1237.6206555172193,1244.967191605169,1242.4417102626303
2024-05-20 00:04:43.994665,283.99466488829614,12.971995569923825,77.59463750545028,7.126948775055679,0.0,0.2966266732955757,-0.4452858203414962,0.535039106147952,0.2757250789095473,-0.9746212336590927,354.7399730367261,5.37142849497514,1236.4535020359149,1216.8748091939221,1232.8607161219568,1242.7398011045602
2024-05-20 00:04:44.094698,284.0946982327443,12.972012841289263,77.59463937243511,7.082405345211582,0.0,-0.12545425931707926,-0.4452858203416241,0.4626210468386735,-0.7554537695999519,3.167185254781711,354.74649512940175,5.4594609339369535,1242.9993637872144,1235.9971422722776,1223.9356753496327,1250.8101071292738
2024-05-20 00:04:44.194732,284.1947315771924,12.972004448442979,77.59464607675281,7.037861915367483,0.0,0.3254587954870185,-0.4452858203416241,0.5515459086578144,-0.5929272913244432,-0.5926334123413018,354.5751909156443,5.244765009157007,1249.6541474069916,1222.034130335259,1254.9368177262443,1240.8824744969384
2024-05-20 00:04:44.294765,284.29476492164054,12.972028499133478,77.59464904589557,6.993318485523385,0.0,-0.05877312051326679,-0.4452858203414891,0.4491477947091134,-1.1496323652821336,0.712902140011928,354.74899618517924,5.332680064651243,1241.695485297447,1238.036515193421,1243.595057627804,1247.221672689429
2024-05-20 00:04:44.394798,284.3947982660887,12.972032317894444,77.59465518756282,6.948775055679288,0.0,0.0040790321028754215,-0.4452858203415033,0.4453045028967278,2.7148648994319293,1.087363158532395,354.81102707380865,5.206820120237,1231.6233817312789,1228.2599458526201,1243.2266532560889,1234.0206554334093
2024-05-20 00:04:44.494832,284.49483161053683,12.972032188251594,77.59463349366646,6.904231625835189,0.0,0.03127130432552084,-0.4452858203414962,0.4463825223632961,0.3016970588971909,0.05133533576256237,354.92333344850607,5.174717830577601,1226.8562934396093,1229.526895952077,1231.6027092660784,1233.7912429323897
2024-05-20 00:04:44.594865,284.594864954985,12.972034715270993,77.5946341855906,6.859688195991092,0.0,-0.06439170675205409,-0.4452858203414962,0.4499174965431349,-0.24025279093170215,2.775637529310128,355.00901128395054,5.142126599530699,1233.0717273907621,1233.9534557000143,1251.0660439960466,1243.6669981317903
2024-05-20 00:04:44.694898,284.69489829943313,12.972034579270701,77.5946452160453,6.815144766146993,0.0,-0.022364733713717742,-0.4452858203415033,0.4458471073263693,0.39640839835968034,0.11122535593259099,355.09634063661247,5.139021703067825,1246.4994946266504,1220.5684200215428,1213.350405857381,1228.1855886669634
2024-05-20 00:04:44.794932,284.7949316438813,12.972026521023066,77.59463695876684,6.770601336302896,0.0,0.032599573058752995,-0.4452858203415033,0.44647754026470193,-3.342545806196203,-1.0267602001872274,355.2787440476638,4.932448197060154,1227.7569000768906,1233.8490860582194,1224.1432490607235,1223.9985706664904
2024-05-20 00:04:44.894965,284.89496498832943,12.972013880067658,77.5946298259366,6.726057906458797,0.0,-0.0945876901465717,-0.4452858203414962,0.4552211472729086,-2.298602636677452,-1.9204082748697877,355.21490628127333,5.1019604954951925,1222.365981357669,1237.718256368764,1245.4774213727808,1229.7542942216355
2024-05-20 00:04:44.994998,284.9949983327776,12.972003242978921,77.5946369008042,6.6815144766147,0.0,0.23927866079003535,-0.4452858203414962,0.505503451330129,-0.8459933476063926,1.1782959660609438,355.2662533342723,5.090553128558357,1242.543283759585,1250.0865195089902,1224.7680109701944,1229.6842330884613
2024-05-20 00:04:45.095032,285.09503167722573,12.972002157588513,77.59466216715191,6.636971046770601,0.0,0.03138330810544323,-0.4452858203414962,0.44639038276472803,0.891037400638603,-2.83350810084789,355.10416201554096,5.141827760330057,1233.1514116043738,1231.5340856993246,1229.049792772752,1223.2564420412132
2024-05-20 00:04:45.195065,285.1950650216739,12.972002538416524,77.59468402918284,6.5924276169265035,0.0,0.26457449675023276,-0.4452858203414891,0.517956683640468,-0.6186312337314734,0.024701627775665237,355.0697942854582,4.9539463039648854,1235.7556601805397,1227.113849901598,1223.5543912954743,1236.4430834079465
2024-05-20 00:04:45.295098,285.29509836612203,12.97201121470118,77.5946901913617,6.547884187082406,0.0,-0.05758281952515301,-0.4452858203415033,0.4489935889315926,0.5448375814019155,4.071963543319734,355.05312880582386,4.896851445438139,1247.9453713040293,1207.73130381604,1247.466552331814,1222.0020815269384
2024-05-20 00:04:45.395132,285.3951317105702,12.972022285689222,77.59469032366556,6.503340757238307,0.0,-0.039850285426071747,-0.4452858203414962,0.4470654393326984,-2.071681756204936,2.9418020209021374,355.1670777519154,5.015306338262989,1245.7058791258478,1230.2244089060748,1242.9061841217983,1232.0698865993613
2024-05-20 00:04:45.495165,285.49516505501833,12.972003471826364,77.59468420393739,6.45879732739421,0.0,-0.20445844235493668,-0.4452858203414962,0.4899823634044456,-1.9969864022583814,-2.4980484895730326,355.1698436788723,4.9303486509943495,1232.2812964654645,1250.8456208389264,1233.4701450402997,1222.2865190216871
2024-05-20 00:04:45.595198,285.5951983994665,12.972010000467638,77.5946888301232,6.414253897550111,0.0,-0.027321161926392286,-0.44528582034149977,0.4461231978794765,-0.257225380669537,-1.608034512975642,355.204137164813,4.762209173678141,1226.7792235708862,1234.0546938129728,1249.4130990112449,1232.0573280544356
2024-05-20 00:04:45.695232,285.69523174391463,12.972008870813807,77.59468201465522,6.369710467706014,0.0,0.021719005155846773,-0.44528582034149977,0.44581518253886565,-1.2440071382952351,0.47825557190312884,355.13129528368063,4.793750313699272,1208.0827659861964,1226.8581545736786,1227.7955804713108,1232.0748845359788
2024-05-20 00:04:45.795265,285.7952650883628,12.972006284981047,77.59467308673575,6.325167037861915,0.0,-0.42483210255907866,-0.44528582034149977,0.6154362494702192,-0.8188987816625379,0.5592613400979661,355.14752884188795,4.7564995484397485,1221.8520485844188,1246.7332149414815,1215.811816081706,1228.2150616739
2024-05-20 00:04:45.895298,285.89529843281093,12.972026454197103,77.59466469548659,6.280623608017818,0.0,0.34127992927784057,-0.44528582034149977,0.5610271400967072,3.597885928250703,-2.47463947206939,355.06702661964204,4.673275453929279,1221.9180080554258,1226.6593474999631,1237.4761406874354,1231.9593829097155
2024-05-20 00:04:45.995332,285.9953317772591,12.972003027326602,77.59466930158598,6.236080178173719,0.0,-0.12948897146834173,-0.44528582034149977,0.46373144763875074,1.2950897891349917,-0.7363701866919304,355.1187745718576,4.6676467726236694,1228.1263938358536,1228.2557013576043,1224.1303565073079,1233.7903244713973
2024-05-20 00:04:46.095365,286.09536512170723,12.972025738663362,77.5946639638691,6.1915367483296215,0.0,-0.4505192699692966,-0.4452858203414891,0.6334406636859216,-0.8930610040474637,-1.371180111248096,355.0268037590192,4.675961847444031,1240.934536251928,1234.7295298263834,1227.3753840936781,1233.8176079379502
2024-05-20 00:04:46.195398,286.1953984661554,12.972020010934463,77.59466595330521,6.146993318485524,0.0,0.13002594490208602,-0.4452858203414962,0.46388167472414726,0.25574292139532456,0.2339513425555115,354.83622956980867,4.5293963442930165,1221.1913539227605,1232.2058490400377,1234.4538460579984,1212.4681780889446
2024-05-20 00:04:46.295432,286.29543181060353,12.972010977867203,77.59467719854561,6.102449888641425,0.0,0.0980155341335942,-0.4452858203414962,0.4559457278324834,-2.7024817652703823,-1.6928868203506178,354.94139015357894,4.568681807296339,1233.8245801689318,1235.5990661548497,1224.7174941613346,1220.6840734642722
2024-05-20 00:04:46.395465,286.3954651550517,12.972008582515192,77.59469532551303,6.057906458797328,0.0,-0.08574471665623656,-0.44528582034149977,0.4534662261201607,-0.15142399961336103,0.23618761279976208,354.8753286276993,4.513865579450877,1247.2971214353474,1223.3317401435831,1252.3878289895854,1220.5433905287555
2024-05-20 00:04:46.495498,286.49549849949983,12.972033572695764,77.59468826017603,6.013363028953229,0.0,0.07061401202699082,-0.44528582034149977,0.4508500864941144,-0.8202980939457256,0.5805863273096155,354.8759467374922,4.496209283223484,1251.7493486488427,1236.5653066094587,1212.9966856946862,1234.6527739938515
2024-05-20 00:04:46.595532,286.595531843948,12.97203733994827,77.59467379386717,5.968819599109132,0.0,0.1923481509280616,-0.44528582034149977,0.4850538866586338,-0.17333886196441048,-0.17600222648197353,354.7207376754799,4.5385664126063725,1224.1198346337094,1237.0396629465633,1225.6248763789145,1216.6169020495854
2024-05-20 00:04:46.695565,286.69556518839613,12.97203550176203,77.594670518118,5.924276169265033,0.0,0.38523423456973493,-0.44528582034149977,0.588799522148016,2.8559964027355904,-3.1160901125287306,354.88869168883355,4.340180041686415,1226.8918600311636,1225.2461764154632,1218.195986276442,1236.4472281316914
2024-05-20 00:04:46.795599,286.7955985328443,12.972013598048518,77.59468025810223,5.879732739420936,0.0,0.1446812772192824,-0.4452858203414962,0.46820095447895244,1.9068869921458826,-2.5380538172032443,355.0397798763329,4.405448391716335,1217.7154646537135,1216.0085018173322,1227.5453496640932,1212.8438147419026
2024-05-20 00:04:46.895632,286.89563187729243,12.972023825444648,77.5946718012463,5.835189309576837,0.0,0.33422936711736934,-0.44528582034149977,0.5567663169058269,-1.915389064786532,-5.532882363636427,355.11189731602093,4.4134504106980135,1246.3280624680733,1242.6918489748462,1222.368769244849,1220.1924393884344
2024-05-20 00:04:46.995665,286.9956652217406,12.972025837137311,77.59468029934777,5.79064587973274,0.0,0.043415507196279735,-0.44528582034149267,0.447397326838579,-0.7183002791925198,-2.2026924728677897,355.0132618673452,4.4517224882291595,1233.2867877898555,1229.0030586730961,1212.888357265755,1200.7682723912692
2024-05-20 00:04:47.095699,287.09569856618873,12.972029933774847,77.59467464005142,5.746102449888642,0.0,0.1890019749345807,-0.4452858203414962,0.48373671384997347,1.9929506992162163,1.4339922228838247,354.8546841163087,4.254102383531146,1231.2502803167586,1224.6308429748299,1245.6852712278255,1226.141795636966
2024-05-20 00:04:47.195732,287.1957319106369,12.97203053841791,77.59468353430665,5.701559020044543,0.0,0.08802454536447327,-0.4452858203414962,0.4539028336371359,-1.5388059847226174,-2.068456280883759,354.8084655977668,4.190788350766276,1235.1704319804,1227.5239759682127,1235.4563848266077,1236.1322014190582
2024-05-20 00:04:47.295765,287.29576525508503,12.97202624535294,77.59468875174919,5.657015590200446,0.0,-0.3889887806478846,-0.44528582034149977,0.5912628292621908,0.5078950058376067,-3.22780270929103,354.81399529009445,4.371727423151395,1234.331637404051,1219.3815890908866,1246.9003585774058,1222.8629854774745
2024-05-20 00:04:47.395799,287.3957985995332,12.972016380606757,77.59469774322173,5.612472160356347,0.0,-0.28754659701813395,-0.44528582034149977,0.5300589658273045,0.5062182809746437,-1.533378363921753,354.7119411647909,4.362556209703254,1221.6446919851244,1243.8222378175528,1229.4345282724335,1216.1490869841143
2024-05-20 00:04:47.495832,287.49583194398133,12.972017487656679,77.5946980933223,5.56792873051225,0.0,-0.023576527401402033,-0.44528582034149977,0.44590953616345935,-2.0280976645316526,1.2933820708797865,354.6333150058565,4.2406551930901735,1233.4527027716854,1252.6138027868428,1236.6823880847137,1225.5606213203275
2024-05-20 00:04:47.595865,287.5958652884295,12.972026627518385,77.59470530696295,5.523385300668151,0.0,0.09632060138454818,-0.44528582034149977,0.4555843720413195,-2.5653621909589317,-1.026736129689487,354.59752068016314,4.037742697557902,1237.1384316430253,1238.1091421641047,1204.7761636307257,1224.8686430300024
2024-05-20 00:04:47.695899,287.69589863287763,12.972026757066937,77.5947107605175,5.478841870824054,0.0,0.001491846607742397,-0.4452858203414962,0.4452883194105817,3.192938610725216,-0.5641282938724779,354.44236738498665,4.09837769492467,1208.894362741098,1234.1995075144087,1231.2658080591505,1228.1600676667683
2024-05-20 00:04:47.795932,287.7959319773258,12.97201699983172,77.59472485567323,5.434298440979955,0.0,-0.30372723011731173,-0.4452858203414962,0.5390080631233022,0.6613766567565158,0.5177603077156163,354.4223449478606,4.00046116149774,1243.866964368558,1232.2634114562659,1212.2896578996133,1222.9464987193762
2024-05-20 00:04:47.895965,287.89596532177393,12.972016072035006,77.59473383703205,5.389755011135858,0.0,0.10022655232242345,-0.44528582034149977,0.4564261425330958,0.12674284796509752,-3.1323546081735603,354.26090990581145,4.012739630480677,1224.9252912999434,1215.8691655731393,1217.273196622128,1224.3467333191509
2024-05-20 00:04:47.995999,287.9959986662221,12.971998467460674,77.59471755846351,5.345211581291759,0.0,-0.4776131791958192,-0.44528582034149977,0.6529883695279267,-0.1579531734862194,-0.16124421213518078,354.25671009072767,4.1231097035292095,1233.0150359688473,1226.0237544433417,1220.092663289899,1231.2226416826666
2024-05-20 00:04:48.096032,288.0960320106702,12.972000082813874,77.59470439769754,5.3006681514476615,0.0,-0.04184868920636152,-0.4452858203414891,0.44724800120904235,0.5322421880610921,-1.099639607010767,354.2197931393855,4.118484074824599,1208.2902319181785,1219.0804828289545,1218.2045372779787,1218.8583483093023
2024-05-20 00:04:48.196065,288.1960653551184,12.971994006650938,77.59470032610808,5.256124721603564,0.0,-0.04330138260439087,-0.44528582034149977,0.44738626658923525,0.28047056515277546,1.4194976812025846,354.1791868766692,3.912535186632393,1224.5537696918539,1227.1078235856685,1236.6497996438104,1228.6308328047369
2024-05-20 00:04:48.296099,288.2960986995665,12.971988864243594,77.59470041415533,5.211581291759465,0.0,-0.04952022059371855,-0.44528582034149977,0.44803092978593895,1.176604833138232,3.437808844836948,354.16689743248975,3.9691670793147833,1221.9400538819202,1214.6544815536424,1223.2975675916282,1217.7077021334762
2024-05-20 00:04:48.396132,288.3961320440147,12.9719850346278,77.59470819731875,5.167037861915368,0.0,0.019234892484538114,-0.4452858203414962,0.44570106897571043,-1.3909755635233767,1.9197498155949533,354.20929155341474,3.9251950742897996,1209.8943190184316,1230.6137487720646,1237.3281958760458,1216.174413373173
2024-05-20 00:04:48.496165,288.4961653884628,12.971989736646847,77.59469821083594,5.122494432071269,0.0,-0.09649315902454066,-0.44528582034149977,0.45562088575452475,1.8274945306326038,4.015623868337503,354.33016051399926,3.938913309098381,1229.07281729461,1218.33542537129,1233.655513445397,1227.007210845091
2024-05-20 00:04:48.596199,288.596198732911,12.971991525201277,77.59470645480398,5.077951002227172,0.0,-0.3370487621736568,-0.44528582034149977,0.5584633648503693,-1.7218186656856262,0.6178489425371271,354.38639598389875,3.6898503988081695,1225.3347398930803,1218.8680442664484,1230.4056970284546,1224.3800718677937
2024-05-20 00:04:48.696232,288.6962320773591,12.971995603948457,77.59468938869219,5.033407572383073,0.0,0.04194683322249188,-0.4452858203414962,0.44725719515128515,-0.6748695060618641,-1.7521749502950996,354.4878055872128,3.7440598088965826,1222.567597373579,1199.0095070478674,1223.8514196102174,1213.3492082333792
2024-05-20 00:04:48.796265,288.7962654218073,12.971984932923947,77.59468922425069,4.988864142538976,0.0,-0.22892497618946617,-0.44528582034149977,0.5006856364232452,0.7863759326914699,1.1895050112367422,354.61766742786847,3.7527935825648817,1230.1884472091585,1222.0581695108442,1227.4950633628566,1214.8098275324346
2024-05-20 00:04:48.896299,288.8962987662554,12.971979431011544,77.59469873950357,4.944320712694877,0.0,-0.03919254690187976,-0.44528582034149977,0.4470072902424058,-1.4411475132865832,1.699340903979371,354.60104836841356,3.696342308668381,1224.8616233354742,1226.5735283463737,1220.2606176121221,1230.0653189290074
2024-05-20 00:04:48.996332,288.9963321107036,12.971980918201302,77.59468744718163,4.8997772828507795,0.0,0.1570977440091364,-0.4452858203414891,0.4721855175351665,-4.192968608291856,3.5382359783681405,354.6040017153102,3.6056518840743736,1217.4405438463145,1213.7854363322622,1214.6881564214216,1204.2645872240666
2024-05-20 00:04:49.096365,289.0963654551517,12.971995326584388,77.59470687366259,4.855233853006682,0.0,0.18223562664530812,-0.44528582034149977,0.48113333434299743,1.6663869592959404,0.9444599485403242,354.5957220393996,3.7617591587966532,1205.709555887539,1227.1600597859149,1203.150289893583,1229.5320092897673
2024-05-20 00:04:49.196399,289.1963987995999,12.971995945647466,77.59468367103021,4.810690423162583,0.0,0.18361491333205748,-0.44528582034149977,0.4816574490186375,-0.3810448929429664,-0.5895844873919518,354.4209108367152,3.5638241163226496,1219.5464983244208,1218.4591014361586,1232.4200925041525,1223.3155098184443
2024-05-20 00:04:49.296432,289.296432144048,12.971991825331767,77.5946744331346,4.766146993318486,0.0,0.01691802131160988,-0.4452858203414962,0.44560709289945033,-0.6048918041972706,-0.4184065216407891,354.48575453622345,3.717045171595502,1224.1462848902902,1226.4571134461964,1228.70519014351,1223.1556094186749
2024-05-20 00:04:49.396465,289.3964654884962,12.971982692504826,77.59468639661488,4.721603563474387,0.0,0.10120814264946985,-0.4452858203414962,0.45664269394763635,1.141461884653116,4.062242101208825,354.4815510072091,3.507584641979641,1223.0664735947273,1201.5591567736005,1214.592397911785,1219.9165817938838
2024-05-20 00:04:49.496499,289.4964988329443,12.971969126762113,77.59468725595798,4.67706013363029,0.0,-0.20724162431712562,-0.44528582034149977,0.4911502342937475,4.4180503702137415,0.4424364352686658,354.5026006434032,3.4579857941035725,1232.4267813083864,1231.2349249855567,1227.620632960503,1232.3601931900082
2024-05-20 00:04:49.596532,289.5965321773925,12.971964315446087,77.59467734776298,4.632516703786191,0.0,0.0853397285764788,-0.44528582034149977,0.453389822416328,0.12862603572432385,-2.3448326610296415,354.6016354072241,3.5618418279161514,1219.771777448084,1224.0327293936869,1235.4415576295548,1220.9820318537024
2024-05-20 00:04:49.696566,289.6965655218406,12.971973663179703,77.59467225675584,4.587973273942094,0.0,-0.15005771765977657,-0.44528582034149977,0.4698901791125918,2.0290880141203416,-1.7562127235368379,354.6263589728552,3.4682368798105547,1233.8700604546616,1217.4551119036144,1219.556445022522,1213.8380984122575
2024-05-20 00:04:49.796599,289.7965988662888,12.9719677914282,77.59464677350401,4.543429844097995,0.0,-0.009045118414622124,-0.44528582034149977,0.4453776778918505,-1.565517733925548,-0.47504274669282054,354.7330369231625,3.488254754173491,1205.7938329272242,1218.3127337496817,1214.4209193691352,1231.4258936706547
2024-05-20 00:04:49.896632,289.8966322107369,12.971950112112578,77.59465470568415,4.498886414253898,0.0,0.052443611086723754,-0.4452858203414891,0.4483634620941011,1.3580728488556348,-0.770861127683575,354.6763187960161,3.3065129363868815,1227.0504041512968,1231.3096832148904,1225.160025949702,1232.8339760230754
2024-05-20 00:04:49.996666,289.9966655551851,12.971929742429015,77.59464246316625,4.4543429844098,0.0,0.053332459920361446,-0.44528582034149977,0.4484682966257028,-3.809531275304004,2.163376420989441,354.7688512875662,3.382969556481394,1208.8399896241333,1201.965373539563,1212.8881919318608,1230.335946958547
2024-05-20 00:04:50.096699,290.0966988996332,12.971920220939698,77.59463250635163,4.409799554565701,0.0,0.1737685691109122,-0.44528582034149977,0.4779905620491437,-0.3549243804357109,-0.7811215343423098,354.7179123767006,3.246105288103753,1226.4331749585347,1230.7247870180297,1234.6415792542475,1228.1960011816311
2024-05-20 00:04:50.196732,290.1967322440814,12.971912518735147,77.5946274287915,4.365256124721604,0.0,0.06530001026880948,-0.4452858203414962,0.4500483897741507,0.48408790245923383,1.063828067959411,354.7715155882777,3.248405768051807,1213.8648122697848,1228.265564787825,1239.2111534719252,1212.3017686606001
2024-05-20 00:04:50.296766,290.2967655885295,12.971910609909719,77.59462177770361,4.320712694877505,0.0,0.2557011534662784,-0.4452858203414962,0.5134808094575537,0.3676616377314707,-3.773416344797232,354.93442870368045,3.2864794150198877,1221.0265219861465,1226.195455750951,1242.483686635156,1212.8938626556092
2024-05-20 00:04:50.396799,290.3967989329777,12.971912282022792,77.59464581389342,4.276169265033408,0.0,0.18178924155487802,-0.44528582034149977,0.48096443750271206,1.7949777876169157,1.7596905493501258,354.70547350550623,3.1671589570396894,1226.482029932256,1216.0258842107817,1213.9573934528307,1205.8243691291232
2024-05-20 00:04:50.496832,290.4968322774258,12.971910435133598,77.59464417992606,4.231625835189309,0.0,0.13270700112455508,-0.44528582034149977,0.4646403016793475,0.6231445068382961,-0.7961495839365756,354.8035102033748,3.193447987565065,1217.8431072239312,1210.0213596935023,1234.8102617926972,1225.2860318793737
2024-05-20 00:04:50.596866,290.596865621874,12.971916904687724,77.59464065285893,4.187082405345212,0.0,0.40362354403531936,-0.44528582034149977,0.600992035801502,-2.0055855916761787,-0.5765159711437374,354.93320413792844,3.0920259385052087,1212.9206515353367,1229.6060617514977,1198.1478670461397,1225.2728725773986
2024-05-20 00:04:50.696899,290.6968989663221,12.971900726859905,77.5946382346621,4.142538975501113,0.0,0.032653978504996316,-0.44528582034149977,0.4464815159773215,-2.1880011850935053,0.5151190452610642,354.956392192926,3.277627385081117,1234.1986630277456,1209.1504364798066,1234.7013566053342,1218.201147803007
2024-05-20 00:04:50.796932,290.7969323107703,12.971897990391238,77.59467502292459,4.097995545657016,0.0,-0.29823570464474464,-0.4452858203414891,0.5359328291140041,0.7479218231849848,-1.556393770592743,354.93858614497566,3.0953052551434355,1219.9584495981203,1230.0278707125938,1213.9094569685979,1219.016176027555
2024-05-20 00:04:50.896966,290.8969656552184,12.971883083326864,77.59468034562738,4.053452115812918,0.0,-0.09988377850783123,-0.4452858203414962,0.4563509954039771,2.4308862985276964,-0.04812539312515062,355.1093812539179,3.1925714263023566,1211.746260394081,1237.084145076987,1207.7646454516707,1222.9083678643606
2024-05-20 00:04:50.996999,290.9969989996666,12.97187177687582,77.59467030358334,4.008908685968819,0.0,0.12110359137912115,-0.4452858203414962,0.46146022758426364,0.2393761996386624,-3.4832568835244953,355.1356165882034,2.9431171842204082,1195.5705926664282,1227.6419738684353,1204.0111726052196,1223.6047399053298
2024-05-20 00:04:51.097032,291.0970323441147,12.971878860881558,77.59466692311771,3.9643652561247222,0.0,-0.06748477454947542,-0.44528582034149267,0.4503705769621164,-0.1558902108969918,-0.7404138421481777,355.0869647230013,2.9867419351368136,1204.1523127471683,1209.079242540853,1212.729163706857,1203.8771229542044
2024-05-20 00:04:51.197066,291.1970656885629,12.971877311593106,77.59469463828913,3.919821826280625,0.0,-0.23680148008605695,-0.44528582034151043,0.5043356052948861,-4.9691683568803,1.324200132842045,355.021787291311,2.8434617145828303,1233.6541193672028,1219.1891229249059,1203.7764305505323,1212.2307616943574
2024-05-20 00:04:51.297099,291.297099033011,12.971859767167526,77.5947124838546,3.8752783964365243,0.0,0.11408171758516489,-0.4452858203415069,0.4596673798350173,-2.150466758707709,1.1943574101062369,354.9537103751824,2.9732595795331838,1233.1910745419298,1231.8176023233623,1234.6675327310957,1200.915074205029
2024-05-20 00:04:51.397132,291.3971323774592,12.971856096292836,77.59472364994926,3.830734966592427,0.0,-0.03422768929678036,-0.4452858203414891,0.446599369135011,-1.068851916699023,1.069732068453532,354.855333205051,2.80560704557635,1229.1940571500627,1222.6222470834568,1230.0097971650707,1220.1791460934403
2024-05-20 00:04:51.497166,291.4971657219073,12.971856901582633,77.59473030453573,3.78619153674833,0.0,0.28947030279088476,-0.4452858203414891,0.5311049971474938,0.2622238503242039,0.812400778974971,354.7282444694067,2.592876034543453,1210.5782606902872,1211.7470836362143,1227.9449934090885,1208.1583493554638
2024-05-20 00:04:51.597199,291.5971990663555,12.971877052564437,77.59475010037146,3.7416481069042327,0.0,0.03755307909844549,-0.4452858203414891,0.44686652990234904,-0.006885730783110366,-2.801701520784241,354.8321317221098,2.793418960761293,1213.4485293762546,1230.0449770777836,1215.4693846762104,1200.642770840906
2024-05-20 00:04:51.697232,291.6972324108036,12.97188154017298,77.59474988938281,3.6971046770601355,0.0,-0.07051304504273936,-0.4452858203415069,0.45083428365465744,1.949678941922549,-2.1043677387166597,355.0100173148628,2.8838122157189274,1225.2470957206672,1226.5238716730653,1222.0479093565236,1225.8059593787893
2024-05-20 00:04:51.797266,291.7972657552518,12.971894858654835,77.59475785647109,3.6525612472160347,0.0,-0.05101226209955278,-0.4452858203415069,0.4481982961611101,-2.1371718875954575,-0.5381479191206855,355.0900242104898,2.791553080959606,1201.5932592354213,1228.2362733468578,1207.4933381965595,1213.9636770908407
2024-05-20 00:04:51.897299,291.8972990996999,12.97189426168523,77.59475318631128,3.6080178173719375,0.0,0.05337637760471523,-0.4452858203414891,0.4484735214964135,-2.4805481038135966,2.341699562888755,355.3874900162945,2.664732724065768,1214.524221494186,1222.4148855005506,1221.1325515500791,1219.4440772761689
2024-05-20 00:04:51.997332,291.99733244414807,12.971892919538227,77.59475842581382,3.5634743875278403,0.0,0.11809483560221655,-0.4452858203414891,0.46067977163438323,0.993350751762184,-0.9262343762663947,355.4965466480375,2.7790495592360993,1219.7998575883132,1213.8356396746613,1216.9310134904247,1226.2449033298826
2024-05-20 00:04:52.097366,292.0973657885962,12.971896257627739,77.59476564254933,3.518930957683743,0.0,-0.029537470379576342,-0.44528582034151043,0.44626441035963893,-2.9675092929977454,2.2580396180420426,355.5282972827446,2.734747958005857,1230.857583532449,1207.148778639524,1207.6126519336083,1232.813160722645
2024-05-20 00:04:52.197399,292.19739913304437,12.97190807737078,77.5947626648506,3.4743875278396423,0.0,0.2763290789455323,-0.44528582034151043,0.5240584143662785,-2.105769773383042,-1.4063509121924642,355.38391493598215,2.623620534174664,1226.8772064705174,1207.0374307457205,1225.034199015016,1215.9967132204483
2024-05-20 00:04:52.297432,292.2974324774925,12.97191027943908,77.59477192572508,3.429844097995545,0.0,-0.11170661602270662,-0.4452858203414891,0.45908368502968755,-0.6762685008673635,-1.0219263981001154,355.4711711970181,2.660167129435478,1218.1849951992385,1220.8638636976543,1222.3850482425987,1222.8707899047133
2024-05-20 00:04:52.397466,292.39746582194067,12.97190981343362,77.59478236252386,3.385300668151448,0.0,0.025901382103693034,-0.4452858203414891,0.44603849989891503,2.445151613070997,-1.865450567481532,355.60045209922805,2.3989377937283223,1222.6165405475683,1223.4335855162567,1220.2202157922,1220.5767579760188
2024-05-20 00:04:52.497499,292.4974991663888,12.971922980054048,77.59479716986954,3.3407572383073507,0.0,-0.35273734062172907,-0.4452858203414891,0.5680696200872588,0.8014884708777337,1.4707663897173888,355.3927880201146,2.6214545477589346,1219.2382920144235,1210.9658294481187,1219.395839628426,1203.4105311163892
2024-05-20 00:04:52.597533,292.59753251083697,12.971919712414957,77.594804282224,3.2962138084632535,0.0,-0.07369780425336006,-0.4452858203415069,0.4513433594825289,4.471715328281286,2.0925244024650924,355.3864528899308,2.561365273312934,1220.5569001146932,1217.2921989310385,1220.716557240687,1215.8161506869305
2024-05-20 00:04:52.697566,292.6975658552851,12.97192840408444,77.59479632732621,3.2516703786191528,0.0,-0.09591285674118748,-0.4452858203415069,0.45549834015665114,-1.2847817814436213,1.329835744372992,355.5114541096349,2.5526892304039164,1200.6833926316983,1222.7386204723348,1226.3927565314573,1210.1299874047625
2024-05-20 00:04:52.797599,292.79759919973327,12.971930945308536,77.59479386724429,3.2071269487750556,0.0,-0.35105714213293726,-0.4452858203414891,0.5670278466175521,-0.1853139730631658,2.148247629485469,355.2039801377283,2.522915693187342,1223.5320363662815,1220.88840427652,1223.3589480378455,1207.0737295505055
2024-05-20 00:04:52.897633,292.8976325441814,12.971917527516748,77.59479243131516,3.1625835189309583,0.0,-0.11535848033079416,-0.4452858203414909,0.4599859136771742,-0.9788727666944734,4.077070865432443,355.31716065389276,2.311556269532384,1209.7852885836974,1216.2199609146087,1223.386856491019,1232.7722310509996
2024-05-20 00:04:52.997666,292.99766588862957,12.97192441256649,77.59480323839267,3.118040089086861,0.0,0.00726174683944362,-0.44528582034150865,0.4453450288982358,2.7555900741757355,0.026491734712610612,355.2502185855272,2.3908632869113733,1217.3566783868625,1215.1159216473955,1210.2428810159122,1216.2459593907415
2024-05-20 00:04:53.097699,293.0976992330777,12.971920291817495,77.5947990964051,3.0734966592427604,0.0,-0.19577277378096156,-0.4452858203415069,0.48642208086300964,0.40863620154665053,-1.5616354612380487,355.10719246059244,2.4231423729323054,1206.2948509991566,1221.0167557650468,1218.0690768640216,1209.8142426418194
2024-05-20 00:04:53.197733,293.19773257752587,12.971935755663456,77.59480351041539,3.028953229398663,0.0,0.05263965237296601,-0.4452858203414891,0.44838643467341827,3.137692930449697,1.4064863756092236,355.26300623076844,2.1978119327703327,1205.4970282347685,1218.563309875968,1212.3419381825563,1211.3121707493315
2024-05-20 00:04:53.297766,293.297765921974,12.971926490893765,77.5948039222155,2.984409799554566,0.0,-0.09438665852422888,-0.4452858203414891,0.4551794185863002,1.3197879431752138,-1.2938008468888846,355.3275381979463,2.311706859658224,1203.170908968909,1217.363285636023,1200.6539042732988,1206.3900013332423
2024-05-20 00:04:53.397799,293.39779926642217,12.971940200422338,77.59481827564522,2.9398663697104688,0.0,0.12499002076360133,-0.44528582034150865,0.462495369801359,0.19650348680389285,1.2959263054711183,355.3871551996518,2.1418487987687618,1230.7700568490682,1201.639807498848,1215.162524211058,1203.695794824472
2024-05-20 00:04:53.497833,293.4978326108703,12.971939556381095,77.59483350561028,2.895322939866368,0.0,-0.09948783670285695,-0.44528582034150865,0.4562644972480597,-0.6984456272276995,-5.318746395933101,355.43706757656275,2.2416484126748353,1218.7024826194154,1238.537043652197,1220.2571926429341,1206.2799745465506
2024-05-20 00:04:53.597866,293.59786595531847,12.971950774021472,77.59481653670925,2.850779510022271,0.0,-0.021756253496007207,-0.4452858203414891,0.4458169987375711,-0.7611345276509578,0.9620732648076407,355.3660417432915,2.1482142099687165,1205.8019358474594,1210.1136925340597,1223.1936234246764,1221.7549595018952
2024-05-20 00:04:53.697899,293.6978992997666,12.971950389722743,77.59480067673286,2.8062360801781736,0.0,0.15573883222076235,-0.4452858203414891,0.47173514354845314,-1.1637913912341782,0.2901964737368309,355.29304865381704,1.9822306022246527,1210.806923523542,1203.802337994363,1207.3773570251049,1195.3375701853583
2024-05-20 00:04:53.797933,293.79793264421477,12.97195397798196,77.59480612019804,2.7616926503340764,0.0,-0.33323529654588085,-0.4452858203414891,0.5561701400302016,-0.3972896556114021,-2.461007759182286,355.3791280166471,2.1047140721430746,1196.8878174151123,1210.5405886794322,1225.2744510617483,1217.2055889641624
2024-05-20 00:04:53.897966,293.8979659886629,12.971940004969467,77.59480425808901,2.717149220489979,0.0,0.121912138525317,-0.44528582034150865,0.4616730783975024,-2.1404273730554655,-2.071913563509554,355.33033194979487,2.0137709545460285,1215.8594742233968,1205.075080623217,1209.4192155064209,1207.6986845190575
2024-05-20 00:04:53.997999,293.99799933311107,12.971923554254284,77.59480458384041,2.6726057906458784,0.0,0.05076437956699218,-0.44528582034150865,0.44817015075753536,0.2262068147008407,3.0933776725521276,355.3623675025039,2.109311454619256,1202.3256309391334,1204.4851979851858,1210.3974597423276,1234.1032780239852
2024-05-20 00:04:54.098033,294.0980326775592,12.971933354748963,77.59480668042201,2.6280623608017812,0.0,0.06328211052763447,-0.4452858203414891,0.4497600330287526,-2.3152676890441026,0.860819312424599,355.39334096513767,2.0362557262182537,1223.0569021955268,1208.6187759103748,1232.759289110193,1196.2685070161433
2024-05-20 00:04:54.198066,294.19806602200737,12.971925069634983,77.59481366243264,2.583518930957684,0.0,0.027014050829772703,-0.4452858203414891,0.446104495314076,0.8288703905708457,3.488477737565118,355.4964048555829,2.0440421924636167,1218.7602677067152,1210.3220216160557,1221.6368410774583,1221.6834237140986
2024-05-20 00:04:54.298099,294.2980993664555,12.97192210566002,77.59481856328708,2.538975501113587,0.0,-0.12602769781564058,-0.4452858203415069,0.46277688189225613,-1.5083561851242704,1.0713367755804057,355.5463756800123,1.9473609677805614,1182.8264727073338,1214.0403043536512,1192.0787529668846,1233.1510945391115
2024-05-20 00:04:54.398133,294.39813271090367,12.971934769123303,77.59482466510737,2.494432071269486,0.0,-0.3289855500044825,-0.4452858203415069,0.5536343142444844,-4.118520810803933,-0.1703795614815773,355.54863204442404,1.9479386966392798,1225.0440792144016,1204.0940073261381,1233.185145099461,1225.6567345130325
2024-05-20 00:04:54.498166,294.4981660553518,12.971951281891963,77.59482085338199,2.449888641425389,0.0,0.07428665952224629,-0.4452858203414909,0.45143988479106345,-2.2389805957252453,2.429076506743847,355.54582122592075,1.8634230486003638,1211.7269336477739,1190.275247205369,1219.1743954028343,1217.2940739851872
2024-05-20 00:04:54.598199,294.59819939979997,12.971950256646108,77.59482297038322,2.4053452115812917,0.0,0.12436650434208361,-0.4452858203414909,0.4623272533600674,-1.9178331846439378,1.390585200239693,355.51499504694306,1.7631542299450655,1195.1372251130724,1184.1909192636504,1202.4657191778595,1198.3668085165284
2024-05-20 00:04:54.698233,294.6982327442481,12.971958835282903,77.59481759832123,2.3608017817371945,0.0,-0.20205746203784442,-0.4452858203414891,0.4889853574110045,2.232562966977903,-0.21328817028482294,355.64038668824156,1.877504979344909,1205.5660759446787,1230.5754557759633,1205.2035831169114,1211.4841244934123
2024-05-20 00:04:54.798266,294.79826608869627,12.971948853821655,77.59481304278289,2.3162583518930973,0.0,-0.02488473044341844,-0.4452858203415069,0.44598061797173466,1.1821595365828856,-1.2651423816943315,355.76951943362,1.8335040828970346,1205.082978675525,1211.0685676900719,1210.2215308341135,1208.7407855792949
2024-05-20 00:04:54.898299,294.8982994331444,12.97195355242115,77.59481134169731,2.2717149220489965,0.0,0.08527974189546506,-0.4452858203415069,0.4533785351943405,-1.413993855773641,-3.1184172938832866,355.78672749592454,1.6230005645121088,1207.8451602718314,1193.5077232995955,1230.400076207573,1212.6942818772436
2024-05-20 00:04:54.998333,294.99833277759257,12.97197135336039,77.59483217022093,2.2271714922048993,0.0,0.10585215054716848,-0.4452858203414909,0.45769437354271125,0.0581482622498224,2.2669710872241273,355.944392862006,1.7817872413357403,1222.1843620330937,1209.7637804148312,1213.5605672874744,1205.4856775184492
2024-05-20 00:04:55.098366,295.0983661220407,12.97197687170904,77.59483283992195,2.182628062360802,0.0,0.2267965044479952,-0.4452858203414909,0.49971603559123856,-2.2284741769555576,0.38928126467429663,355.76531679350893,1.7980675094685863,1190.0516804279005,1223.5879325696048,1196.4409255390597,1204.3881054511226
2024-05-20 00:04:55.198399,295.19839946648887,12.971961446666594,77.59482402285808,2.138084632516705,0.0,0.20938843859930462,-0.4452858203415069,0.49205993539025655,-1.1522378082674107,-0.5690722178747645,355.7157644685645,1.6592317057208932,1212.6140734190667,1209.560170321941,1221.1673339370598,1211.299124751971
2024-05-20 00:04:55.298433,295.298432810937,12.971969662042577,77.59482575693545,2.093541202672604,0.0,-0.21007665853350832,-0.4452858203415069,0.49235319056325105,2.593156161238205,-1.5005208559457857,355.7238996233005,1.6220380766908997,1214.1254741388566,1193.3756442474814,1187.4279234629107,1197.3325506417807
2024-05-20 00:04:55.398466,295.39846615538517,12.971970593669381,77.59483061967225,2.048997772828507,0.0,0.14957086069892853,-0.4452858203414891,0.46973492968631914,0.5940521973639737,1.1823332066074865,355.7407973118132,1.603107636840783,1204.7527769385108,1209.4488728353847,1221.2675002829233,1197.6342833825954
2024-05-20 00:04:55.498499,295.4984994998333,12.971963877485955,77.5948284293768,2.0044543429844097,0.0,-0.4478589025297769,-0.4452858203414909,0.6315513109576851,0.24564307927276827,-2.4665371674601517,355.7559470361912,1.3289104463512196,1215.5715285564545,1212.026913523504,1202.105908366367,1207.7758551473557
2024-05-20 00:04:55.598533,295.59853284428146,12.97195943922291,77.59484135888806,1.9599109131403125,0.0,0.16324412283694242,-0.4452858203414909,0.4742658594480497,0.11818958071085782,-1.3213234349781686,355.68228127206874,1.4928855600963653,1212.2407180664468,1198.4383057512532,1209.486042552214,1219.7321648095844
2024-05-20 00:04:55.698566,295.6985661887296,12.971946938796707,77.59484973601727,1.9153674832962153,0.0,-0.16543245322345906,-0.4452858203415069,0.4750235345503849,2.3897440484657833,-2.045862573855189,355.6368671349646,1.5924544915438783,1202.4156639281962,1199.81477947875,1202.3783007028571,1213.715755389236
2024-05-20 00:04:55.798600,295.79859953317776,12.97195948031545,77.59484814803604,1.8708240534521146,0.0,-0.007553188361259983,-0.4452858203415069,0.4453498764473045,1.0955290122093826,1.2827538510549519,355.541977466184,1.3953431381704469,1193.603299239554,1203.3967937347052,1197.5163126227003,1223.0049491064417
2024-05-20 00:04:55.898633,295.8986328776259,12.971947178904479,77.5948548233164,1.8262806236080174,0.0,0.07883956898182197,-0.4452858203414891,0.4522113879972865,2.6380713890781027,0.04848094983956989,355.6368614036666,1.4396954356211156,1203.0536736386907,1219.5277693081046,1222.94242726158,1200.883813410674
2024-05-20 00:04:55.998666,295.99866622207406,12.971952248581204,77.59484566779592,1.7817371937639201,0.0,0.1727627919295485,-0.4452858203414909,0.4776258410853489,-2.155542274664378,-0.7930809738856949,355.57467191687516,1.461403628740025,1211.0668794053884,1208.9936045535974,1214.2607833729628,1202.6199457945472
2024-05-20 00:04:56.098700,296.0986995665222,12.971945100975582,77.59485580004198,1.737193763919823,0.0,-0.1525152375160106,-0.44528582034150865,0.4706807404937825,0.8863568356219527,2.1850892766723184,355.64897151676604,1.2723881098351923,1203.7047164753274,1190.5921879402538,1204.480064647924,1209.1639281234457
2024-05-20 00:04:56.198733,296.19873291097036,12.971941359028113,77.59485832658301,1.6926503340757222,0.0,0.10992690970257313,-0.4452858203415069,0.4586538861428805,1.1676356448746203,2.1447024304714875,355.62158415209285,1.1900711736623075,1199.7515622916685,1201.5768659876467,1221.6591171883751,1201.870811734633
2024-05-20 00:04:56.298766,296.2987662554185,12.971945952296702,77.59484050502532,1.648106904231625,0.0,-0.37627703271962465,-0.4452858203414891,0.5829784448412123,-1.1331230729858235,-1.4245515017832937,355.61634248527724,1.1511647325632235,1205.2817897673085,1214.1381329009457,1208.1686132013613,1219.7539881014523
2024-05-20 00:04:56.398800,296.39879959986666,12.971941881286753,77.59483066361427,1.6035634743875278,0.0,0.3194140570329338,-0.44528582034149,0.5480007314114024,-3.147967448759895,1.3700516896351407,355.6463274642557,1.3637817889777646,1219.5189928261773,1201.6703308718943,1216.7811228141532,1203.3540895741453
2024-05-20 00:04:56.498833,296.4988329443148,12.97192186689513,77.59481702674887,1.5590200445434306,0.0,0.1171897212956026,-0.44528582034149,0.4604485775572933,2.790433079031382,3.5865744433640527,355.6969888484659,1.336012136332475,1202.5530074422245,1217.489267945232,1217.4448049331195,1213.1192983967185
2024-05-20 00:04:56.598866,296.59886628876296,12.971926974092366,77.59481031096347,1.5144766146993334,0.0,0.0704377411182545,-0.4452858203415069,0.45082251182815947,-0.6166312761842258,-0.13302337464578629,355.6246871070659,1.324569169181268,1224.977169628434,1207.490728438356,1202.2786873356977,1210.261908803638
2024-05-20 00:04:56.698900,296.6988996332111,12.971933985122035,77.59480303872782,1.4699331848552326,0.0,0.10422723673735375,-0.44528582034150777,0.4573213079172169,-1.684095265948635,0.12607172852177115,355.67652621519863,1.1182261113272662,1224.1116761138746,1206.3981526650364,1200.790193211131,1190.5767535736418
2024-05-20 00:04:56.798933,296.79893297765926,12.97192974300097,77.59479541125016,1.4253897550111354,0.0,0.19684600937879734,-0.44528582034149,0.4868550227794218,0.47716116912804696,1.6847868465411673,355.6247535929853,1.1055211252753898,1215.75424474351,1209.7644336216445,1218.9690196744566,1196.7541328563022
2024-05-20 00:04:56.898966,296.8989663221074,12.97191867452509,77.59479933203174,1.3808463251670382,0.0,0.20504275520162887,-0.44528582034149,0.4902264713965055,-1.1332020261905205,0.9976783698214302,355.6725478648673,0.8932796933157916,1207.8970516641882,1196.722638971812,1212.3726083764695,1221.9918223541326
2024-05-20 00:04:56.999000,296.99899966655556,12.971908467840608,77.59481001881107,1.336302895322941,0.0,-0.2752964658722276,-0.44528582034150777,0.5235146663838064,-1.5354367784868859,-0.6451645274075031,355.6687582018782,0.906120668529736,1202.818422173781,1200.6199657448203,1194.1291224436875,1192.2484584284723
2024-05-20 00:04:57.099033,297.0990330110037,12.971923401069233,77.59479622105245,1.2917594654788402,0.0,0.061045075688639455,-0.4452858203415069,0.44945073485649173,1.6757463515081796,0.09123127742169561,355.69408310776856,0.9095450706621045,1188.2747752610417,1205.688016167249,1215.041361289159,1213.8538803996269
2024-05-20 00:04:57.199066,297.19906635545186,12.971924748423744,77.59479792567537,1.247216035634743,0.0,-0.2388190889162393,-0.44528582034149,0.5052860764240158,-1.61277767196328,-2.510314622112383,355.7647206643353,1.0707698350681887,1212.7523253872284,1189.8131261536005,1225.627615359426,1200.428705743379
2024-05-20 00:04:57.299100,297.2990996999,12.97192554793557,77.59480850441696,1.2026726057906458,0.0,0.20947015501247934,-0.44528582034161523,0.4920947140929857,2.662110663124188,2.827035710282866,355.7145364539009,0.8898966314002508,1199.601220523472,1208.4649447230868,1199.6582759939483,1205.9435180834148
2024-05-20 00:04:57.399133,297.3991330443481,12.971927856541553,77.59479116591167,1.1581291759465486,0.0,0.30118197577696343,-0.445285820341617,0.5375779425629573,-2.116370806394419,3.9160305401974536,355.6723622993223,0.8179153636390754,1204.2053723189213,1215.0973018736724,1208.416361150836,1209.6570442775042
2024-05-20 00:04:57.499166,297.49916638879625,12.971911310176326,77.59477902975857,1.1135857461024514,0.0,0.04978690543093566,-0.44528582034150777,0.44806048447681535,0.49746365961236383,-0.09753964149752793,355.57536171259136,0.8250419953425944,1214.141850113293,1189.2395752012405,1221.4661203948745,1216.1964141756116
2024-05-20 00:04:57.599200,297.5991997332444,12.971918812783713,77.59478188561783,1.0690423162583507,0.0,0.17887197018459688,-0.44528582034150777,0.47986940256170624,1.9951020759033529,-2.480218726645486,355.5409355479847,1.018819538900967,1190.8526642143304,1211.4060407184836,1197.7185667673446,1201.1869291909732
2024-05-20 00:04:57.699233,297.69923307769255,12.971936269297293,77.59478083148096,1.0244988864142535,0.0,0.29708690481445615,-0.44528582034149,0.5352943963927023,5.994528782703247,1.5140351951878266,355.6951081413781,0.8338252056481336,1207.2670727723198,1195.9133889146408,1182.278590271016,1209.0201616514066
2024-05-20 00:04:57.799266,297.7992664221407,12.971925379731257,77.59479469447193,0.9799554565701563,0.0,-0.3321017359069883,-0.44528582034149,0.5554916964182531,2.3193157104936524,1.2279192838794624,355.72505237403107,0.8865015725357636,1211.890742797468,1223.478825686842,1200.4804972144939,1201.1651093632686
2024-05-20 00:04:57.899300,297.89929976658885,12.97191341553509,77.59479475981084,0.935412026726059,0.0,0.19166012838973792,-0.4452858203415069,0.4847814627350963,1.0288730366636425,2.1747209216639773,355.79662900305664,0.8838455168544755,1200.782356475938,1194.795337878783,1207.676935200115,1199.0230791430024
2024-05-20 00:04:57.999333,297.999333111037,12.971926167211846,77.59479798666433,0.8908685968819583,0.0,0.2890809713776749,-0.44528582034150777,0.5308928986244491,-0.5703730458017277,0.0017231777618059066,355.8955161772679,0.7189695789916825,1196.1448343562718,1205.6136615758098,1215.675174309374,1206.9334593568788
2024-05-20 00:04:58.099366,298.09936645548515,12.971917373535335,77.59479490050656,0.8463251670378611,0.0,0.05106208295325783,-0.44528582034149,0.44820396931834405,-5.341918582413162,4.191687769280146,355.93401213904207,0.5241209466572354,1200.2723751633143,1195.8076025799473,1202.694690750786,1207.3537205894759
2024-05-20 00:04:58.199400,298.1993997999333,12.971913885539092,77.59480123882992,0.8017817371937639,0.0,0.13386055090850013,-0.44528582034148956,0.464971083925356,1.1946484905936317,1.731240759121824,355.861445781738,0.5318375030341089,1221.379040265467,1202.0556926257857,1212.8948319123883,1214.216898819254
2024-05-20 00:04:58.299433,298.29943314438145,12.9719235185149,77.59479330974928,0.7572383073496667,0.0,-0.25037435254649026,-0.44528582034149,0.5108490757653066,-0.8107628727689998,0.36695350954461337,355.87928623033366,0.4094349819119183,1190.8929236138365,1200.5086585725219,1216.5328658282983,1198.0975344391752
2024-05-20 00:04:58.399466,298.3994664888296,12.971919881620629,77.59479647397042,0.7126948775055695,0.0,0.12588190147003647,-0.44528582034150777,0.46273719854245726,2.163980693861013,0.3658755254135571,355.79481621766513,0.5904257340684169,1190.045201391217,1199.9082597268193,1202.191707816333,1211.4525558004098
2024-05-20 00:04:58.499500,298.49949983327775,12.97193027582761,77.59478764627724,0.6681514476614687,0.0,-0.11999994475755969,-0.4452858203415073,0.461171821059165,1.8285675796027727,2.1071096353865566,355.82648792183176,0.524968391841275,1225.4315383392573,1221.165071393308,1220.1611584601749,1203.7785634865531
2024-05-20 00:04:58.599533,298.5995331777259,12.971941997886505,77.59476664781374,0.6236080178173715,0.0,-0.008272437408787038,-0.44528582034148956,0.44536265561660604,-0.05495623075288397,-0.3308910541947293,355.89880686669704,0.377432873447947,1205.8728108585867,1202.6249037410223,1202.0658114809207,1195.981750304574
2024-05-20 00:04:58.699567,298.69956652217405,12.97193583698275,77.59477807698258,0.5790645879732743,0.0,-0.0215602137212461,-0.44528582034149,0.4458074748284281,0.5996239917750863,2.821466110956711,355.9273219441229,0.5914850342889122,1205.9898772453698,1191.9004149773089,1206.9240738549531,1212.4578253498498
2024-05-20 00:04:58.799600,298.7995998666222,12.971938214908985,77.59477458391434,0.5345211581291771,0.0,0.007868924181640754,-0.44528582034150777,0.4453553432541098,0.7424778238386961,0.33137684918674465,355.8247757257968,0.5192862965481725,1200.105116510106,1199.2192565982682,1217.7724693804812,1203.9347849359544
2024-05-20 00:04:58.899633,298.89963321107035,12.971953302736111,77.59477472535761,0.48997772828507635,0.0,-0.03727845061782748,-0.4452858203415073,0.44684353489524153,2.689027675443828,1.2201346912426565,355.9820624454329,0.32948801851767257,1195.4016164801926,1198.0732112866835,1210.0637556129507,1198.9552874558035
2024-05-20 00:04:58.999667,298.9996665555185,12.971938318408862,77.59479757448514,0.44543429844097915,0.0,-0.07860341351766692,-0.44528582034148956,0.45217027590701125,1.1047824356264608,0.7025440076411813,356.04132095738925,0.3507557425925031,1199.6398222951404,1196.9180586483305,1214.5209327491377,1200.7929911259657
2024-05-20 00:04:59.099700,299.09969989996665,12.97193681825597,77.59480129189647,0.40089086859688194,0.0,0.07457975614064408,-0.44528582034149,0.4514882078451127,1.1473014622903337,-0.13224838992124888,355.98695921386354,0.2081287837614507,1194.327450156766,1220.0014589089203,1187.599535512774,1208.9803352773517
2024-05-20 00:04:59.199733,299.1997332444148,12.971932217497613,77.5947966500021,0.35634743875278474,0.0,-0.05798819868357705,-0.4452858203414898,0.4490457582293363,3.7053943069212507,0.2035417453690144,355.99190009320114,0.3453265889039151,1194.7364027077776,1218.5695075682988,1196.18992349262,1195.0032340001874
2024-05-20 00:04:59.299767,299.29976658886295,12.971943171931404,77.59479046894583,0.31180400890868754,0.0,-0.32373524032318723,-0.44528582034150754,0.5505306236934701,3.2324143674963315,1.1579988113872701,356.08839528736365,0.2361017769075655,1191.4603219866085,1195.9090662403494,1185.104447440021,1203.508915783478
2024-05-20 00:04:59.399800,299.3997999333111,12.971934275266978,77.59478644760226,0.2672605790645868,0.0,-0.010621511047745455,-0.44528582034150754,0.44541248107136233,-2.015178469300265,-0.5805202148825411,355.9502996599884,0.3690158208644382,1216.7414406486932,1202.742796768255,1208.9533436498712,1196.0243018077445
2024-05-20 00:04:59.499833,299.49983327775925,12.971912589913721,77.59477292534302,0.22271714922048957,0.0,-0.05542542424334001,-0.4452858203414898,0.4487220068703426,2.455533175182532,0.6860782070934576,355.90446585979396,0.2302847601533269,1213.8112428239458,1201.8585583111776,1178.5530327290505,1221.3231658091838
2024-05-20 00:04:59.599867,299.5998666222074,12.971913338608353,77.59477231968877,0.17817371937639237,0.0,0.014832873310989429,-0.4452858203414899,0.4455328000583722,2.681437560288886,3.3998252488634484,355.83683167564726,0.10682917823873556,1192.2826649293595,1209.174562010959,1185.975701823671,1199.4072440611185
2024-05-20 00:04:59.699900,299.69989996665555,12.971904157150801,77.59477187636045,0.13363028953229517,0.0,0.2530042642601676,-0.44528582034150754,0.5121431631204678,1.5514046711576155,-1.8943581972648993,355.7929477039512,0.05531508982645504,1223.3439713762587,1188.4100301223282,1204.0712608660303,1196.2649172834263
2024-05-20 00:04:59.799933,299.7999333111037,12.971899923153405,77.59475910891405,0.08908685968819441,0.0,0.05180638056445983,-0.44528582034150754,0.4482893740257502,-0.9405375750827458,0.8497815673401671,355.7788693392712,0.22280586055277496,1172.3732741521626,1217.5132068000287,1191.926363032343,1180.7340752963007
2024-05-20 00:04:59.899967,299.89996665555185,12.971906481101652,77.59473635009964,0.044543429844097204,0.0,0.29550498814405013,-0.4452858203414898,0.5344180571567625,-3.2950853364935395,-0.24855193617931207,355.63529746973626,0.20550018977787335,1195.8473517804337,1210.0192837965246,1196.4611814232449,1203.3696031081624
2024-05-20 00:05:00.000000,300.0,12.971907476905267,77.59470715293492,0.0,0.0,-0.022746368434536167,-0.4452858203414898,0.4458664139337624,-0.7546353898092604,-0.7834819440573734,355.6235126755471,0.047133521641325685,1195.9610403541433,1202.2093221547984,1208.564464197089,1209.6320529761226
