timestamp,time_s,lat,lon,altitude_m,vx_ms,vy_ms,vz_ms,speed_ms,roll_deg,pitch_deg,yaw_deg,battery_pct,payload_kg,motor1_pwm,motor2_pwm,motor3_pwm,motor4_pwm,motor5_pwm,motor6_pwm,vibration_x,vibration_y,vibration_z
2024-10-08 00:00:00.000000,0.0,12.97160323295483,77.5945884786628,0.0,0.0,-0.012849391963688138,1.3978243978243978,1.3978834550945143,0.8802141981579186,-0.4548790419072639,359.9878000486916,100.00615065191667,0.5,1226.6010589594587,1218.6853610435776,1229.6954541110244,1216.461516831922,1220.2109000619107,1237.7224614130225,-0.08907504802073153,-0.40509253143367674,0.5799837088293992
2024-10-08 00:00:00.100056,0.1000555864369094,12.971612627456707,77.59457862450736,0.13986013986013987,0.0,0.2530695303742529,1.3978243978243978,1.4205482161324146,0.24451950203938655,0.2565196667511517,359.93865662687784,99.78143442999077,0.5,1231.496474586043,1222.159296563215,1231.4282745079836,1226.9610993909246,1240.6446473402734,1234.6645202876277,0.5341882028305074,0.14772702820324563,0.5055568765410096
2024-10-08 00:00:00.200111,0.2001111728738188,12.971619306914404,77.59458626628619,0.27972027972027974,0.0,0.039161473611926276,1.3978243978243974,1.3983728644995213,1.6328593398560138,-0.24378310828634073,359.88301899851695,99.88016227682522,0.5,1227.3706694173054,1231.7114216847021,1210.2623217668345,1240.4033982015608,1236.6944235793592,1227.72483200077,-0.16059424158498312,0.14311779334088665,0.05988428165221841
2024-10-08 00:00:00.300167,0.3001667593107282,12.971633280585664,77.59459853444673,0.4195804195804196,0.0,-0.15757341188469368,1.3978243978243978,1.4066777979644534,-0.2833336718120514,0.37114627895937874,359.97040101051266,99.93290724958197,0.5,1236.5474586185226,1224.3834323971116,1233.5091843144999,1231.39594545994,1210.945188899312,1225.1238376350705,0.4528785050135082,0.40492230507139026,0.13547280930216157
2024-10-08 00:00:00.400222,0.4002223457476376,12.971630428800475,77.59460290651437,0.5594405594405595,0.0,0.057578130254513686,1.3978243978243983,1.399009752731105,0.507486792313849,2.268922715782522,0.03064775100644885,99.74518660382972,0.5,1230.0434728025373,1220.9132240360996,1230.6020352112314,1221.3424092425823,1216.2165683761143,1226.251153636788,-0.2745614843022076,0.1470462764187472,0.13765844343062017
2024-10-08 00:00:00.500278,0.500277932184547,12.97163264603472,77.59460622126086,0.6993006993006994,0.0,0.01965265915772456,1.397824397824397,1.3979625439063479,-1.1145940167708366,0.5193335587656527,0.0185854645955355,99.78160707759444,0.5,1223.7535565643395,1233.6534010564017,1229.7386661449991,1242.5672766775094,1225.6225054964234,1220.815215410613,-0.631071806968946,-0.2538836082050508,-0.288168951333889
2024-10-08 00:00:00.600334,0.6003335186214565,12.971618960110247,77.59460936819221,0.8391608391608392,0.0,0.2781126309017279,1.3978243978243965,1.4252226782577584,-1.176096105715097,0.6126826561919125,0.14353103413329457,99.8317742417172,0.5,1227.2699973869612,1232.889682039596,1231.7735419571948,1228.073723780083,1216.35190179255,1239.3973763175077,0.16606673951626216,0.04000921492160344,-0.4889954058163179
2024-10-08 00:00:00.700389,0.7003891050583658,12.971613903101783,77.5946169950101,0.9790209790209791,0.0,-0.004441682671211373,1.3978243978243983,1.3978314546818917,-0.19133483099320134,1.2336899638440544,0.1851232533117914,99.6240244066201,0.5,1231.4385465418181,1239.4563227278643,1230.010854697996,1216.3856610657276,1240.1440666349188,1243.1100502185407,-0.3080169000093034,-0.14929787466364422,0.536309320878011
2024-10-08 00:00:00.800445,0.8004446914952752,12.971611934453241,77.59461614475791,1.118881118881119,0.0,0.03611725982086867,1.3978243978243974,1.3982909223799271,-1.0242865127788408,-0.5416114326431594,0.07681124314507323,99.47460696687543,0.5,1220.5414979977545,1218.6136462554352,1233.2840887863629,1225.8454786955915,1227.8021655828277,1235.9429490421473,0.252590720703229,0.29391546222158055,0.09788944320301149
2024-10-08 00:00:00.900500,0.9005002779321846,12.971609792505618,77.594619865331,1.2587412587412588,0.0,-0.07112718026850968,1.3978243978243983,1.39963285290325,-2.1002019139088985,0.1230723246318174,0.003985423694936166,99.30340067109604,0.5,1233.1154166742344,1215.6764551836645,1227.3164850637547,1231.0321800841552,1232.1226452161548,1232.3918587644835,0.4120844315063374,0.07562459660607881,0.2730912580524442
2024-10-08 00:00:01.000556,1.000555864369094,12.971621938490449,77.59462291820729,1.3986013986013988,0.0,-0.23213002343552555,1.3978243978243983,1.416967676036867,-1.6120701623864773,0.33556376977763847,359.90928645346384,99.30899576981975,0.5,1233.810709312481,1229.075006801048,1229.1800366431312,1226.7965676058582,1236.4069017242,1237.879162727048,0.6192327018488325,-0.3146568954991255,-0.3796026533055978
2024-10-08 00:00:01.100611,1.1006114508060034,12.971614662342315,77.59461368459456,1.5384615384615385,0.0,-0.09069750636816301,1.3978243978243965,1.4007637505355925,0.22110182197119033,2.904594660454768,359.991814000216,99.15628987593549,0.5,1236.2040895410732,1242.0023253878446,1221.154595892711,1230.227334225548,1237.0540014658113,1243.684498816335,-0.19999379956118327,-0.272735396926082,-0.1308417670407751
2024-10-08 00:00:01.200667,1.200667037242913,12.971628339208293,77.59461124923031,1.6783216783216783,0.0,-0.06373439652650552,1.3978243978243974,1.3992766418595493,0.5875819884649492,3.097947823129177,359.90008380909785,99.17029607686634,0.5,1218.8619204332688,1230.9698448384681,1235.8750586392791,1243.6378967284943,1221.3211324434008,1244.5381135790903,-0.44911080609371573,0.1915076547969444,1.0642544985666276
2024-10-08 00:00:01.300723,1.3007226236798222,12.971637953382283,77.59461251862865,1.8181818181818183,0.0,0.20051489352266727,1.3978243978243992,1.4121328796106798,1.0325406881316082,-0.9222010855268226,359.95087958124765,99.15105091420787,0.5,1232.2910838042285,1242.8533051173786,1237.8479616142292,1217.4393477455517,1221.6904477565563,1222.8639287917688,0.08865552862911523,-0.2465164988496467,-0.9425840324662207
2024-10-08 00:00:01.400778,1.4007782101167316,12.971645603252453,77.59461115576978,1.9580419580419581,0.0,-0.018725340737456332,1.3978243978243974,1.3979498151002678,0.9611543913461075,-0.04359861496843704,359.88038696809673,99.2036676398816,0.5,1233.0787229214254,1239.6498939134299,1227.848435185868,1223.1504917113393,1241.9030669377057,1224.016403835789,-0.08396953600785043,0.02242267146645967,-0.8351714620504824
2024-10-08 00:00:01.500834,1.500833796553641,12.971649195905238,77.59461737920117,2.097902097902098,0.0,0.023570385610226393,1.3978243978243992,1.39802310790307,-2.0269784157935007,1.65566721369207,359.9756184128147,98.87254921252816,0.5,1233.9838606691171,1236.923999851486,1236.376169486503,1236.2181303010468,1234.832311264376,1231.8133846239436,0.4520989034887201,0.10016026290242254,0.7749270175437413
2024-10-08 00:00:01.600889,1.6008893829905504,12.971648674947543,77.59460686165897,2.237762237762238,0.0,-0.17185762428552748,1.3978243978243992,1.4083494204842097,-1.009730181885345,-1.625586635643503,359.99981043155856,98.92420138633291,0.5,1252.2333328262594,1222.2565723919781,1255.671103094295,1248.7701359743646,1234.7804427337016,1221.7981264625696,0.04068285596216097,-0.17053449106827018,-0.2097196474525948
2024-10-08 00:00:01.700945,1.7009449694274599,12.97163869135912,77.59459065939147,2.377622377622378,0.0,0.07550903432053245,1.3978243978243956,1.399862372312776,-0.25385155121916586,-0.034692591461864375,0.019831842753027188,98.84581000316777,0.5,1244.1872184307163,1241.3901365042464,1231.3027035246494,1253.3731563309984,1232.329151402323,1222.35862711721,0.36869598068212195,-0.15431568193169973,-0.19914674438334434
2024-10-08 00:00:01.801001,1.8010005558643691,12.971647476399163,77.59459949176217,2.5174825174825175,0.0,-0.12892342457184247,1.3978243978243974,1.4037572071253885,-0.8374986282286832,2.173384734656252,0.021712786180956446,98.63543904656588,0.5,1224.755803784569,1225.5517003002717,1236.0547094853894,1235.0342711736164,1242.1112935685712,1244.1930308900362,-0.19820067303599131,0.4441457022790138,-0.6099652777766671
2024-10-08 00:00:01.901056,1.9010561423012786,12.971658162013606,77.59459012170849,2.6573426573426575,0.0,0.07836351170144831,1.3978243978243992,1.4000192452674811,-1.0647739871863031,0.11346268019071955,359.926488796802,98.52439154259937,0.5,1241.0652923763696,1229.939495970705,1241.8624754318503,1232.3313004407519,1238.632278482722,1236.0222041924042,-0.20063202236757754,-0.07004991112912042,0.24221268010614766
2024-10-08 00:00:02.001112,2.001111728738188,12.971664342420436,77.59460179525453,2.7972027972027975,0.0,0.18986363258891187,1.3978243978243974,1.410659861955743,-2.4627527466971513,0.6121714443335058,359.89966203795973,98.60545695839964,0.5,1218.3287162970191,1240.0100843294447,1251.4403566818978,1243.7943431498818,1240.9593785941436,1234.6865296091325,0.2238626956796285,-0.2981455896738966,0.17256054426802966
2024-10-08 00:00:02.101167,2.1011673151750974,12.971663663835502,77.59459870434021,2.937062937062937,0.0,0.22313086974219704,1.3978243978243956,1.4155212581183807,0.09775078373970672,-1.522038748790413,359.97059603240973,98.52195291627774,0.5,1247.8805810301221,1249.2143485669671,1247.4227393746476,1252.6992283516943,1237.481621141523,1232.073100498716,0.17170050378159682,-0.2629887525378269,-0.4611269400805338
2024-10-08 00:00:02.201223,2.201222901612007,12.971667192320256,77.59461005339281,3.076923076923077,0.0,-0.19585813092716364,1.3978243978243992,1.4114791725716063,-1.1323410752665255,-1.5632660398394087,359.8331482141091,98.45219822488563,0.5,1240.1628767020338,1230.6034549523047,1240.9339698896974,1232.825509770154,1237.0810980638328,1237.011436335298,0.3034099162546708,-0.5185002955924959,-1.002976312688826
2024-10-08 00:00:02.301278,2.3012784880489163,12.971682972090663,77.59460831500007,3.216783216783217,0.0,-0.007720828347932613,1.3978243978243974,1.3978457205083534,-2.346655240637952,-1.1737064692385526,359.82852895993346,98.39658032416219,0.5,1238.2884846436891,1247.3294831756466,1239.7379845381017,1229.6653239979146,1243.2255923385655,1242.561256384079,0.1252106040645108,-0.4686948661985942,0.07866570580746184
2024-10-08 00:00:02.401334,2.401334074485826,12.971680978941157,77.59460377732432,3.3566433566433567,0.0,-0.1675388962834598,1.397824397824401,1.4078289416406486,-4.063253399900419,-1.2796915479022741,359.9515955975418,98.21355602557159,0.5,1247.8059527070657,1250.849725161605,1247.8466364126534,1240.0349687604482,1248.7220093381181,1238.7681750267548,0.17451689714812726,0.10583088670676247,-0.7176951027644692
2024-10-08 00:00:02.501390,2.501389660922735,12.971676957313141,77.59461240703506,3.4965034965034967,0.0,-0.06397388794680481,1.397824397824401,1.3992875706916643,1.6088474430822033,-0.6497366473569325,0.19927426801424883,98.18066102385355,0.5,1249.2439464172908,1256.3604550752966,1238.7341046702509,1243.6787172676093,1237.5078952612434,1221.409318106867,0.11401186780707306,-0.36767333799011176,-0.008621262817123191
2024-10-08 00:00:02.601445,2.6014452473596443,12.971677035539187,77.59462670943941,3.6363636363636367,0.0,-0.06406833899188694,1.397824397824401,1.3992918920705317,-1.8336272042734993,-0.7453851797993882,0.15033261296870337,98.0922319536894,0.5,1246.003676005494,1241.4840985155938,1235.7614787304758,1226.2485585206498,1257.7823377281452,1243.3737144344782,-0.42821858684945774,-0.33063850875817824,0.463998628726715
2024-10-08 00:00:02.701501,2.701500833796554,12.971678374419232,77.59463312539037,3.7762237762237767,0.0,-0.008478355057705424,1.3978243978243974,1.3978501098678726,2.883014600467983,2.686284855248042,0.2147635242601873,98.11330619457469,0.5,1241.511643917604,1242.616984079227,1240.4155082404418,1245.9054528332058,1252.5850217652137,1230.3513110963634,0.33381282136132123,-0.16621885828518843,0.03609102818001448
2024-10-08 00:00:02.801556,2.8015564202334633,12.971683422520458,77.5946373663111,3.9160839160839163,0.0,-0.14492349714540956,1.3978243978243938,1.4053169988219685,-2.2387634598907358,-2.4043306595194593,0.2989051739681682,98.17306681297971,0.5,1239.6262542291274,1245.300827046074,1243.081453282051,1250.0708717862865,1243.284119826584,1251.4965441321087,-0.43396348470623075,-0.0744809692742488,0.5086571299779559
2024-10-08 00:00:02.901612,2.901612006670373,12.9716893319725,77.59463699338671,4.055944055944056,0.0,-0.3053311067180596,1.3978243978243974,1.430783048502747,-0.33423264721613016,-1.3904548148462696,0.4380059334215029,97.96376747252197,0.5,1245.8503031785583,1244.3103754488552,1246.675679111593,1240.276375083942,1258.2019415884563,1242.1397580330836,0.13938867316116002,-0.04710757979725306,-0.2507379679942992
2024-10-08 00:00:03.001668,3.001667593107282,12.971688855975827,77.59464835770022,4.195804195804196,0.0,-0.32971720957323897,1.397824397824401,1.4361846975378592,-0.4338223740891033,1.2693965816117936,0.3898668045410021,97.77066968206957,0.5,1240.1267035775707,1240.2618399730177,1239.9971194980842,1235.833222984722,1251.7836569334445,1238.1915310642287,-0.005662058770949102,-0.33886998934090423,0.1433436164939558
2024-10-08 00:00:03.101723,3.1017231795441913,12.971694290833078,77.59464692035505,4.335664335664336,0.0,-0.19125033264142222,1.3978243978243974,1.4108471699261382,-0.5742146760892073,-1.4548866277728594,0.34290827271634455,97.89812622959285,0.5,1246.1390512966327,1242.0682778454368,1244.6709467677233,1247.834517687224,1247.6645006391998,1246.1925911624567,0.5252642423417142,0.0878192662787074,-0.13077515487381508
2024-10-08 00:00:03.201779,3.201778765981101,12.971680307988397,77.59463709855942,4.475524475524476,0.0,0.0027071669384836528,1.3978243978243974,1.3978270193074578,-0.629921033616896,-1.336977409071912,0.4235636245300938,97.66064776167575,0.5,1250.1815517270318,1251.5482155942966,1244.6320482588258,1246.9923201729916,1251.2747169090119,1239.7480391565823,0.44121444980831226,-0.3865042535206938,-0.5272220044543992
2024-10-08 00:00:03.301834,3.3018343524180103,12.971690544733006,77.594640719612,4.615384615384616,0.0,0.013833326695730376,1.397824397824401,1.3978928457076458,-1.1794731524504456,1.4668512870500152,0.4622070450839375,97.74156789096283,0.5,1244.1350076834215,1248.8331313861288,1253.748466059945,1246.6692888764987,1257.568509775214,1241.545998420295,-0.5778767027053654,-0.39608342871087016,0.0768803901160009
2024-10-08 00:00:03.401890,3.4018899388549197,12.971670590734547,77.59463886028271,4.755244755244756,0.0,0.09457299928395427,1.3978243978244045,1.4010200210370736,1.021588088640463,-0.06679279243620456,0.42148472279260946,97.83590834991313,0.5,1252.6953181677084,1256.8525256703103,1243.7628866352436,1242.3529122755324,1249.21129892632,1247.2756974876377,-0.5682987903910705,-0.7060474761301743,0.32106312381063384
2024-10-08 00:00:03.501946,3.501945525291829,12.971662411113979,77.59464779968768,4.895104895104896,0.0,0.14719885967937904,1.3978243978243938,1.4055534680132373,-0.29467777694067865,0.6125042008205337,0.408552930677302,97.487781099903,0.5,1236.9939449157478,1233.144703222191,1245.704494059087,1252.5740719929672,1248.895928486667,1244.7202931867666,0.2558134060190213,0.18176532104719245,-0.09329150778206644
2024-10-08 00:00:03.602001,3.6020011117287383,12.971674246906238,77.59464644099732,5.034965034965035,0.0,0.06297033965935317,1.3978243978243938,1.3992420486927712,-0.24383824419723493,0.48404501830658175,0.5643300534080098,97.43799251321155,0.5,1239.6662013187938,1244.224530265047,1255.2047460475007,1252.4711040065731,1243.545488252816,1250.9584898457963,-0.3431191651158871,-0.05939902748375001,0.7339609448301219
2024-10-08 00:00:03.702057,3.7020566981656478,12.971694998608653,77.59465064644033,5.174825174825175,0.0,-0.3426285428605769,1.3978243978243974,1.4392037262097057,-1.3767002430500033,-1.7155798947642444,0.6512797819108859,97.24229961802374,0.5,1245.8889852614282,1246.434987445435,1252.3350844432953,1242.1455025491175,1256.3499783539353,1247.4137759251842,-0.6374396616288368,0.3085914727021122,1.001744221594253
2024-10-08 00:00:03.802112,3.8021122846025572,12.97168079100935,77.59465102001472,5.314685314685315,0.0,0.09799885474595504,1.3978243978243974,1.40125544519358,-1.2782944544806583,1.6942542668205538,0.7642685590779774,97.2461656518873,0.5,1254.5374483933845,1260.5954379638504,1252.7810375114188,1259.741033624722,1249.6871411218954,1248.3102210205059,0.866399450056254,-0.09804106946495948,0.1266484278176407
2024-10-08 00:00:03.902168,3.9021678710394667,12.971686107056094,77.59465738188472,5.454545454545455,0.0,-0.16044875679998627,1.397824397824401,1.4070027898734994,0.22592202499513353,-1.8223881406988147,0.8421634138445835,97.17771294364576,0.5,1242.8708094378223,1247.8563340899605,1258.3988365331484,1258.911725523123,1260.9139376715034,1248.1796469667609,-0.6846430301563313,-0.06005675794242796,0.10526824472130324
2024-10-08 00:00:04.002223,4.002223457476376,12.97169439122524,77.59465409149756,5.594405594405595,0.0,0.06575556561461356,1.3978243978244045,1.399370158879507,0.2653793266631282,-1.2965590047210926,0.8818444105878309,97.07499253310556,0.5,1243.87812861916,1259.8328985135415,1253.538371980055,1247.196239812176,1255.4967545858378,1262.5158829314526,-0.04056980650412194,-0.3984003342838788,0.32235601498904703
2024-10-08 00:00:04.102279,4.102279043913286,12.971704430135102,77.59464936480862,5.734265734265735,0.0,-0.04490904937853199,1.3978243978243903,1.3985456266669325,2.1559293254049203,1.680978787146795,0.9426284438911643,97.12123104724743,0.5,1262.7306568623303,1254.0830759870375,1267.2161620063825,1250.204757226135,1261.4940955291133,1246.5289596547882,0.03295869633498647,0.19816320554848024,-0.11152661803933805
2024-10-08 00:00:04.202335,4.202334630350195,12.971700366587317,77.59463538325393,5.874125874125874,0.0,-0.1691352103911581,1.3978243978243974,1.4080198033220983,-2.3891831354332744,2.703725204836074,0.9368599269849434,97.07470212850616,0.5,1262.0694523753039,1241.2348697566176,1252.337287286881,1246.36317429652,1257.3616244396694,1239.423971434012,0.21426536052470682,0.2603414376961015,-0.027057404645625803
2024-10-08 00:00:04.302390,4.302390216787104,12.971708119836912,77.59464219201061,6.013986013986014,0.0,-0.11075467398162912,1.397824397824401,1.4022052791805935,-1.116612213196887,-0.2747102557888764,1.0301718614470219,96.75217458927433,0.5,1253.9074535237887,1263.8661790649292,1243.6776150442026,1259.0957689685547,1273.1737278303578,1251.1699622320834,-0.11020649613843787,0.01670347303813983,0.5304521366339183
2024-10-08 00:00:04.402446,4.402445803224014,12.971704677912422,77.59465264358163,6.153846153846154,0.0,0.2362458169069234,1.3978243978243903,1.4176477465009207,1.7159916689305184,0.46827034811982304,0.7928140468869167,96.99063374723873,0.5,1263.2221576648187,1255.3895928100605,1250.613821280097,1255.4966895016055,1267.4705614961117,1263.8744561065912,0.21638080773914178,0.2529625230909444,0.3783205473454853
2024-10-08 00:00:04.502501,4.502501389660923,12.97170632097579,77.59466257813828,6.293706293706294,0.0,0.1047787187038703,1.3978243978244045,1.4017459210022278,0.24945745617911663,-1.888406118252167,0.6469112012544769,96.8824498770902,0.5,1247.990046209069,1253.520435333358,1260.758880640422,1261.031691312858,1242.9149817230586,1259.0714041379372,-0.19595183692934645,0.05705596421635571,0.0577779048570908
2024-10-08 00:00:04.602557,4.602556976097833,12.971705511510232,77.59466699027189,6.433566433566434,0.0,-0.09172506001470918,1.3978243978243903,1.4008306584979575,-2.786528790830743,-1.2501938045127727,0.4645597156169844,96.84599321339687,0.5,1263.5276694454776,1256.6364410399876,1247.6122404243129,1251.5390979940946,1248.5215327538417,1274.2613411787713,-0.5704050434896977,-0.3745402143152224,0.1317529450304132
2024-10-08 00:00:04.702613,4.702612562534742,12.971728497112988,77.59465311632738,6.573426573426574,0.0,0.1478277470936465,1.397824397824401,1.4056194684066994,1.5192129951866415,1.2537925495792077,0.38064317694149885,96.5688127071638,0.5,1263.5452995106314,1252.69884610713,1248.2053751387414,1249.4209411453023,1272.7303752666844,1252.457414482887,-0.42344773293036236,-0.3524050489848976,-0.5292879989372753
2024-10-08 00:00:04.802668,4.802668148971652,12.971737976573865,77.59464428205611,6.713286713286713,0.0,-0.15325101967784516,1.3978243978243867,1.4062001714497865,2.110356408221347,0.08464933703470648,0.3097436424081389,96.60314325024788,0.5,1262.796190621019,1268.5988236596731,1269.8416669492915,1242.8581606628109,1269.117026321276,1254.8274688875977,-0.020825983614719865,0.31010066568796835,-0.30459560231738175
2024-10-08 00:00:04.902724,4.902723735408561,12.971731771247672,77.59464323523285,6.853146853146853,0.0,-0.08268925321377803,1.397824397824401,1.4002680313962044,1.3353094395459695,1.4761510429961395,0.22311681488709806,96.47626337019318,0.5,1271.8810455088972,1255.294623079307,1257.9602022175043,1275.1420667733287,1253.7461606520626,1261.1008277883982,0.2563509584200185,-0.19730311377692802,-0.8566188740164904
2024-10-08 00:00:05.002779,5.00277932184547,12.971726014230923,77.59464430473737,6.993006993006993,0.0,0.3916677058597895,1.397824397824401,1.451659959827583,-0.6048820611821275,-1.938028862831466,0.22169415231593004,96.58332773125115,0.5,1257.3076651438726,1249.5186463590974,1276.1785495899705,1278.3278389278355,1274.250043034435,1248.6546500679326,-0.2822382380041805,0.06975068190323738,0.04358078518845862
2024-10-08 00:00:05.102835,5.10283490828238,12.971719921427928,77.59465509510993,7.132867132867133,0.0,-0.1270482561020582,1.3978243978243938,1.4035862305293905,-0.03624548331651614,-2.9749064179795317,0.2186109334639831,96.49631533852695,0.5,1263.372726828424,1270.066904115386,1274.2291897688056,1276.6342783664531,1253.768947634375,1265.0462839725194,-0.09820551169601864,-0.12514392067702743,-0.2422722639321755
2024-10-08 00:00:05.202890,5.202890494719289,12.971717147802856,77.59465253506043,7.272727272727273,0.0,-0.22702713612302744,1.397824397824408,1.4161406595707196,-0.727963699577559,2.176343780476542,0.2786142464458707,96.18917253910864,0.5,1266.6295794414589,1255.583244791904,1257.872236564487,1263.4849092052102,1255.6198520588089,1259.2135119404904,-0.4691608457838408,0.05506845428385535,0.14443880373935233
2024-10-08 00:00:05.302946,5.302946081156199,12.971726745998636,77.59466096846502,7.412587412587413,0.0,0.055093115281703506,1.3978243978243867,1.3989096820397493,0.9840395065431513,-1.1145770024169697,0.37581516436480933,96.37993512392886,0.5,1264.3385989635565,1257.246693215034,1265.78858179475,1260.4408809816175,1260.83933535699,1245.1857563039107,-0.05192618055203391,0.051438138417179834,0.5130802929269898
2024-10-08 00:00:05.403002,5.403001667593108,12.97172679365744,77.59465362797762,7.552447552447553,0.0,0.08475458760334169,1.397824397824401,1.4003915121397166,0.7847810935075836,-4.760041488213707,0.3360603447155167,96.18014015418358,0.5,1265.4235091846374,1256.7011914596947,1267.661863633669,1264.4083561317664,1262.5101425778505,1277.4952901541944,-0.4918500204662618,-0.27691480455268885,0.2956722108272611
2024-10-08 00:00:05.503057,5.503057254030017,12.97172632832473,77.5946624817595,7.6923076923076925,0.0,-0.13322351802226118,1.397824397824401,1.4041586637226495,2.4486920905647582,2.721554962372373,0.37232880185584505,96.0106997531592,0.5,1261.6622034273455,1268.7091660967549,1268.5829170344457,1263.5276650376518,1256.5752994057696,1263.415280426669,0.3353892119310616,-0.09899192416457969,0.15044172751498705
2024-10-08 00:00:05.603113,5.603112840466927,12.971735398374694,77.59466905613881,7.8321678321678325,0.0,0.1691901561654644,1.3978243978243938,1.4080264046162,-0.6305650071163207,1.3049347976521382,0.4441210929341522,96.06409497933126,0.5,1266.9001521925497,1265.524225444668,1276.1857390918522,1266.6736743333565,1253.8269602669889,1269.3089764497502,-0.15394006101552465,0.3794441091267809,0.20469653877832975
2024-10-08 00:00:05.703168,5.703168426903836,12.971749845180929,77.59467153921062,7.9720279720279725,0.0,0.05800752637856118,1.397824397824401,1.3990274908913365,-2.109651954371933,-0.320097192612493,0.3800648671894948,96.13103421607654,0.5,1273.36181200339,1268.2977199977345,1259.5194420555183,1274.1826666749605,1263.3776998438334,1252.0432601447542,0.14482967061066757,-0.3913931230858248,0.6397940797300424
2024-10-08 00:00:05.803224,5.803224013340746,12.971747510444915,77.59467516183322,8.111888111888112,0.0,0.06963199653606703,1.3978243978243867,1.3995576665842349,1.1492758778637153,0.990850266099994,0.3772207419245719,95.87798036459913,0.5,1278.7691768777795,1263.081498946596,1277.5269815607592,1265.3431519006251,1262.213467345184,1274.3617505496052,0.5754532297871213,0.08042582820993972,0.09484110988559356
2024-10-08 00:00:05.903280,5.903279599777655,12.971748942910304,77.59468783142893,8.251748251748252,0.0,-0.052203704684931275,1.397824397824401,1.3987988682923578,-1.7082888043088604,-0.2258909437800753,0.25029115146332037,95.8568208981117,0.5,1272.4366775343824,1261.6286457338294,1266.6978361313065,1268.6106581125878,1257.3115800854175,1261.2664637417256,-0.6294767963251766,-0.11746920192515409,-0.11055787066467924
2024-10-08 00:00:06.003335,6.003335186214564,12.971744023977706,77.59467481553561,8.391608391608392,0.0,0.07103696192294871,1.397824397824408,1.3996282710464274,-1.9416638836562634,2.179367060345765,0.2729027318523086,95.76891989895451,0.5,1254.8482606564019,1276.4362181635004,1271.7818490243637,1255.425535672081,1257.0759070992633,1271.4045541448857,-0.3049500081195381,-0.0031992395860765293,0.24379092895674367
2024-10-08 00:00:06.103391,6.103390772651474,12.971732030323361,77.59468665077574,8.531468531468532,0.0,0.08217271644366742,1.3978243978243867,1.4002376235770988,-0.7684940301511332,-0.8676480350107161,0.3911537855584692,95.6806641970412,0.5,1268.9971064303747,1289.1150906971473,1276.1579034149315,1283.6850136329556,1269.7333036029054,1264.0617774748187,-0.09541189339141046,0.2859929413118618,-0.6179899186504627
2024-10-08 00:00:06.203446,6.203446359088383,12.971730470661626,77.59469280171325,8.671328671328672,0.0,-0.1445554048295275,1.397824397824401,1.4052790869498406,3.077047378552907,1.2432571452121912,0.36035029843488775,95.6565328324325,0.5,1277.6901867681238,1257.0493640015359,1266.7927571306393,1271.562137019706,1248.5079323405837,1257.523628079347,-0.3586406720169788,-0.3914713371698068,-0.7216789174404711
2024-10-08 00:00:06.303502,6.3035019455252925,12.97172966370309,77.59469105529952,8.811188811188812,0.0,-0.17763443601521714,1.3978243978243867,1.409066016910334,-0.13369639066081457,0.5611672668553269,0.4831535280799365,95.52061964939415,0.5,1269.5288413074113,1262.8113914140663,1273.6135858555263,1264.8545642915742,1285.3842440748163,1275.9666401005036,-0.15751482553912302,0.3451968479051626,0.09589807341584897
2024-10-08 00:00:06.403558,6.403557531962202,12.971738710287045,77.59468158785272,8.951048951048952,0.0,0.22319810007104457,1.397824397824401,1.4155318572990412,1.9943549457052727,-2.708734623904637,0.4618777838331556,95.43987262866845,0.5,1269.7112771829168,1266.5439553299032,1249.4873425729013,1264.1606674882546,1257.8353535913798,1264.3541884010608,-0.522016950021279,-0.21894983437703988,0.33027170024261465
2024-10-08 00:00:06.503613,6.503613118399111,12.971727796852194,77.59467730695198,9.090909090909092,0.0,-0.38502949655240626,1.397824397824408,1.4498830160977019,0.01335372588505739,-2.2981130262953613,0.4174431141431846,95.49636077847786,0.5,1262.6214503056044,1275.4228902792079,1265.9717058544427,1273.1207319435866,1280.6459699589725,1275.8880433637814,0.026597827890128288,0.37011002776970153,-0.2938968130488851
2024-10-08 00:00:06.603669,6.6036687048360205,12.971740359474097,77.59466080549531,9.230769230769232,0.0,-0.03884982772778058,1.3978243978243938,1.3983641715474575,0.3398812244011556,0.7066000373608843,0.5105367734521503,95.30618329259224,0.5,1278.5072604849581,1286.223958362742,1274.6495410511804,1268.18315163586,1268.3724012898745,1273.0872672198645,-0.07452749867689987,-0.26695857176287224,0.5325228872788461
2024-10-08 00:00:06.703724,6.70372429127293,12.971732834296574,77.59466241042848,9.370629370629372,0.0,-0.056949830335513825,1.397824397824401,1.3989840350512914,1.5038329398351107,-0.7072696417181248,0.45797398119059585,95.27737077877897,0.5,1271.497455293147,1263.598290814893,1274.079282823584,1273.4816367430653,1266.4680019149894,1273.5609081695382,-0.17057883749728464,0.18742941281537115,-0.18198358085607172
2024-10-08 00:00:06.803780,6.8037798777098395,12.971721188852905,77.59466235889487,9.510489510489512,0.0,0.04802278463278595,1.3978243978243867,1.3986490749995142,-0.20204324679584326,2.4466759297045364,0.44194221807962003,95.06194567210024,0.5,1276.290065569927,1267.4795068221026,1287.6930182490275,1280.101627839299,1279.2665802881186,1261.604655721568,-0.5542846000517115,-0.1997962416091548,0.31881232248171076
2024-10-08 00:00:06.903835,6.9038354641467485,12.97172875745184,77.59466436431585,9.650349650349652,0.0,-0.054656617881577226,1.397824397824408,1.398892559502488,-0.3353650122415368,1.9361882730475664,0.38067752358922813,95.09983328546804,0.5,1275.9127707844234,1280.9095707100323,1280.738876175653,1274.6433016098351,1269.920206775831,1277.3339433171327,-0.361681445188788,0.07114395916160231,-0.1828124463371712
2024-10-08 00:00:07.003891,7.003891050583658,12.971723025807183,77.59466307867604,9.790209790209792,0.0,-0.18721659002823463,1.3978243978243938,1.4103060301703774,2.032365703811788,-2.3242452980858106,0.42457416708416074,94.96829104042153,0.5,1270.7754911225818,1276.1708031195155,1276.4486176718076,1263.119296017175,1275.675316943208,1283.4948066701352,-0.40079013860885254,-0.38090811311801503,0.2624922457677888
2024-10-08 00:00:07.103947,7.1039466370205675,12.971732897479743,77.59465552642946,9.93006993006993,0.0,0.17573699430147802,1.3978243978243796,1.408828072661532,1.4693541870249929,-0.28102279422446313,0.4650271698971863,95.09609417181797,0.5,1266.3700520807286,1265.0057609146434,1268.2233432581845,1268.2500967135622,1268.5281013730064,1282.2305793772755,0.20791973597839467,-0.3482950475404355,-0.11597411103581796
2024-10-08 00:00:07.204002,7.2040022234574765,12.971747299884102,77.59466309188566,10.06993006993007,0.0,-0.004013539064273565,1.397824397824408,1.3978301598008926,-1.8676381212383166,-0.2351896340243122,0.39034130267479883,94.81373751902461,0.5,1287.812132196515,1276.5885678925436,1277.3382914059534,1264.422893049566,1264.8228691871136,1261.9172484651579,0.024526783925020546,0.23118029674285917,-0.03150740394782355
2024-10-08 00:00:07.304058,7.3040578098943865,12.971745110506033,77.59467376278198,10.20979020979021,0.0,-0.1883610916260058,1.3978243978243938,1.410458417675498,0.6798195986526303,1.816430661392905,0.23108895132695623,94.67071567121522,0.5,1275.7698331451465,1278.182064723175,1277.489559056052,1268.8227473217314,1286.4580296118393,1271.5291422767664,0.19707246002955678,-0.06425498964115636,-1.134028298545624
2024-10-08 00:00:07.404113,7.4041133963312955,12.971735882475762,77.59468566914427,10.34965034965035,0.0,-0.09942437883664103,1.397824397824401,1.4013558628200764,-0.27216283931245056,-0.48655739690643257,0.09437734315769689,94.65086632206024,0.5,1281.6726040742162,1277.884128710909,1275.2019137040056,1273.5337166786508,1281.9593218923021,1275.524717744664,-0.49604760099761525,-0.05232020712957046,-0.013202899755802315
2024-10-08 00:00:07.504169,7.5041689827682045,12.971727794398259,77.5946805804211,10.48951048951049,0.0,0.07494633102084107,1.397824397824401,1.399832132681142,0.9765293608309511,2.0785022392915864,0.036021466993966376,94.6959303608874,0.5,1284.8497972109446,1277.4662082044179,1291.801923467361,1261.9882315417337,1278.6218865360927,1277.5431491767406,0.26181457977790296,-0.2426696371275906,-0.13583691312828933
2024-10-08 00:00:07.604225,7.6042245692051145,12.97172342926646,77.59468237979918,10.62937062937063,0.0,0.1140753597746074,1.3978243978243867,1.402471473813573,-2.75493181803144,1.0352842248948035,0.09723326121123366,94.67537669810831,0.5,1276.1040929914648,1288.246862125915,1286.5975341736555,1287.4302720206165,1270.7028944466629,1285.521272159994,0.18621736405303693,-0.5188303461194276,-0.5399782978345702
2024-10-08 00:00:07.704280,7.7042801556420235,12.971726030990439,77.59468284454269,10.76923076923077,0.0,0.29819058375495927,1.397824397824401,1.4292762753901964,-2.706813021702835,-0.050124959871817594,0.11222148112828816,94.44610996528984,0.5,1270.989881809924,1275.950145392728,1268.671988110883,1285.971707628668,1285.011784392723,1282.6752605050506,0.22688612850563541,-0.10746887951464405,-0.03842270167795603
2024-10-08 00:00:07.804336,7.804335742078933,12.97172115688151,77.59467085308435,10.90909090909091,0.0,0.007902411748701706,1.3978243978243867,1.3978467352555342,0.9983367457863412,0.15822726184707964,0.1563524552808811,94.52834928436131,0.5,1284.265078580195,1272.0638133996306,1292.5509815891367,1281.8496675249357,1288.2402156499645,1267.8105804364673,-0.016849843514509626,-0.1014457370826302,-0.24143719288887178
2024-10-08 00:00:07.904391,7.9043913285158425,12.97171358945235,77.59466448621869,11.04895104895105,0.0,-0.03690178762977864,1.397824397824401,1.3983114063338762,0.0613406503332925,0.028192014878087625,0.25656906373767263,94.40670941925617,0.5,1273.4150809221592,1285.446610539215,1282.7554288445294,1274.089773035625,1274.7565234448323,1276.0386005504085,-0.24345056414501023,-0.03959637394704149,-0.11685173489009874
2024-10-08 00:00:08.004447,8.004446914952752,12.971711236748892,77.59465535621594,11.18881118881119,0.0,-0.13587930754640012,1.397824397824408,1.4044131277414271,0.6154113968530519,1.1972194280146655,0.37661366468803725,94.35672058372907,0.5,1281.0931217063348,1279.1133530637103,1293.3521319182785,1289.8493420116056,1275.5062757546336,1283.0786571730898,0.04689242022656346,-0.10725027113162545,-0.9275518989357371
2024-10-08 00:00:08.104503,8.10450250138966,12.97171425361684,77.59465080810757,11.32867132867133,0.0,-0.01981132307643633,1.3978243978243938,1.3979647834173679,-0.1833063986687209,-3.486169298738366,0.28101117710544715,94.08790099923199,0.5,1281.0876013798513,1284.824450172265,1278.945491739563,1284.8655175562662,1286.30791076602,1275.8905198689974,-0.3120040165161489,-0.28856737391952136,0.7268210832712075
2024-10-08 00:00:08.204558,8.204558087826571,12.971721358008582,77.59465453874472,11.46853146853147,0.0,0.21308501195180746,1.397824397824401,1.413972513690295,1.0415587109459181,-1.0184475226010534,0.1809767619809563,94.07329646060789,0.5,1284.9863388545903,1285.968274749543,1285.2623339455686,1301.4644024469235,1272.6193980283838,1278.117540592104,0.17414659434003993,-0.16746034074622826,-0.040739108283438505
2024-10-08 00:00:08.304614,8.30461367426348,12.971704562304868,77.59465439942004,11.60839160839161,0.0,0.16775969971716673,1.3978243978243938,1.4078552354565164,1.5686130819190731,3.669877049934147,0.1839106900407922,94.04411386359725,0.5,1289.0458755470872,1274.774901291236,1277.5463741963972,1274.2693499231314,1283.40240968765,1275.0060022554449,0.3066133192280548,0.44075276897322707,-0.2544141305228138
2024-10-08 00:00:08.404669,8.40466926070039,12.971709587685485,77.5946474006973,11.748251748251748,0.0,0.14708893228076406,1.397824397824401,1.4055419599402377,-0.9153318770681387,-0.2812332609766615,0.13535639037962655,94.10336685441409,0.5,1269.109469118728,1286.2251174009978,1276.3118126938393,1285.8362617203663,1280.3439860495562,1280.6225877415081,0.5322259002633454,0.22789186636744113,-0.36142254992035794
2024-10-08 00:00:08.504725,8.504724847137298,12.97171305052658,77.59465224781894,11.888111888111888,0.0,0.04645769569517386,1.397824397824401,1.3985962121507602,-0.11891603436901002,1.14437360886439,0.1038099454860553,93.93979620910228,0.5,1303.032504668592,1267.4353984162437,1298.214725033238,1285.3172758835863,1279.3804422689473,1284.1899325934369,-0.41435528133949057,-0.2181292398088267,-0.14361126680802605
2024-10-08 00:00:08.604780,8.604780433574208,12.971711256678807,77.59465635821202,12.027972027972028,0.0,-0.03783952651398853,1.3978243978243867,1.3983364677072225,0.8873145213055522,1.3147998481936418,0.025110135467694944,93.79461913445328,0.5,1272.023148974549,1284.3525833020976,1277.491527724276,1284.847743320222,1280.7812179436291,1290.4973064483825,-0.3445055313285973,-0.2945764166958924,0.2543069939301878
2024-10-08 00:00:08.704836,8.704836020011118,12.971712508039701,77.59465318531099,12.167832167832168,0.0,-0.03660166134767622,1.3978243978243938,1.3983035181127663,0.2632855550714832,1.8754053395076107,359.94941714460623,93.82237490383906,0.5,1291.1691225155412,1280.9584490435047,1284.418390884249,1283.5363574753887,1297.7518509601696,1275.6789926461486,-0.24873668951186484,0.11467214653001344,0.25641020269904746
2024-10-08 00:00:08.804892,8.804891606448027,12.97171971755601,77.59465670878681,12.307692307692308,0.0,0.11716737683123879,1.397824397824408,1.4027263601097266,3.4820113165993147,0.9173335505009044,359.9581850202106,93.71977185041797,0.5,1290.116220599647,1286.2838510770694,1283.19373727946,1279.9718040191765,1302.3706422628557,1281.952675555143,0.1978499238198057,0.16067837135832352,-0.11651593984855728
2024-10-08 00:00:08.904947,8.904947192884936,12.971737901490386,77.59465390649953,12.447552447552448,0.0,0.072971826813306,1.397824397824401,1.3997278073474215,-0.8647885291734171,1.1478066260089974,359.93407610347356,93.64019243946093,0.5,1292.4933450489268,1296.2171059311045,1305.2805816513883,1279.533507781029,1289.5310401215415,1281.6362013213006,-0.17828252537032357,-0.07789388671796323,-0.029102955481210196
2024-10-08 00:00:09.005003,9.005002779321845,12.971730620846037,77.59464826921214,12.587412587412588,0.0,0.09708232398002117,1.397824397824401,1.4011916445591983,2.018728702390125,0.23755589509587482,359.920017278679,93.52207807357046,0.5,1275.095180118175,1279.4432935607526,1293.477250048237,1290.1256536161738,1289.720904652297,1293.6722571008124,0.02298005809301926,-0.2728702064978025,0.49027943271480773
2024-10-08 00:00:09.105058,9.105058365758754,12.971727218893097,77.59464902597122,12.727272727272728,0.0,0.10096564689725618,1.3978243978243867,1.4014660570297415,-1.1561943737542375,-1.6540894152552637,359.9499710217589,93.40717421537003,0.5,1287.2404703122563,1281.041796395032,1292.3197409824122,1273.5825721200788,1290.6277969010712,1287.5680426358795,-0.2646649935339505,-0.13009642635261837,-0.18401126285610048
2024-10-08 00:00:09.205114,9.205113952195665,12.971723089548155,77.59464988659802,12.867132867132868,0.0,0.14564445549075977,1.397824397824401,1.4053915307018003,0.28634430697846824,1.7706191572953731,359.9740857607738,93.43605739528061,0.5,1297.1221255216162,1300.430522479045,1296.3591191572655,1291.2964849652594,1298.1272951456242,1287.8989167347581,-0.17019702693053138,0.5524239398700355,0.8470027413280953
2024-10-08 00:00:09.305170,9.305169538632574,12.971727619656042,77.59463855147234,13.006993006993008,0.0,0.3556262649650165,1.397824397824408,1.442353315760787,-0.4503562958307759,0.7248450728056821,0.011336728277601904,93.27446557046856,0.5,1289.9176643889575,1287.0433607476973,1285.8794536640003,1290.0047520715486,1286.4559514881603,1295.0864025706533,-0.06620170301451782,-0.8031891605057454,0.030390264729963964
2024-10-08 00:00:09.405225,9.405225125069483,12.971711471214817,77.59464138732355,13.146853146853148,0.0,-0.10225917843597851,1.397824397824408,1.4015598405803336,1.0379091659212087,-3.153178550422589,359.9645226568298,93.44727826831934,0.5,1291.589464706824,1304.563890131561,1284.5046994956595,1294.2216922269192,1294.0440298586145,1288.1597204767854,0.45308188851914566,-0.0316400648040158,-0.2241093325394927
2024-10-08 00:00:09.505281,9.505280711506392,12.971709775535635,77.59463016597435,13.286713286713288,0.0,0.044421267303440634,1.3978243978243796,1.3985300483514587,-0.9122665555648093,0.43790017656136504,359.9753923285925,93.41541768287888,0.5,1296.0873589814985,1295.440847352614,1300.0580262425763,1290.8204300559225,1291.8952129969712,1293.3361719556883,-0.163988303066552,0.0027859946948931655,-0.021260960305621888
2024-10-08 00:00:09.605336,9.605336297943303,12.971703834929228,77.59462885941262,13.426573426573427,0.0,0.06526030581415519,1.3978243978243938,1.3993469743662885,-1.8238110977527735,-0.7312685426859448,359.921328291913,93.07172654513612,0.5,1300.1155991411977,1283.0049648016332,1299.400968986893,1289.7281495442662,1304.4837970662468,1287.6017041913756,0.1544358981827637,0.7897778147028068,0.06665911513580235
2024-10-08 00:00:09.705392,9.705391884380212,12.971708750545867,77.59463646148413,13.566433566433567,0.0,-0.17472496581379524,1.3978243978243938,1.408702190255897,-0.9521334184860298,0.8057779827436546,0.032908959645385844,93.36054106204041,0.5,1275.3692429817665,1301.085004907039,1302.354157193552,1293.8649321596329,1310.463595492837,1289.2604218456142,0.036120922838995595,0.2138696089501304,-0.1567120944056597
2024-10-08 00:00:09.805447,9.805447470817121,12.971708294498884,77.59464889494568,13.706293706293707,0.0,0.2671142706722248,1.397824397824408,1.4231173812268345,0.02235841555889377,-0.8364101978044962,0.017502019734636325,92.96823014050939,0.5,1293.8127823310774,1293.340616785182,1304.9988416652845,1302.0556702858237,1289.482114660956,1291.42139073034,-0.3852702752631226,0.10457188295971105,-0.12782556188320654
2024-10-08 00:00:09.905503,9.90550305725403,12.971705680455386,77.59463671632294,13.846153846153847,0.0,0.19869115841985624,1.397824397824408,1.411875073647592,1.4345617735574216,0.7334857261839508,0.046432624613872826,93.19538638483458,0.5,1293.8628469017433,1294.2512572301641,1297.49034009302,1278.093569929713,1296.2388853280568,1299.8868888505226,-0.18600916405347578,-0.3710679353783386,-0.46257488955651743
2024-10-08 00:00:10.005559,10.00555864369094,12.971705264834137,77.59465016643378,13.986013986013987,0.0,0.040014983410268906,1.3978243978243938,1.3983970273318138,1.1017851945891424,-0.04470342566077619,0.03134105181378389,93.07336719288172,0.5,1291.6110253319425,1310.2234253876866,1291.5698814946372,1290.2619780039547,1294.6172229460321,1305.5354290226578,0.17071521177361756,0.652780147590098,-0.03308493443831659
2024-10-08 00:00:10.105614,10.10561423012785,12.971702298241365,77.59465023536187,14.125874125874127,0.0,0.024764638801348642,1.397824397824408,1.3980437527088092,1.4022895557918489,-1.4576196482031123,0.00017815868830859533,92.71343873919552,0.5,1281.7970271211625,1290.173186837778,1299.3591453161766,1299.8147599686356,1288.369290121861,1286.3779198012721,-0.39104215039811435,-0.03941533497573104,0.3157931994098998
2024-10-08 00:00:10.205670,10.20566981656476,12.971708974666747,77.59465901764011,14.265734265734267,0.0,-0.1234222326523204,1.3978243978243938,1.4032626606113385,1.1932349026082822,-2.0160716022561376,0.04394910322080872,92.6114570227401,0.5,1282.2008701878226,1311.753530965653,1276.0236923043603,1291.6667818587307,1302.3389277531119,1290.7001108036875,0.18203056990041658,-0.01762721830887915,0.8784996441958017
2024-10-08 00:00:10.305725,10.305725403001668,12.971709489014717,77.59465439072639,14.405594405594407,0.0,0.02540693864624829,1.397824397824408,1.3980552777642747,-0.304493715248288,-0.05484481125798894,0.1619989681143095,92.77579104400931,0.5,1303.8602073321558,1306.6092379897093,1297.303296279684,1298.1670131045116,1311.8438570465762,1297.4475239746773,0.21913413498652254,-0.0231923756515014,-0.5365440553702833
2024-10-08 00:00:10.405781,10.405780989438577,12.971716739282483,77.59465266384856,14.545454545454547,0.0,0.03263386619911441,1.397824397824408,1.3982052840610604,-1.0705291707744424,0.4975058773617058,0.06231670799556728,92.48534568041568,0.5,1293.1682699905148,1282.4822539818488,1303.0901866952252,1288.936786080794,1294.9318726392682,1303.7575770040698,0.26486733634147636,0.1653405075969591,1.0337801977611534
2024-10-08 00:00:10.505837,10.505836575875486,12.971695164827667,77.59465356859693,14.685314685314687,0.0,-0.0456103556447958,1.3978243978243796,1.398568322140586,-0.4544688773447598,0.15653099820608485,359.9740926187533,92.24243332275164,0.5,1289.8002000131569,1304.6482283346054,1294.6100325981974,1301.5715387448097,1291.7939525598322,1300.9958854080917,0.34561119820817976,-0.3333282701992988,0.2834404162503127
2024-10-08 00:00:10.605892,10.605892162312397,12.971700818487939,77.59464803054964,14.825174825174827,0.0,-0.27004405684174465,1.397824397824408,1.4236702004989485,2.257006719397443,2.934851879957112,359.9678331575054,92.5069847053135,0.5,1293.370278620867,1292.8277700548138,1306.265024389217,1316.1472488255185,1315.8472432838203,1291.5365643437376,-0.06305145285076216,-0.4626502873917906,-0.6541754261448969
2024-10-08 00:00:10.705948,10.705947748749306,12.971695090190194,77.59466482746585,14.965034965034967,0.0,0.035866270108911254,1.397824397824408,1.398284461933513,-0.2614873149325576,1.159545871007005,359.83764423085034,92.33622324958304,0.5,1308.123988948591,1295.0981051743338,1305.3727931590215,1294.4320372522154,1304.7616522773458,1300.7280760676929,0.18329598658008478,0.2869868726811,0.02570643758615885
2024-10-08 00:00:10.806003,10.806003335186215,12.971692962454942,77.59467042718026,15.104895104895107,0.0,-0.07131442943945103,1.3978243978243938,1.3996423811100476,0.13310904220580516,-0.89860954705135,359.9260175773897,92.27562748910306,0.5,1301.6221426766563,1300.2324556655108,1290.0986096387385,1307.9610260277218,1300.401714009767,1309.266429237729,0.2348134221630363,-0.22088452799534544,-0.07143537477755982
2024-10-08 00:00:10.906059,10.906058921623124,12.971700009679958,77.59466552128332,15.244755244755245,0.0,0.09038958114973807,1.3978243978243938,1.400743846509259,-1.3423016725630672,-1.2030137861892691,0.05210009628501221,92.17247861838865,0.5,1301.6288617511475,1305.3595773874524,1318.219335495779,1296.2734440511772,1295.1620067378901,1294.1765566541474,-0.17355347701776117,0.10157631135408836,-0.2380674886175522
2024-10-08 00:00:11.006115,11.006114508060033,12.97171277314524,77.59467656229486,15.384615384615385,0.0,-0.19322682983137332,1.3978243978243796,1.4111164568949552,0.0858627480469748,2.3061994269535813,0.11814130971893642,92.07663166775778,0.5,1311.362026492484,1307.6939141598098,1309.183907649984,1300.2220261052055,1320.3064375024253,1305.6514340530193,-0.39844849588986375,-0.18377416285360929,0.5044651160611265
2024-10-08 00:00:11.106170,11.106170094496944,12.971722855654065,77.59467575118165,15.524475524475525,0.0,-0.09453356057454057,1.3978243978243938,1.4010173593599866,-0.8136701197337117,0.33256835554828545,0.07093061817198866,92.10972633937398,0.5,1294.5601151692001,1282.6326167227555,1296.009812212258,1310.0657630085627,1303.4780918606475,1301.9634678802279,-0.03301729926706077,0.19008882046751227,-0.19767675327847453
2024-10-08 00:00:11.206226,11.206225680933853,12.971720770478134,77.59467995443083,15.664335664335665,0.0,-0.30745873041126287,1.3978243978243938,1.431238595783119,3.257414771414114,1.283721798689014,359.97132044735406,92.07801904927676,0.5,1309.6482212261556,1306.3210802409303,1303.696286826851,1301.975988465007,1304.8100610180068,1295.8153914179034,-0.3048028060676051,0.35635560558162266,0.27836554719023615
2024-10-08 00:00:11.306281,11.306281267370762,12.971728469810236,77.59468185555608,15.804195804195805,0.0,-0.08454190749602457,1.397824397824408,1.400378656391276,0.5135740401637524,1.4229929738394822,0.03350140937429093,92.00625510529389,0.5,1307.8716331654778,1317.113454674032,1309.5400919640895,1304.713505075129,1318.0117922599627,1299.629460067766,-0.03955068380025241,0.438666713430087,-0.12224379835609638
2024-10-08 00:00:11.406337,11.406336853807671,12.971715003156525,77.59467719086174,15.944055944055945,0.0,0.01868405701980796,1.3978243978244222,1.397949262720192,-0.41531814383745247,2.0754584279600605,0.001800714620821181,91.76448656763871,0.5,1313.1180910029118,1316.7217789548295,1306.269645863783,1290.6667517949888,1307.6532112586867,1303.0585529394502,0.5216364773540196,0.05316085545677148,-0.204483960262481
2024-10-08 00:00:11.506392,11.50639244024458,12.971722849078718,77.59466810872979,16.083916083916087,0.0,-0.09548636970444499,1.3978243978243796,1.4010819726027537,0.6141344956678569,3.103625526871569,0.023036295892731123,91.90811770073603,0.5,1303.5256145617543,1307.1443137559645,1304.8507261224174,1321.1308973934547,1303.8184401029396,1312.7900170566304,-0.30970164240473275,0.1745539889422074,-0.15748485922839464
2024-10-08 00:00:11.606448,11.606448026681491,12.971708569290225,77.59467080530254,16.223776223776223,0.0,0.10347910236740766,1.3978243978243654,1.4016493754786945,2.0502893395480837,0.26781640831955267,0.043169965003383735,91.65633712714977,0.5,1297.9649283141587,1311.0385424160827,1305.8200523125931,1310.0738879320668,1297.8369113345184,1317.055607845719,0.30948809646382747,-0.1704739206655351,0.5367458947610467
2024-10-08 00:00:11.706504,11.7065036131184,12.97170291833163,77.59466900177877,16.363636363636363,0.0,-0.02114059009953177,1.397824397824408,1.397984253023948,-0.804564613711868,0.09125474293316105,359.96697847606333,91.69004489995409,0.5,1307.1795168710896,1301.2691395783927,1317.8045091874124,1308.4173810260936,1302.150359180326,1304.9829213729474,0.24716168454187448,-0.3477119794809275,-0.7434511409420707
2024-10-08 00:00:11.806559,11.80655919955531,12.971708039358173,77.59464930662487,16.503496503496503,0.0,0.06652309602905385,1.397824397824408,1.3994064346923876,0.36426522682894275,0.717795742270583,0.10171922703985911,91.53513418627733,0.5,1311.2132445914024,1316.4784050219998,1310.665950604292,1312.1276758520032,1311.9189873525,1322.5504582627552,-0.09767423662936019,-0.0889610853302717,-0.21272453166230076
2024-10-08 00:00:11.906615,11.906614785992218,12.971691023437618,77.59464977196622,16.643356643356643,0.0,-0.06955515579021904,1.3978243978243938,1.3995538456415784,-1.3247057679699985,2.125193383199231,359.96479990771905,91.38461745050434,0.5,1304.6564913810844,1299.0157249576584,1303.3652922208303,1304.1305767578824,1320.8531712922954,1322.9378109293957,0.05107535335646772,-0.03494252207960312,0.16047562763499076
2024-10-08 00:00:12.006670,12.006670372429127,12.971697210278725,77.59465748009002,16.783216783216783,0.0,0.1891701200401215,1.3978243978243938,1.4105666880616183,-2.8957047447663897,-0.03794906998862275,359.89008747654066,91.48858299122023,0.5,1320.072096333326,1313.5839325544353,1303.8282384870924,1294.6963380653806,1308.2336063903995,1322.449156292513,0.1244960164891929,0.30872445694321277,-0.5508044832128755
2024-10-08 00:00:12.106726,12.106725958866038,12.971703276184327,77.59465793235272,16.923076923076923,0.0,0.1023081870982594,1.397824397824408,1.4015634171526101,-4.008735798913964,1.6916163590183126,359.92826173612286,91.4185242056652,0.5,1304.2858270853926,1310.7597217715738,1320.1720960435953,1312.5068036879861,1290.9812000555703,1296.1634541107323,0.20939906237201436,-0.3043406074833989,-0.10791450771098884
2024-10-08 00:00:12.206782,12.206781545302947,12.971721857178135,77.59466729725747,17.062937062937063,0.0,-0.13995450546383617,1.397824397824408,1.40481326543879,-1.7204374176403108,-0.8151692883063383,0.01206361883664614,91.33710943885929,0.5,1302.6115680547325,1306.64615843813,1319.9293040381783,1317.033928559188,1303.495841051387,1312.7924466719955,-0.250158504547699,0.11701830716517019,-0.5308082159925643
2024-10-08 00:00:12.306837,12.306837131739856,12.971729219429575,77.59466156018117,17.202797202797203,0.0,-0.04772746010984386,1.397824397824408,1.3986389661387622,0.754954213720719,-1.2406395354306488,0.04343072250761777,91.30517952750178,0.5,1295.4568046644058,1316.0996232238836,1317.8806890898459,1318.74096789975,1309.8636128268777,1317.8996105868696,-0.41544105322347075,-0.5200451507565528,-0.26642570810300953
2024-10-08 00:00:12.406893,12.406892718176765,12.971734229856576,77.59464795852581,17.342657342657343,0.0,0.10805076669057154,1.3978243978243938,1.401994299323485,0.44575055550208387,-0.7222619007139315,0.08737738811000838,91.12743273322394,0.5,1310.5821911882342,1321.5089718033537,1305.625891032881,1314.1184607718194,1304.6879012405805,1320.5571830132887,0.42911948271285666,0.2698572844289918,-0.3043621521203903
2024-10-08 00:00:12.506948,12.506948304613674,12.971725163940352,77.59463013716898,17.482517482517483,0.0,0.1989616225049793,1.3978243978243796,1.4119131610629967,-0.8798703936242429,0.5311448356386232,0.12211246258003047,91.06306216607723,0.5,1317.841932494137,1321.5148816546402,1309.7817975099886,1321.281529287808,1330.6311651070146,1310.2386250603552,-0.24387125225916784,0.19238682368895962,-0.07839865603943813
2024-10-08 00:00:12.607004,12.607003891050585,12.971739939168815,77.59464743215851,17.622377622377623,0.0,-0.158417214819606,1.397824397824408,1.4067725690758865,2.831455355592799,-0.27468923831430747,0.11342274398177928,90.82900342694161,0.5,1310.2401924961634,1313.9081429000817,1313.9259168722174,1318.293240093975,1323.7602895665161,1302.058554952551,0.49377274302754887,-0.044072985811627094,1.419602571018876
2024-10-08 00:00:12.707059,12.707059477487494,12.971734959131776,77.59463697711266,17.762237762237763,0.0,0.1070781592671258,1.3978243978243938,1.4019196764954707,-1.5243318981029177,0.8584691946670353,0.20244747583469436,90.9023535720705,0.5,1320.1887795490136,1314.7051764735436,1309.0907503696328,1316.9855634851942,1314.128367360514,1299.9219227569097,-0.24432783657632892,-0.46723940613970766,0.3473509556729177
2024-10-08 00:00:12.807115,12.807115063924403,12.971736809101094,77.59464116215742,17.902097902097903,0.0,-0.152758198719158,1.397824397824408,1.4061465479917414,0.5479866867444356,-1.4292078322864468,0.0993280350362243,91.03387583004445,0.5,1311.4996040948236,1320.6026909111545,1307.1562402883694,1305.3803351259558,1317.2283914882705,1307.3673412892058,-0.32351923677663863,-0.13346949936545893,0.01739132990190392
2024-10-08 00:00:12.907171,12.907170650361312,12.971746527774375,77.59463956632725,18.041958041958043,0.0,0.0030717164268081903,1.397824397824408,1.3978277728658046,0.24567526912790547,-0.055784528526078944,0.09646324514629263,90.79908149461662,0.5,1318.9854896488566,1322.7813666467823,1297.2498958184096,1320.1814179753521,1302.1367869501958,1312.5177581244204,-0.40089154416641914,-0.06743522787934637,-0.07838721169219286
2024-10-08 00:00:13.007226,13.007226236798221,12.97173531785649,77.59464196947452,18.181818181818183,0.0,0.015511322870132934,1.3978243978243938,1.3979104578943211,-0.5618843220973334,-0.12992228069932865,0.1934046752034752,90.70122258066783,0.5,1313.5967092425276,1310.9250675383257,1323.2523325826398,1309.5963485617797,1322.419418738359,1298.4495976805576,-0.05485544263974885,0.20408449238063503,0.7729827322037188
2024-10-08 00:00:13.107282,13.107281823235132,12.971731596823483,77.59463921723935,18.321678321678323,0.0,0.0008355724061975237,1.3978243978243938,1.3978246475629106,-1.697444384754548,0.6799464686270442,0.23091782401874567,90.75299642766305,0.5,1325.2490569022793,1313.9985227914028,1319.5588461810135,1328.362438064357,1320.0798057139282,1310.6999635884363,-0.32355378787332534,-0.34305169829281557,0.5910837878938866
2024-10-08 00:00:13.207337,13.207337409672041,12.971747510367775,77.59465153133641,18.461538461538463,0.0,-0.12003608568580365,1.3978243978243938,1.4029688909665456,0.2470353876320533,0.8584040057109084,0.26862193970513704,90.63156355295294,0.5,1302.2801166691088,1319.287232335464,1332.9032993151131,1320.340379396576,1305.9913821927355,1300.6234002557371,0.21005454172071206,-0.07746964980950136,0.43650983464742754
2024-10-08 00:00:13.307393,13.30739299610895,12.971764245351602,77.59465636364317,18.601398601398603,0.0,-0.039764712101231024,1.397824397824408,1.3983898882220447,-0.2754341943670095,2.0437818156885426,0.29463558683997043,90.48250410454749,0.5,1332.1804536170994,1324.81743752,1318.9316436351548,1328.386939195508,1304.146992387953,1322.8880034922256,0.015587536902486678,0.04920988645586611,0.010514750079707681
2024-10-08 00:00:13.407449,13.40744858254586,12.971769112296473,77.594653628642,18.741258741258743,0.0,-0.16237892714687238,1.397824397824408,1.407224204998812,4.601369117035717,-2.2516493201377434,0.2191242233848789,90.3027252011171,0.5,1323.9236784209068,1331.123231559112,1330.7790029964535,1324.0788481623918,1329.0789892110317,1319.8539343367624,-0.46341227513845895,-0.02948248078951516,0.289234132357573
2024-10-08 00:00:13.507504,13.507504168982768,12.97176664110993,77.59465242623315,18.881118881118883,0.0,-0.0030470774963647957,1.3978243978243938,1.397827718939068,0.6700495575218887,1.8177850740071086,0.17916320617811693,90.42504515112311,0.5,1313.9465593608747,1314.6318144312932,1310.9642627642434,1327.3859452653426,1308.6086167924068,1312.2229477435665,0.11990922058010633,-0.3966343093569567,-0.1176937328651128
2024-10-08 00:00:13.607560,13.607559755419679,12.971773047245296,77.59465344518063,19.020979020979023,0.0,0.22066828965549193,1.397824397824408,1.415135167117491,0.9559238903223952,0.6268631954998671,0.1161161176862831,90.52832083297055,0.5,1312.7366282633786,1331.282512948467,1314.7148765849633,1319.796609328559,1318.2370859132448,1326.6080180229194,0.19407933650771933,-0.09220335295902317,0.2775920649629725
2024-10-08 00:00:13.707615,13.707615341856588,12.971773857071767,77.59466216767228,19.160839160839163,0.0,-0.14071437382231924,1.397824397824408,1.404889170772334,1.5229835602488064,-0.05204393742953547,0.10692262409834596,89.98066890138459,0.5,1312.1217179887763,1321.1372394240611,1324.553814889378,1318.7331016807966,1326.2421441976376,1326.9200353074511,0.11084630449097482,-0.4889739095205684,0.4270423615233057
2024-10-08 00:00:13.807671,13.807670928293497,12.97176590679967,77.59466122381875,19.300699300699304,0.0,0.011478303727912559,1.397824397824408,1.3978715243575282,0.12832539922038189,-0.18460704121466948,0.12460462105471509,90.2135878270174,0.5,1328.9349983551333,1335.0229823723064,1323.5322737964211,1328.0270880919152,1317.0453543743752,1329.798815912192,-0.2680712060925342,-0.4575086178380541,0.17476151798300998
2024-10-08 00:00:13.907727,13.907726514730406,12.971768591971259,77.59467890801402,19.440559440559444,0.0,-0.09164112294202653,1.397824397824408,1.4008251648822005,1.5257675374518658,-0.04441186894221041,0.104061635510109,90.10686423472583,0.5,1322.7820750623237,1309.8118605659063,1326.314060550452,1315.5380330213839,1329.3134628157607,1325.3822943299297,0.051303855989345386,0.6308260723127088,0.4732949524339262
2024-10-08 00:00:14.007782,14.007782101167315,12.971768158589393,77.59468389034578,19.580419580419584,0.0,-0.06431512129015711,1.3978243978243654,1.399303213024117,-2.570006451065063,1.589109532704669,0.19079875765475507,89.99635721228248,0.5,1339.6051501656461,1314.2838448101502,1312.1305487765662,1323.8985483247504,1328.5737061758127,1322.1264228295759,0.7632346940543329,-0.1556003146860174,-0.4817244308588832
2024-10-08 00:00:14.107838,14.107837687604226,12.971762883876291,77.59469004121331,19.72027972027972,0.0,0.0386618548066402,1.3978243978243796,1.398358961844268,-0.8881742510865078,-1.0961219934163915,0.10882455851891827,90.09774289510115,0.5,1327.447657404985,1332.7874292230297,1322.1659017510922,1313.6779134305,1329.684564141724,1326.6941302996975,0.1626389559241176,0.30674802167483517,-0.09046066565439635
2024-10-08 00:00:14.207893,14.207893274041135,12.971762204139026,77.59468165295003,19.86013986013986,0.0,0.05565095937374612,1.397824397824408,1.398931762607593,-0.16494286802184324,-0.22337353049787362,0.031367488269709906,90.00486200339876,0.5,1318.227330759817,1317.9844278742878,1327.7039952517316,1312.5407660218802,1323.5121309565882,1341.5601512115115,-0.13170522074099644,-0.7244653677600046,-0.42225275385532673
2024-10-08 00:00:14.307949,14.307948860478044,12.971765297138283,77.59469221428641,20.0,0.0,0.045588826366942475,0.3136280818221877,0.3169241467559392,1.3028265802472383,-3.3217269851761135,359.999678147085,89.90637719993113,0.5,1334.7718531112273,1327.3509234321489,1316.9554884338886,1320.6182743230645,1339.5135434413323,1326.0950405111555,0.2511142261242754,-0.03112624088473739,-0.3574109930169302
2024-10-08 00:00:14.408004,14.408004446914953,12.971755746047897,77.5946764034627,19.922900343439462,4.528648067862478,0.09193812556826282,2.238041272482633,5.052319732442044,-0.39721927016800695,0.6797951778778322,359.92034747286294,89.89066530247025,0.5,1313.3006255185546,1327.911415718849,1326.6254511384154,1320.6127586781333,1325.021547951568,1321.5052170096794,-0.47809607478186567,-0.27363075632724465,-0.01774562381284871
2024-10-08 00:00:14.508060,14.508060033351862,12.971751435245636,77.59468305373704,20.447857063976514,4.72005170902751,0.03282304977844248,-1.805051948643623,5.053531243179607,-3.5403513048738366,2.352508655970234,359.9284824682875,89.64232964518041,0.5,1326.1665031371615,1339.0903238378178,1330.0203447349732,1322.2666222845187,1316.3092529918563,1324.9399441089479,-0.6879327343841756,0.16900080361789058,-0.019338482683201756
2024-10-08 00:00:14.608116,14.608115619788773,12.971747058846697,77.59468171682082,19.56168928089819,4.679690023422568,0.10151294807546153,-1.1533011684357035,4.8207786901145795,-0.7294739568845753,-1.6227189884075495,359.8685889606873,89.55033679917638,0.5,1311.7130988012425,1327.257145274924,1321.2699498356656,1335.3563055555915,1321.1759145477536,1321.9271616507342,0.2850711245509009,-0.4448865398426459,-0.4256743917126291
2024-10-08 00:00:14.708171,14.708171206225682,12.971762066405736,77.5946807767447,20.21706861448407,4.578992745931216,0.23396728352858615,1.6797576992354806,4.882980768464414,-0.9412594867117963,-0.9148713749033499,359.95951862168556,89.47736295919624,0.5,1335.6536353805884,1335.6091673310307,1321.8947321363232,1332.1855104415206,1331.4646849744297,1329.0420556709205,-0.282863702956004,-0.09773466931107523,0.2900418317621546
2024-10-08 00:00:14.808227,14.808226792662591,12.971775331472458,77.59468280638652,19.897827564236028,4.842326725188578,-0.14454963595207698,-1.7237450501745712,5.1420151408500105,-2.3576004620568485,0.5790816344686915,359.9560835376396,89.59100120995195,0.5,1312.5180965941643,1307.766299117862,1337.8844411666873,1315.0059722129856,1320.1122842453049,1327.0320137412361,-0.22801378918379223,-0.5317577434138446,0.48924827052435976
2024-10-08 00:00:14.908282,14.9082823790995,12.971774404085894,77.59468252285667,19.8721279707582,4.762203052914503,0.02567006546445429,-0.8216595527008081,4.832635025531481,0.1582432250993189,2.045396357226746,0.058395626328554495,89.48361179693137,0.5,1329.949280467989,1324.5500291709554,1319.2770784489242,1321.5805825565078,1323.194798355775,1318.151356081803,0.1251109988857999,0.2973381730291253,-0.22987117237869062
2024-10-08 00:00:15.008338,15.008337965536409,12.97177410764019,77.59468393890845,19.733404307442093,4.735134939882822,0.06154233942022975,0.7671600924208803,4.797272659109926,0.48689141551675924,3.4122994874917163,0.11547876019596076,89.31484896515612,0.5,1319.2976979418654,1319.7869473799412,1337.3610908202234,1315.4884047711862,1324.0046955300395,1317.3711643074248,0.5458091856977719,0.04968134602708416,-0.14474069808709106
2024-10-08 00:00:15.108394,15.10839355197332,12.971781514538348,77.59468862117589,20.02564527663454,4.56593833427133,0.09402038712514091,1.7321584917243342,4.884363392092804,0.7523895616143597,-0.6621443342114434,0.11865005839255707,89.291270190192,0.5,1333.7734891964233,1328.9949632125563,1315.0492088063895,1322.341148062571,1320.5935112993423,1330.9083544339508,-0.16282438757408624,-0.05167407930543532,0.16386913307950668
2024-10-08 00:00:15.208449,15.208449138410229,12.971772218948455,77.59468693254207,20.0800285748244,4.575880736395126,-0.1247981249794747,0.8767273699142066,4.660784265214072,2.3361462742824433,0.7645746940799727,359.9002953746619,89.13660978036401,0.5,1324.6697601551964,1319.4129285956421,1323.8832437362746,1321.080989711349,1323.452648877895,1308.2981947942885,-0.3169673870857064,-0.20070820645237974,-0.32987371219881395
2024-10-08 00:00:15.308505,15.308504724847138,12.97175967362685,77.59468751124517,20.20108821891865,5.09042769431553,-0.03385634812312792,1.796826343074457,5.398350236000725,2.527211323967334,-0.606527909522749,359.8591908979428,89.13327826242579,0.5,1323.6691212530393,1317.550030677989,1315.0776059293332,1312.8913098523717,1333.423540712018,1325.1528051289451,-0.1571551571699666,-0.007328878337990403,-0.045365440340739145
2024-10-08 00:00:15.408560,15.408560311284047,12.97176591439181,77.59469472187338,20.439593601787603,4.903601836114623,-0.19447711711499188,-0.6442271670606061,4.949561693625709,-2.2269808921337644,0.420996048161897,359.87413137348426,89.03925575168235,0.5,1338.8994426852958,1319.4862118245055,1332.2641930823474,1326.256220075852,1308.3065324748193,1335.6925261230665,-0.14014754808235105,0.1388988155066776,-0.713455883434059
2024-10-08 00:00:15.508616,15.508615897720956,12.97176331272466,77.59470002812508,20.072171164920974,4.719647118185383,-0.12539702222234228,-0.012095393669426358,4.7213281639731255,1.505674416611971,-0.28555208795996967,359.833523453342,88.98107896815293,0.5,1341.5723957159005,1329.6976753412966,1329.6771842425112,1334.2408924750994,1334.8206944860206,1310.199814127732,-0.43988339508714186,-0.20075018284897037,-0.17999952423247076
2024-10-08 00:00:15.608671,15.608671484157867,12.971758001469828,77.59469240780139,20.437173178374056,4.538971086202826,-0.04005453824592551,0.3224918455498482,4.550589398953228,0.5274902764541781,1.2636696312699958,359.7766280547444,88.81995715047978,0.5,1336.5123576133758,1320.1836334759091,1316.3472113772264,1324.058504593014,1329.244745905102,1306.3693604941705,0.193442808345042,0.0361786475321074,-0.025475450178678923
2024-10-08 00:00:15.708727,15.708727070594776,12.971768383717585,77.59469722510958,20.136705386376207,4.5394681246847295,0.08404123834296733,-1.9858525259035815,4.955546795199148,-1.9494755726540152,0.13044649858025079,359.6965253857943,88.73634811205959,0.5,1322.5836336768741,1308.2628157048766,1331.3097031284397,1320.1645122214225,1333.8538223060452,1343.6930462913645,-0.21346756434992134,0.08701908657077757,0.25518208812876214
2024-10-08 00:00:15.808783,15.808782657031685,12.97176682573747,77.59469814152949,20.039781900261058,4.729291316012255,-0.08427838080572651,0.3878295124075777,4.745915183383966,-1.1772589890873322,2.4216969986668917,359.78289357008987,88.76990965897336,0.5,1325.0924675201102,1322.5684412737753,1340.4928086549899,1323.828763710245,1321.7873294942551,1334.4611826285238,-0.1729603321209603,-0.2452863629311567,0.3402456557568939
2024-10-08 00:00:15.908838,15.908838243468594,12.971777109457053,77.5947043054213,20.21431440497917,4.6981113358173605,0.19090330389185142,2.2077072040621033,5.194484122031765,1.2197685794855293,-2.0381121249953296,359.824790923631,88.8150691621121,0.5,1327.0910529250746,1335.411652485086,1321.917840487175,1334.6993448139162,1329.9309389297198,1318.740422608708,0.2610555407225417,-0.7366031712661993,0.03936227605162171
2024-10-08 00:00:16.008894,16.008893829905503,12.971785755620946,77.59470289943188,20.481568778227903,4.632966367568937,0.2955430844841728,-1.99885095065315,5.054416702324644,-2.193710629526551,-1.0483411951129114,359.85965347305205,88.69855163396676,0.5,1317.0722042234786,1321.1445048761655,1328.4772707100678,1334.2028861964952,1334.5330160219098,1326.960096716314,-0.3057813178321192,0.5344581860491526,-0.33691139987958346
2024-10-08 00:00:16.108949,16.108949416342412,12.971791919367984,77.59471109171712,19.814321996844022,4.7444407068156185,-0.16374657900220674,0.024245034352745165,4.7473274991635845,-0.2182543285727699,-2.366568317982295,359.7592752429231,88.57470684902009,0.5,1317.0664628311752,1318.6864536423334,1338.6900244759313,1339.9654674546016,1323.286411289936,1313.4395905363745,0.057813151620195395,-0.12252335557791355,0.9887742549103317
2024-10-08 00:00:16.209005,16.20900500277932,12.971792397270287,77.59473229822264,20.486420480488597,4.836197725103109,0.32448998777490107,3.0234277016829907,5.712724153655832,-1.1902265384814694,0.3034961346017263,359.7998004296757,88.3603317206881,0.5,1333.5478334659379,1338.8788389414094,1318.9616086043955,1332.8098106212647,1327.7589951823966,1317.9041644719325,0.03934565388983421,-0.1353672401010306,-0.5042875383910295
2024-10-08 00:00:16.309061,16.309060589216234,12.97177441717082,77.594729505069,20.419343660326984,5.111214348669595,-0.13191684215203628,-1.2551714820161521,5.264728826877596,0.46452382886384647,0.07578694850131891,359.85858672943516,88.34286642582909,0.5,1308.6172023286217,1324.4809670387024,1328.9386289845709,1340.1497291370779,1340.6636922510506,1321.0302466592125,0.11958215706048912,-0.45421629232289207,1.1410819193644877
2024-10-08 00:00:16.409116,16.409116175653143,12.971774417894355,77.5947344500875,20.235246643064574,4.778357747087254,-0.192558137184657,-1.1803749170063185,4.925755408061029,1.6740047290158135,-0.781253780621611,359.9295499656786,88.35443707667888,0.5,1329.6917787770785,1325.595443525208,1316.181289810136,1335.2479949068465,1321.2596223153537,1328.9826725048688,-0.570630866891643,-0.20883922703749014,0.1904038930783598
2024-10-08 00:00:16.509172,16.50917176209005,12.971764447810058,77.59474567103045,20.183137451254016,5.043846183035254,-0.3294248679638732,-3.8431984913158317,6.349730679753638,-0.1861634008756281,1.0589313945438728,359.84925834470727,88.2767290999268,0.5,1334.9178817001716,1323.6101515917394,1330.5663386391348,1331.9097092569405,1332.9837465897642,1320.186807533883,0.2395400961679145,0.45153572139905984,-0.7503557100137843
2024-10-08 00:00:16.609227,16.60922734852696,12.971775011197167,77.59473966935255,19.466179685380474,4.947760151760124,0.3250091299173806,-0.3733302234713989,4.972457833871719,0.8243910681084388,-2.322156016217531,359.8695097841513,88.1614449212848,0.5,1324.7149700420662,1322.3675072697602,1321.5631120610246,1330.0012373370457,1321.4893341713946,1338.051027415059,0.08691051854587607,-0.04379763927977353,-0.0377807511666519
2024-10-08 00:00:16.709283,16.70928293496387,12.971773130353865,77.5947515570713,20.10842990236591,4.801387687631106,0.014894642185967338,3.830968764153482,6.1424642651969155,-0.07534096553873837,1.2808647367924682,359.7945424695789,88.06923793094285,0.5,1330.6368351293802,1326.6658906276762,1330.8417961031864,1324.6979852843253,1326.1254369212024,1323.5949754563183,0.3027889227305872,-0.32233624127663185,-0.6040303450694109
2024-10-08 00:00:16.809339,16.80933852140078,12.971772982532203,77.59474396865309,20.23279933801819,4.708970578680948,-0.003806232864169179,1.6521094802921823,4.990379157254758,1.8427582300055723,-1.7114800885647226,359.8398603723337,88.13979411648374,0.5,1315.1481109731847,1324.6074827146078,1309.5514056989584,1320.5862926053271,1335.4425969247018,1326.9636256943618,-0.28633501478640766,0.25885233565668236,-0.12467577136477145
2024-10-08 00:00:16.909394,16.909394107837688,12.971766869721652,77.59473699932379,20.439035468183132,4.514158823157412,0.03993426209587315,-2.410515645401489,5.117598098982023,-0.2850045822292673,-0.20581513739059376,359.84416853588584,88.05734230320594,0.5,1323.7346721364188,1321.063336044505,1323.6949549456126,1341.9980902611394,1320.1118086739941,1324.967414302764,-0.19632183686129046,0.07640662994573058,0.3738705511873066
2024-10-08 00:00:17.009450,17.009449694274597,12.971747937849607,77.59473610383196,19.75042822498621,4.6264697305302604,-0.027758931136299653,0.3492960264899523,4.639719866532056,-1.1307957315342752,1.3524905518894155,359.7983329140371,87.62320195357252,0.5,1321.7036324012047,1325.3568595778754,1333.9979245524212,1323.5530066032068,1326.3333903673486,1327.3841741484603,-0.07599595282287856,0.2114632920253011,-0.1847908924856427
2024-10-08 00:00:17.109505,17.109505280711506,12.971745678853619,77.59473621054245,20.5089335057242,5.078420539815412,0.07994057166242173,1.3455032166319256,5.2542482412028875,0.17798744364452754,0.286970554016197,359.8572121616378,87.86825107946052,0.5,1334.9285245174924,1335.3673849640156,1325.0644139400677,1316.3569313626676,1324.8439014424787,1326.3796396769817,0.012707154294639473,-0.8723964247215659,-0.039951053104825676
2024-10-08 00:00:17.209561,17.209560867148415,12.971742753335795,77.5947288731024,20.019678451771917,5.283973939644548,0.23091402862330063,-3.0895875492183364,6.125296164900334,-0.24814931018731706,-0.608771644519805,0.09657145999776481,87.86232070141565,0.5,1313.3733110400826,1339.8198336947141,1340.5352179241636,1317.9333304465065,1320.8411067533166,1332.5317733327413,-0.7201514540150739,-0.20315624271633537,0.12751560982201562
2024-10-08 00:00:17.309616,17.309616453585328,12.971746736059687,77.59473208384587,19.890672517553778,4.425444942402297,0.05904269077870466,-0.8162391544373548,4.500477234116963,0.48591417421975824,1.1177589804547394,359.9740385229919,87.59748091337794,0.5,1327.2661645931294,1336.454564937997,1306.60607681688,1321.1978849268014,1326.9654152204291,1319.2347591474918,-0.0857434151446712,0.15745714854607387,0.42034421696123364
2024-10-08 00:00:17.409672,17.409672040022237,12.97174668668023,77.59473656344643,19.856339877231918,4.8900791948405,0.07464008444095643,1.5878699421959652,5.141962332353932,1.5782700822649316,-0.7659841642866019,359.983920035876,87.66151636969495,0.5,1327.7426622489131,1316.5237695899148,1319.1548019134823,1331.201305090444,1324.6696303716906,1324.4640034519343,-0.19367318187752125,-0.2621186508598334,0.13119413199963345
2024-10-08 00:00:17.509728,17.509727626459146,12.971751458964077,77.5947349230943,20.208423034057695,4.93506593847689,0.22496245953979413,0.6864760626804554,4.987658098742359,1.9330837590426997,-0.29913566977060224,359.76653277595767,87.41885318223075,0.5,1315.411434937949,1329.2455076890174,1310.7537521568936,1319.63989534699,1346.7684881905361,1336.433055376783,-0.6259496436646848,-0.9999383190814699,0.3036957033571103
2024-10-08 00:00:17.609783,17.609783212896055,12.971764958455232,77.59471044081047,19.993711407284703,5.095936754936403,0.13696331253776198,-2.257361566670582,5.575214040911303,-1.7670517788273439,-1.9896674594266646,359.94024980650704,87.41484307699498,0.5,1309.4961232938708,1329.3270507721859,1309.6556831496612,1328.6661014591568,1318.2404858004459,1315.2435571166955,-0.06954243872716648,0.2516335781406778,-0.8197734152194833
2024-10-08 00:00:17.709839,17.709838799332964,12.971773899654435,77.59471345296032,19.756699763350966,4.897304908348636,0.22161335721363032,0.5275905472280442,4.930624669446614,-0.5402478504391289,0.8248862218378259,359.9610069712966,87.22209101365804,0.5,1320.4122090488554,1310.7501148407275,1330.5248369120056,1329.3352127005558,1316.0076816302226,1322.7072067836668,0.3279294160626129,0.10080867868844733,-0.027417060188285762
2024-10-08 00:00:17.809894,17.809894385769873,12.97178712318496,77.59471359198633,20.099288170487647,4.806801428707708,0.07652586014290612,1.6849491959646485,5.094138786417091,2.1631556259759748,1.7401369169380094,359.98107271587077,87.43015465309091,0.5,1325.4636621909692,1331.4931399526563,1327.8724300577187,1328.9487629311577,1327.9492123318612,1325.7061874342162,-0.11301788673641086,-0.39765173304872187,-0.6347611498773293
2024-10-08 00:00:17.909950,17.909949972206782,12.971785198455775,77.59471011939534,20.093876923188247,4.56607209220224,0.04391531799613141,-1.9540355945055268,4.966809641101358,-1.0993320238887725,0.5491790004106576,0.06543214624532084,87.26975519396873,0.5,1327.3966173115177,1333.583825697117,1316.0223855173454,1317.6016486386125,1335.2494911556103,1333.3746198004976,0.2588836948251359,0.34758782424134615,-0.11376407799583578
2024-10-08 00:00:18.010006,18.01000555864369,12.97179116870192,77.59471363759936,19.708263815833956,4.515181296241569,-0.02318641628229031,0.9573505378682654,4.61561694686489,1.124659011699741,-0.5707467282855345,0.11326783066761581,87.10346074040672,0.5,1330.2690003361772,1344.504065967676,1326.7983714883478,1311.354323478695,1327.2696958891236,1322.0784383270213,-0.10705758657334195,-0.11023831691773556,-0.5362389427179295
2024-10-08 00:00:18.110061,18.1100611450806,12.971790902466937,77.59471447681022,20.28545346217245,5.117011600339309,-0.175267550841886,2.7956921133483803,5.833559875841123,-1.823679076824291,2.7250382383017255,0.20281019107170078,87.16254564018533,0.5,1342.9919908222316,1322.015576180927,1329.3644965750152,1325.3146426003848,1320.6112128606794,1316.8480755337696,-0.42152024041346414,0.09212710599546729,0.251858761295145
2024-10-08 00:00:18.210117,18.21011673151751,12.971795998442715,77.59469960342061,20.267713043630184,4.841631002971825,-0.17363423687415283,-0.20204327586023396,4.848954640174846,1.2906771726102488,2.264588196044966,0.13050790322969014,86.93674322046708,0.5,1339.415971611234,1316.7012354367305,1333.349521436531,1330.9872987616086,1316.544605079119,1331.6919388235056,-0.05889739608389315,0.6883376721039354,-0.4777010312151541
2024-10-08 00:00:18.310172,18.31017231795442,12.971794774145016,77.59469627064021,20.24502234526879,4.635233886558744,-0.09259663120971375,0.3977625688833655,4.653190559220476,-0.27289769453965873,-0.9378937189838771,0.14283565497965048,86.88578867350549,0.5,1333.1707709856835,1323.4518898446802,1320.62417509171,1320.2853939947063,1331.4755605901428,1314.3687242377723,-0.5738115601334838,-0.2795463365009733,0.3825869799527446
2024-10-08 00:00:18.410228,18.41022790439133,12.971788402384915,77.59469641652014,20.347309777814736,4.809094094968903,0.07269291200214116,0.74488279764347,4.866982705531764,0.9181589534447128,0.9073252001838825,0.062291831464329636,86.97066251605953,0.5,1311.1045556372496,1338.9973268639214,1318.311363969744,1336.4991458830796,1333.4966877045233,1327.861974542418,-0.3201059238192872,-0.20368630631167026,0.3256862339474782
2024-10-08 00:00:18.510283,18.51028349082824,12.971783341233682,77.59468437330409,20.394081715558755,4.856821428007439,0.07799310165391023,-1.82390731139904,5.188587012668545,0.9860308376053702,0.5993639440820565,0.08588979897656082,87.08870385215796,0.5,1330.1561996355042,1325.2523423918137,1314.9620452742527,1330.1652476333063,1321.1575174490629,1319.3452078292592,-0.25646773464731343,-0.24199486383961435,0.10226868575201305
2024-10-08 00:00:18.610339,18.61033907726515,12.97179054424113,77.59469374570303,19.982325546517544,4.835673189547421,0.03461475053915301,-2.5827434706336447,5.4822894133895685,0.6701808776198396,-0.5237341295128386,0.06820658852096938,86.59988680453012,0.5,1315.3590498157566,1341.2485486149026,1337.3509700363106,1308.6775246197055,1329.9646345575059,1328.5796914785362,0.5248344700812908,-0.3780482353973994,-0.20802898800138933
2024-10-08 00:00:18.710395,18.710394663702058,12.971789754962286,77.59469411360656,19.877245890418063,4.457204950624313,0.03978561684124973,-1.290903115618434,4.640548428913409,-0.727145469945176,-0.8826218538640728,359.8921991904372,86.62494450436081,0.5,1310.5291985998322,1313.7261142354644,1325.7702161605268,1340.9404490559323,1322.1611183555904,1332.555298937498,-0.1995907598653884,-0.0682250637181517,0.10088596885691078
2024-10-08 00:00:18.810450,18.810450250138967,12.971782672596206,77.59470357246472,19.724001409984673,4.927463622199771,-0.038098676125107436,2.024621152763004,5.327329543912219,-1.7799142056411652,-0.26024769601759573,359.82691162094056,86.60156793976864,0.5,1328.4408126584665,1321.4704184997602,1332.9277628013201,1320.0566059281157,1312.2359715731427,1329.0152133865292,-0.055174552510359375,-0.2710010823953775,0.7860863261117363
2024-10-08 00:00:18.910506,18.910505836575876,12.971788252810132,77.59469665964552,20.282395203922608,4.44388409028457,-0.10147647573084476,1.487740475885758,4.687405999761473,2.423598941413274,2.071410964869104,359.6771993766698,86.44997379232147,0.5,1326.1971804104246,1323.667831808391,1314.170015104183,1321.5706844165454,1341.3595503971344,1334.2947560725374,-0.14854294042864988,0.17331443442268518,0.07688563146373177
2024-10-08 00:00:19.010561,19.010561423012785,12.971784379042676,77.59469657934397,20.021714901546023,4.694001107794756,0.2544861836827333,-1.4557303794583305,4.9211340720754295,-1.4631034816419548,-0.37559069720303634,359.6964903579778,86.56588315171177,0.5,1308.5077756199473,1323.2593889263346,1325.3858257808886,1324.363836982646,1327.9223196673317,1319.6853110231582,0.1320148058764527,0.1336643194947857,0.42125387332628766
2024-10-08 00:00:19.110617,19.110617009449694,12.971786547460553,77.59470197886314,19.991087290301152,4.733700253421395,-0.18116345248366164,0.7831234180987678,4.801460254311419,0.6833991801038496,1.6720339852177764,359.699267512461,86.47786184276636,0.5,1322.2942491473782,1318.1704202842604,1329.37239194443,1327.7275361498337,1327.0109659742348,1323.4298926661124,0.15611677664158113,0.1771198695524621,-0.278701923170695
2024-10-08 00:00:19.210673,19.210672595886606,12.971799389560331,77.59470683009036,20.178426647246734,4.624242290199839,-0.1620169445541263,-0.4823451691403733,4.652152524475994,1.070889485365994,2.052585901606003,359.6487834035603,86.35756367622967,0.5,1319.257413538366,1325.7665929224097,1328.6846264326782,1327.0300564351446,1328.0661327145308,1332.3835726771067,0.057361971649348135,-0.2879772445446915,0.4504725669524403
2024-10-08 00:00:19.310728,19.310728182323516,12.97179161563925,77.5947168440211,19.894564632774465,4.853274440295494,0.09827265095951239,-0.9105801161429383,4.938935761342421,-0.4895860707229539,5.1833335382219285,359.63227838486546,86.30570478225431,0.5,1317.423499141296,1326.3501194906655,1315.7957976438147,1350.132159455068,1322.6732597619646,1333.4385403033998,-0.07388489678148477,-0.34000733102436753,0.509287773009841
2024-10-08 00:00:19.410784,19.410783768760425,12.971779774141737,77.59470353935474,19.996209392209792,4.718352173378399,-0.1745729060762955,-0.3346366397880587,4.733424195257513,1.3012101402702394,0.03171438150753696,359.5038747607138,86.26004457271968,0.5,1320.0009467055727,1323.665306091451,1323.928027159855,1322.9549551079454,1320.6702146708274,1327.5273510909976,-0.44555207441439487,0.2892587181571832,-0.048972392196590546
2024-10-08 00:00:19.510839,19.510839355197334,12.971792049725085,77.59471609806216,19.82760010229992,4.7697045091730335,0.08103920151732388,0.6467590390576845,4.814036322215585,-1.558518652527316,-0.14854611065211548,359.43939850818725,86.21731553690877,0.5,1328.5414106903752,1328.3070618642278,1321.2805560272068,1330.3909273011095,1326.9509047022104,1306.0728766975901,0.39496594659316536,-0.04651199088921676,0.5287485037880104
2024-10-08 00:00:19.610895,19.610894941634243,12.971795526878127,77.59472168076339,20.125633102082368,4.819687400096619,-0.2853145122523596,1.8404264937707069,5.167006936759912,-0.37527276734772086,4.214771471547093,359.47814049406253,86.11677223990979,0.5,1334.2846325966575,1323.7122020845143,1332.7269024475827,1317.3311982351709,1323.0371581165487,1330.7955656785539,0.12214448927611284,0.011535449210993068,0.07361888360937706
2024-10-08 00:00:19.710951,19.71095052807115,12.971805569325142,77.5947418844536,20.19589000655643,4.82861928049629,0.04104382102355813,-2.6567818366997784,5.511418917034213,-0.254913823288773,-0.8957018456859438,359.4035238208508,86.01876463389412,0.5,1320.9283560723359,1341.3790745040992,1332.6424325712828,1318.690351122896,1318.7998814384084,1318.4560210987536,0.1716077672745068,0.09187122450222375,-0.07235455738048592
2024-10-08 00:00:19.811006,19.81100611450806,12.971816184791424,77.5947450415835,19.59398137267052,4.822973780232955,0.1678575641981104,-3.0091410354222887,5.687194564786351,0.8430118288117395,1.0425163005178777,359.595548059726,85.83304135160229,0.5,1329.8843112293498,1333.9033861317553,1323.579199529045,1331.2350337625658,1324.8175345326233,1334.6479365587031,-0.5634731375207989,0.14204793791285145,0.5350330824752433
2024-10-08 00:00:19.911062,19.91106170094497,12.971824538228732,77.59474747287327,19.59372726461534,4.8314788402831965,-0.07162311338674464,0.7433889464069239,4.8888592514118745,-0.3173151737364992,3.1510204936151003,359.5275792283443,85.97674775393082,0.5,1307.5438321847907,1319.9672224125104,1339.2917966656623,1313.762302625267,1336.280184358379,1313.7786085618875,0.04445097211277698,-0.007197340210050965,0.17529441092228337
2024-10-08 00:00:20.011117,20.01111728738188,12.97182651585122,77.59475709937338,19.74274180663744,4.684902352049577,0.1723823756492107,0.9491967420830463,4.783199785379573,1.9212617599705863,2.225438217110452,359.56728973067476,85.65375208252233,0.5,1327.1297333599534,1332.0712431909428,1329.1572738654495,1311.9772220418413,1321.0847631480176,1318.1793650786938,-0.05057038697438557,-0.006724191586161153,-0.3539479365406803
2024-10-08 00:00:20.111173,20.111172873818788,12.971830984932922,77.59475367913687,19.783672137961585,4.647926336720721,-0.12429920259711967,1.5182194172156187,4.891181832866052,-1.0879907153892627,-0.7823553703169516,359.55255960936256,85.68840075620686,0.5,1326.7378446764442,1319.2512247224026,1312.5961603687285,1317.242606519285,1302.5546741875362,1331.745567726647,0.07594292182965137,-0.18879674818765535,-0.040460868443478654
2024-10-08 00:00:20.211228,20.2112284602557,12.971831151545164,77.59475303097435,20.04655447489628,4.847553932301053,-0.03461567713026657,3.1683103351470123,5.791214704314627,0.6783858380870474,-0.921357533137573,359.51658594706345,85.7606713206088,0.5,1338.2682133660683,1324.1546156569793,1309.400824530372,1322.442497831586,1330.2703438319504,1315.7312359281773,-0.08133993315556602,0.27229934063479333,-0.3980697267979096
2024-10-08 00:00:20.311284,20.31128404669261,12.971833265496283,77.59476670727179,20.4176864351561,4.9334617763929565,-0.14127578458131873,-1.2736184713594554,5.097166659726501,0.9219410664577496,-0.735083681126446,359.58284321222436,85.37160257396145,0.5,1331.4376664953131,1335.0278862723549,1329.1336913738069,1333.059367688164,1324.8475576869666,1336.6971698018888,0.18790123510390996,0.007747251618044064,0.44718784570838654
2024-10-08 00:00:20.411340,20.41133963312952,12.971810487957898,77.59476588880275,19.79168918879878,4.484864502871663,-0.34183407429237844,-2.7344062593056293,5.26382349004936,2.7180626814348345,-0.14071460804491787,359.44104334057334,85.54975935396496,0.5,1317.9506951072608,1330.0695460549869,1333.2446006025823,1323.849339930278,1317.0733700718708,1319.827749861581,-0.15784219052724416,-0.1967779353464452,-0.4343999353841502
2024-10-08 00:00:20.511395,20.511395219566428,12.971796422009866,77.59477208474142,19.87050119149294,4.899256116111186,-0.07578336673188692,1.0932545186128806,5.020324596317808,1.3760170992418572,1.1498121430398154,359.3658405942508,85.21792573933612,0.5,1325.9663418385965,1322.3351802879051,1343.9575654834805,1327.368919195237,1314.2720374359144,1324.141351874026,-0.30237950543201064,0.11804555319528584,0.07843936883691215
2024-10-08 00:00:20.611451,20.611450806003337,12.97178983440654,77.59476835644313,20.010461632768006,4.68990259807618,-0.07816351574983164,3.356760620967947,5.767940514699956,-0.9599723678426306,-1.886247212231845,359.5026586066577,85.48760208286993,0.5,1314.5660371922843,1321.717172171477,1330.2608631483167,1307.836654960994,1325.8521529630366,1318.9627841777785,-0.0291360923118758,0.3677114933040644,0.3413706854676649
2024-10-08 00:00:20.711506,20.711506392440246,12.971786649078702,77.59477036964445,20.542226496411484,4.988562523843926,-0.06765762356144975,-0.7807836029755606,5.049748176196667,0.39804717748292057,-0.2852480553187706,359.50884700180467,85.04985770853246,0.5,1318.704896148241,1339.4304055581904,1340.5426365657481,1332.5578422720378,1311.6198909102486,1336.6526094318417,-0.35071022266478413,0.29400456182635537,-0.05987079839061823
2024-10-08 00:00:20.811562,20.811561978877155,12.971790618329438,77.59476739853199,19.85421811021592,4.497664716428886,-0.01792788537462874,-2.5015577522999877,5.146562007648941,1.3728574977908636,1.8165758552672546,359.56446173214266,84.99257841598998,0.5,1318.5913757243866,1322.2880490901337,1332.4051221442567,1317.8989209357528,1309.372867758322,1332.3940140333189,0.06438984796052881,0.3946091193008329,-0.19799093758071035
2024-10-08 00:00:20.911618,20.911617565314064,12.971805133749989,77.59477089649828,20.04163684058714,4.377805064018432,-0.034471433451217684,-0.8918713076301117,4.467863011288893,0.5700693577843846,0.19551402835432038,359.4434418921052,85.18014304358347,0.5,1329.7939091270725,1320.3077914924609,1322.8737642923995,1324.8486392823659,1322.2662396438286,1325.7455096945146,-0.45177460742177655,0.4448737996083262,0.08858910420401198
2024-10-08 00:00:21.011673,21.011673151750973,12.971798907678531,77.59476275378381,19.675744696793554,4.877505248047335,0.18660632384465659,0.7235045394456847,4.934403528637136,-2.1109797997187965,-1.8332590459151934,359.49118171737314,84.87769832509144,0.5,1322.4525616302603,1321.6456573026323,1331.6486523764147,1323.944273398051,1327.9572345457796,1319.4803133060122,0.20197537659570783,0.2901432535607869,-0.25577034454359565
2024-10-08 00:00:21.111729,21.11172873818788,12.971786301175149,77.59476902147816,20.186418182555148,4.727530998028325,0.10506917501238303,0.6812434262820233,4.777518338500538,-2.4687423717113495,0.008664053185886863,359.37142327395946,85.00653416438486,0.5,1317.58465217885,1325.922789171635,1316.211845136712,1320.0268375465112,1326.216882080861,1304.7047836136746,0.4973037551167579,-0.0789923335737303,0.27381980249846516
2024-10-08 00:00:21.211784,21.211784324624794,12.97178575155828,77.59476970416755,19.8120691178394,4.552007780343909,0.1554167817191154,0.34101568984324615,4.56740855508577,-0.4662824750533484,-1.8568859409418068,359.37232383341023,84.85615581386953,0.5,1305.6612623105295,1338.5563658400656,1322.3924042120677,1312.4811098334,1309.9540585546874,1312.2292605169644,0.42115943074186485,0.5329750699205695,-0.17910373798067172
2024-10-08 00:00:21.311840,21.311839911061703,12.971788728373427,77.59475545594495,20.254659232218025,4.508315818714872,-0.13237964610782996,1.507972308519797,4.755672021412002,0.7779944644863857,2.4643271976168633,359.3131261406425,84.81685734815808,0.5,1315.147810201274,1329.5759086088892,1324.3250560428514,1319.3159013158681,1319.076664927058,1325.5592608618415,-0.037686433410034824,0.10355535384072545,-0.030536812003820243
2024-10-08 00:00:21.411895,21.411895497498612,12.9717962848186,77.5947574397472,20.113831225158535,4.928729971499183,-0.09691262766141996,-2.0738347304293256,5.348136280844893,-0.9403057690745554,1.3796177286712676,359.2837629909896,84.68699519013228,0.5,1341.0362060928626,1325.4370098490729,1329.3886091042727,1332.4425546554519,1325.8392468323746,1320.3660923894513,-0.005971179327524503,-0.05725338823985643,-0.005281285401795893
2024-10-08 00:00:21.511951,21.51195108393552,12.971796628393403,77.59476508921928,19.839661731965354,4.9938291500304075,0.20628705518705437,-1.2345443224236163,5.148299099009259,2.2125698955212774,-3.836112659536597,359.21260798171784,84.90077650149969,0.5,1310.2875529752425,1325.9411504510927,1337.2520777293616,1329.3562047714956,1321.8590796106262,1319.8427194096387,0.43448389822055433,0.2594979820197162,-0.7015702750505678
2024-10-08 00:00:21.612007,21.61200667037243,12.971793096166637,77.59477558035175,19.866785112833632,4.94784810326656,-0.07228771954384666,0.882222435966753,5.026404559316576,1.0095817913763985,-2.233906999630512,359.1614004814055,84.58738468612984,0.5,1313.1434629781347,1319.9032041465377,1335.6111568093222,1316.1462211534194,1330.0361673579957,1323.9330580568699,0.08162047790304063,-0.34060705673145575,-1.0837902889605688
2024-10-08 00:00:21.712062,21.71206225680934,12.971789730948487,77.59477910498376,20.016204298362258,4.5169358368931,-0.17606469381862394,1.9646193334000515,4.928837312814035,1.258941579281339,-1.465567626093055,359.2185506812303,84.60524504625077,0.5,1338.863887921322,1323.292092891001,1331.4474330530213,1337.5947420924085,1327.99192487193,1322.6171150190064,-0.3507447126234772,0.4779663580224114,0.21040991734079392
2024-10-08 00:00:21.812118,21.81211784324625,12.971791127623225,77.59476846089346,20.259927391890894,4.920904655858731,-0.29286702837455614,2.1260312364702685,5.368527036982153,3.9741489594988084,0.615129526915384,359.1471120516424,84.41189657593172,0.5,1328.158561281724,1315.7702316846135,1322.3777065564454,1329.5171352192776,1330.8722577661445,1328.1627132799135,0.9336846064491425,0.3157477356469542,0.10946526663557361
2024-10-08 00:00:21.912173,21.912173429683158,12.971772497747805,77.59476455152009,20.441646902658697,4.640258277312318,0.08044332442074593,1.3740930501273567,4.840103275656176,-0.8757043237256953,0.3057572446734019,359.1604109659141,84.4292180062909,0.5,1331.3628109820982,1336.775531713866,1323.5751049814571,1332.0697900985026,1326.6350838538156,1319.2713296009924,-0.0446038356446661,-0.3329057730176763,0.23960783838274133
2024-10-08 00:00:22.012229,22.012229016120067,12.971767442866232,77.59476050585306,20.53489876378964,4.666662483616503,-0.08705763757305451,1.2378966541593286,4.828841050876743,2.4823005905534887,0.4884467347261271,359.1442191428626,84.25700250431828,0.5,1325.0677202297481,1330.5350834415708,1319.7507856544364,1345.7718260373272,1337.722821830671,1332.5768199304096,0.1662586978062137,0.06150235371688021,-0.11275706121667352
2024-10-08 00:00:22.112285,22.112284602556976,12.97175392984773,77.59476129713069,20.689363854019096,4.604604368927866,-0.0849907465288528,-1.667191314022233,4.897870118622615,1.2426850419341429,-1.2428888900491222,359.15886850083706,84.56857772566458,0.5,1329.6442537461155,1326.4424813457315,1329.0897667429952,1311.030134480558,1338.610702378669,1306.4190694927186,0.09045805216801515,-0.18443870577699867,0.2669591340075859
2024-10-08 00:00:22.212340,22.21234018899389,12.971751979500507,77.59475866792515,20.201275154535583,4.929444735505908,0.035404652270770186,-5.424955059706235,7.330130714362576,-1.534132159822406,0.4362859255028436,359.20191808533315,84.09884619594582,0.5,1320.4513115536686,1316.8501991416365,1325.3713457475358,1339.8978797525251,1338.9685626611395,1324.0798988964304,-0.1132160159733066,0.15149075679242432,0.44295014943750044
2024-10-08 00:00:22.312396,22.312395775430797,12.971759033193152,77.5947766584695,19.60376973423351,4.935517709166921,-0.07592452510597586,-2.9505350070718066,5.750717904659303,0.1704709738015979,1.5323351569078827,359.285987160098,84.11893123557007,0.5,1330.5983941187926,1326.1160006257512,1314.5664040983916,1325.279611101839,1322.7334232084584,1327.710437916378,0.1855798568936766,0.1294540210650639,0.09465131340869809
2024-10-08 00:00:22.412451,22.412451361867706,12.971753865827427,77.59477602034492,19.610840133665185,4.537018130001293,0.14106932634770178,2.075693031329365,4.991285969277448,-0.02679836571316582,-0.01564873057693047,359.3032184590129,84.01594480990651,0.5,1326.8604639238804,1313.8505488636092,1325.2420856992808,1316.6816215949707,1310.5491739101767,1324.307371341968,-0.16039213812193026,-0.0025150481427073617,-0.005400764913208454
2024-10-08 00:00:22.512507,22.512506948304615,12.97175482739168,77.59477620532269,20.019139101258837,4.601666467221989,-0.2408747496060448,3.6757763209736964,5.89446235736424,3.3293379085395025,2.577212450270129,359.4139820494353,84.01792768330179,0.5,1313.748205030684,1319.751759101795,1338.3685183507703,1327.0738890684459,1337.3810521623775,1310.9885501970573,0.3935096923647357,-0.3194728667987523,-0.1804510315105201
2024-10-08 00:00:22.612563,22.612562534741524,12.971760304997163,77.59477934581639,20.346404044477037,4.974739352191316,-0.177758222189872,0.46533962718591226,4.999617042977041,3.155161318444146,-0.4778292379971537,359.3739380209176,83.83288957652654,0.5,1327.2464368512844,1330.114329165156,1329.7595782587139,1333.3754286921896,1336.473802786773,1327.5448045400578,0.43066306111700453,-0.4188036598117062,-0.2627589090435767
2024-10-08 00:00:22.712618,22.712618121178433,12.971750913817097,77.59476755131071,20.112258759839676,4.717077078860587,-0.1184224461370578,-0.9604930288226114,4.815328327547131,0.48119846254796506,0.7038860159488809,359.4754113750401,83.91797705721734,0.5,1330.1003974784887,1323.627653175621,1330.882493429604,1315.4449902818426,1327.4004296072808,1316.2890579818788,0.4426860177203539,0.14743447810662377,-0.24200957491596345
2024-10-08 00:00:22.812674,22.812673707615343,12.97175794597104,77.5947774319234,20.15419865794222,4.735181239262598,-0.11480481954820597,-2.6550242015877643,5.429942451469694,-0.15170560504447939,-2.7846773837357834,359.5896859761838,83.83889310073242,0.5,1318.418507598853,1324.9320459029293,1323.2562196493843,1321.0709180409117,1321.1592648305545,1323.6206903443613,-0.052028963427735796,0.44469739561077565,-0.3324238998723973
2024-10-08 00:00:22.912729,22.91272929405225,12.971757815816161,77.5947898683773,19.580958752851576,4.7646491887075895,-0.03587159366821421,0.7440047303883262,4.8225213013033335,1.3488277666582824,-1.0885235027256748,359.6286402516655,83.80423245237756,0.5,1320.7856256183945,1328.634720077334,1308.0948795796758,1309.5748751394758,1316.81946042165,1324.3545869491734,0.2571860355648546,-0.2012408943109531,0.10386133328995914
2024-10-08 00:00:23.012785,23.01278488048916,12.971768613179853,77.59479475731983,20.303082317163895,5.017456201684761,0.20490131985110122,3.8472521429344795,6.325994019758123,-0.6901092528714384,-0.032213253279749374,359.75205950622455,83.64596292151617,0.5,1329.978306889548,1333.021162169203,1318.7727896211516,1334.7195739857914,1342.7350315414794,1315.690582975082,0.2498269161809245,-0.4101340910892528,0.20423791999524907
2024-10-08 00:00:23.112840,23.11284046692607,12.971768283009265,77.59479243991451,20.350836891515506,4.636439797510041,0.15561277400039297,-2.658503493964659,5.346814954605157,1.864286373329798,-2.0584175678220324,359.622587964545,83.4850629052629,0.5,1343.342791646864,1342.0063454231345,1341.2341978066554,1317.7167392070323,1329.9135559772765,1326.9223101721182,-0.30356650654735323,-0.10188516366989074,-0.36760085330417114
2024-10-08 00:00:23.212896,23.212896053362982,12.971766987572959,77.59479510791381,19.771086064897453,5.024953217061536,-0.08044245376519742,-1.2919404875421208,5.189001449737263,0.04418891703905409,-1.2369963267895068,359.5180390696838,83.3996754074802,0.5,1335.7427750539678,1336.7718878514095,1328.5427348570472,1322.96568045872,1328.2995341860446,1332.239888136762,0.4895897303777862,0.42982474634923784,-0.31003269674349315
2024-10-08 00:00:23.312952,23.31295163979989,12.97176763336386,77.59479600625627,20.092305165270243,4.799023279581738,-0.31851494065529057,-0.42856674782096604,4.828638075350641,-0.5496270144013018,-0.6433374208769671,359.52619090669623,83.41717696563504,0.5,1320.9257024956903,1326.5806798962458,1333.633758054036,1328.1207697130283,1327.1646709025035,1321.5276033609885,0.08365811482134977,0.21448988361434868,-0.28497969884911206
2024-10-08 00:00:23.413007,23.4130072262368,12.971777264728383,77.59478474708627,19.685325070336283,4.979331334632295,0.076755751007931,0.07795739754399733,4.980533037858063,0.5129515063985719,2.9694900668719253,359.5498889143159,83.31200472565452,0.5,1328.3509968116996,1325.3419889950108,1321.346845090183,1335.1555408283173,1324.1153675484338,1321.5760892604505,0.2644169519486142,-0.2188044564516938,0.7502251772114408
2024-10-08 00:00:23.513063,23.51306281267371,12.971774154238421,77.59478216962277,20.107905311526963,4.470222898514471,0.016237370162216467,3.802694520281264,5.868870592300537,0.5934002443699514,-0.6031815923744411,359.46083889569496,83.38608800384469,0.5,1314.9471518444439,1324.5574269823974,1322.9917024685737,1313.3044700115913,1313.1612812942024,1336.8379565522434,0.3325942819632672,-0.44185202233082643,0.15691867442584603
2024-10-08 00:00:23.613118,23.61311839911062,12.971776146654808,77.59478230216119,20.446286730870607,4.645804929932195,-0.17928864952713827,-0.23261413128605568,4.655078646049444,0.349636268732878,-0.241155623384659,359.33037084652756,83.28832623060977,0.5,1326.7664182679791,1316.5146560158196,1332.6163708808613,1320.402229016138,1327.575750498445,1340.8934972325108,0.2323333698817444,-0.3134926363071643,-0.28442819178642337
2024-10-08 00:00:23.713174,23.713173985547527,12.971770754472992,77.59478523616619,20.061356624888287,4.6509615102544375,0.1287658224570825,-2.1916323118316257,5.143080380196845,2.4123067615911857,-0.7530139364093236,359.31796041146697,82.9533858447943,0.5,1317.9899440868041,1317.6104843666249,1330.5881074527692,1330.756262879419,1336.6044070091946,1320.8905681721662,0.8005978230692407,0.2395773130102535,-0.10715841081724099
2024-10-08 00:00:23.813230,23.813229571984436,12.971765350750594,77.5947824639835,20.007716618441822,4.688709971118861,0.06995007252235481,0.6929729750557954,4.740158831734755,-2.948934474956017,-0.4110902455570039,359.35278778894457,83.03914572723045,0.5,1346.1050020924527,1324.6889171574207,1324.9246067396032,1319.1337825017392,1323.2665650678,1340.91961182826,0.39885278627062765,0.14298722054906304,0.0482296140243133
2024-10-08 00:00:23.913285,23.913285158421345,12.971764938812584,77.59479247837722,20.200028259696563,4.909670930599134,0.08505434421143213,1.334403233155399,5.088490432033353,-3.800473410246059,0.5903614700963639,359.3851704339481,82.99992296770249,0.5,1336.1977543204591,1327.7806497937331,1337.1700837018582,1331.3759070569458,1320.9742945655373,1329.3937074695048,0.1137061065569686,0.01870873233334313,-0.7412234829083861
2024-10-08 00:00:24.013341,24.013340744858255,12.971767073888916,77.5947883487198,20.274745614515165,4.808926328876542,-0.22769614750741585,-1.401870814962919,5.0142656245951445,-0.15018658116742656,2.9529376822264246,359.4324006011895,82.92882656376989,0.5,1322.5439326047306,1330.8769418719046,1301.1716439302443,1324.3896484216027,1330.740141581269,1336.3860622156806,-0.6430099027077366,0.29313942142137583,0.4483046749756862
2024-10-08 00:00:24.113396,24.113396331295164,12.971744382012092,77.59478442741434,19.919498246696758,5.01158600308527,0.4012045375973097,-1.0392059511184044,5.133897969004524,0.645501362064806,1.487597400907598,359.4337241913319,82.73736844175885,0.5,1330.4424020184404,1337.7289140439743,1329.5317250649837,1336.844490143149,1325.744435996377,1324.4204065841495,-0.3402988063750353,-0.1317869866939955,0.12865254868537498
2024-10-08 00:00:24.213452,24.213451917732076,12.971749044911807,77.59478294365918,20.066788892779428,4.86053205496336,-0.06990148333976115,1.5744847693880502,5.109663429594398,-0.15155046101355452,-1.70750260201272,359.3794649173751,82.67495721308136,0.5,1306.4169729335351,1313.3191073822832,1318.6111017746641,1331.8704588356666,1338.9269599637046,1318.752956486132,0.5650747448298757,0.21887277056439924,-0.31083425485781657
2024-10-08 00:00:24.313508,24.313507504168985,12.971754078797595,77.59479559287907,20.234570240570967,4.664828161637473,0.04863848401480241,0.21392244957442585,4.6699839715105265,0.42668616485669275,-0.1958762845573703,359.4162208992122,82.70521154268451,0.5,1320.4841412501648,1325.9017575001594,1320.123413651204,1312.3271935398532,1323.5682954498593,1345.6182545877489,0.2811732565289893,-0.27884667113083056,0.12903637731615172
2024-10-08 00:00:24.413563,24.413563090605894,12.9717678315539,77.59478849441,20.109597165067807,4.903135505445279,0.14004917526441882,-1.2800404814333177,5.0694038298757,-0.5296079798359457,0.5943227329123606,359.3916600920518,82.62075206558242,0.5,1341.0286527949536,1322.3451511860835,1338.3456356044958,1321.403485379006,1318.2916585789733,1328.6791324280011,0.6109750956676745,-0.14788984441280664,-0.12769520930140182
2024-10-08 00:00:24.513619,24.513618677042803,12.971774581242968,77.59479219145005,19.97841983850538,4.46230623937427,-0.056230169257794255,0.8194705396659998,4.537275699279666,-1.2733437841487307,0.9028661166036134,359.32938810859366,82.54509873972371,0.5,1323.5616655128479,1343.204200525306,1316.7951429244472,1327.023151094346,1319.9025740209258,1325.9732675772968,-0.7516990328622253,-0.11201805892082549,-0.07008699475355488
2024-10-08 00:00:24.613674,24.613674263479712,12.971780465282478,77.59479406753246,20.273582375895913,4.912131507376957,-0.03137376250212486,-0.8731272340402967,4.989225533643655,-0.1301014554624324,-1.901197929935911,359.3167764750155,82.51758835856398,0.5,1322.129406209696,1334.0491712662006,1318.960147596674,1324.9039453255928,1312.002048850846,1334.6744163453084,-0.3759276552718424,-0.045121831781494405,-0.2613675791733147
2024-10-08 00:00:24.713730,24.71372984991662,12.971782631953591,77.59479889522063,19.803697323633504,5.086962308648128,0.049885815937037836,-1.779130421798655,5.389339401263188,-0.7556245291151575,2.1373091094798027,359.25248009222827,82.27031951312856,0.5,1310.2758146839114,1326.1573654745803,1335.0684502132221,1321.0011910169364,1335.0601870121416,1320.2790320572649,-0.10841144036915609,0.11734645469315544,-0.3161027422041645
2024-10-08 00:00:24.813785,24.81378543635353,12.971800272644009,77.59480648738973,19.91755850049429,4.540543528663676,0.11605818680685441,1.1470129571449519,4.684617781876435,-2.481901506145781,-0.6895592047218484,359.2544752767886,82.49181050264444,0.5,1322.6653618132202,1323.1089400396397,1322.7134497610282,1330.725306879001,1329.105247861968,1333.8388121881972,-0.4700892817754953,-0.44430547326924863,-0.23765295034636175
2024-10-08 00:00:24.913841,24.91384102279044,12.971808895482159,77.5948039950125,20.033227431789246,5.33499848491038,0.03782538535627166,-0.49328789040050935,5.357888813384353,-1.3661766265351827,0.0670885495796314,359.28482721238464,82.25285604546261,0.5,1326.0551896602553,1322.616520302124,1322.4033421647669,1321.9545813390987,1323.5820006619106,1337.5977177787406,0.17296603067689006,0.15386319139172852,0.9602545104723388
2024-10-08 00:00:25.013897,25.01389660922735,12.971807128043011,77.59479922254192,19.818846082181796,4.8744342646697625,0.016562096465177967,0.19829217446439884,4.8784939776615275,-1.2826663698103258,0.04264725124633048,359.18058657762015,82.18064360300151,0.5,1329.1308788907825,1322.3432746776027,1320.5133197602206,1321.1767830282413,1338.4160933359246,1334.6999606411166,-0.7887828603459656,-0.1788383932392648,0.15666553239905254
2024-10-08 00:00:25.113952,25.113952195664258,12.97179521384088,77.59479946321969,20.072907911393017,4.782996181152931,0.06284095269133042,1.6287129347438452,5.053088884836737,-1.3473233957226225,-1.5416688318578002,359.27992069916905,81.89565223326156,0.5,1331.5995872624342,1323.0819611566149,1320.360485945636,1317.2674885109523,1318.218002912774,1319.2401338140728,0.0018375227673471464,-0.23694537548248637,-1.177210297115053
2024-10-08 00:00:25.214008,25.21400778210117,12.971809674856086,77.59479504251645,20.144769737828145,4.425221943212986,-0.24560209064339716,-0.6560113027763066,4.480319236727712,-1.0271205316396654,1.1400145466008131,359.3180709905007,81.94798307438472,0.5,1327.1746800260103,1323.3188129748203,1333.3883462027761,1319.1987322986624,1332.6832266602228,1346.158488258121,-0.20621793376480438,0.11628919774546898,-0.08399544732740381
2024-10-08 00:00:25.314063,25.31406336853808,12.971805511143513,77.59479652124968,19.941632720175974,4.4577973330805865,-0.2337923925139388,-2.2835905260014613,5.014120225529242,0.1795660959085073,-0.569342254603288,359.39826179002523,81.92194566125681,0.5,1321.0454698942963,1339.9244526157981,1332.2822173922737,1322.7386692142202,1312.9952620106903,1321.7517462426024,-0.017559701163454237,-0.44973602666827933,0.23235985283548802
2024-10-08 00:00:25.414119,25.414118954974988,12.97180182710403,77.59478855507939,19.687797759306452,4.802849293781759,0.11744236839648958,2.296683088251669,5.32502650289515,1.4357373046799977,-0.06178561245625587,359.3752325191198,82.10450833871288,0.5,1325.6378212661941,1318.3120723449567,1331.6347387509406,1333.8251964105382,1326.3923887904507,1307.6430469633028,-0.12476263354323966,0.16521575879029965,-0.31677133281507613
2024-10-08 00:00:25.514175,25.514174541411897,12.971787679974579,77.59479236712392,20.40122466668548,4.709706832833159,0.0327780369120526,2.184338061839327,5.191699685010597,-0.03087305946030458,0.19972414639538644,359.3840842988581,81.73703850649918,0.5,1336.4846989073408,1320.0246306715376,1320.9477839893568,1328.92193390651,1318.569255508805,1329.3302685762565,0.009630008015590892,-0.297120411541626,0.2545491909761971
2024-10-08 00:00:25.614230,25.614230127848806,12.971776215242663,77.59478695381297,20.12490821081404,4.365099152979673,-0.13399506867770458,-2.6097275648170637,5.087506585385399,2.1495154357534036,-0.7012352411668142,359.40301367662784,81.77222075336329,0.5,1326.3745547192734,1322.282680558852,1325.2007825286046,1333.9397981092613,1338.408600234518,1334.0666693551784,-0.12155824109978497,-0.30236614862141137,-0.11381266895144088
2024-10-08 00:00:25.714286,25.714285714285715,12.971771231421888,77.59478805390599,19.878989022808803,4.643462437080806,0.01886982887309965,-0.09379190570921025,4.644447910849973,-1.986668513929048,-0.15954939265705165,359.43152234265517,81.63394494391105,0.5,1318.3807525915158,1314.2412705845843,1315.5998816838799,1331.9385878842945,1330.926383982931,1322.5450238970643,-0.24265618777897918,0.21909112962328828,-0.5229232436125889
2024-10-08 00:00:25.814341,25.814341300722624,12.971780916345,77.59477953379306,20.1061394025565,4.700779662848146,0.09423553123706309,-1.9503421429027696,5.09019098348744,-0.34745391205898796,-0.18769076506702537,359.4570600938196,81.61593389645407,0.5,1323.8746303878631,1324.873552343668,1313.65496828727,1335.7528239883459,1336.9236197829146,1328.4356592566437,-0.19582869087960422,0.09522236402708602,0.17381877666104534
2024-10-08 00:00:25.914397,25.914396887159533,12.971768974447203,77.59479387038152,19.488703769087294,4.503791728355561,-0.14880907952404676,0.7425623261810728,4.5670212264468635,-1.0342009459428778,2.0839950266047804,359.35457012845876,81.55638235286224,0.5,1320.3113114596074,1317.4560388772752,1327.9172297834612,1315.2651209266407,1311.7141320015373,1321.659309735021,-0.1721312658939763,-0.5934767766246548,0.42704563556500413
2024-10-08 00:00:26.014452,26.014452473596442,12.971765891238642,77.59478045699687,20.254734420580508,4.901581336706578,-0.14207787679336345,3.815328618795661,6.213084434709186,2.104466458786724,-0.1525108644013725,359.25017309652014,81.48636334051528,0.5,1323.5395905801495,1317.7125216810348,1333.4605445620512,1307.2131744016967,1322.7266919587942,1336.200542993893,-0.12614276365873597,-0.15627266494676625,0.4119619986816283
2024-10-08 00:00:26.114508,26.114508060033355,12.971771990899159,77.59477173778433,20.252193653893528,5.012434813852978,0.27736945270553276,-0.015013349974736911,5.020125693356389,1.8869900933708372,-0.6926995125348525,359.2755470602289,81.56045330251412,0.5,1324.7555954815762,1318.9073981129739,1324.414894799904,1326.5344540240135,1320.126748943738,1334.9644570351447,-0.343961517246,-0.3784405436543997,-0.18110309992851267
2024-10-08 00:00:26.214564,26.214563646470264,12.971754723426827,77.59476988867836,20.251730081508295,4.918325675103197,0.0966851159067919,-1.1092895200764872,5.042796713865109,1.0314999048875049,2.5682230548756313,359.01984980354644,81.26472750790323,0.5,1328.4761976874154,1330.0211839533663,1319.4606959499047,1322.9845149501027,1338.6489636351707,1317.271962541219,-0.2558032710092285,0.03574292987820782,0.28479529144459614
2024-10-08 00:00:26.314619,26.314619232907173,12.971751394860307,77.59477709872357,20.030212426974387,5.037580440127209,-0.16474522861502525,-1.901200517349693,5.386921299617658,-0.8722082701192266,-1.347754940393387,358.87593288468736,81.23289980433364,0.5,1291.778910902063,1317.2543046708504,1332.4397690801832,1324.31677486646,1329.4972524582563,1325.5738868176416,0.025186649414256176,0.021035181954861096,0.08953163292563593
2024-10-08 00:00:26.414675,26.414674819344082,12.971729090113008,77.5947881238561,19.871278616113138,4.365003285922732,0.0989136377240161,0.5153193239674181,4.396429414820427,0.514717569816165,-2.0435036705903653,358.77355975932466,81.23084539389725,0.5,1330.3639088024333,1316.33036562285,1316.9049187798553,1322.612751424697,1327.989488791583,1325.7871570911082,-0.03139248284531738,0.016591618797117152,-0.29454837258783395
2024-10-08 00:00:26.514730,26.51473040578099,12.971727069724864,77.59479247566337,20.13333358129805,4.721469675057038,0.30813910460954086,-0.8855156305726837,4.81366425213281,0.651956453431777,-1.1159466734159063,358.7710249868979,81.10269102689776,0.5,1313.0538780143434,1317.9245725912951,1329.5330562069705,1328.4786223157762,1328.9872630670059,1336.8639528907986,0.0119538787905007,-0.16971435528750073,0.6150296589694827
2024-10-08 00:00:26.614786,26.6147859922179,12.971716652383746,77.59479610593128,19.69407704468114,4.78156014028203,-0.054718845447537696,-0.3885333079640958,4.797631671833359,1.2624693537243215,-0.719319615499048,358.83574254460245,81.09999126888802,0.5,1311.0914873064555,1322.8930806903,1320.0533982201475,1328.2856362028965,1333.5658231572627,1319.8567850846146,-0.23229834521220538,-0.4244637542747611,0.4768892000584385
2024-10-08 00:00:26.714842,26.71484157865481,12.971712365147752,77.59479208970603,20.05558372534081,4.752231674052433,0.11874914895518987,2.3645896630528966,5.309340026675762,0.05615986284490805,0.5445607286929774,358.89438375190525,81.07866979613968,0.5,1312.4894644446965,1335.5455201275754,1325.2018862108473,1343.127463304355,1323.7041573193944,1324.3477216093884,0.42616929106864965,-0.22256647825458814,-0.4577954416768415
2024-10-08 00:00:26.814897,26.81489716509172,12.971699170972474,77.59478126190771,20.16725785551996,4.881845157426541,0.0008401637085936692,-0.7077252852964904,4.932878259841005,1.9894930157187667,2.641026838211114,358.74862728935585,80.95059721813652,0.5,1343.8502018285794,1324.4004350158607,1322.8400366410012,1321.1871914480191,1323.2462027389051,1313.9848913767585,0.18420891947013804,0.10399202603162118,0.4369874852764607
2024-10-08 00:00:26.914953,26.914952751528627,12.97170016735099,77.59477399452992,19.91395998842767,4.5031497048431826,0.07697363959628929,0.7632606265524515,4.5680246266266105,0.15499724785872723,-1.1355978306709558,358.7344569168244,80.95027239805795,0.5,1329.518114886024,1317.4937252900959,1343.1322365865199,1319.1402210535512,1336.5939466168782,1324.8433932516716,-0.18214012188364143,0.45516634674698603,0.019614147908282958
2024-10-08 00:00:27.015008,27.015008337965536,12.971701666552411,77.59477776960037,20.319994834707778,4.751372438107351,-0.19072569860931057,-2.087401194329715,5.193184002498403,0.20201924996395654,-1.1648084120319617,358.7015115568745,80.62896821471982,0.5,1326.9882390700404,1327.9455259211618,1325.166021252918,1328.900219735635,1328.9626789229906,1320.7815943114456,-0.3414462098436551,-0.07880305377975522,-0.4478435494463744
2024-10-08 00:00:27.115064,27.11506392440245,12.971702803494741,77.59478085762679,19.496247687172094,5.128527725030542,-0.16081998936166353,-1.725746557082033,5.413488789557593,-0.42279277555991823,-0.8863026330298702,358.7485925871559,80.7132154934307,0.5,1327.2701689496237,1309.8107398556685,1320.1994676758613,1323.4225948091298,1322.607287566306,1317.5089824415916,0.07685935647037742,-0.1187701945707874,0.026398968993521357
2024-10-08 00:00:27.215120,27.215119510839358,12.9717050320571,77.59478338192925,19.974653667087086,4.7556743535661035,0.18783321722611915,1.0526942728745183,4.874411257454863,0.6409189228893525,-1.1847377007931594,358.6238130223421,80.75148818097111,0.5,1342.5259371866716,1314.6294334417055,1324.1926455764487,1324.137293967932,1310.3185415602113,1329.285840818095,0.01652354583301322,0.178628952734498,0.14305050866899
2024-10-08 00:00:27.315175,27.315175097276267,12.971697498231407,77.59478005771432,19.706903572794563,5.014286018618602,0.13061430544289315,2.4731350661477762,5.5925415893590005,-0.38053288074985636,-0.06760635996504208,358.6238881309722,80.56757494415918,0.5,1314.0662908945276,1320.1827749626714,1320.173155409682,1328.741507854354,1323.6455572931352,1317.800761122991,0.7967653332453372,0.032964135377509654,0.9838660632780368
2024-10-08 00:00:27.415231,27.415230683713176,12.971695416291155,77.59477849218429,20.469555625849285,4.347566375019891,-0.217997264213107,4.561054366382251,6.304924513862366,-2.3593167872825926,0.5363331943395797,358.5015687058267,80.45999155198072,0.5,1339.15246108635,1317.1904155770696,1333.2727153101898,1319.4224151989772,1331.3889184823784,1320.1928350304552,-0.18349786171880486,-0.1650928183710585,-0.3199666385446538
2024-10-08 00:00:27.515286,27.515286270150085,12.971701171765186,77.59477274785324,20.619621511592566,4.4568499309291365,0.07551334153919324,-2.602668578271974,5.161695196337897,-1.9113041175275667,-0.7070376844534728,358.51187719463974,80.4120541944222,0.5,1331.9681844013296,1329.8300806810528,1331.1733449413407,1318.7870002150057,1320.0226999936924,1315.8641250034627,0.2096662695727227,-0.2275504547783443,-0.1387518266288352
2024-10-08 00:00:27.615342,27.615341856586994,12.971703169353185,77.59476346782209,19.94873256404945,5.109759762640252,0.0577928263653589,-4.960321681669072,7.12164138582623,0.4781347794782461,1.3905285305078126,358.5322626031376,80.36631829365062,0.5,1333.4418490990138,1333.3830766397552,1326.732404547964,1325.536845413063,1328.6439321735072,1322.193094047236,0.37932366016839675,-0.1643258835172627,0.19344373606219786
2024-10-08 00:00:27.715397,27.715397443023903,12.971705761175754,77.59475929594257,19.627005722042338,4.738230446969684,-0.06326005639848596,1.4913184470377274,4.967782232928602,2.1441977291124728,1.7170302728972762,358.5516649982594,80.31401374949176,0.5,1325.1895358167587,1316.3738146597602,1333.494259745713,1326.440975660595,1325.7334105733937,1321.3123249876232,-0.1802737409770166,0.597694189556519,1.7705947984979256
2024-10-08 00:00:27.815453,27.815453029460812,12.971698564608678,77.59475174426113,20.24716204761453,4.913950499827301,0.12892789174657696,2.88570773791497,5.700073777126533,-2.8558401731097502,-1.473717928273477,358.48254743960865,80.0993441456908,0.5,1323.5095228991938,1318.143703671331,1345.787533894209,1327.228914583082,1320.7775975957363,1326.1597653814467,-0.3903300055951139,-0.08690109420601726,0.8398792356454716
2024-10-08 00:00:27.915509,27.91550861589772,12.971703483712332,77.5947447737126,20.204468082047555,4.806884095930487,-0.21142084494080485,-0.3727836345935174,4.825950799957009,-0.45985515677835775,-0.1951845891502176,358.480590863056,80.13808760711659,0.5,1340.2365335196207,1326.9355252732632,1316.543784608453,1317.4281636857254,1336.442181978662,1325.0550666011684,-0.07430909739696213,-0.21273673427297268,-0.5059264433257624
2024-10-08 00:00:28.015564,28.01556420233463,12.971690491752518,77.59474575634225,20.172563877267855,4.765609214287115,-0.1306769707996928,1.6093825866483655,5.031721371876887,0.507196176448649,0.6140190409611384,358.4548331049006,80.17498233490926,0.5,1324.4777315110805,1324.5054251295317,1328.7454446023507,1346.4438974316045,1338.3313478291816,1323.4966001037712,0.16016619774868993,0.3210159877911863,-0.7008384329616982
2024-10-08 00:00:28.115620,28.115619788771543,12.97168544486327,77.59475692511019,20.52652351906448,5.095886013315579,0.13588653531074285,-0.7195071754814677,5.148223964315599,0.16741066205685992,1.6329254527649824,358.3576618788742,79.88274502415204,0.5,1328.6674884950623,1329.3129190383856,1330.0605829129097,1319.4790934206305,1330.2339589170858,1336.574416727412,0.3709307793074818,0.017698784768524854,-0.27062831177371877
2024-10-08 00:00:28.215675,28.215675375208452,12.971694487787437,77.59475682690291,20.028582452491158,4.748984945562663,-0.05364952368032801,-0.7017090711010212,4.800846998711519,-2.2341665740562457,0.4566728648767323,358.3123314288614,79.79189518764748,0.5,1334.532964514712,1322.9222159322767,1323.1544208988623,1316.9326484861228,1321.7574279331373,1325.6575278380224,-0.11633198846283796,0.08798371698992294,-0.1983976472933178
2024-10-08 00:00:28.315731,28.31573096164536,12.971690062184578,77.59476562839399,20.386103693830258,4.612935723221124,0.22404466911388324,1.542751270298865,4.869235410445536,2.1420401425818,2.213507484886051,358.37674487678873,79.64741761504301,0.5,1328.4517152783014,1335.8320481777841,1313.0849972387505,1331.1457760431263,1334.2340084701743,1311.2198331321922,0.05977974529359017,0.01006970600020152,0.4106038556375632
2024-10-08 00:00:28.415787,28.41578654808227,12.971696040388323,77.59476300551944,20.337304218643236,4.634675589419198,-0.1972993565737,-1.3379393003161653,4.827962968643515,-1.045702622030344,-1.2642931548506262,358.3739362693706,79.64490085900783,0.5,1324.4690831890414,1326.9177770220745,1323.4581132944604,1327.559059925393,1327.5361355118382,1328.6993790044953,0.0458309235958164,0.06904481185144981,1.3048929278068724
2024-10-08 00:00:28.515842,28.51584213451918,12.971695681589233,77.59475802479894,20.118367091210015,4.862174243123873,0.2003712136976787,0.1278364185295402,4.867979985957044,2.3188276744985865,-0.15443871037434204,358.35014471758893,79.81848771756393,0.5,1326.2422106905362,1317.6531751263865,1327.9628530118944,1342.9489020034057,1333.472079565965,1314.2858033705768,-0.553820737455589,-0.39126291877109176,-0.05034447941932805
2024-10-08 00:00:28.615898,28.615897720956088,12.971690564765586,77.59476302430737,20.36288571429117,4.772510045149548,0.013736649046919323,1.4224018384862944,4.979986728567614,3.3381032093607077,1.6900314535626229,358.19203521306343,79.82039292213715,0.5,1341.0439299455786,1333.0718968301949,1342.7427960875673,1321.015286630016,1320.6403924952558,1328.6629887793436,0.167163036785822,-0.0015049920404309443,-0.5089156752156822
2024-10-08 00:00:28.715953,28.715953307392997,12.97168475872984,77.59475984190267,20.403005591407382,4.712617668238544,0.05882083336281949,-3.7973063255690676,6.0524177406750805,-1.8820655469022056,1.9726275831950084,358.1209900578207,79.51991037194682,0.5,1330.2825002694449,1335.722126406991,1321.9813626810774,1321.0450395960097,1324.5245953461779,1331.057551727071,0.3239052952392852,0.19485015410695145,-0.4828084938903212
2024-10-08 00:00:28.816009,28.816008893829906,12.97169886738631,77.59476487383135,19.603002291720376,4.917170755341819,0.13827629401466068,-0.34968811849482506,4.931528196298964,-1.0625710585908092,0.08104620072383531,358.04161496513757,79.69034043790028,0.5,1325.0708366260906,1316.935202982429,1325.4303725460827,1323.776482558579,1308.88033710716,1338.714030777303,0.4058172873112502,-0.1090301024988037,0.25735695308942874
2024-10-08 00:00:28.916064,28.916064480266815,12.97170250354037,77.59476936293949,20.333029091875343,4.904358129919798,0.09802090418587871,4.249363915965958,6.489948416935328,-2.380007448302413,0.6647389661375703,358.10531833100134,79.35830970789745,0.5,1318.51962241419,1326.4350664408728,1324.0971154586784,1321.7306823346858,1314.590394263547,1328.2534120442397,0.08885951185762211,-0.27181160908359975,-0.12575120875431597
2024-10-08 00:00:29.016120,29.016120066703724,12.971704998973072,77.59477170762923,20.453347488912005,4.471127094679863,-0.08047014537201172,-2.819539171982271,5.28651625207178,-1.0530143027584917,1.667296046744292,358.0825944224589,79.32314406985049,0.5,1323.8159456330034,1332.8790346250923,1317.248936996682,1325.881348620864,1319.0729911606368,1318.2438527324396,0.0026715888663880537,-0.0628497055971877,0.586683938727641
2024-10-08 00:00:29.116176,29.116175653140637,12.971712669030376,77.59478320097196,19.768807801206258,4.738315170185255,-0.1166672988124048,-1.8546273071200403,5.089684111900781,-0.3417083340609374,1.1407437533723648,358.1547080069739,79.22512468105133,0.5,1321.605643763589,1319.3043998937624,1322.5137127826117,1320.4867153526602,1320.1003965909192,1313.925581042384,0.20253417020520006,0.1533096314526243,0.20984440586641276
2024-10-08 00:00:29.216231,29.216231239577546,12.971712366146924,77.59477179340311,20.082215843240363,4.481051118614003,0.1037145709598391,1.3465105242385675,4.680135300581214,-0.23062247211115258,-0.31888925611007674,358.1200449974875,79.30380295417731,0.5,1322.587945657894,1330.1995529787139,1325.8010832649343,1331.1149964976407,1319.5225095163282,1320.7904864501763,-0.00997219781075513,0.3658085380381586,-0.06738068546243102
2024-10-08 00:00:29.316287,29.316286826014455,12.971710132110205,77.5947747909747,20.038259601498577,5.158634804420635,-0.21078136359216756,-0.7247729075492089,5.213562850502047,-0.9617000391713173,-0.8027062991628717,358.10281776583656,79.11818980128352,0.5,1328.7327067089461,1323.9979888428252,1330.3325853591778,1337.7973498787712,1329.2023827177118,1333.2261164972874,-0.1739461870745636,0.35629882461736534,0.18467041591132455
2024-10-08 00:00:29.416342,29.416342412451364,12.971725584577994,77.59476650865878,19.937180686643522,4.721541247118078,0.08852228212110458,1.8555342819715577,5.0738343897136575,-0.6885820845600503,0.19316817905852715,358.1245046584851,79.1740190565352,0.5,1320.7797976026413,1310.197008606752,1331.6339245329893,1325.6561978210952,1323.2970721938782,1326.4813194139515,0.5140790572947007,-0.2829076399287565,0.3346909130838065
2024-10-08 00:00:29.516398,29.516397998888273,12.971724297829558,77.594755090984,20.409572742971484,5.031103183008342,0.06925002764900832,1.2820578259727569,5.1923469716058115,1.7135220098245525,0.8853206962071214,358.087747467566,78.95624744739632,0.5,1330.1123868998723,1317.8069897924038,1338.5172453649984,1320.3701176127813,1320.1342857084037,1324.9122961638632,0.018564380051104053,-0.29495291460073947,0.20296715394006715
2024-10-08 00:00:29.616454,29.616453585325182,12.971716778859623,77.59473935550808,20.19373478189099,4.645233393235912,-0.17585863606116256,-2.489835742254982,5.273367193826136,0.739167339698124,0.15313742069271047,358.0994384917841,78.95723654915122,0.5,1325.1263170442087,1325.4884358822399,1316.1083875779457,1317.268919461685,1320.8859416327614,1338.228172612726,-0.10246695993785057,0.8480129317082568,-1.1592083765232666
2024-10-08 00:00:29.716509,29.71650917176209,12.971727922563216,77.59474703607296,19.911328792325687,5.017119256490753,-0.21396818519060481,-4.346568428979978,6.641530330121934,1.128227585342841,1.927973206197317,358.14706315647925,78.92987625581313,0.5,1337.4983620412706,1332.5565362586854,1321.6814166274476,1322.8954213928755,1324.512187672906,1330.1382801719972,-0.04865472011328512,0.14251967187303904,-0.090216174218285
2024-10-08 00:00:29.816565,29.816564758199,12.971725650778156,77.59476246207885,19.323937875591497,4.674931463161041,-0.08346937975886606,-0.10917321601678509,4.6769509419819455,0.7300629252966884,-1.5986728772978802,358.1854848381372,78.96357258880192,0.5,1319.2283351223882,1325.8265915807613,1326.1672253826414,1322.8891832984068,1328.7579970128495,1327.8231759325386,0.2642511551288091,0.4530986679465106,0.1929026941211666
2024-10-08 00:00:29.916620,29.91662034463591,12.971715379319006,77.59475762055467,19.88948201202216,4.74552733866502,0.07423406881552924,3.8912733756719717,6.137389420853426,-0.0862909899285157,-0.15433739108391886,358.31052353166814,78.80080321082916,0.5,1333.87842318575,1334.4056339657432,1312.9726669766824,1313.631105462156,1322.343205314151,1317.0793960490919,-0.016337386000061235,-0.04770970403871087,-0.5287974164394433
2024-10-08 00:00:30.016676,30.016675931072818,12.971701277693219,77.59475690291579,20.102625154769875,4.858791345852393,-0.2102313527309466,-0.20680176244046322,4.86773227829445,-1.0027807264115118,0.5259228835036995,358.3218624498703,78.69826916103297,0.5,1329.5843553695195,1325.7310507454993,1320.1662052881006,1333.353632091131,1315.4302504325153,1322.8335304352936,0.177998535880166,-0.43798201263113584,0.9920119428540832
2024-10-08 00:00:30.116732,30.11673151750973,12.97170747678829,77.59476293750255,19.84809866878781,4.47824681675225,0.014643356037932393,1.6756285115929188,4.781489296076152,0.050817903453104024,-1.8176796793286267,358.37236087559205,78.64060098575955,0.5,1329.7007656230817,1321.8659608932048,1342.8604415837892,1314.0524970176255,1315.9421937293082,1321.3856746690094,0.26635455148443726,-0.3537179928896686,-0.3235745271812048
2024-10-08 00:00:30.216787,30.21678710394664,12.971689003789692,77.59477372810397,20.43793714152552,4.785623601924615,0.03050633025114346,-0.5749447996952171,4.820133340290483,-2.0015033822775132,1.655929624456168,358.4145615753574,78.32007344168143,0.5,1329.9035097531914,1318.7302461849636,1331.417898900287,1316.9476564842666,1328.708507340352,1312.9009806364647,0.19826211935701546,0.43299248090686876,0.30803207781483605
2024-10-08 00:00:30.316843,30.31684269038355,12.97168305975945,77.59476999358431,19.7330457905831,5.032424799522432,-0.033671860606947254,-0.4324175947636064,5.051080887622596,-1.2533138798570551,-3.033315398497688,358.36097533283646,78.45404485857672,0.5,1319.0421623751006,1340.8796134160386,1313.8840318633113,1334.149327076174,1314.2216143710614,1334.8325199583173,-0.06359384833104464,0.38972482240020984,-0.2655473362220275
2024-10-08 00:00:30.416898,30.416898276820458,12.971682840248342,77.59476218098901,20.351405549466097,4.6699254934657874,0.2036451970105476,-0.2990240055732727,4.683918320882232,-3.3149863329178144,0.020497117212415768,358.43498661350355,78.5164030944586,0.5,1329.0510154278334,1324.2544492564105,1327.0467876241753,1314.5685539757337,1322.5238244162836,1329.4901892643395,-0.11987325915088587,-0.38295984002684214,0.4965072563809435
2024-10-08 00:00:30.516954,30.516953863257367,12.971685590710246,77.59475787531207,19.673207746110403,4.5047343198512015,0.046265615940883624,0.16449666160200138,4.507974151583154,-1.0344540604764079,1.9535648109191106,358.3506655696869,78.32714912097036,0.5,1330.4863635858944,1311.3690722896215,1337.5623249564476,1340.290330577891,1325.2493076038543,1331.4693393798561,0.055724959572239025,-0.40536128703210506,-0.14813566118184393
2024-10-08 00:00:30.617009,30.617009449694276,12.971692590129367,77.59476224403721,20.384323169353102,4.969330865249963,0.18562918393241395,1.040012016646557,5.080387036144254,-1.151414855995253,2.8510667082715884,358.3745271923709,78.15304700887756,0.5,1314.4672483090283,1341.5311904809957,1323.650471308756,1322.6306270637872,1331.8643586675455,1326.1246092262288,-0.20310525429949008,0.0545939776336202,0.2410668160778936
2024-10-08 00:00:30.717065,30.717065036131185,12.971694161062628,77.59475622038815,19.88132577056441,4.81183878573721,-0.3083161350569112,-0.595426818577323,4.858331445603778,0.9778340478132287,0.9516930449070635,358.4125064072737,78.11849371838635,0.5,1320.2428753791278,1319.1481247437046,1314.7572371821975,1324.0786806138365,1330.6758703462901,1318.3169901046133,-0.016347420375724123,-0.14986466080318564,-0.4752888760589448
2024-10-08 00:00:30.817121,30.817120622568094,12.97170457140483,77.59475904993762,20.26517161032707,4.815606286764603,0.1364174433442975,0.948027744473535,4.909931795072813,-1.3203662852964748,-0.18554322713996355,358.44394725335513,78.03811703122076,0.5,1335.9464210001727,1328.1656723076,1329.0969809560947,1341.8879947462176,1322.0777839841528,1324.9314795611374,0.49685733101230556,0.21288155400888817,0.7782647908691517
2024-10-08 00:00:30.917176,30.917176209005003,12.971710231849528,77.59475694371943,20.07103671442793,4.686447211356597,-0.15871668763987262,-0.7466991892781039,4.748214204417907,0.45301497191326806,0.5677670143535405,358.4166639454257,78.07959901026223,0.5,1329.0149365364175,1320.4514374818068,1317.7763205485398,1317.1193807221787,1311.472388327727,1316.250021388084,-0.5940529003865637,0.0871725990495138,-0.5384290357907368
2024-10-08 00:00:31.017232,31.017231795441912,12.971723669347481,77.59476128114045,20.115748759776697,4.776596241796876,-0.068005295275223,2.144882766639725,5.236508231633136,-0.9427459069374275,1.0453592309772757,358.40040660362627,78.17880068017158,0.5,1329.623661234041,1323.9298030917746,1339.6906123448032,1325.4653258756457,1330.054679083943,1320.7197586018515,0.29787094433726546,0.2675444243555465,0.18016389890678697
2024-10-08 00:00:31.117287,31.117287381878825,12.971719591034237,77.59476743802115,20.500251720537065,5.0687894795398485,-0.08583149482363843,-1.2307799621944042,5.2167818766684855,-0.6195959352792928,0.1416773576152588,358.31683164300017,77.8251572138105,0.5,1327.6672264903889,1323.904205134792,1325.1076831347443,1313.111361117841,1330.2632608953147,1327.7519914071463,-0.40169089738174457,-0.2845881204693092,-0.3772063946473465
2024-10-08 00:00:31.217343,31.217342968315734,12.971714469571726,77.59477656936227,19.86945593799241,4.995893082402705,0.5380959232748068,-4.318412487258911,6.625494798394898,2.0776689988780253,-2.3936488629466184,358.3765638085943,77.72378628010323,0.5,1312.2445169322325,1315.3244794915927,1332.8038793017768,1327.342028492936,1323.6567706370508,1326.9706008627707,0.745521144190871,-0.23358622914168942,-0.4191887842880985
2024-10-08 00:00:31.317399,31.317398554752643,12.97171216281602,77.59477621316078,19.63608913275874,5.289369411431446,0.07777890546893512,2.281896227087259,5.761122175402779,1.553139200384133,-1.743413785597895,358.31781342843345,77.92358832304484,0.5,1315.48092897206,1323.507486985745,1326.155221152762,1329.1376898514134,1307.6134205851329,1326.3621289402502,-0.057242911757028635,0.2783109903676626,-0.5531437050767127
2024-10-08 00:00:31.417454,31.417454141189552,12.971713556773796,77.59477291459048,20.326088868371183,4.783621562872914,-0.1415215050435025,1.9023652222600305,5.149956993222072,2.3237886537821115,0.5760741424332485,358.4148891053001,77.73140496410034,0.5,1327.2165741498327,1320.188859091379,1330.9553974961023,1332.9137103486119,1328.7668292399694,1326.9657752033559,0.2430581821137951,-0.0025623333944509697,0.34619729182933784
2024-10-08 00:00:31.517510,31.51750972762646,12.971714353585268,77.59477740379205,20.016773668619557,4.6544987704961285,0.09311793275180677,-1.6991458393164152,4.955817423716922,-0.28547689082141664,-2.2549901224215443,358.38060605844504,77.700196623051,0.5,1324.6889163807834,1325.6949543379558,1335.1889024102625,1305.8857470229448,1334.337147232525,1324.933022649486,-0.06838334664817275,0.024491067242717417,-0.5063910229773733
2024-10-08 00:00:31.617565,31.61756531406337,12.97171552906824,77.59477662046173,19.986070801581906,5.132464642045415,0.06561743001387468,-0.5104025349105257,5.158198299465724,-0.8074023491951317,-0.90661732830175,358.35748084812457,77.52650307351104,0.5,1323.7534465580982,1344.401029843803,1323.4330103086825,1329.2971930228643,1343.8356987217649,1331.1971361695846,0.010288535367781222,-0.507443944279367,-0.3081801652728078
2024-10-08 00:00:31.717621,31.71762090050028,12.971726179627971,77.59478180827715,19.914636418720843,4.79937968670857,0.01647974576681105,-0.1340905059199713,4.80128078985069,1.1166890254133643,-0.3956235948327923,358.53506216584196,77.40343472195396,0.5,1325.875656336103,1325.343745347136,1322.2860008331081,1302.585473402271,1315.7278440821535,1320.483905194183,-0.19555828310907358,-0.5948527341100596,-0.7407436288475304
2024-10-08 00:00:31.817676,31.817676486937188,12.97172083490604,77.59478335587121,19.959237793171017,4.821649194469506,0.0766837893778745,2.1065690389990976,5.262301252698421,-1.033526221777082,-0.23658161593897584,358.58171453845847,77.31104035791121,0.5,1323.1010913883883,1319.4247992225603,1329.512274216385,1331.0437329631584,1325.6080430332065,1321.2478616541873,-0.031014006909937497,0.1902113195692929,0.0023724607673146483
2024-10-08 00:00:31.917732,31.917732073374097,12.971721262706344,77.59477822536812,20.336184419854625,5.029274991130035,-0.18377864972068547,0.3202015419275597,5.042807804780186,-1.7991809815768454,1.457019310762531,358.53300364009334,77.35488197419059,0.5,1330.795145643803,1326.753508456421,1334.7783440541743,1323.2960033120469,1324.865106972333,1330.346358661361,0.21056296177520684,0.12637227302111162,-0.18772020896391614
2024-10-08 00:00:32.017788,32.017787659811006,12.971735597933565,77.59478304353148,20.023313699282145,4.59975437520438,-0.11708771927813899,-2.983444329208126,5.483829858019094,-1.352101827281355,-2.9552809906257194,358.5202660509118,77.34969253427478,0.5,1324.8506608808523,1345.7034854148505,1328.857546372781,1336.685959625372,1317.0998443622836,1319.3334129162254,-0.32368597281031547,0.1878334801586376,-0.2754652308255117
2024-10-08 00:00:32.117843,32.117843246247915,12.971739715776662,77.59478473575363,19.739163875933045,5.246919682497655,-0.061962129128394106,1.028624446382338,5.347155665559288,-1.0244897896178002,1.4318591042393862,358.51864290139963,77.25241775188954,0.5,1329.5023397937418,1309.4565911417103,1322.6085930178808,1343.7158816838628,1320.5998414118615,1326.47011784621,0.23364705722333315,0.15283397449287225,-0.37025268120119287
2024-10-08 00:00:32.217899,32.217898832684824,12.971741357399107,77.59477636992794,20.229152943694398,4.841532765077188,-0.06137872706799707,0.0038938497533536065,4.841923380798002,-0.4049279419775835,0.5520550014470096,358.44773877601,76.95922218530005,0.5,1320.9659666806288,1326.8750345808678,1329.4380713693579,1327.9333509744295,1315.4448178712828,1342.7859337681596,0.7583608577457022,-0.7230222330504975,0.8799316692046211
2024-10-08 00:00:32.317954,32.31795441912173,12.971741334599955,77.59478407088876,19.739943078774182,4.970633461236178,-0.3326805915737849,0.625500596535332,5.020868886780125,-2.5987198997903582,-2.9135882947481555,358.2905076426945,76.96491142920237,0.5,1322.0033305770785,1325.6758116488645,1326.5569807179727,1306.0740351596526,1318.0782525121813,1314.3958104722806,0.22294345639832516,-0.02558926964365858,0.10936960417293558
2024-10-08 00:00:32.418010,32.41801000555864,12.971739481026509,77.59478464490903,20.354322601700357,4.537530770069929,-0.18633225826418795,0.9987407843117211,4.6498804666409255,0.9036574727029298,-0.702598335894046,358.3576727978109,76.90263322327783,0.5,1327.4287631056222,1330.250582722928,1333.5626022051513,1321.2196520752098,1332.3707548777127,1331.1042169859722,0.5505260860917726,-0.1634629485487884,-0.1778515016658231
2024-10-08 00:00:32.518066,32.51806559199556,12.97175526650536,77.5947727724937,19.93980226851965,4.678113994396313,0.019645612660545857,-1.875023384539574,5.039925514056103,0.9803105364418999,-0.7274698622715579,358.4022802761886,76.90870899459381,0.5,1319.8735195371178,1319.943144611153,1335.0133109358612,1334.0948683198806,1305.2810533438744,1317.2597433693309,-0.28588054857208295,0.2416389677238301,0.015981780673945477
2024-10-08 00:00:32.618121,32.61812117843247,12.971755542115257,77.59476908710135,19.97910947305426,4.866337583468351,-0.2837887569129716,3.022023798006856,5.7353644496707075,-2.5826812478989503,2.6879430076643485,358.4027786328798,76.91559133121255,0.5,1326.1579730118176,1332.1841565031864,1334.1131097023467,1321.5501704124508,1315.6733233297796,1313.1126136069386,0.04857620425365825,-0.02135450970742487,-0.5920629948043121
2024-10-08 00:00:32.718177,32.718176764869376,12.971764390191941,77.59475747937138,20.544542995191392,4.917854380415821,0.07843937394417418,0.034239727877135806,4.9185990689753245,0.39995831529238074,1.4461343991255884,358.333674009878,76.55985149660744,0.5,1308.6478846213083,1318.5653577933892,1329.3324443034326,1327.991347575022,1327.5033878291922,1324.9131052221264,0.44747924779271214,-0.07942049539625542,-0.10294733152022445
2024-10-08 00:00:32.818232,32.818232351306285,12.971770046580557,77.59474204532336,19.985961225158636,4.524077740297708,0.1233911107290194,-2.580373770119536,5.209686512640186,-1.6903263121358614,-0.3270602076882279,358.4732990104113,76.67109641859882,0.5,1323.530948465899,1328.0367666309457,1329.3371182761202,1323.7723973167906,1314.1979643674931,1332.964357374338,-0.1991015250496238,-0.45388200436180337,0.10811057293811178
2024-10-08 00:00:32.918288,32.918287937743195,12.971760765843326,77.59473816163529,20.028181373599935,4.692105269100698,-0.3327983697462849,-0.5553273798183511,4.736559416919019,0.9130561564824227,-1.957594958523839,358.3751730127867,76.5430368527987,0.5,1320.2145703952099,1321.9391249959433,1337.5708552202955,1317.3787718799088,1321.1871559229282,1313.8977563587966,-0.19158383180830682,-0.2759274359152329,-0.4345316274280687
2024-10-08 00:00:33.018344,33.0183435241801,12.971769728341963,77.59473130938328,19.874834011854244,4.815174775000025,0.07985682297467131,0.8247091058731968,4.885942113378168,-1.6146315823929982,-0.19936683615084622,358.2781799881915,76.55190003356364,0.5,1323.0630161995039,1331.5943105706885,1325.5966466581297,1334.9394446824215,1313.862694905245,1316.4587425471657,0.41890803746164024,-0.36036315769833965,-0.45212150653787925
2024-10-08 00:00:33.118399,33.11839911061701,12.971797633521081,77.59473440327184,20.19321488005594,4.535312260701254,-0.07195650305955857,1.1944886392086858,4.690526425636923,-2.5483243242217686,1.3442631754867562,358.1805797009128,76.39316068355794,0.5,1316.219263044125,1329.9508220025828,1331.4798507070034,1312.1311703904285,1320.5871952244236,1331.019289915145,0.425471996986592,0.12513977852142805,-0.9786988424788565
2024-10-08 00:00:33.218455,33.21845469705392,12.971795858236588,77.59473008046777,20.113864534430743,4.471776529444878,0.159956538489309,-3.53889650151784,5.704924177581572,0.13818883732879197,-2.85265734911944,358.0817144458862,76.34625539240447,0.5,1335.5337393203645,1328.9712978344428,1330.9745025906589,1323.0069596157307,1320.6387207578914,1307.0687853424884,0.4144182192497317,-0.3207406240716008,0.05848321589068631
2024-10-08 00:00:33.318510,33.31851028349083,12.971815013500567,77.59472487461471,19.485042150458153,4.809461401360853,-0.1141061919863296,0.3038740751877924,4.820402332565276,-1.4051031096952722,1.1575382685717437,358.0876729992211,76.34017925556482,0.5,1313.2100797637358,1330.433155954083,1325.4634061948584,1319.839442259598,1328.5788189764367,1320.2279971550688,-0.003721336871649843,-0.5939074855895932,0.6200906223854599
2024-10-08 00:00:33.418566,33.41856586992774,12.971821396955033,77.59473095441626,20.17467313202252,4.705871251590106,0.2537478498731601,-1.975268989747363,5.109921700937799,-1.8204256633689968,0.49737583906732485,358.2145198805655,76.18439088013359,0.5,1329.1671972925687,1331.0695730258299,1321.3708770832152,1332.840849847445,1324.261930194618,1324.716962886239,0.3455707325122867,0.007357458089226378,0.41797373324366954
2024-10-08 00:00:33.518621,33.51862145636465,12.971817300286913,77.59473358387805,19.089768756178525,4.71034899260874,-0.0009520952218536824,-0.6884945062522831,4.760400531866521,-0.7743090170954766,1.4993540508493333,358.11794474589186,76.04146403200455,0.5,1335.4588855424101,1324.6496947019837,1312.2863564717031,1319.1721622689156,1325.3592843368874,1326.1639493294756,-0.2927245261130489,0.25450839036652123,-0.4556360680366106
2024-10-08 00:00:33.618677,33.61867704280156,12.971814585885264,77.59473384063078,20.036897688859195,4.764439270919921,-0.03567730532184923,0.4574649539290192,4.786483951761695,-1.496539321792335,2.9410493113240594,357.9916953047049,76.08925617988464,0.5,1332.1161193141502,1339.4435479237231,1314.7765405683253,1328.5166592043693,1323.9208707999471,1334.9182549565305,0.21679814027777114,0.14716930818001053,0.97304517152688
2024-10-08 00:00:33.718733,33.71873262923847,12.971814266419765,77.59473169687712,19.18131260465793,4.749628523172559,-0.02418804613913255,0.18592884554465172,4.753327855862242,0.06732305566531535,0.42616509874248376,358.0812186574208,75.92967372551882,0.5,1304.6700772800907,1332.4663831720084,1323.4652840282854,1317.23721214947,1321.8561598994384,1327.4800785058983,-0.12644768093300068,0.2362778644741736,-0.28090825743592934
2024-10-08 00:00:33.818788,33.818788215675376,12.971803438768651,77.59474262509111,20.07410412821221,4.773065378499232,-0.27368126165141615,2.6925296110759405,5.486963663714922,-3.4620080435306715,-0.9521885579230728,358.23503217769553,75.92268411486728,0.5,1328.0040921891898,1327.8462093026656,1340.2528714771481,1327.0574088373114,1329.8373108879152,1332.4813144421023,0.12031980889466844,0.14474626490385914,-0.52851099472249
2024-10-08 00:00:33.918844,33.918843802112285,12.971808179564416,77.59473045165238,19.720117863127822,5.20523990149175,0.06213730805652275,0.4428966009945725,5.2244177547653,-0.37771694036374637,2.1602363115617123,358.2967490963139,75.8837299780587,0.5,1323.8148178027143,1335.3915610273502,1330.088172454584,1327.8063475385504,1337.2008581590133,1311.634099165701,-0.21486345575625854,-0.03939231635314174,-0.51518082390479
2024-10-08 00:00:34.018899,34.018899388549194,12.971811118684665,77.59473749333819,20.162732686499062,4.748469398316536,0.031715287871924853,1.0114949902862804,4.855109638474465,0.07318242240258109,1.02968449848552,358.3140541726747,75.75613246175777,0.5,1326.4817545521257,1324.5664959829526,1320.5794203104226,1330.9935743436763,1325.311837328649,1310.8104554677734,-0.1716056119015546,-0.39832515297635934,0.33024117994119334
2024-10-08 00:00:34.118955,34.1189549749861,12.971814925920622,77.59473775018085,19.92252931199,4.534477418905973,0.192195636489829,0.08961490015246909,4.53943338486019,0.8404348536753417,1.770807946451109,358.316443557682,75.60508964326691,0.5,1316.7193330959358,1323.7550169110402,1324.0683353602,1335.391439742237,1321.5371935291396,1324.9146189022288,0.25489016693203803,0.610908315164787,-0.6886746054135998
2024-10-08 00:00:34.219011,34.21901056142301,12.971807201158187,77.59472695833513,20.18066562927554,4.811619149193019,-0.017889051766775493,1.4743817838347155,5.032474590055841,1.8842162944567755,1.5212292381257948,358.25998421327364,75.55058442815344,0.5,1328.1056187777995,1329.6361594254695,1342.4029387155176,1326.1227893839257,1325.7895327636847,1330.4123209094234,-0.5232662953221856,-0.2492719332217272,0.03830184124932624
2024-10-08 00:00:34.319066,34.31906614785992,12.971803065325552,77.59472368329988,20.217569580016956,4.426310728600537,-0.08010809268397565,0.7436549303536566,4.489060773488926,-2.318140949777704,3.25648114262658,358.21842512945415,75.61576208834983,0.5,1315.9045140837861,1325.0673804956261,1318.1762524131088,1320.897986027638,1321.2879681761076,1316.8166506890261,-0.4134794163040095,0.1156495373565005,0.35372395899795767
2024-10-08 00:00:34.419122,34.41912173429683,12.971827836622635,77.59472448813774,20.32947928960201,4.8218303787618515,-0.12235653808852838,-1.270757976885335,4.987970043993987,-1.2125840664598682,-1.797673209223535,358.1870637317175,75.4666722013767,0.5,1316.4467491502432,1337.158243613895,1332.001694461362,1312.7819784202675,1328.9231448406745,1325.5564379443147,0.10087954389890785,-0.13945046202016115,0.1848227915054526
2024-10-08 00:00:34.519177,34.519177320733746,12.97182368491026,77.59471829254664,19.963276710823628,5.036089319573803,-0.07451507476914539,0.9884266890912841,5.132712289891295,-0.028222343942783234,-0.9371638995739997,358.14071992161746,75.4216354502403,0.5,1322.387755982407,1330.4432947875066,1329.909805085062,1328.7863746195128,1323.4535694055867,1326.5473291469389,-0.5153526224796013,-0.0044869324618956805,0.05787835226851817
2024-10-08 00:00:34.619233,34.619232907170655,12.971833262927591,77.59472106232309,20.52727451365579,4.916006716031974,-0.08118353970456738,1.4713872795476846,5.132123666242384,0.5089459932761853,2.10996755296369,358.1536038904708,75.27144297944947,0.5,1322.1491048490861,1329.6208649314046,1328.661457800341,1317.7517460514641,1329.686567219472,1339.1945649113861,0.07161222236376892,0.18461249834589374,-0.16080661560877288
2024-10-08 00:00:34.719288,34.719288493607564,12.971830001313705,77.594726181174,20.25771774508553,4.7955163285141476,-0.1307370652186896,-5.419734608464921,7.237927345826305,-0.33912892256070826,-0.06594126691507406,358.1747618050828,75.43262768692334,0.5,1328.3576828094265,1336.5610280037545,1322.287550632019,1329.0087554169577,1336.1039569453649,1326.2210240737843,0.07432404805580865,0.5266437883928824,0.6182494108861807
2024-10-08 00:00:34.819344,34.81934408004447,12.971816046638653,77.59470919412182,19.44272506449105,4.8265011554131565,-0.2956393228199873,1.9833534817376801,5.226490892168758,-0.6210657234519719,-1.21174058472368,358.24473608808245,75.21510308972644,0.5,1344.7225086176743,1321.5365427842162,1322.6848733741847,1310.7731624278806,1326.0548630902229,1324.5499712237686,0.028011494085065945,0.3495501479772252,-0.17192331272690348
2024-10-08 00:00:34.919400,34.91939966648138,12.971813150087895,77.5947075527834,20.65460893653943,4.719093890252835,0.24980260247351757,3.281572630861376,5.753344020380029,1.5378013070594196,0.7597227525683425,358.1435070244503,75.2909690425649,0.5,1324.5133728480957,1325.0676952385215,1337.219676724938,1337.2899229403333,1325.6196288756198,1333.47699353544,-0.13595035720011422,0.01132738111569126,-0.12981097754319976
2024-10-08 00:00:35.019455,35.01945525291829,12.971824491429224,77.59470038801898,20.09940441252334,4.83546130661961,-0.17654627380983665,-1.4079422898866625,5.0393606862639695,-0.8219497130889013,1.9894367627857505,358.0486719223088,75.092685849832,0.5,1324.6236281968468,1303.932615819995,1319.701288752825,1334.7255458820205,1322.9170505688296,1334.5007368802073,0.040361649228014974,0.22621062832127758,0.19137206960577535
2024-10-08 00:00:35.119511,35.1195108393552,12.971824272322644,77.59470114176258,20.37286395357156,4.853220374828737,-0.1038275457055088,-0.4162002293471261,4.872140268589218,-1.1478786872265396,0.433923661274192,358.06512110017013,75.0421788035958,0.5,1330.5196264634897,1321.3718196746504,1327.640717505803,1334.6359809227192,1317.1146036816322,1332.441678107689,-0.019836164610492587,0.2758772957631154,0.1474515786635163
2024-10-08 00:00:35.219566,35.21956642579211,12.971829310984406,77.59469732509542,20.016118096478337,4.787915855909695,-0.12936736594754972,-2.515047665025861,5.409837235628786,0.1206676813085214,-0.9025977496703885,358.0920090341014,74.65605164793459,0.5,1327.8052523477081,1317.983925734243,1316.9716791536107,1322.8040231067564,1313.0581664528393,1324.9554732663298,-0.03458165279541446,0.3936690621410314,-0.10460080733844822
2024-10-08 00:00:35.319622,35.31962201222902,12.97183115439701,77.59468671018352,19.869574815489678,4.655074189614157,-0.1367768081791105,0.8978134025332594,4.742835914496296,1.3823750350906487,0.49639329759794837,357.94380809254847,74.86120492406086,0.5,1311.6617676238832,1321.9571096360396,1318.7446653829604,1311.4942673229477,1335.9597010014206,1333.7633298864976,-0.14547016940253996,-0.3627417311253661,-0.18007770421823105
2024-10-08 00:00:35.419678,35.41967759866593,12.971827397163237,77.5946870381663,20.1957805894811,4.520383289668997,0.17106974816475792,1.2188633520684817,4.6849501401051725,-0.08354404353108238,0.1277280264416033,358.0496150651198,74.75572964048048,0.5,1332.7734235165935,1330.1714038404139,1343.3926347429192,1312.0471793287836,1325.1445721977518,1326.175823760196,0.07244762185597714,-0.11169203563618822,-0.5897870094605495
2024-10-08 00:00:35.519733,35.51973318510284,12.97182081924018,77.59468883264492,20.113482990445014,4.887049973246903,0.10620197240350669,-4.039943460629559,6.341583356310825,0.7159152036874433,-2.236302365370982,358.23991344025876,74.69489115404676,0.5,1319.6884779725337,1316.817098483267,1318.1953917057335,1330.5482103885975,1316.2823333116721,1322.059025407503,-0.05681914059111037,-0.156473885149073,0.07099989701914707
2024-10-08 00:00:35.619789,35.619788771539746,12.971827178473381,77.59469349964114,19.387342765230606,5.005187502770602,0.036453675278239506,-3.2651610199278878,5.976161585364709,2.134126207216141,-0.09102241207010503,358.14857799478654,74.55442712673526,0.5,1320.9380545216181,1321.314204126422,1308.2957251018377,1323.105990915051,1316.200210601975,1313.4588212473293,-0.16844057308486407,-0.5971591637728061,0.9218709634047993
2024-10-08 00:00:35.719844,35.719844357976655,12.971821027712343,77.59467956730768,19.46008778912537,5.043951398193564,-0.05352467358273813,4.40909711510092,6.699585656472511,0.6769687959863637,2.107409995178996,358.02463111731794,74.59727035430674,0.5,1323.8560867478468,1315.3592420206774,1320.358850969761,1321.912955772991,1317.7934248431425,1316.9429019185661,0.29773591907132146,0.32782387220267184,0.27778566553400663
2024-10-08 00:00:35.819900,35.819899944413564,12.971826965231934,77.59467965717107,20.26965236024802,5.2123320098742125,0.023924118261423554,2.096717953725104,5.6182918687148256,-0.5385605133005793,1.7708800257939497,358.08445565135764,74.67747170934985,0.5,1329.4084434958293,1339.9588719586645,1347.8814868871425,1325.7051318040021,1310.0236004428534,1325.0428417513835,-0.09577185273304217,0.5455462252377358,-0.4334783950951309
2024-10-08 00:00:35.919956,35.91995553085047,12.97182456608789,77.59467151487368,19.879664478030893,4.897639292117055,0.01671050553324428,0.493721650554761,4.922490319432892,0.8489318426593588,-1.3558880065049546,358.1414830503222,74.64531132187898,0.5,1339.2552924056106,1330.813592685899,1317.2260041702043,1322.8404208201746,1330.4669040632489,1321.9475333157347,-0.3176092036038455,0.16233609181314354,0.2114131448134466
2024-10-08 00:00:36.020011,36.02001111728738,12.971834789946415,77.59467299479537,20.36845157881373,4.831487462011997,-0.03198388912722453,-0.533003252456183,4.860903880130906,-1.2127661413030468,0.7660931276814831,358.0405727152209,74.49449927583275,0.5,1316.9970999045888,1333.7806990220395,1314.403422115758,1320.6869283336182,1321.7671542819896,1332.1335506067232,0.16648157053295423,0.31661937953950103,-0.6693627142073659
2024-10-08 00:00:36.120067,36.12006670372429,12.971839316304528,77.59468088161385,19.773004572036328,5.093835493624595,-0.27245932042018073,-1.3155098934352623,5.268012945800304,-1.8400361829371084,-1.6345517220764285,358.09037268791155,74.303877406439,0.5,1325.5255749282876,1318.6611813376671,1330.1340134716536,1324.503509503742,1313.933556058489,1319.1924363174526,-0.3408159064377401,0.7070105397939698,-0.1898162413957871
2024-10-08 00:00:36.220122,36.2201222901612,12.97182236040661,77.59467744871377,20.10520335111129,4.709370764285276,0.2897730308994546,2.1996187313768303,5.205810596666513,0.4438329606723814,1.0459000075143854,358.2101610471824,74.14489648484847,0.5,1315.3094022986506,1306.100424146889,1328.5470846112994,1343.1037510050332,1310.987007595464,1314.6011664559087,-0.5302452141956396,-0.019175663158245964,-0.38395001918280675
2024-10-08 00:00:36.320178,36.32017787659811,12.97182691066324,77.59468924256107,20.213172856247365,4.748256432318159,-0.10897940868372465,0.33755653579409284,4.7614871703518356,-0.2714028080683225,0.9822439544757855,358.3185671931853,74.28872339533453,0.5,1325.0108995467242,1318.071404186123,1319.1135504518463,1323.8314843718374,1328.9780137954456,1319.120372849322,-0.2655091967581226,0.055871224627208574,0.257140262867746
2024-10-08 00:00:36.420233,36.42023346303502,12.971835563574114,77.59469593274694,20.172752185400267,5.011374534678378,0.21274177194099161,-0.9244074537499927,5.1003590980341835,-1.2314797800951784,-2.6648410764150947,358.3322159427818,74.30186191137804,0.5,1345.0426822140716,1333.6466088769505,1329.394161346176,1326.3881818945738,1330.5134706480123,1326.3332628719443,-0.22703135232558352,0.37389671161499083,0.13810520919600644
2024-10-08 00:00:36.520289,36.520289049471934,12.971841627889122,77.59469213516631,20.028188596464137,4.796523203049533,-0.3762930082098816,1.4307020845481162,5.019476040400086,-1.2151100888756508,-0.407874956687557,358.42286958557565,73.98970490288575,0.5,1323.6026755549376,1327.034345157979,1325.9343907713624,1328.6015655672065,1315.962118548004,1323.3137547750734,-0.3163330462863255,0.03176719360852878,-0.2407167221952801
2024-10-08 00:00:36.620345,36.62034463590884,12.971835675208522,77.59468349864372,20.459051657572175,4.753816741784167,-0.10610735743086823,1.6028796384366757,5.017893534251527,0.32344844072972295,1.746939651020961,358.42812213436906,73.95513937110752,0.5,1325.862106226425,1321.666126967934,1329.5829260962073,1327.714260896234,1318.1555225027437,1327.464398529128,-0.4520543141253829,0.3624978066771662,0.4410827072930448
2024-10-08 00:00:36.720400,36.72040022234575,12.971847235229893,77.59467878068783,20.348942720887262,4.607832213060379,-0.1388508132750461,-3.3045600740764627,5.671993876516819,0.5312224195434312,0.7728758174030386,358.39661340352507,73.86301744980514,0.5,1329.462796762113,1335.7149349153547,1335.5425953593458,1326.7544308167571,1331.0067845410942,1325.9349998080422,0.33760424089803887,-0.2681274153058311,0.031049263660379432
2024-10-08 00:00:36.820456,36.82045580878266,12.9718488025766,77.59467880336157,19.797772265316745,4.944489266509756,0.09300598367115916,-1.2802013661281109,5.1083793670267985,-2.876442032336352,-0.5064393632948103,358.456242160045,73.82394963010559,0.5,1315.1691469907203,1319.1092214642827,1322.8419887281484,1319.9437162472632,1326.523915049689,1321.136585151566,-0.22576199387703816,-0.12400642396485949,-0.9325408441909268
2024-10-08 00:00:36.920511,36.92051139521957,12.971858757486684,77.59466779970045,20.0927601239967,5.096861476893716,0.009263064471857558,2.4028296942870213,5.634862310540876,-0.6084559932068936,-3.2539396445589044,358.5220931388299,73.84938752125302,0.5,1324.4264379256224,1319.734513092107,1325.1068563437766,1322.3086378604248,1321.9810931659913,1322.523314997994,-0.38641931529375095,0.23946733143046578,0.13126596373438942
2024-10-08 00:00:37.020567,37.02056698165648,12.971852887424738,77.59466559173347,20.278605333656557,5.019797694076524,-0.05447900768107502,0.2557134548526676,5.026601856396286,-0.6494778745420602,1.2055217175370536,358.4786411790283,73.81905419009712,0.5,1325.7249692753815,1323.4432826167683,1342.3704906736757,1324.4592983562413,1315.5961586532717,1329.1417489923642,-0.5054485453868579,0.6073759690679437,-0.6025764396621182
2024-10-08 00:00:37.120623,37.12062256809339,12.971842529377648,77.59467254588436,20.143931243366886,4.864816680550485,0.2998427979569352,-3.6997562872374488,6.119194687522363,-1.6763075488368853,1.8686179832499359,358.4357517839498,73.52886818623651,0.5,1338.767396715227,1306.8145743201085,1325.0128996764297,1310.74099049038,1329.0590793233482,1335.7068897325255,0.2555468764429593,-0.0532963147634762,-0.031291052923861834
2024-10-08 00:00:37.220678,37.2206781545303,12.971836242004205,77.59466405578478,19.53824276367019,4.78576762902256,0.18653212861904842,-0.35632156447981345,4.802637930483695,0.15316775685972275,2.6679151116637496,358.3814079755707,73.66787980032798,0.5,1318.2697623102483,1313.6761569682426,1329.864482999361,1308.4691685739213,1310.8437965640926,1323.1983558888257,-0.0640728463846215,-0.0017964153548716286,0.9040861294555899
2024-10-08 00:00:37.320734,37.320733740967206,12.971834717025121,77.5946570242186,20.072627317178597,4.677118965126813,-0.18957004994690535,5.718058967041102,7.389693969870805,-2.3226457486939953,-2.655515185335737,358.2962615294268,73.46047972186537,0.5,1339.4395211536105,1327.603834149398,1320.5760046548323,1336.3878177666502,1340.5343081665158,1324.0608991749777,-0.4847484616872006,-0.492930945331513,0.3240917171238312
2024-10-08 00:00:37.420789,37.420789327404115,12.971841607315207,77.5946487854848,20.68249025012644,4.501957100137297,0.0978851071011799,0.7785144838506284,4.569823194307854,-1.7566072461473987,0.24169635289690478,358.23839341376447,73.27150391688669,0.5,1319.2170516161827,1323.9071678755975,1336.2978004057022,1316.6302419240758,1333.012206523055,1329.396695430286,0.04004942534044594,-0.3265816899741729,-0.6508335219751762
2024-10-08 00:00:37.520845,37.520844913841024,12.97182861567273,77.59465406477035,20.2284167636412,4.616601454505744,-0.23036295781595642,-3.4449633128980963,5.764880598008262,0.714355598016946,-0.9993007992796243,358.2146300083027,73.25703283713158,0.5,1317.0149574726595,1321.4743966688234,1323.741323393886,1326.1571217850662,1321.2072979890906,1310.9580769485947,0.18491737916341816,-0.08953364908516702,-0.04860287327178038
2024-10-08 00:00:37.620901,37.62090050027793,12.971838131958767,77.59465054280258,19.993114601075124,5.075634045783546,-0.17854686857992266,-2.536379906495455,5.676897302318462,3.797700017304821,1.0236981433494903,358.23150821398275,73.24785701957255,0.5,1330.3304723036345,1327.828841060941,1332.7399641939235,1317.4499089119563,1323.5802429127928,1329.107044238687,0.21695736106685684,0.08401472496972678,0.2697099249182264
2024-10-08 00:00:37.720956,37.72095608671484,12.971833086971278,77.59465325088584,19.72085880569881,4.986835681346916,-0.27812764066346385,-0.5629568356709882,5.026211843534301,-0.7840301958465443,0.5644628689945869,358.33638350035125,73.26718540893204,0.5,1323.4638874689333,1325.5689582677085,1307.2535061789424,1317.2172351425697,1319.164880578518,1332.1360617371759,0.3240334579159867,0.19211932274738813,-0.5625715564330432
2024-10-08 00:00:37.821012,37.82101167315175,12.971824453632252,77.5946607676934,19.88046064841167,5.029848649961776,-0.07489442660529079,-0.3500890557050269,5.042573644834874,-0.6779271621896031,0.5510955985506301,358.44225123270553,73.03102726234988,0.5,1312.7460534816294,1326.072100176875,1324.0995194530879,1322.2367440543705,1314.5728569386426,1322.2576765378153,0.048152977309015,0.06014262845925789,0.0658063430444235
2024-10-08 00:00:37.921067,37.92106725958866,12.971826538568932,77.59465955102225,19.65080207415139,5.151703047187754,-0.11102709552313338,-0.6415701912044938,5.192685587688326,0.8285962873730904,3.4953196142367178,358.59675546061226,72.91586667487778,0.5,1317.563669421179,1320.4349391119408,1320.8581439359593,1327.5869190909852,1319.0575243821725,1322.074407366273,0.3237668007021686,-0.1921371348370902,0.5157070543463567
2024-10-08 00:00:38.021123,38.02112284602557,12.971839926315477,77.5946549803263,19.75207528496886,4.843892697007281,0.01895410070482099,-0.8190992296214716,4.912695722922445,-1.8215817821966074,3.6107427992664105,358.5251537759793,72.9662963004538,0.5,1334.014799182761,1336.0775230764032,1319.2463943258535,1325.621511029814,1317.6224207218247,1332.415404964382,0.16229088113713866,-0.5909628750382417,0.5211733663571675
2024-10-08 00:00:38.121178,38.12117843246248,12.971839642764422,77.59466679378757,19.486891166611795,4.932955177298146,0.0677725708982079,0.7927417229891205,4.996706849712768,0.897753849158923,-0.05646300724171999,358.53584296690786,72.97462035357043,0.5,1323.6107594970827,1313.3977994251652,1338.7020335892773,1326.4517708574363,1318.2179979516789,1319.3282726533575,0.1518189946391111,-0.21279541256093684,0.3666318395622604
2024-10-08 00:00:38.221234,38.22123401889939,12.971850050502555,77.59465159573296,19.910711760942224,4.25121179058383,-0.0775487227880547,3.06911663557554,5.2438814265362215,-2.775006456890895,-0.39359527566036034,358.55408426469273,72.82887047845459,0.5,1327.660111959543,1322.886760276703,1319.544185742419,1316.222292608801,1317.0228395319525,1321.724111282789,-0.1825844691830376,-0.041797714568808486,-0.5214002111316511
2024-10-08 00:00:38.321290,38.3212896053363,12.971848798716904,77.59465038630603,20.101055696243364,4.5738933972659055,0.08383054604834167,1.7477416936318093,4.897155235201596,-2.02941870631054,-1.1336849282683865,358.5324854352952,72.78299022154435,0.5,1323.9078100156873,1329.8662505492216,1335.2221783557932,1320.7771431773128,1331.4886362607506,1323.7604810932366,0.7510350365427657,-0.007238742692600533,-0.6413564982034148
2024-10-08 00:00:38.421345,38.42134519177321,12.97184354926972,77.5946371710724,20.26045440113537,4.7222440250530004,0.05159891676195398,-1.8662050703276947,5.077890550698839,-1.735257555134232,1.4110109065611032,358.5448379289968,72.64320262722653,0.5,1318.3813113981194,1331.2902001973348,1341.1385520837466,1338.2149129115674,1340.71703555889,1320.1047647395496,0.40003670689590415,-0.023026175177459182,0.18857503961306593
2024-10-08 00:00:38.521401,38.52140077821012,12.97183771756878,77.59463365903723,19.727607210797057,4.742340259218759,0.03053865113431503,-0.6420622779473746,4.785704515761824,-0.13309953423458806,0.7817751840632405,358.4866954530277,72.60159472687477,0.5,1332.4067330114267,1325.4539943581647,1337.717749541817,1330.7083004708375,1316.2169933329487,1317.3982981272954,-0.29700538594054465,-0.08011755381227036,0.9006702988639601
2024-10-08 00:00:38.621456,38.62145636464703,12.971840837124041,77.59462936727027,20.131970565637285,4.7713110976460795,0.1988202444262134,2.8755950944746616,5.574404562595101,-2.446745773266313,1.3617698019674296,358.44391413985943,72.77543184369729,0.5,1316.2231478844217,1327.0156068011547,1316.7500034620714,1316.7188449246378,1337.8351176006279,1318.6985265581573,0.13644609352144305,-0.5969597633755761,0.3864533632490979
2024-10-08 00:00:38.721512,38.72151195108394,12.97184153744986,77.59461824937502,20.30304591786258,4.884062288473909,0.028854500815296204,-1.769987704715902,5.194973868534448,0.5636954167019856,1.53572507462553,358.5097553196853,72.37219027431074,0.5,1330.5424598072962,1316.451419574146,1341.2232376837271,1337.6528539516007,1326.2931091566873,1332.0491726574126,0.23133860341246382,-0.2116760421558381,0.667454755177612
2024-10-08 00:00:38.821568,38.82156753752085,12.971828894417362,77.59460994236478,19.77777625007435,4.76647178200934,0.23989721713339981,0.5846292507321067,4.808180038672765,-0.531359230762417,0.7665038920189273,358.5457790923239,72.3951788571384,0.5,1328.4970152029962,1320.3255480893554,1314.7259781188927,1322.462514998034,1323.3538184802173,1309.8642324070324,-0.03403125079993945,0.16527703767039717,-0.48434772498228296
2024-10-08 00:00:38.921623,38.92162312395776,12.971846797568034,77.59462480409681,20.420036762922923,4.722198535967397,0.09633323603827453,2.9012334190878306,5.543067242735767,-0.5815043639311528,0.2574852699623207,358.3843788059566,72.32670949039485,0.5,1313.7135118042866,1312.330163108174,1340.6802663409246,1319.4402454181181,1327.0418656663055,1344.4447680748412,-0.5139922591929617,0.19431558300432822,0.4272484036765265
2024-10-08 00:00:39.021679,39.02167871039467,12.971840049673158,77.59462090368477,20.35834547234873,4.699183147005085,-0.07080797679667183,-2.4618408095029167,5.305468517483506,-0.8702065137840935,2.0184675469218796,358.3706293956803,72.21356307025079,0.5,1324.72293975502,1315.627951604825,1331.1840442960195,1328.3855881616475,1322.448142807461,1332.3527843036854,-0.35627195371895465,-0.2035055766971115,1.2724953287961116
2024-10-08 00:00:39.121734,39.121734296831576,12.97183473406248,77.59460876528162,19.927394911104663,4.695454129921829,0.06938825588018308,-5.785359761200482,7.451341609587614,-0.7203878327154783,-0.9733513089723602,358.4696299302429,72.16398270011489,0.5,1310.8868527065663,1333.813876444762,1335.4331068834074,1319.3675641607617,1331.370807555071,1323.2812721147352,-0.05083177914495805,-0.4664519408945398,0.7207003695633132
2024-10-08 00:00:39.221790,39.221789883268485,12.9718276171297,77.59460709529561,19.20063034503791,4.72381948633885,0.09825883492285724,-2.2379756354429645,5.2280646785394085,-0.004951101951575398,-2.1702553897703445,358.4206976809584,71.99932545995763,0.5,1322.2153490925957,1325.6174699734875,1318.0437316117095,1327.690672632614,1320.3499252365993,1318.2714010212483,-0.22712194041381764,-0.21507756169737124,-0.551811718689037
2024-10-08 00:00:39.321845,39.321845469705394,12.971820590637757,77.59460967886343,19.479550981833142,4.736238331943576,-1.920017442932264e-05,1.684054695593602,5.026727937246173,-1.9558507848553393,-1.8133178251297943,358.48757950993433,72.16264380680062,0.5,1314.2239974724048,1317.6199911746335,1314.8470185210413,1327.8171301473358,1306.4828674401213,1323.5907736597128,-0.1536388043822481,-0.07986687730005222,0.22701169093296128
2024-10-08 00:00:39.421901,39.4219010561423,12.971821327632234,77.59460906456654,19.537628505356807,5.086064222859235,-0.3849456828595849,0.20616592724681482,5.1047758861049415,0.7701444150556285,1.9657735499692732,358.484973368478,72.06922072589283,0.5,1315.3855025268106,1337.9198032020547,1321.5226694454598,1324.0194389369815,1328.9586196939852,1321.6580849832,-0.06068687305159443,0.24566836992604357,-0.49680753815762113
2024-10-08 00:00:39.521957,39.52195664257921,12.971815158388772,77.59460602371946,19.520807087341122,5.162872292370483,0.054352887575009036,0.8337620444635547,5.2300443296880985,1.7512713703977232,0.11027712490309619,358.53781530789195,71.79651644614876,0.5,1306.0359792520928,1323.0325964842882,1326.7522931237995,1305.7927294625144,1310.8427787531377,1310.4746339476928,0.4466021795485602,-0.13184782829578298,-0.06144915340629307
2024-10-08 00:00:39.622012,39.62201222901612,12.971823028314553,77.59462247336388,19.704473605972083,4.71691754788854,-0.2628663647399862,1.9629992122298319,5.115835785725085,0.45705756556024857,0.5072305641903911,358.5773499145357,72.03110094065042,0.5,1331.7874775361552,1316.0551720307856,1325.2014631999025,1321.6755083484616,1322.3422776268826,1330.670493882397,-0.1554005092408657,0.18894303217162073,0.33774628076228785
2024-10-08 00:00:39.722068,39.72206781545303,12.971824510548723,77.59462501496316,19.913625162050813,5.02199889488439,0.10107455416668895,4.064726377710969,6.461632107399752,-1.2282023413234082,-1.0294899517925122,358.6311961288374,71.85262673819898,0.5,1332.5343257902855,1316.2346038939554,1318.187163841807,1314.2311154541346,1327.0446042281246,1313.6430391991055,0.24617007013309053,-0.2389150838980479,-0.47371624462216605
2024-10-08 00:00:39.822123,39.82212340188994,12.971822973184928,77.59463375396685,20.51787076882697,4.622524282485265,0.08141102610952097,1.9815051417660783,5.029982219072302,0.5537556591954697,0.1844728290114242,358.608802463484,71.79241888522145,0.5,1333.6136040972856,1330.6650748205209,1314.4222180592958,1327.9528929749827,1321.928134465555,1323.768428719836,-0.537950732074956,-0.3269933441638571,-0.2884400380376016
2024-10-08 00:00:39.922179,39.92217898832685,12.97182108628129,77.59462477016268,20.310146480025125,5.12218063762675,-0.043246958491821065,-5.191185213484246,7.292942390050442,0.09825174289466876,1.5319689367802272,358.5805796845675,71.64121758674331,0.5,1342.0705666445638,1328.246479962301,1329.8489770532615,1312.6805496333468,1326.1121150910637,1328.7897146034163,0.5010209431021843,-0.07061065017013056,-0.7598371361491297
2024-10-08 00:00:40.022235,40.02223457476376,12.971821596544915,77.59462025959171,19.479056607151417,4.8188736309825915,-0.03254239553600741,-2.218463197576753,5.305108956269327,-0.36332898322847096,-1.7521258486495799,358.55672118907415,71.57296457311051,0.5,1325.4323699383658,1312.8198703860626,1316.1426392970384,1331.117365238919,1308.2736319009985,1327.869148637127,0.26119585469579093,0.3134488515480755,0.8855540949399872
2024-10-08 00:00:40.122290,40.12229016120067,12.971811759953763,77.5946106868653,19.86620720758064,4.773674323516947,0.2084419259255553,1.0801421958973805,4.898787783405866,-0.8012418186037367,-0.5928027031711691,358.6017722549477,71.6054472854971,0.5,1314.891568547372,1325.1262675912546,1324.9829035335617,1326.6056103029423,1306.5351183388932,1318.0203304715405,0.3405539354961386,-0.4268680074960984,-1.0275837909222734
2024-10-08 00:00:40.222346,40.222345747637576,12.9718105848833,77.59461569052387,19.695205128842943,4.677337793759251,0.14931236128602063,0.03490720762010824,4.679850588566402,-0.5019608342321074,-0.984020781874699,358.63377202265946,71.44031758801201,0.5,1327.256305635561,1324.9827133926385,1322.408077822801,1306.9875256756027,1330.730818796267,1320.9596770580565,-0.33927269900746587,-0.5048401024883143,-0.2068297343278086
2024-10-08 00:00:40.322401,40.322401334074485,12.971808877110634,77.5946054894902,19.87319252983925,4.850468470601572,0.09578148568434437,1.1027787465430805,4.975172302657163,1.59658990899471,-2.8572888241337773,358.5764523048906,71.12856191237708,0.5,1330.2356221893879,1335.7809234900362,1342.9460930250614,1319.5513662152202,1330.2663699505804,1340.2003693914537,0.05645369777383957,0.13436758446017874,-0.5961456054045905
2024-10-08 00:00:40.422457,40.4224569205114,12.971814276908974,77.59462080933207,19.915883477233994,4.878232974490011,-0.37957179703698624,-0.41013767384652056,4.910136924161666,-1.7658911848433076,1.3736002517528147,358.5120524570877,71.36585324352029,0.5,1320.3750796122138,1321.9970400208488,1335.8440517923657,1314.0936514486812,1319.85308150147,1326.5756227250263,0.5318945187400533,-0.3025494283680476,0.3071933220864709
2024-10-08 00:00:40.522513,40.52251250694831,12.97181982023878,77.59462066297556,19.791119398886096,4.725965344658964,-0.059103523845548976,-0.2880700998945258,4.735105706095876,1.690043737156563,-3.279402492689837,358.4120640648582,71.16000299512916,0.5,1342.6539711534517,1335.1281045323478,1328.0517000655746,1314.5815786543787,1323.7637981872185,1331.3778467498284,-0.10722476160920984,0.30844196000476115,-0.2176118336144621
2024-10-08 00:00:40.622568,40.62256809338522,12.971824633895679,77.59461921534948,19.858237431674223,4.685715756914858,-0.14080468602394056,-1.5905711598265668,4.95032066927775,0.5276876715660525,-0.46115630917741623,358.45453877219353,71.08966968676384,0.5,1332.1621688366195,1324.2756619325303,1330.989596132279,1328.326818448963,1335.426645858933,1320.613142014237,-0.4127666679641268,0.16104933167857569,-0.04842646290529549
2024-10-08 00:00:40.722624,40.72262367982213,12.97182008155949,77.59461585423799,19.47282833855393,4.825442397710939,-0.005344037799011868,3.4361998876150324,5.923883233151363,-0.9826787142581066,-0.7048679206609302,358.3333742324867,71.16320272569538,0.5,1320.471616009346,1332.8383999558446,1301.4240075106086,1302.1907782229528,1310.243567076555,1320.9605399195414,-0.1975503749821845,0.016809978398727315,-0.3579309243423005
2024-10-08 00:00:40.822679,40.82267926625904,12.971814395371466,77.59461621944834,20.54585942141375,5.075304269357604,0.15319705974297582,1.4234926732684556,5.273377869688686,1.558006879981133,-0.25071103150719454,358.35160392926355,71.13000238367631,0.5,1331.2133574486638,1330.8734895841287,1324.6113229267382,1323.9860255812325,1339.4800371456558,1340.704806830249,0.24845769152080874,-0.47603736001639463,-0.6497339062345965
2024-10-08 00:00:40.922735,40.922734852695946,12.971821907198702,77.5946091594449,19.75768512697897,4.592544838586725,0.019314162349203422,0.840893457750937,4.668933811758863,-2.728880123924546,1.1365604375066876,358.4157592760876,70.90097702949629,0.5,1316.4837060134669,1319.8577851963378,1317.751619674167,1315.0986620904682,1328.0279659767814,1329.8904159106917,0.36050499918061046,-0.030875785773240842,0.4437565778249028
2024-10-08 00:00:41.022790,41.022790439132855,12.971823169816748,77.59462006200201,20.71413159750621,5.07916631776775,-0.03636238704486127,-0.5872919642320795,5.113136469720867,0.9337047460562666,-0.1407697195687213,358.4783155814181,70.77313073856293,0.5,1329.1961293817947,1333.2380453675332,1332.2269464822223,1343.8888519281559,1322.417644069154,1327.1046745952804,0.1211936377778489,-0.21545410254295794,-0.6792559257510263
2024-10-08 00:00:41.122846,41.122846025569764,12.971805582733953,77.59461754448023,19.64016144319712,4.9751691208308415,0.07252490324226629,-8.882380269848426,10.181072973938043,-1.2055845423799443,1.7826586028880678,358.4709938338399,70.85335941758605,0.5,1328.1947134522154,1326.4056575092743,1321.0046414443914,1327.9574511401956,1334.0883200915466,1322.8648999081615,0.42855088356170085,0.14801063175732276,-0.6525057327837186
2024-10-08 00:00:41.222902,41.22290161200667,12.971814117228233,77.5946218921577,18.93666806379558,4.938878342909271,-0.15121661618538976,2.7996374150750682,5.679203765225984,0.8834858461813725,-2.0480012660231326,358.55802647146686,70.59943547153604,0.5,1323.4314845300544,1327.9211404605749,1328.4235776956157,1323.9865574485896,1315.0429287330892,1322.0764012408301,-0.0402942577272905,-0.08802545825902014,0.047119818864005215
2024-10-08 00:00:41.322957,41.32295719844358,12.971812086352019,77.59462120603146,20.200400169949216,5.153355730740668,-0.015537260148916284,7.783148807234312,9.334598119338803,-2.5129556912510047,4.353586740392937,358.5909828806457,70.68599512974771,0.5,1323.6307854292281,1314.6769337559442,1320.9202189239475,1316.6023744794363,1337.7018042537193,1321.3762514440525,-0.7003421875550527,-0.060553753055584435,-0.17628628571655722
2024-10-08 00:00:41.423013,41.42301278488049,12.971821133397386,77.59461557754601,20.494163100262696,4.962728473857949,0.2758618880622558,-2.887379967269254,5.74819421748374,-0.23661748230415267,-4.397756402489549,358.62187732561506,70.42192501014942,0.5,1319.7672703349529,1327.1320294016264,1322.413789190211,1342.3973699101964,1335.6596048570016,1325.3995016653948,0.025076020422738782,0.06709111163755666,-1.0601230902762326
2024-10-08 00:00:41.523068,41.5230683713174,12.971836604658222,77.59461434042971,19.6226031781666,5.0317552270180785,0.047805179601027,-3.27585686133898,6.004338779233073,0.23866693763069236,-0.8892560856353131,358.5557701997986,70.46388685874008,0.5,1318.3269207147748,1323.9528348795648,1324.3019204765862,1335.5292621211706,1328.1754712946276,1328.1156108815244,-0.4219032895237301,-0.7215987501549129,-1.0581213520018498
2024-10-08 00:00:41.623124,41.62312395775431,12.97183768568303,77.59461786789397,19.83862754157341,5.025688742923109,0.16255393117835282,4.744922475950418,6.91362860038526,-1.1127465674480561,0.8609262808521991,358.65949422191073,70.47611738852699,0.5,1324.086109882078,1330.5860384028488,1347.3527217140115,1318.344087205384,1325.5628692159894,1325.129014301614,-0.014793418210181538,0.2839865567724527,0.7491165208404683
2024-10-08 00:00:41.723180,41.72317954419122,12.971839091792633,77.59462263406253,20.572115180024376,4.999959465802742,0.3142991578885598,2.053496866085311,5.4143538856766735,-1.1963697270488751,-4.712455156203115,358.77536105865585,70.3033609921015,0.5,1317.1454787685875,1334.6820605608189,1318.95656203995,1325.8117857090285,1340.1794679693512,1344.7409981345297,0.24496711864915074,0.19820057768866423,-0.4915284682491045
2024-10-08 00:00:41.823235,41.82323513062813,12.97184162983069,77.5946193296221,20.24955520793845,4.765286064947911,-0.025745382206717324,-2.9539369187631905,5.606635125057086,1.7085362014647214,-0.9712443563554632,358.8015621705757,69.97842293167459,0.5,1310.0770238629286,1316.5923624326226,1336.293910205566,1316.621019024289,1330.4584878473393,1331.1490800409856,0.1833262886414347,-0.585906292591874,0.6480125142102217
2024-10-08 00:00:41.923291,41.923290717065036,12.97183936742605,77.59461729704891,19.980999398615403,4.693720508130238,-0.27534115554362115,-0.7362030616845345,4.759077632106053,-0.6306020728891776,-0.19882538058915677,358.80794025431254,70.31244372008773,0.5,1314.5676415338987,1331.4284777950304,1337.212546586155,1341.4768545767522,1325.1425500257533,1335.0575628783952,-0.12768046749161968,0.13442009098078322,-0.5856901103544458
2024-10-08 00:00:42.023346,42.023346303501945,12.971848732531676,77.59462062511717,20.10223274979146,4.612625174476872,0.21822878114556002,1.9194076732821657,5.000805996776172,0.7429230082201366,2.71324046885535,358.8738378979421,70.31124340437901,0.5,1316.5007268948111,1318.048447825399,1332.7729607832134,1327.562317376673,1332.2216951340188,1327.4802505755151,-0.12529390410852434,-0.28596145303065834,-0.6120750762904508
2024-10-08 00:00:42.123402,42.123401889938854,12.971846111556372,77.59463012191432,20.365094319338905,4.876485388518577,0.0049573949137611635,-0.787507527655464,4.939666226205322,0.5709273193239299,0.19120363866967283,358.8725958596308,69.97326610205698,0.5,1323.7420847268854,1314.8296248032962,1315.1878232424267,1337.8402040465496,1325.0716509766937,1335.5824576232294,-0.2075343262216383,0.4585015260232348,-0.7426650542962151
2024-10-08 00:00:42.223457,42.22345747637576,12.97185250457713,77.59462878498029,19.944643694785366,4.662554513787737,-0.20192074230689222,-2.5330500529291413,5.310040409531785,0.31496699320814187,-0.2614762225927775,358.98802970504005,69.91994533281587,0.5,1339.7740729449688,1307.365058131624,1319.8310924756713,1314.4327377882837,1319.974619624141,1343.9644442243377,-0.5647881745683059,0.431248939363503,-0.2516903224516003
2024-10-08 00:00:42.323513,42.32351306281267,12.971852606727511,77.59462647394355,19.858202702299167,4.4852743914329185,0.19629968119777222,0.5862987359029006,4.52768882974566,-1.1739399581754244,-0.5759517935429171,358.97484817266803,69.81466959249919,0.5,1325.9316118008494,1336.974265866702,1349.025674078136,1328.3521562970077,1329.4472723384968,1314.3798807167593,0.24341904003700893,-0.11226779806921722,0.19992844944271418
2024-10-08 00:00:42.423569,42.42356864924959,12.971864197532552,77.5946295515186,20.061968622481356,4.847603982348942,0.3010364536464203,-0.4874066265665533,4.881337166774112,-2.8493123356591212,-1.3269650203175447,359.01407221435863,69.78270932297984,0.5,1319.12719258675,1321.556913681813,1320.8232288918678,1320.7756716995461,1316.598939297473,1328.2660644526193,0.5799214615584894,0.05922841871441839,0.5053535078114615
2024-10-08 00:00:42.523624,42.5236242356865,12.971872732927455,77.59463362525274,19.760667190590496,4.986302886490234,0.011295529674838382,-0.9623170012109767,5.078326306533597,0.5709453188212157,-1.175447735751143,359.0522205252649,69.84451861111943,0.5,1321.097415160739,1319.5615365856602,1330.0291294079623,1316.8380716726965,1313.6727157541752,1320.6102611331723,0.09395860585231057,-0.4800459846283591,-0.34001209371004043
2024-10-08 00:00:42.623680,42.62367982212341,12.971878392150602,77.59463607271606,19.86939823869261,4.8334361113772015,0.11426688370120891,0.23109567610457304,4.8403064753164315,0.01907407648889681,1.1146840614969142,359.17963905462386,69.81340773376779,0.5,1311.0787307085989,1328.4426753309554,1321.6241740638236,1323.207201232031,1318.9882287974924,1334.6012584032635,-0.0857020308914188,0.6391205039211217,0.19680935912615125
2024-10-08 00:00:42.723735,42.723735408560316,12.971880331600882,77.5946351447758,19.80691201738185,4.956532808753477,0.45453367508463827,-1.5233929645336843,5.20524201842972,2.322609379112782,-0.4670213505720384,358.99406345068815,69.73377028251663,0.5,1323.7866186352671,1333.3666184467606,1321.3146221704453,1311.5813661628652,1312.1978072865818,1324.5043697525882,-0.2571887344483563,-0.34461805432207787,0.9336283371656512
2024-10-08 00:00:42.823791,42.823790994997225,12.971869950931687,77.5946329645279,19.564550285812054,4.787178177378663,0.0819274143083646,2.7758156020093026,5.534341809063117,-1.695996881144397,-3.1584014901517294,359.0903062103053,69.60685872999086,0.5,1331.3404330293274,1328.1283387520043,1313.926013560917,1327.2279707001496,1310.4087513471884,1324.4675683597357,-0.6348428067924663,-0.20986624655913136,0.5403332036421669
2024-10-08 00:00:42.923847,42.923846581434134,12.971869383404737,77.59463582579582,20.362383733181375,4.692351293246399,0.1773699530859844,1.7652232871346314,5.01653605717444,-0.6257871067119333,-0.2956165464255068,359.07258177694837,69.35668341885787,0.5,1327.063524954821,1324.5426422541748,1322.0079615159864,1329.3191561358515,1335.6799098308188,1334.0030238001432,-0.672091379861723,0.11719416633385236,-0.02053559073458081
2024-10-08 00:00:43.023902,43.02390216787104,12.97187654267391,77.59463081128771,19.91779118818474,4.830373940056715,-0.06792634930521536,-3.4267713947937892,5.922827752170912,0.12395342633334763,-1.4322023834217277,359.1713494854465,69.39706910061463,0.5,1341.2011095565913,1318.2007888840672,1328.9926971631696,1322.7776221704755,1324.7331334933076,1326.3915616042973,-0.2284555994459078,0.06050705582954661,0.010108896070994312
2024-10-08 00:00:43.123958,43.12395775430795,12.971871399018424,77.59462483276675,19.67664849019874,4.545049211647015,-0.08709069723632128,-0.08744179161988086,4.546724446539504,-1.4123500406760328,-0.6275795793036338,359.1516811691711,69.32517242955107,0.5,1326.4841083130934,1328.0146243337529,1336.4337043436356,1327.5008957560678,1333.807960865027,1315.6396525974744,-0.4736122836316212,-0.2911347300840502,0.8162115636978474
2024-10-08 00:00:43.224013,43.22401334074486,12.971875968409437,77.59462457132223,19.900293108705498,4.618374668947417,-0.09217961607802694,1.760125865106403,4.943270650633244,1.1832572444187477,0.7242447155097129,359.2363261665838,69.33235835458925,0.5,1327.0510148323651,1333.933596654052,1332.3812252452158,1325.4414905074286,1335.0965895498305,1322.0559704873674,0.253883833721578,0.4082450537780747,0.11463705581519995
2024-10-08 00:00:43.324069,43.32406892718177,12.971872308280743,77.59462894598657,20.028869341470728,4.915039547067352,0.06921607975779948,-1.2344997447885362,5.0681746452560255,1.5936100685139665,2.950942206035479,359.20995924441837,69.24718205112858,0.5,1320.2793456009574,1328.9934288289132,1328.6761226462563,1323.6899481524713,1321.3767456291682,1325.5678462731642,-0.26231115817107203,0.37179752270088395,0.36095652230795905
2024-10-08 00:00:43.424125,43.42412451361868,12.971871591754027,77.5946379905803,19.653255916863436,4.540219500360198,-0.5683057762801436,-1.6082886553470388,4.850067727952092,-0.5171020177958475,-1.704313259437586,359.19486913756106,69.07606529996934,0.5,1338.07581975637,1334.8868204711941,1324.0052495710968,1319.5284904087373,1332.6070457783924,1317.4843035484585,-0.20336263266107393,0.072939517729529,-0.6074978462463473
2024-10-08 00:00:43.524180,43.52418010005559,12.971874622285448,77.59464551885236,19.707032812329576,4.677386760291384,-0.09947838971996938,0.8880988448927667,4.761991433599001,0.6680485601313242,-1.91757917143821,359.13727925453856,68.93900455662973,0.5,1322.054059745264,1333.9091006965039,1318.776691289913,1330.889961078948,1316.8502586880543,1313.0576340174284,-0.014344256950260526,-0.009315521257820663,-0.1521984170179433
2024-10-08 00:00:43.624236,43.6242356864925,12.971873976363717,77.59464328184002,19.83097441834281,4.853426452024329,0.09752400606180495,0.948053037938223,4.946116033789715,0.23165161866513623,0.3388980895014905,359.124912502066,68.91531443093547,0.5,1330.4498715987709,1312.5182793895422,1315.892665136403,1318.608000282024,1322.9926888242687,1324.2136146879805,0.6279383204492972,0.37555136794493726,0.5628166555043758
2024-10-08 00:00:43.724291,43.724291272929406,12.97186847086002,77.59464331168415,19.89674881769798,4.418464337246695,0.017182270664697234,0.6207694864081788,4.4618916487518545,0.967064256396163,-2.701472907918191,359.12020718985923,68.77155097528855,0.5,1327.3216979944955,1325.488514528465,1310.9702700871521,1324.962610287378,1327.1880927640013,1315.0607971007023,-0.3788788076127498,0.12438324431463696,-0.6358673247845587
2024-10-08 00:00:43.824347,43.824346859366315,12.97186488439555,77.5946487500826,19.955197328352227,4.321321353919232,0.19150358971553202,2.7265694428244984,5.113186168648329,1.0479942023533908,-0.3464546501494173,359.1256925972019,68.65222632028429,0.5,1319.4625417715938,1334.4737527846605,1323.1975795384112,1321.894790385425,1323.5510812958287,1322.1238708037652,-0.07022029552429736,-0.059054783054210705,-0.6397771897968363
2024-10-08 00:00:43.924402,43.924402445803224,12.971861444491282,77.59464000953604,20.4423658268235,4.810265016239626,-0.13251466489516606,0.9618638535621358,4.907279463782401,-1.2984681587075053,-1.852453943130664,359.16654012785506,68.83671547833937,0.5,1327.8571882114434,1331.8610497621394,1333.966440817627,1328.4174472642926,1313.6803161778505,1325.3453835859389,-0.5776678033045235,0.3632663877254929,-0.13287446405339773
2024-10-08 00:00:44.024458,44.02445803224013,12.97186906402614,77.59464137331443,20.147677032233478,4.811385186386008,0.11019209300762153,-3.100430276025108,5.724878828903652,-1.262463256973638,0.9897409421539831,359.22946209624007,68.59134589140399,0.5,1317.4265341742216,1329.8999061923955,1328.2603329252029,1326.6022190770213,1335.7394125407614,1317.0693641335668,-0.08430892473136452,-0.3075183389145392,-0.09244476792298643
2024-10-08 00:00:44.124514,44.12451361867704,12.971863819309249,77.59465461215892,19.82193508787462,4.949906335753334,-0.0006303744400471893,-0.825691790198789,5.018300515364202,2.1937277581967884,-2.466639523466263,359.1990967588468,68.51289083397833,0.5,1317.3629715278407,1332.0155361330135,1329.150826146419,1318.0228932145815,1329.0388582777541,1333.1031064799788,0.1582783422059044,0.15237944126683314,0.282393216508922
2024-10-08 00:00:44.224569,44.22456920511395,12.971864501667115,77.59464901010445,19.982446879664515,5.051303070799422,0.03255697301738002,0.6583119601859266,5.09412380164475,-0.5403553473793833,-0.17289318521544123,359.1177614450134,68.67708572238821,0.5,1335.5044687141472,1331.4522314136855,1333.062007109209,1338.6424574844516,1341.533515549125,1314.0894660090557,-0.2402834761700408,-0.3268732017495497,0.20927374178817093
2024-10-08 00:00:44.324625,44.32462479155086,12.97187308572737,77.59464424007804,19.95367066634429,4.514666146836268,0.1184837222827404,-1.204912284869323,4.674191098368189,-1.8156335005488602,0.6077346189040456,359.11603651336856,68.45873132124952,0.5,1324.3001263799556,1323.9106910777768,1332.4269852032273,1332.1437545129504,1322.379524700359,1320.3057934764213,-0.39336342475487474,0.20571765149719978,0.247268340670262
2024-10-08 00:00:44.424680,44.42468037798778,12.971876714700784,77.59465271760372,19.741330469129217,4.875668886228814,-0.05807725543557969,0.14659229970843057,4.878217846516539,-1.7796700377830097,0.5767201652281545,359.10880110659235,68.27852866346494,0.5,1330.1874346069233,1334.0505763769795,1334.8175620724915,1332.0200641777556,1323.7197445290578,1324.1247941104125,0.6081635491598868,-0.6420922329740723,0.3332129070175943
2024-10-08 00:00:44.524736,44.524735964424686,12.971858319053494,77.59466115009718,19.983005423373186,4.638095834712875,-0.051039698673376786,0.9615282878256295,4.736990043383084,2.190204977047925,0.27613389017073176,359.1872759364768,68.31226209989579,0.5,1321.808081581698,1332.1984978413298,1331.9093552323995,1318.5374073691946,1319.5222066364697,1346.8212816452656,-0.4268714882748049,-0.24887918892642025,-0.6634941221156196
2024-10-08 00:00:44.624792,44.624791550861595,12.971854396403355,77.59466780883771,19.93374302255736,4.3932762285958535,-0.03250593431877011,0.27748172782396807,4.4021504705981505,-1.5623178397380646,0.7343089584086688,359.0888617024804,68.2313925497155,0.5,1318.5603079467971,1326.397539586464,1332.493189552138,1330.3911424991047,1318.00950117534,1314.5059868268957,-0.47331135438822197,0.11609561922829936,-0.26306593302516956
2024-10-08 00:00:44.724847,44.724847137298504,12.971861895848647,77.5946650239929,20.038532617379094,4.770436741879212,0.0061788420722910745,0.873363467973391,4.849728717521323,-1.5447504288348148,-2.003812349608048,359.03997242342547,68.32932858977081,0.5,1327.25588325165,1327.2703027782304,1330.5633966975354,1312.5816143732295,1323.3051752672638,1317.7938552743356,0.02504949848854665,0.6581547282122283,0.6099990569084184
2024-10-08 00:00:44.824903,44.82490272373541,12.971873104038863,77.59467432913357,20.108512810478658,4.9374379556988455,0.08597012093135918,1.0188360706751922,5.042193110837526,-0.07374819244107403,1.2376882208669053,359.1540590768817,68.1049821741079,0.5,1324.7284282960527,1334.040361266271,1329.7901204371508,1323.1743525921588,1318.867820572283,1321.8519029754677,-0.1654769694917462,0.1742392677355876,-0.13553877242284237
2024-10-08 00:00:44.924958,44.92495831017232,12.971867925447814,77.59468430555559,20.242413098448058,4.663386303506644,0.2303602407063143,-0.8981492419284365,4.754672409010768,-3.5994521147322183,-0.6895771899748502,359.2463378944645,67.84948271467327,0.5,1343.9930437275643,1310.2023902186083,1313.1728124807437,1329.988044794356,1331.356152909816,1335.037016171842,-0.3801017424928435,0.44439814625386354,0.584978228199965
2024-10-08 00:00:45.025014,45.02501389660923,12.971869330598851,77.59468705845282,19.92878311226063,4.976802129441486,0.10148109400136011,-0.8753813586604906,5.054221044942862,-2.936994799868465,-0.6737249323135248,359.34386164548766,67.95417974260597,0.5,1311.2599206185546,1337.2854771187117,1315.3217077008826,1322.6855076188422,1330.3870452706924,1337.3109086313477,-0.447701579127708,-0.05109681194166743,-0.12934533828223282
2024-10-08 00:00:45.125069,45.12506948304614,12.97187873131429,77.59467617750109,20.06723950805463,5.05320578915018,0.21438963035316702,-0.7102546784240076,5.107378326433929,-0.04309009386765527,0.39752323249806454,359.40375633672,67.65822604402321,0.5,1324.241009704371,1327.5661364593427,1329.175647459286,1333.3051426801546,1328.1342900961918,1318.1938424444122,-0.03781251372018477,0.2881735064078348,-0.4925044938693599
2024-10-08 00:00:45.225125,45.22512506948305,12.971897896319646,77.59467655589896,19.786653215522083,4.874288790080103,0.020948805238652585,-1.2897804369819852,5.042089213526761,-0.4698680147447952,0.16993075818201592,359.350230487082,67.8990614726719,0.5,1323.8995587867123,1363.1726043087053,1323.4106978968923,1312.5574001446382,1331.9850311582238,1339.6209234298492,-0.12101048474382384,-0.0009172387776328747,-0.27796641599911287
2024-10-08 00:00:45.325181,45.32518065591996,12.971885203102394,77.59468842710635,19.809140032060462,4.570462788494998,0.17566842701754518,0.6122933862025945,4.6146389553307126,-0.7315702783468921,-1.077215699694524,359.1965722148213,67.71118304074581,0.5,1312.0572855551281,1313.8062775278827,1320.621622886221,1331.2303381891463,1323.739282990918,1337.024456353574,0.2259377022802063,0.33959787890769305,0.22212183877386524
2024-10-08 00:00:45.425236,45.42523624235687,12.97189511117373,77.59467726711082,19.909179963177966,4.902957248802594,0.0653610135044892,-0.35872560367452877,4.9164973206952824,0.6782497953830733,0.8040555362052353,359.0844331862132,67.8853071453428,0.5,1329.4510208418635,1313.4676584528656,1323.7224510707445,1324.7224991498076,1329.2663824592576,1320.758509341207,-0.07895044511255411,0.10632691948257725,-0.03594660301569703
2024-10-08 00:00:45.525292,45.525291828793776,12.971900675766797,77.59468905242247,19.737355030769283,4.759581144509028,0.062280174260584784,1.0772559598600253,4.880365959057348,1.2624546995686947,-4.995750577989996,359.1096858472208,67.57778527609936,0.5,1317.6886804652556,1326.0310521257734,1327.8098805936738,1326.8706869322214,1327.2054180074044,1319.6654680659785,-0.3305901252783922,0.32314498063742275,0.43762308485008017
2024-10-08 00:00:45.625347,45.625347415230685,12.971908413441337,77.59469198493737,20.124750916790866,4.76111353447432,0.2746169495814123,0.4294432034328963,4.788323090824872,-4.12915827222559,1.1640850121172484,359.155497130243,67.61203452767178,0.5,1316.0322725326694,1323.5799621149313,1321.376367927632,1336.6571019257412,1330.2275065485671,1318.6087542607158,-0.5253887836015699,0.05624506054959233,0.16079690211661885
2024-10-08 00:00:45.725403,45.725403001667594,12.971905702213233,77.5946914701901,19.823291413890928,4.425533574918575,-0.2284187719016505,0.9200243296986912,4.525921710030584,-0.39580732692209786,0.4935809497611944,359.08249529734815,67.58145788832205,0.5,1327.524457040898,1317.161714076065,1332.8002498021413,1323.1270146134782,1322.5516877535442,1323.0254492175527,-0.26313654436255723,0.16148884557304116,-0.6543632433971698
2024-10-08 00:00:45.825459,45.8254585881045,12.971902091738228,77.59469738362593,20.30885806447932,4.905625469015415,0.08529687980767711,2.27185679827312,5.40682625130653,1.8891282485473797,0.5070889730794783,359.14767473095526,67.47299600142526,0.5,1336.0919715454943,1326.3844438620984,1311.037482414004,1330.2372869729916,1330.5284549598314,1320.2915617539472,0.20262685837155012,-0.19113815138606127,-0.25908047412637325
2024-10-08 00:00:45.925514,45.92551417454141,12.97188877898352,77.59469693905339,20.27791534239472,4.778288723353909,0.11767300038318929,-0.18803262607195848,4.783434574363679,-3.5721824571939904,-0.8810801297014188,359.13698933988786,67.2588162931178,0.5,1326.2627160912148,1315.7734025690056,1338.9413217474166,1323.8777140803588,1315.9627767272184,1313.3015617321273,-0.5817948630217226,0.12310679026506632,-0.036908834813242204
2024-10-08 00:00:46.025570,46.02556976097832,12.97189719086474,77.59471512238495,20.271230635137517,4.5633742945585,-0.12220752471762147,-1.9108873703004576,4.948819068556527,-0.6479312233752509,0.8066496081266601,359.1444781859493,67.3955545299271,0.5,1314.6813426454676,1332.4523343996157,1332.9997202563602,1313.4625105141351,1327.9320064534086,1316.6078707637464,0.16220231925876966,0.2431034432748077,-0.05468690794711892
2024-10-08 00:00:46.125625,46.12562534741523,12.971890967107317,77.5947159917609,19.89552542949413,4.667148750079041,-7.500728255185883e-05,-2.5880933689800116,5.336712915976346,-0.5441753549382295,0.3981469188236432,359.145265433944,67.26648370466262,0.5,1333.991887695966,1326.2585239288446,1318.311069845198,1328.5041972105632,1336.8561579894233,1332.9749656468975,-0.3349823092215769,-0.7262712915899033,-1.6868169462642282
2024-10-08 00:00:46.225681,46.22568093385214,12.971901881188455,77.59471757523019,19.753324235563976,4.986971499835578,-0.08726156331281414,0.6974222574807101,5.03625824653915,-0.9011172031410206,-0.14206190378206668,359.12763638721134,67.00815219794451,0.5,1329.071199979019,1317.0378646260303,1338.653197132238,1330.8612147164777,1319.0849282510592,1320.3146891638278,0.1422204635311399,0.07971419338556084,-0.5383806437508001
2024-10-08 00:00:46.325737,46.325736520289055,12.971892261569106,77.59470367725925,20.035087415426933,4.6044899316874925,0.10795651997491389,-0.640675551906952,4.650101859532526,-1.8828313896377393,-0.8273543659764545,358.99728103916664,66.99916742578051,0.5,1324.0464385337214,1332.6466545987184,1328.6699746041718,1332.6964098633546,1315.4188435928527,1312.7696010127288,0.17447822038540883,-0.00512581413047784,-0.36933704373377474
2024-10-08 00:00:46.425792,46.425792106725964,12.971889877257702,77.59470115350341,19.625117899440344,4.876223231929925,0.10865714451323996,-0.35208445056781557,4.89012503347292,-3.106857080869666,0.19355631721536304,358.90632490128405,66.89608879357463,0.5,1319.1543921535767,1324.575837975852,1329.3185997076234,1321.483912981134,1324.20429839898,1322.9690172938213,-0.11404141208497587,0.1827050728475624,0.6189226926413794
2024-10-08 00:00:46.525848,46.52584769316287,12.971893037975477,77.59469465265143,19.964631383073172,4.757126307207436,0.17086039434821051,1.9471139138235571,5.1430240686280255,1.8524219066609602,0.7482962704691969,358.8224603614973,66.84535438916781,0.5,1329.147931885825,1318.29917398119,1323.6959231508715,1323.224518795851,1335.2648510217641,1337.7111424392042,0.22849687496837745,-0.362805552220464,0.5259398905483239
2024-10-08 00:00:46.625903,46.62590327959978,12.971905500931115,77.59469868650919,20.014757148454507,5.0954743969038905,-0.16425395931835596,0.8362424961341759,5.166250110573,0.538412743687662,-2.097320480874467,358.966876024955,66.82412482045454,0.5,1315.0233825493426,1331.4672679105834,1335.2793758873377,1322.2956196142122,1320.0270765222415,1311.948355450066,0.017930437282064268,-0.15898313008272666,-0.23943338500423103
2024-10-08 00:00:46.725959,46.72595886603669,12.971906207465395,77.59469199644717,20.131972849781512,4.93439784314617,-0.12589017441102948,-1.0053673722487986,5.037349894899228,-1.6561832822042017,-0.5173011298954631,359.03304038828105,66.88848493051847,0.5,1324.5125248604136,1326.31366303303,1322.3157942229316,1320.735218541754,1325.498743438897,1318.6003886387293,0.33442382890888916,-0.0005691745273927626,-0.30404929748971493
2024-10-08 00:00:46.826014,46.8260144524736,12.971910819553043,77.5946951419213,19.81357190442473,4.9238958928715215,-0.018319531061874637,-1.2554966905396299,5.0814720612251065,-0.38851715540985055,0.479652321770227,359.05719247363356,66.6582436274697,0.5,1318.4256539658404,1317.5384296065479,1326.5574970834502,1334.6316987094021,1322.0383670863555,1320.6654074359456,-0.10945485911795762,0.29774168082747293,-0.20692874652384388
2024-10-08 00:00:46.926070,46.92607003891051,12.971903360479489,77.59470356077873,19.88073393449843,4.3025076993686175,-0.03213627227626176,2.431713791175426,4.9422502167853475,1.6569177431885338,0.4638161703058311,359.16031721747345,66.71833287888549,0.5,1318.6456718086781,1345.3099595515246,1324.768451615003,1310.754574402447,1321.0420188300664,1319.3968059101112,-0.0435429994681457,-0.024103545035041165,0.16153331254988426
2024-10-08 00:00:47.026126,47.02612562534742,12.971900520253797,77.59471964876303,20.300185003270283,4.717671693892368,0.1069599043518659,1.1316823738770267,4.85268705232845,-0.6957862503154033,-1.0089119270394735,359.22135174155244,66.52280601118645,0.5,1312.8703808097196,1321.342650420464,1323.219047760625,1325.937232013514,1326.5450776788189,1319.832550419828,0.5685793467744598,-0.1801800413426173,-0.48856753838511413
2024-10-08 00:00:47.126181,47.12618121178433,12.971911034533758,77.5947217043628,20.107196221655588,4.858285817171394,0.12312572031931764,-0.8181322145698857,4.9282290272317795,-1.9839870611976766,1.7732669766836284,359.35976590657407,66.3723979945949,0.5,1320.3430652680058,1327.5569608276412,1330.2219836455306,1331.5639561897565,1331.6046227656477,1324.5069819103887,-0.26501015927472127,-0.4382005682940995,-0.2476465091047663
2024-10-08 00:00:47.226237,47.22623679822124,12.971899316208834,77.59470872892868,20.13646760624685,4.588458474124686,0.03215655173366062,-2.2421467277639664,5.107074227129336,-0.13488573503022042,-0.3061610493305443,359.3357781254802,66.34937276684978,0.5,1336.1929748749458,1325.0225958668607,1317.0932735453378,1318.176630837002,1323.6717061233098,1322.5412832152608,-1.0127089912956493,0.5771516761420491,-0.334601676566906
2024-10-08 00:00:47.326292,47.326292384658146,12.97191533158671,77.59470919032911,19.658517610207547,4.778168713065336,-0.05266107416919023,-2.3932375005318107,5.344273119255869,-1.1909917764758018,1.2067045702505468,359.31736886595667,66.08961532072288,0.5,1332.1573501449184,1329.7050071200283,1319.5982099603405,1321.0081235248815,1320.0222820268668,1325.1427714124206,0.02393904001351555,0.06164097213486692,0.2840542908358672
2024-10-08 00:00:47.426348,47.426347971095055,12.971909356896628,77.59471631685685,19.657554043049824,4.874750064170589,-0.0929798379360872,3.7601946250955933,6.157182558361542,0.9147239070395122,-0.619532001615296,359.3064359084843,66.20147095825963,0.5,1331.534944894651,1329.8856123823705,1322.5505503512888,1328.7080130520633,1310.3533102745666,1324.4323078673374,-0.31866356248315475,0.09034220976615114,-0.5232964741394788
2024-10-08 00:00:47.526404,47.526403557531964,12.971912403078564,77.59471687030144,20.410974566869253,4.661478548927988,-0.01133178925709378,1.7233459246076137,4.969852296338918,-0.31042062786456887,-0.8213262001980919,359.31479224058916,66.10405754624814,0.5,1341.6464343145262,1329.9456897033317,1328.574965411845,1334.2292033904835,1335.0032293996585,1325.9695106302966,0.022501162953926814,0.1033044792002455,0.3039326438211662
2024-10-08 00:00:47.626459,47.62645914396887,12.97190239102447,77.59470481738717,20.00241481729037,4.756352245423655,0.23938389108471736,-0.6239260394776522,4.803069334560535,2.4133699937840154,-3.0271984977902284,359.15587877308576,66.05378046306862,0.5,1309.3644333175837,1337.3984049250882,1321.565512067948,1323.9129416240555,1322.9844093872011,1317.8144607407494,0.2996862686975962,-0.39780987634544457,-0.25859334597009137
2024-10-08 00:00:47.726515,47.72651473040578,12.9719029538364,77.59472029195969,20.286119995322863,4.8703415717648815,0.20866935156120503,1.2146418839820825,5.023855574184606,3.6173972027247805,0.6896273098125931,359.0980802289468,66.0354173602819,0.5,1319.4751821137622,1325.924690125565,1329.997502011894,1314.4020433816045,1313.231123518567,1329.869969090434,0.19930707884848264,0.27641248662152507,-0.3145603384403132
2024-10-08 00:00:47.826570,47.82657031684269,12.971904642617382,77.5947114984954,20.245478229315687,5.0436113272818295,0.036936604067664684,-0.050631366330961214,5.044000700700008,-1.252220447475782,-0.6416768157100038,359.0641615885353,66.03843050519355,0.5,1323.3578693127,1314.4314988262365,1328.030751434288,1315.8307583025012,1310.9484162395588,1331.1467967910019,0.23670118939128598,0.010689219535020876,0.009327959269962207
2024-10-08 00:00:47.926626,47.9266259032796,12.971901549812934,77.5947189046982,20.27598809322217,4.680420368186506,0.04165211039497429,-1.3203078866528273,4.863258438207158,-1.1589623457847227,0.9447185243906664,359.1804308674964,65.66280646494708,0.5,1318.2577290973143,1330.109526455443,1326.8915737307584,1332.0126984508895,1323.665355733876,1330.1945915583478,0.3555180052107755,0.797473326364178,0.6475867990760251
2024-10-08 00:00:48.026681,48.02668148971651,12.971898289562342,77.5947080879753,19.981269869563036,4.717040542394479,0.050306267099712455,-0.44562490478966765,4.738310221468357,1.8024518555979756,-0.6908397185561208,359.29404418495517,65.69492335281619,0.5,1335.5716753417685,1327.6456771848132,1336.9052449272135,1324.2709815283647,1321.8214437290844,1315.629998890599,-0.1354173681639507,0.09069179289547426,0.15726371871480074
2024-10-08 00:00:48.126737,48.12673707615342,12.97189101230113,77.59472033752931,20.186813570862927,4.843713879038969,0.12190913907125804,-1.2487650932277319,5.00358274022204,0.5091689553138087,0.5200453113213532,359.38172155854966,65.74192514941811,0.5,1339.5360947696809,1318.9151101225905,1313.2127808741052,1341.7192980817108,1345.218301829318,1329.3372879316576,-0.38642597273543516,0.5097007103196521,-0.06750303435911459
2024-10-08 00:00:48.226793,48.22679266259033,12.971894787582382,77.59472613433334,19.731378022113354,4.660998902825782,0.05434385415750389,-2.3707034833579,5.229540996362216,-0.08341463648649668,-1.9589139162209257,359.47879126082734,65.80685561073312,0.5,1312.1108545404509,1322.186525406175,1328.1003994414866,1327.76916449081,1319.3093625174245,1328.8833845723739,-0.2856166587438599,-0.246761090896329,0.4670939677421844
2024-10-08 00:00:48.326848,48.32684824902724,12.971894802432995,77.59471962780378,19.712409316272147,5.082898681479275,-0.013889280495312089,0.07835784113299837,5.083521601170143,1.3303483551821074,2.2569730650111657,359.42855909884224,65.74556354649252,0.5,1323.163110576821,1316.3367085996936,1331.2895334220418,1320.049898952329,1326.8604563487122,1324.8216858783421,-0.10724740861624603,0.11633478681633477,-0.27648583823918294
2024-10-08 00:00:48.426904,48.42690383546415,12.971890704959614,77.59471641033186,19.747058301606337,4.376871284049988,-0.039586937515421146,1.1326022585984248,4.521211921481396,3.5168146541254837,-0.03468049080915677,359.3337154973773,65.62121992184036,0.5,1338.3797187056607,1330.7822029680333,1320.231239619692,1310.2507098286458,1321.6824559583215,1335.0735641301055,-0.267862247909704,-0.3038511673523993,0.10967851879414212
2024-10-08 00:00:48.526959,48.52695942190106,12.971902469942057,77.59472637086921,19.93905568263981,4.531237431122627,0.012985868361522797,2.432307684946636,5.142800984311405,-0.9126887003600561,0.4778757996151418,359.4569989150484,65.59821775657505,0.5,1341.3702508654667,1318.767677142755,1311.396882676268,1317.3979470183879,1300.9234802832893,1315.373900681185,0.1753363300661646,0.22813571654017137,-0.27296423347198623
2024-10-08 00:00:48.627015,48.62701500833797,12.971915215195722,77.59473911449605,20.23379024523101,4.99635684381915,-0.09204971740805426,1.6990716359303946,5.278153018365094,-0.20033351836248303,-1.59777973930542,359.4199843205643,65.60081964904904,0.5,1316.7980959234703,1328.9017514624734,1334.5122294410285,1317.8469442786907,1319.7575810442509,1333.7454682926466,0.03067365927532439,0.5115265638077683,0.810639955432159
2024-10-08 00:00:48.727071,48.72707059477488,12.97192972640067,77.59473247824674,20.27905890050248,4.902887290386076,-0.31556364674184756,-3.0448561766740454,5.780054786418933,-0.6571580121183151,-2.0514138583416073,359.4984377879764,65.39000489859177,0.5,1315.4981705218472,1315.0601984824418,1325.352538734053,1327.4684981476819,1318.275089144148,1319.1842873219564,-0.01740607508705164,-0.5094417204507066,0.1326499688149312
2024-10-08 00:00:48.827126,48.82712618121179,12.971937901074588,77.59472677892363,19.624480504484676,4.9074956794766385,0.013209081705225457,-3.919353598911627,6.280527124153107,0.6450041076428775,-2.818708267466783,359.709672357451,65.19119997385542,0.5,1328.0119457786482,1325.763930247775,1305.0607150333085,1325.7807849400813,1319.1960915853354,1321.486443255395,0.1744365042413004,-0.04608840874265265,-0.47858329465695215
2024-10-08 00:00:48.927182,48.9271817676487,12.971951203586347,77.59472737997804,19.494752454917055,4.9913853588396515,-0.15180966472114646,0.5327817510138573,5.022034485042389,-1.4406834728293223,-1.5630566884632495,359.8888957518526,65.01691747474419,0.5,1328.3042408102372,1325.0422742034157,1312.3709484869999,1319.235571668776,1334.6146926833087,1323.7351528949948,0.20212881483580256,-0.2058445703813563,0.25124372926978594
2024-10-08 00:00:49.027237,49.02723735408561,12.971946774002616,77.59473851035331,19.731096085565827,4.865304729852834,0.36351109233208256,3.0462132205218637,5.75176020131742,0.1905035963907648,-2.5999477579262753,359.91772041704263,65.04069491086682,0.5,1326.057994593773,1330.2091799067096,1315.2340737502398,1326.4734698037687,1325.9499172128894,1334.0787871777632,-0.050135682029900014,0.5176282481869752,0.17887280403959474
2024-10-08 00:00:49.127293,49.127292940522516,12.971936869363955,77.59474384292677,20.104333755299415,4.6797351577576505,0.1643079107944568,3.351308570656016,5.758314629477546,-0.9320498324633264,0.6425598023329663,0.07073584874043645,65.11236898521847,0.5,1317.1344400802257,1333.058354217101,1327.7567309558938,1328.2271150023685,1330.4942990909308,1327.0858382174406,0.08120292090341627,-0.591201057999691,-0.5777082149035152
2024-10-08 00:00:49.227349,49.227348526959425,12.971934961610293,77.59476765235155,20.40173037430188,4.912820564309245,-0.2727009449115323,-1.0920825976058381,5.040120643640285,2.338868835343611,-1.717168739372339,0.059898275054821065,64.86982852335824,0.5,1338.3037088010055,1323.6082451160592,1331.0597113980143,1319.5538400991654,1319.0938975576632,1325.945583816284,0.0425841860063063,0.22910873257720668,-0.47466778665469433
2024-10-08 00:00:49.327404,49.327404113396334,12.97194756709274,77.59477149270975,19.885795825817425,5.085908615904868,-0.02209234702734801,-1.7468307724360415,5.377580521820389,-1.4887484540218645,-0.664794539481584,0.07457004248242881,64.68768381819488,0.5,1323.7943602430842,1325.7107317084406,1322.4673969508162,1309.3523543586418,1317.206633109132,1326.3237962930573,-0.5126835771790683,0.05020972332258452,-0.1436312649487626
2024-10-08 00:00:49.427460,49.42745969983324,12.971948924531583,77.59477387967661,20.052170019617627,5.195752219249756,-0.19907916485349694,1.1162469369976407,5.318033552176419,-1.0795003113612762,0.33363151422607124,0.09561997031512019,64.89353616391371,0.5,1320.4529057302623,1331.0182956660253,1338.8159232948233,1324.3053068507252,1324.527446833628,1324.145260560967,0.3335671914884101,0.43992859494799713,-0.22130435942380056
2024-10-08 00:00:49.527515,49.52751528627015,12.971935131695156,77.5947646290775,20.10916930959683,4.911679953564237,0.01610236770937591,-1.1122782635744102,5.036072099177169,-1.1635408216321794,2.635805350969531,0.08416232778951786,64.58881941091421,0.5,1333.4736246588939,1321.1519951675646,1323.4771370758867,1326.6665935104566,1322.1558366345976,1317.4379476957722,0.11263023208167272,0.23232863556530903,0.23270908116977498
2024-10-08 00:00:49.627571,49.62757087270706,12.971937303436995,77.59476396281539,19.829590711731697,4.802959137136396,-0.020464432969574085,-1.6308544441494206,5.072328999978281,1.6101685657656248,-0.9099778056360186,0.05652817123563234,64.52585642115997,0.5,1317.4730385202718,1317.3558455814248,1331.2130130449566,1320.4427074388516,1320.4550137584783,1321.4955189145119,0.12279296656106253,-0.20319344288705557,-0.04526743265510555
2024-10-08 00:00:49.727626,49.72762645914397,12.971930213109902,77.59475640742278,19.782817113991612,4.868458034007134,0.08772092598713814,-1.5263651611137306,5.102878520482964,0.009854242030633637,-3.598645623728026,0.004276584139172257,64.56734500649037,0.5,1319.4277526480384,1337.4712991887516,1326.1771284469246,1325.4638995841635,1316.5845944582597,1320.6320432623063,-0.252611016198093,-0.0941540563703982,0.10052523736806813
2024-10-08 00:00:49.827682,49.82768204558088,12.971929975573044,77.5947591482029,19.524147989107494,4.737749013004334,-0.0346768454683847,0.82260545054244,4.80875741965607,-0.11381151401313984,-0.9106717309678275,0.14465608834812066,64.55626146923906,0.5,1316.7179899927228,1312.5731375404896,1305.8120784372063,1316.5088800751005,1314.7091533352252,1315.0603206948992,-0.17696538815885468,-0.3128288263998396,0.31767474229071124
2024-10-08 00:00:49.927738,49.92773763201779,12.971927039274012,77.59475699718413,19.947429655512053,4.887991175235431,-0.1890623669365811,2.8087539952559695,5.640682699251704,-1.7510138337401504,-0.8674794913334197,0.2676127549523769,64.4637397084409,0.5,1315.7223929688714,1308.5294587490514,1307.3559515991649,1324.408991575003,1328.3783886766244,1319.4839495440801,-0.4579400633732197,-0.14108934287263222,0.21865172707906286
2024-10-08 00:00:50.027793,50.0277932184547,12.971919957194643,77.59474701693208,20.08621104541219,5.136270345868056,0.189408273797351,-3.3986312807611085,6.1618051853815,-1.7659201838579461,-2.052892356103868,0.10447672632775709,64.7754441972869,0.5,1326.4978953537181,1333.4297781815833,1321.1919656510563,1326.4920311367086,1323.9557486120523,1335.7024566010018,-0.40000809276435234,-1.0017374355925635,0.1289093752751195
2024-10-08 00:00:50.127849,50.127848804891606,12.971898063757314,77.59474672981379,19.267325563753303,4.804640114766228,0.04992106398496726,-0.5649005940991998,4.8379924996080605,1.4747356904715938,-1.2500508317774286,0.08430420373062521,64.45145778985379,0.5,1327.0363423302615,1310.6644664565265,1323.6667062455367,1325.4517430571425,1300.3124590205982,1306.5321199948685,0.6542884346936695,0.24717426638430842,-0.39624109109225547
2024-10-08 00:00:50.227904,50.227904391328515,12.971905863319666,77.59474656643897,19.97316812496988,5.025747749885346,0.13711203115051504,6.00857668566502,7.834534698505142,0.9225948022825019,-0.8423696435460696,0.0010077384262190264,64.26897056588103,0.5,1324.7403568822226,1322.797233878942,1326.1236564690744,1318.6977440945736,1309.6427088556893,1332.6604727009574,0.36305204631222865,0.03907524023897583,-0.2864696774706316
2024-10-08 00:00:50.327960,50.32795997776543,12.97190793509613,77.5947585972769,20.469708891624034,5.016549136672966,0.0582901435112602,-2.0253567125601393,5.410289529646011,-0.06483643779702748,1.295702601117896,0.1297375092843756,64.31195636924143,0.5,1327.175505820585,1328.80577882054,1329.574467054989,1327.2755366981016,1330.556016394766,1328.5724915083085,-0.26641532235793364,0.20936494927428226,0.11996536649552585
2024-10-08 00:00:50.428016,50.42801556420234,12.971916618897408,77.59477194542738,19.567871617731697,4.740278277540243,0.006134984708833007,-5.874875034448891,7.5488033791421625,-0.3029118483319614,-0.8672094159910422,0.09868266866014466,64.35243422076407,0.5,1320.2976083669946,1328.6271528733803,1333.2332258336257,1329.2333414594343,1333.6834702593362,1328.9095900192153,-0.41159503206948006,0.44459833414159977,-0.09175226767132254
2024-10-08 00:00:50.528071,50.52807115063925,12.971907876326691,77.59476420969132,19.294080757993353,4.718715588356591,0.0019886722734443435,2.366257450840905,5.278774013184974,-0.9749277064660264,-1.4723501302676083,0.21080740670657006,63.971647254407536,0.5,1331.7229375266456,1321.287380037835,1324.1916347598642,1320.3233508956203,1309.2079121970366,1319.7252276149432,-0.5164966826983334,-0.21546961612686252,0.28548995450292164
2024-10-08 00:00:50.628127,50.62812673707616,12.97190869496421,77.59475740975537,20.041386171540882,4.836388854093508,0.0727985627687715,2.7645001637848736,5.571213326943037,-0.25434139960125424,-1.4359601261590662,0.30915744563700764,63.883857080647935,0.5,1322.845811261092,1320.7954886528707,1313.3903359298258,1320.7098847440743,1327.8910222183997,1327.4287689392104,0.37248029453820003,0.5345120137005951,0.026236689935627854
2024-10-08 00:00:50.728182,50.72818232351307,12.971908695233912,77.59476148765792,19.847288128178207,4.9773440624163765,0.16985535865880985,0.7546447743575442,5.037091769463985,0.5507466159574963,-1.4307915326234895,0.18046087154842258,63.98925794147671,0.5,1323.0634365768867,1328.8189473564667,1334.5496394547818,1320.6438120901348,1329.48934184323,1324.6728109236342,-0.06519007321370934,0.2375191325229148,-0.22418679558163304
2024-10-08 00:00:50.828238,50.828237909949976,12.971905891682928,77.59474805515359,20.192399022440668,4.744764610178505,-0.2502322622267625,-0.11445460891782488,4.752736816673529,-0.7825024531876594,2.964719810912408,0.1795459474242301,63.538872807102955,0.5,1314.5820927189461,1329.6276410231822,1331.3850835789053,1329.2712547865008,1328.7259013679356,1336.167352327169,0.23627063417358726,0.0009572463363801407,-0.3845271663638204
2024-10-08 00:00:50.928293,50.928293496386885,12.971913535479677,77.59475871599389,19.824384482146847,4.725034606378997,0.18208812407322764,-1.2210719713451255,4.883658963892985,-0.34795327605719967,-1.6025248290571983,0.2856500021543897,63.63340156552366,0.5,1327.6457868546097,1320.7005784815208,1325.7718648329314,1322.6458326394306,1332.7234807007683,1324.2097380679575,-0.4501408298293936,0.46570331732755144,-0.8655314052700038
2024-10-08 00:00:51.028349,51.028349082823794,12.971915355497948,77.59474825374073,19.94804887809145,4.864717201847273,-0.2521561258546127,0.20632532420934524,4.875615479625609,-0.4064776424998119,-2.772848606063817,0.21626715432030752,63.69472915703368,0.5,1312.1636949737251,1313.4820665699683,1313.4539956541682,1321.2297596695726,1327.9834526626596,1306.3423971323673,-0.2437857830173241,-0.1665832273151831,-0.20168401897620813
2024-10-08 00:00:51.128405,51.1284046692607,12.97191098149136,77.59475155521602,19.86567248476795,4.565565722077922,0.22082644632576962,3.3861198288799415,5.688493840863651,-0.2505270265632686,-1.0998104157105575,0.16661320073275177,63.617593196981346,0.5,1321.4998648818303,1327.574628926488,1331.3310115061306,1325.2266764961716,1323.6410667032014,1326.2810633610452,-0.21000736690030117,0.27449990147333025,-0.1166490143170358
2024-10-08 00:00:51.228460,51.22846025569761,12.971907795043855,77.59474462650623,20.625649288539908,4.898840299981149,-0.19192496575305643,-0.34355766090983764,4.914621383542027,2.2611810483162533,0.8400831634732131,0.05082077445501089,63.53580554527369,0.5,1324.9283605590997,1320.8829909159745,1326.500282285081,1319.2670739276234,1326.9536284360943,1333.9731392433118,0.07558822261478838,-0.1557060873049207,-1.073831058806081
2024-10-08 00:00:51.328516,51.32851584213452,12.971921570149775,77.59474286780548,19.796922758293498,4.811018216051432,0.37500416439160394,-3.4080681874424386,5.907745184818564,-1.5029119164619542,-1.7974947950592481,0.12385578694536854,63.5933479036061,0.5,1335.8002290156096,1322.1482774535775,1315.3263809039072,1329.0450273199172,1323.1389416456266,1328.8986634687228,0.24235486619900323,-0.03714202080054678,0.5844164740590815
2024-10-08 00:00:51.428571,51.42857142857143,12.97190980137068,77.59474741580408,19.943656766316852,4.762012336367315,-0.23417413986207372,1.9317631497639383,5.144249982872189,-1.548740119477179,1.0696357788726634,0.12410010472667078,63.46023099857911,0.5,1316.465520051296,1331.668006166305,1323.880440687995,1317.9456161774033,1317.5734643023434,1328.3387804322883,0.24879568990532683,0.19058380468098243,-0.16237515538822242
2024-10-08 00:00:51.528627,51.52862701500834,12.97191344637791,77.59475439437253,20.18349014790718,4.599250986124489,0.2305445790210677,-0.3216158390700059,4.616242756205938,1.495035184616033,-2.141425480667514,0.07053989909139577,63.511841338306105,0.5,1331.891237332278,1330.7253069516862,1320.3701930605382,1326.1039361467763,1318.4654020014214,1306.1431676245718,-0.12584106979527168,0.38152163288412416,-0.08577940411522704
2024-10-08 00:00:51.628683,51.62868260144525,12.97190682729524,77.59475773704877,19.879297843545757,4.5082898366487765,-0.1689443285017664,2.0411519661343505,4.951718972863635,0.7687538706114694,0.6381714490948068,0.04162726951825183,63.486344298114496,0.5,1320.7174971444292,1334.6201190257443,1326.1084235158262,1330.9227001336963,1328.6664632110715,1314.5166747206947,0.20005004321173503,0.26773618748865463,-0.5214394123299517
2024-10-08 00:00:51.728738,51.72873818788216,12.97191423714205,77.59475233767306,20.591947461864024,4.91413714591629,0.0019509156738658328,4.230133580106354,6.484040237420622,-0.32365158340225975,0.23903575525282494,0.1073099718866205,63.28121117938651,0.5,1335.7502622484344,1329.1009870965115,1328.2983361966662,1348.8169386059847,1323.0996867889555,1336.9159001481778,-0.19848334757255323,0.8934196914386522,-0.21345559912035192
2024-10-08 00:00:51.828794,51.82879377431907,12.971928705060431,77.59474334460484,20.725794835673764,4.92428676404613,-0.023046543826453197,-6.437287648657218,8.104801265256109,-1.0476664003812448,-0.3758221780315564,0.016169456428868384,63.24248844001201,0.5,1331.5124359004456,1330.7629824580379,1333.6043974911313,1334.8765778421866,1336.9792825311874,1319.9410102404593,-0.20299748898010558,0.1436569465833205,0.14523705851416055
2024-10-08 00:00:51.928849,51.928849360755976,12.971931594431211,77.59475228163767,19.303774280365086,4.51372279433438,0.06523582246195879,-6.098699467041257,7.587627057645583,-0.5968213855863758,-0.46024755820109886,0.023037815878146163,63.085102624735335,0.5,1315.326135087712,1318.0819237250716,1316.975903830469,1323.5980511937469,1324.6714752266926,1312.6518527917628,0.049543158256598135,-0.30131708699989357,-0.7181412549116747
2024-10-08 00:00:52.028905,52.028904947192885,12.971935089430332,77.59475224393218,19.50537693231921,4.5519362002471,-0.2748393189808765,2.0550361863153768,5.001883000375312,0.12203036192514308,0.6281182686488249,0.023450041508972366,62.818412316223046,0.5,1302.159370235326,1324.4676023852035,1315.951399505845,1334.650580881158,1318.5817557461144,1310.5853139810904,0.08800803904198244,-0.5469392500934713,-0.1572692759301897
2024-10-08 00:00:52.128961,52.128960533629794,12.97194146735457,77.594743142676,19.715009981906793,4.747284849567748,0.017898593889774203,-0.10115035816180296,4.748396065784211,1.766674723570813,0.8405210039978613,359.9944433805516,62.98279762764203,0.5,1318.2032382679429,1323.3408570082302,1332.2146063534403,1308.9179956811606,1342.0919272263784,1326.8582545600939,0.22117619179200623,-0.12043341905699022,-0.1742575677031593
2024-10-08 00:00:52.229016,52.22901612006671,12.971947864237347,77.59473743907188,19.48513561551081,4.746884649814997,-0.22989482132159045,2.7024690413522023,5.467092867968023,-0.7243938550573797,-1.5063670945217242,359.8402219877047,62.95567337098654,0.5,1319.217422733729,1311.676062122835,1308.0566417816715,1316.676816196422,1337.8879263463089,1326.1522154698112,-0.1179304630377692,-0.0986329845865256,-0.8596831141780529
2024-10-08 00:00:52.329072,52.32907170650362,12.971944247453353,77.59474180463556,20.25580423142691,4.573897824346104,0.14428439977581406,4.508209959555032,6.423808553732581,1.2067478244664485,-1.3086132134148925,359.8431307946883,62.84278653753625,0.5,1340.3038832280956,1337.1817323276432,1315.4904141828686,1341.0042329356727,1316.9687899118417,1332.586459525464,-0.2778116405033678,0.30507702344024856,-0.5997678103297427
2024-10-08 00:00:52.429127,52.42912729294053,12.971947232400932,77.59474871994836,20.387278798078793,4.622850709089897,0.08799535395046278,-2.088667075806441,5.073561078217908,-1.9026314292176953,-0.22162901463699708,359.8946330156807,62.61398049391128,0.5,1330.169934792245,1327.4612786074247,1321.8923223464699,1318.8300169250097,1331.442274190485,1313.3943678765847,0.31573144524984303,0.17083497083146815,0.49025225243871884
2024-10-08 00:00:52.529183,52.52918287937744,12.971956341833229,77.5947418056677,19.837838613144356,5.039861096209418,0.24487526167071802,-1.400051035150085,5.236440266429889,2.077195310885844,1.070454678231828,359.9971778648212,62.58572472052447,0.5,1314.4655508678238,1315.2208567141008,1323.2236078627627,1314.70634751038,1330.236639055276,1317.9620543372528,0.08822262944628335,-0.16147826370778673,0.43210688942284564
2024-10-08 00:00:52.629238,52.629238465814346,12.971942986336959,77.5947384516265,20.10711294335171,4.924385017144212,0.0833941202180805,1.0204937371622123,5.029704747194278,3.1682780392854175,-2.6261899879015504,0.12140835984068886,62.50555210170575,0.5,1317.470698951466,1328.8021254158336,1337.9529045673357,1324.6621277300974,1328.0582387021386,1319.8921935867763,0.09067798358370013,0.004325723004524614,0.7430186924086392
2024-10-08 00:00:52.729294,52.729294052251255,12.971947329075896,77.59473182917178,20.042050811798273,4.707130013699907,0.05846351185412369,0.5709813395733079,4.741994373492416,-0.30209063860141955,-1.659340013514305,0.11104617293515341,62.403773917370486,0.5,1334.2641783131596,1336.4081190686502,1335.8007678026336,1323.9144230628349,1317.967238004706,1332.8056752977468,0.08874507932329177,0.013926788515641001,-0.6038233971818946
2024-10-08 00:00:52.829350,52.829349638688164,12.971957272459226,77.59474010528967,20.221372688902786,4.757898479346459,-0.22734233295012046,0.8112783348258716,4.831920426981014,0.9279406075439296,0.3233476021659872,0.07415426380314771,62.48510313159094,0.5,1327.9622876160317,1331.100662679478,1321.6550471727587,1336.7889867018873,1333.198063147586,1342.5420797153859,0.011280255151770892,-0.21569598860061304,-0.39203419102130616
2024-10-08 00:00:52.929405,52.92940522512507,12.971950974840233,77.59474443169903,20.204396670907396,4.5551391846135125,0.042353096713405376,-2.536669666072868,5.213998443687618,0.5736157000106019,-0.6493752680306162,0.11661851050985148,62.360685496404614,0.5,1314.721550468129,1329.2725467694665,1314.7346661631032,1309.152710004705,1317.6859693755534,1326.0264497569235,0.2324728770638054,0.08510821349802368,-0.4571792826240839
2024-10-08 00:00:53.029461,53.02946081156198,12.971962720242335,77.59475297526095,19.713756746831507,5.025856518177947,-0.028259974135804423,0.5917430043818825,5.060651356365582,0.8305538405218656,-2.789889915781165,0.13569375536451717,62.15685895168221,0.5,1321.8854163141793,1310.4128439455783,1336.7985832724958,1337.7768868245978,1310.7631916007515,1325.9001849937601,-0.054818282632652836,0.4462382648259376,-0.1971691032771126
2024-10-08 00:00:53.129516,53.12951639799889,12.971975209180771,77.59474764808961,20.32281105755413,4.371136069650983,0.04815220752208445,2.3366410138702634,4.956716695776928,0.9920597615485315,-0.9009291889328105,359.99628296664866,62.2713661072468,0.5,1341.3624881735784,1322.0725623211476,1330.7268145498615,1327.5831192647279,1317.4337127113388,1309.5970495517051,0.38079013123953687,-0.24169115700235455,-1.22332480039288
2024-10-08 00:00:53.229572,53.2295719844358,12.971970037592776,77.59475141479145,20.181344720702153,5.150901390721828,0.013489011839989995,-3.9568422594040413,6.495272723772741,1.3069606435699694,-0.49749474679464467,0.056640690331817886,62.28951184995368,0.5,1317.1903403689082,1326.6212204577942,1336.148763411947,1327.2033591862191,1338.3518119180164,1326.6180805791691,-0.38193570062393667,0.805102918645182,-0.7365154393495236
2024-10-08 00:00:53.329628,53.32962757087271,12.971972124295,77.59475175178972,19.5310027121481,4.704700627696448,-0.03530972702968549,-1.9954369962814695,5.110501304099146,-0.20959813990824985,-1.0950943832425342,0.15666159335064728,62.083518578960216,0.5,1336.6160952449295,1306.4580882952785,1314.2924491970316,1308.2245313159556,1323.5192468701644,1322.5589868802022,0.25479703225400147,-0.11646625524618044,0.5883860654862317
2024-10-08 00:00:53.429683,53.42968315730962,12.971972985019756,77.59475439439063,19.78203548298046,4.650097618966817,0.07298334104680823,1.2188357033835615,4.807732823882138,0.0068185873067031135,-1.2575860551260252,0.24013639716071544,62.10727351921182,0.5,1326.4535979766017,1317.544868028898,1317.1047990106329,1338.4270292686447,1322.4870037352543,1321.033163873315,-0.22260377277456472,-0.041596950742946455,-0.3036472061777614
2024-10-08 00:00:53.529739,53.52973874374653,12.9719810877431,77.59474754186958,19.77490535429267,4.8886186871298625,0.13221281842078964,2.4105699928231985,5.452239960585897,-1.3063970814076549,2.040918741316079,0.1680850178027307,61.82271021126652,0.5,1321.1037626630157,1320.0807848126612,1322.9659993082205,1312.5323971637958,1331.6595699338188,1334.646868415317,-0.2561049449052176,-0.20289099903485683,0.363164417513502
2024-10-08 00:00:53.629794,53.62979433018344,12.971987121038739,77.59473433870207,20.264417471538742,4.796481282448733,0.22978811574090044,0.5741034938782548,4.836179286658014,2.268494001243284,-0.17119982514789855,0.17726648796300984,61.74663822375697,0.5,1341.9331693294332,1320.2301082072534,1325.863362904974,1327.942906048107,1326.2840588380511,1317.6182053154744,-0.14950736884026364,0.001954399821289206,0.5612227673152487
2024-10-08 00:00:53.729850,53.729849916620346,12.971994412644758,77.59473800923197,19.889789877803604,4.793848235759122,0.04469069986596188,-1.6176815599001202,5.059631586922732,-1.0701848091605395,0.8782057476609488,0.020529469903258685,61.69624640306829,0.5,1322.7182125161337,1322.6694818992157,1326.4812538786985,1329.6061771673305,1329.9913280097774,1319.203017749955,0.36061538703030194,-0.2420286448530701,-0.6119020592932912
2024-10-08 00:00:53.829906,53.829905503057255,12.971990995862178,77.59473255663411,19.94070131725078,5.082527109613871,-0.10582851756514386,0.04266000377164403,5.08380776298748,1.1847825607398204,-0.6772903637415056,0.015797494719430698,61.92686429397948,0.5,1328.691669720245,1327.439372984358,1329.328898634521,1329.7419344587506,1326.519517134029,1298.5558519652784,-0.038972236020947876,-0.4322156160865474,1.022215396239574
2024-10-08 00:00:53.929961,53.929961089494164,12.971980848357394,77.5947330577718,19.89832662119315,4.769999013297652,0.09539441237751947,-3.9560493515706696,6.19776711024512,0.7998669673144706,-0.22109038362308792,0.10647474993878323,61.60036145789845,0.5,1318.5829669527764,1341.0300630910297,1317.8450036450129,1315.458603316116,1315.010479405868,1322.5140234150206,-0.04045557226335565,-0.2693342522257203,-0.21871420819533274
2024-10-08 00:00:54.030017,54.03001667593107,12.971984334789639,77.59470448871119,19.149051641561268,4.886727496698018,0.17492367053066568,1.3516119409925125,5.073219762293957,-0.4304797356563719,1.041785992309776,359.99480246482335,61.41142515923134,0.5,1332.1771375231826,1323.1812100808684,1324.2644336202338,1321.3978278976247,1318.421255200059,1321.332777898977,0.21783429788549832,0.3048185516695803,0.501286519545416
2024-10-08 00:00:54.130072,54.13007226236798,12.971965876524434,77.59470559318629,20.16879927197542,4.786069271881818,-0.03176576618113229,3.64501744127962,6.016113387095115,0.5586758789791454,0.3029289215480697,359.95126958924493,61.64076114213596,0.5,1330.5410850114838,1333.23018190813,1324.9596990561245,1318.8511924076984,1317.3326225125743,1328.1299724195405,0.5912378385583111,0.2884360319150587,0.004821200863054415
2024-10-08 00:00:54.230128,54.2301278488049,12.971975834183889,77.59469576365923,19.87846035688119,4.70598016907659,0.20020878024292804,-3.5088629288280657,5.873538282903446,-0.8296073561338709,-1.804750462889222,359.99036788582276,61.33970673704008,0.5,1317.1904045091212,1326.2633204893793,1328.1784229137031,1319.6201025283433,1327.5352594266183,1325.1178192298048,-0.5733948873926888,0.29325458063612064,0.573475882888381
2024-10-08 00:00:54.330183,54.33018343524181,12.971970694141124,77.59468789257039,19.46663659583416,4.411448759157096,0.008902920107788639,-0.29529368017963975,4.421329864894631,0.6022955097374212,-0.9418034542705862,0.1593456060192736,61.32617344684908,0.5,1329.2548233600414,1326.5863587664044,1331.3721163322805,1325.633365416499,1316.714727918004,1317.350992647242,-0.6007862994038362,0.3754805207391721,0.24677290530352106
2024-10-08 00:00:54.430239,54.430239021678716,12.971958565377538,77.5946962948888,19.81936879219822,4.81730132699864,-0.15024744250004676,3.610887991732369,6.022248621396968,1.3859023271563837,-0.07028057664585208,0.01036534292273883,61.37928658842937,0.5,1333.4344936385783,1316.576248022378,1313.963360116107,1322.3264026271966,1307.634010348035,1325.5057945853816,-0.1711451555607447,0.03196724360569649,0.347352881375431
2024-10-08 00:00:54.530295,54.530294608115625,12.9719716379564,77.59469539215056,20.18921562697571,4.685205835115746,0.036690829586633465,1.488878227175931,4.916223988971305,1.6099420962366304,0.852651837633213,0.08692794456636302,61.108859545038236,0.5,1324.1642824286857,1315.4535728302383,1326.6192340926523,1322.5095148271255,1328.2141980541462,1329.2672987977428,0.02556693631324988,0.03217465728272754,-0.1061356655146275
2024-10-08 00:00:54.630350,54.630350194552534,12.971980362370171,77.59469668142941,20.117309960504684,4.346777757465432,-0.22983558762584827,1.5343650724705924,4.615363197599211,2.1378879393321157,2.366427712085393,0.0010150209026745655,61.04110003712695,0.5,1328.117464443654,1327.8641655255888,1323.560468081327,1313.296896297131,1314.3783735824481,1333.5404868156156,0.3509598243579986,-0.20481246258200336,-0.018266898262263402
2024-10-08 00:00:54.730406,54.73040578098944,12.971986535863053,77.5947040074636,20.496259221244422,4.960954314551164,0.09563064371000407,0.8176433335163011,5.0287924546479195,-0.9787107229219132,1.4251708035938693,359.9759836442663,61.0313626272535,0.5,1311.4978007297182,1318.8166040414862,1337.962884423088,1327.0275792483992,1318.6824169923389,1328.9563286466534,0.1942965218658889,-0.017054531074590516,0.12964566840772768
2024-10-08 00:00:54.830461,54.83046136742635,12.97199900752934,77.59470764438747,20.28092952696709,4.800803094636407,0.14436725274678036,-0.798855935252206,4.868955027767646,1.3699187049699062,-0.013630100366971647,359.90943173869556,61.14142967418225,0.5,1332.062156789928,1314.2244284292487,1318.9547737580672,1322.5583847728628,1330.2091548648973,1335.1810222316074,0.0867923913193916,0.029381991960614223,-0.09174191322080485
2024-10-08 00:00:54.930517,54.93051695386326,12.971996051216577,77.59470905607704,20.33639922308389,4.819648858443738,0.168321805622114,-1.1859828503280596,4.966276539845338,2.0154657932110998,0.9199550327592334,0.06908455729393169,60.81458813910075,0.5,1315.9473237977343,1335.0025096756754,1324.7123729995112,1324.4403308051494,1329.0076315539034,1332.4936232713208,0.6490492272702209,-0.342158314052084,-0.4465055065344701
2024-10-08 00:00:55.030573,55.03057254030017,12.97199998669257,77.59470108118582,20.043601107779708,4.682391898419263,-0.11577208278535167,-0.604384395956302,4.722655774414464,2.7993443353741183,-0.04583634995461367,0.18486411628520988,60.839700999851075,0.5,1321.5824515544398,1318.3579570081047,1317.4323960768584,1326.393205949466,1323.82351925685,1323.614620011158,-0.22418856614899613,0.09151628341873391,0.16735821269107007
2024-10-08 00:00:55.130628,55.13062812673708,12.971995900312079,77.59470655188318,20.215455152742443,4.938679674950227,-0.13549105444275486,-1.2338989614248987,5.092290388872764,0.7325051999823194,-2.314846475466494,0.06163635212035928,60.74531951862238,0.5,1313.4500741553018,1328.7065352818936,1320.9305034216993,1339.471748752032,1327.2232761252515,1333.381261565015,0.016366904408296974,0.534834546714124,-0.16682672128376888
2024-10-08 00:00:55.230684,55.23068371317399,12.971999925566536,77.59469881413973,19.796684139401187,4.904562297662831,-0.09866973296971636,-2.33098972153698,5.431204298290671,-2.6261660295573748,-0.5720843788055587,0.11537589451108574,60.76401364890543,0.5,1326.2117322016068,1325.3428165713512,1336.7830180232515,1329.3382789339707,1318.2751865507091,1329.6012145692384,0.24060129317308182,0.5177769756225292,-0.22807472075616606
2024-10-08 00:00:55.330739,55.3307392996109,12.971996265481302,77.59470793208821,19.748998065608863,5.137254091597941,-0.03116277000287265,-0.40077671100999623,5.15295766448377,0.5692624942760023,0.5632211088894854,0.14179665054583626,60.55406804546802,0.5,1322.9242764825497,1331.993966498743,1309.9552224566944,1335.1224226971158,1333.3451961945289,1313.9292438086743,0.3958346174814124,0.4151441721786474,-0.19555481356183718
2024-10-08 00:00:55.430795,55.430794886047806,12.9719966784014,77.59470065558988,19.716484241700464,4.659817856372292,-0.1893196982129145,2.3548827402955226,5.224482474201559,0.551383939230618,0.5311999966054611,0.2292953172575706,60.57018630148855,0.5,1326.9052947110429,1325.9593012525063,1327.5947433874585,1324.6244615585335,1322.4057345328297,1321.0161864931852,0.14999195076906183,-0.2520708173909321,0.2826150315565035
2024-10-08 00:00:55.530850,55.530850472484715,12.972005597992169,77.59470367719376,20.22023641274971,4.558572293421565,-0.054539414136554325,0.8506652000564969,4.63758419703969,-1.7255387829447348,-0.4501112152957543,0.34235820087057256,60.47067426430296,0.5,1322.8859033892597,1336.57281653102,1323.6420085839509,1316.3715233301991,1330.1440212813902,1326.5367250338325,-0.31169457059029515,0.20702571459861113,0.5649093902359306
2024-10-08 00:00:55.630906,55.630906058921624,12.972018041607933,77.59470634691829,19.886711852606712,4.842535017199905,0.12053055791302274,1.8737112169204408,5.193791171448039,-1.434522170060954,-0.2200085657060437,0.19269004268783807,60.45036632366749,0.5,1328.0461294578492,1323.4337602498745,1317.7257555398069,1327.6215072106183,1313.678992041588,1314.0386852371403,0.09472240173744485,0.03563868465889584,0.1282589214110871
2024-10-08 00:00:55.730962,55.73096164535853,12.972012720802992,77.59469527339868,20.59518696199449,4.8197077646591415,0.05117283029539412,0.1680316893097853,4.82290744716176,-2.6658222202676676,1.7940164724921455,359.96756233992807,60.39135331062166,0.5,1329.6884778546528,1324.7836510685715,1331.2292906070163,1322.9576660238788,1326.5677471552015,1340.5770952649752,0.44480724124303067,-0.546429579192172,0.13969425163346247
2024-10-08 00:00:55.831017,55.83101723179544,12.972021218992879,77.59469097752202,19.92033687103446,4.664157291400265,0.14724185324861333,-2.5410999929873554,5.313495325737163,-1.3719289522438012,0.7207589830874359,0.15594720365914697,60.44263991187782,0.5,1320.758895928488,1320.2865675014884,1324.6722501536674,1331.010055036513,1336.274990084647,1332.9360948769595,-0.19840475452376935,0.43359766429622265,-0.39308467708717826
2024-10-08 00:00:55.931073,55.93107281823235,12.972025946150568,77.59467531464014,20.086684462008137,4.71103353616726,-0.19081674255830094,1.2029433452191824,4.86593472006564,1.3185010812715752,0.6867050911745305,0.1764375148602072,60.19552406554603,0.5,1310.5803946216095,1329.8914464387947,1325.536232088288,1327.7470825281434,1310.2718870863443,1331.7125967712611,-0.40704088342979466,0.06990563030010744,0.4926060161553943
2024-10-08 00:00:56.031128,56.03112840466926,12.972040216087503,77.59467283820447,20.161059274747025,4.97134292988451,0.030351857516919028,-2.0074338833184555,5.36143288288331,0.49252235418087453,1.7091556794272122,0.11373875642954114,60.13011473004692,0.5,1321.701844724271,1316.2424388003983,1326.514425747925,1328.064193120452,1323.2878952133713,1326.5972076385135,-0.005521744615660771,0.0993534308443312,0.6160264035024277
2024-10-08 00:00:56.131184,56.13118399110617,12.972036279119733,77.59467239354645,19.68497451315064,5.033809550243386,-0.16676140384226792,-1.2806820353952304,5.196844660918492,-1.6208508451921886,2.215693711234943,0.24016559659032166,59.93977937619449,0.5,1317.583768338235,1323.6810382470908,1322.5048800416284,1330.8820959105567,1323.95665033904,1323.0694764265365,-0.29026457979735953,-0.17874161668023544,0.21669008683012933
2024-10-08 00:00:56.231240,56.231239577543086,12.972021518693044,77.59467568847235,19.904780490565695,4.725578116729205,-0.030190659149784672,-3.2486190062679725,5.7345902609598305,2.6235498620358193,-0.3934950370727699,0.3855143752497517,60.05123704612324,0.5,1324.0798312127763,1303.9807105097984,1319.1395217936715,1317.6729265525598,1312.1798489442647,1326.9291641173693,-0.21098769085502916,0.4231560754724675,0.33538525254827006
2024-10-08 00:00:56.331295,56.331295163979995,12.972040798511372,77.59467425568867,19.034889553586233,4.914064541227172,-0.08491034441434704,-3.7254070671354356,6.167162872650391,-2.352272241852236,0.3391865843968286,0.4142910102794542,59.89607424123358,0.5,1319.093781088589,1323.6700597271433,1318.6643790646422,1321.6524729893376,1314.440043977577,1308.9988221917745,-0.38838249206595776,0.33613351791288143,-0.21310982491391914
2024-10-08 00:00:56.431351,56.431350750416904,12.972046153613357,77.59467696023977,19.15928491292881,4.6540646803775365,0.10826178095416138,6.82871336861723,8.26458498250727,1.5876148695607006,2.6794388213091356,0.4165197210688928,59.97779792628704,0.5,1320.9627102532704,1317.8522926593323,1322.9302889802252,1329.2833289739335,1333.5491715039684,1320.1846329268387,-0.22837741305931136,-0.059991540158269054,0.48894802487962613
2024-10-08 00:00:56.531406,56.53140633685381,12.972045875456306,77.59468333459871,20.401391394999347,4.804154222068843,0.11691026273169675,3.8384018395904604,6.150357264511169,-0.5514135855362823,1.0695728853910567,0.373816275930938,59.981828322453815,0.5,1325.709190177978,1340.1465828911869,1316.5730789345198,1323.659390377495,1325.5062632916497,1326.741804257167,-0.03175812941613178,-0.5959486798255608,-0.4577544051093627
2024-10-08 00:00:56.631462,56.63146192329072,12.972044305576878,77.59469489722547,19.92739200701028,5.103672985019079,-0.08871297076870976,-2.346309308323683,5.617874624760019,-0.12548363772579268,-0.7915600557815463,0.26583345249614976,59.795180558236325,0.5,1334.017314662579,1315.6416850563578,1320.0045761894796,1322.2136443644918,1328.0192623659857,1322.7866273874838,0.04881943304157401,0.45380327142762084,-0.37168526665211576
2024-10-08 00:00:56.731518,56.73151750972763,12.972048267935401,77.59469851049565,19.93186868738594,4.944254007149686,-0.18367930620236644,0.30408456094397707,4.957000423133652,1.0143399707609273,1.7058585436664262,0.2694082009153907,59.69918131334186,0.5,1326.2731485731565,1330.1677142690705,1316.4069448637106,1341.8264140246372,1331.4210315177256,1322.0865460644736,-0.03690388534694608,0.243922431472428,0.25547327868626435
2024-10-08 00:00:56.831573,56.83157309616454,12.97204101689693,77.59470133171486,19.9882427251536,4.692348143598473,0.01599426971827593,-0.413410915563162,4.710551507255029,0.6199022295619597,2.238302785516944,0.18919468400390466,59.5337855910118,0.5,1321.270986779919,1323.446512652483,1318.1038400907385,1324.743481509738,1328.249210868473,1312.411388269947,-0.31935363136998596,-0.049021877635183064,0.47046813618848526
2024-10-08 00:00:56.931629,56.93162868260145,12.972035665499536,77.59471622606752,19.849140544193755,4.977324226872718,0.4042053633070359,-0.043286935607198984,4.993897495337137,0.24259209299538875,1.5667672129917039,0.08866359544272695,59.47193876937057,0.5,1327.5662265999924,1313.6591384083702,1330.5159693290284,1328.8514984222566,1315.052023497323,1336.8782695897953,-0.45981669079416193,-0.426956339115242,0.10884825074981513
2024-10-08 00:00:57.031684,57.03168426903836,12.972038056968152,77.59471322153938,19.97958052569913,4.809713058425395,-0.09524071308545207,0.599715230322019,4.847893238850974,0.11403276116027788,0.6448176446249799,0.2932909554050384,59.41981162431364,0.5,1315.787052712968,1329.765611875085,1340.167570183874,1335.5495485631623,1323.5103225129467,1313.6015094960333,-0.08812771907447668,0.2452686748558056,-0.27182623293060443
2024-10-08 00:00:57.131740,57.13173985547527,12.972035526940665,77.5947189932399,19.969150262323787,4.855026478940003,-0.033617782386753364,2.4886330358210103,5.455795693891118,0.8621685026640888,1.4872928222467425,0.1756527419560004,59.42524426263523,0.5,1329.0018594111116,1314.57131811828,1329.1431670954069,1317.3238426308571,1328.1414399893579,1335.9604960752401,0.04555658177071143,-0.31725607578392645,0.7946027740179016
2024-10-08 00:00:57.231795,57.231795441912176,12.972027382921649,77.59471937289398,20.4775838013498,4.39404073007003,0.09235094016803569,2.737123354758779,5.177641054846331,1.2928530953375592,-2.643683719811727,0.08850195901144248,59.335870593098974,0.5,1330.410734715224,1328.428718203929,1336.2629703838643,1310.3033033382017,1332.3281148320543,1319.7825465315739,-0.35838853750062594,-0.3302524510206215,0.2943084970155918
2024-10-08 00:00:57.331851,57.331851028349085,12.97202834856399,77.59471724340969,20.516879227144887,4.973542288533637,-0.181175918020243,-2.229304665415839,5.453324389796348,1.9525074970783696,0.9492167127589738,359.9633458183445,59.02042905045881,0.5,1326.7527885081251,1309.4041382382745,1328.4814867798125,1327.8396901465483,1336.264390178181,1321.9121779475224,-0.2941554935520928,-0.2824331253072522,-0.5879516993319704
2024-10-08 00:00:57.431907,57.431906614785994,12.972030292845016,77.59470240789156,20.031475030060363,4.943427144514987,-0.0718911175204765,-0.08859648868201475,4.944743633770383,0.47718795209864034,0.5432174382985749,359.7820129568566,58.91345043823069,0.5,1319.9220821346123,1318.8933099782128,1330.8590244874083,1320.917055794405,1321.622406971562,1321.6088253523858,0.16074967458706205,0.12016764766279245,-0.29688435662733204
2024-10-08 00:00:57.531962,57.5319622012229,12.972022727954293,77.59470420097105,20.499150079882227,4.918804196858512,0.061410405053328065,-2.255772275087736,5.4117385858831195,-1.063106970473605,1.06794501196776,359.87703723159103,59.03860813452717,0.5,1320.5827380600454,1328.1117336045427,1330.475713514102,1341.707878899004,1334.8324921993806,1333.2309309049135,0.2932706369392218,0.11729757536630367,0.21699305275910724
2024-10-08 00:00:57.632018,57.63201778765981,12.972027444643679,77.594718662433,19.580069794356316,4.496422225363873,-0.20580461246889545,-4.312184934374642,6.233386501373657,0.09394282113524874,-0.3670277128197683,359.9626358816306,58.81458821801706,0.5,1326.8534260698025,1333.8338072055317,1326.46065566314,1317.335931855853,1326.5931080286398,1332.5144987108208,-0.1955907272488204,-0.1639678647675981,-0.14201943999044328
2024-10-08 00:00:57.732073,57.73207337409672,12.972026461763477,77.59471731372484,19.636233695015708,5.028603160487589,-0.09197547133127341,2.2394678658779554,5.505499573634744,1.2475039619459618,2.3425425349884383,0.11606511694426025,58.89658699371117,0.5,1310.4541671772415,1308.5824794194516,1325.609892378455,1330.5348482011177,1331.1081232735694,1307.5335486824292,-0.5774692373500641,-0.22052702160178614,0.5509634833364238
2024-10-08 00:00:57.832129,57.83212896053363,12.97203072468816,77.59472755153011,20.02821233561038,4.746081898263641,0.08489947250142198,0.22407921681606524,4.7521271869412045,-0.6637201812405,2.14939625089861,0.1485311396068943,58.75212848371542,0.5,1335.9568773704236,1332.162302116472,1327.764210360338,1328.573085296866,1324.1297120274678,1325.231901801228,-0.11124918616135153,-0.08763992063991347,-0.4454401458394831
2024-10-08 00:00:57.932185,57.93218454697054,12.972012892511751,77.59471797540778,19.681074449909417,4.542131444932042,-0.07012702434848972,-0.3438504513640055,4.555667788095138,-0.696840980304321,1.4056119971330843,0.04026444279181046,58.761350742880815,0.5,1323.217233627247,1305.6285681469135,1322.7210346326046,1308.895396083744,1315.872332323809,1324.772939780359,-0.4752696816465449,-0.18126179241092982,0.27216511812229993
2024-10-08 00:00:58.032240,58.03224013340745,12.972015753551199,77.59471318985048,19.959404018494737,4.838108746955155,0.0584809322474801,1.2849897286837546,5.006187658250863,-0.9725092583562769,0.21677795553623402,0.06929080926317818,58.788820222140274,0.5,1333.8184648406245,1327.4171023454714,1317.0284894361466,1325.1995116001651,1320.8087170206018,1315.9414493751265,-0.20669365031826661,0.3208987141694616,-0.22294113422372677
2024-10-08 00:00:58.132296,58.132295719844365,12.972016384510344,77.5947098270261,19.93821525164712,4.525726756761496,0.13842980971297877,-0.46324557962365986,4.551479095428755,1.299224174063676,0.5721731928561014,0.04588189346211172,58.652049585013174,0.5,1317.7976312312348,1316.4998333278786,1326.0346886373284,1317.7549016375867,1320.5720760191248,1331.4578288784999,-0.3040117133587869,0.29092906654499934,-0.11123749144395219
2024-10-08 00:00:58.232351,58.232351306281274,12.972012857960115,77.59470702521565,19.86670340222764,5.030932303401897,-0.17918440967400204,-1.271325217429677,5.192172445379251,-0.650240021745468,-1.56280771881424,0.0654961973373407,58.66252760595431,0.5,1314.9357051220802,1333.0552974715674,1328.2072044089164,1321.9237298354105,1302.474079353149,1328.8718779399376,0.22173263873774754,-0.07891452202548589,0.14594510099002883
2024-10-08 00:00:58.332407,58.33240689271818,12.971990387917515,77.59471218342259,19.683808871283205,4.720583320733801,0.07058313353674844,2.8977613501692616,5.539486412048035,1.7334182730697778,0.9554821118411162,0.10242246425057669,58.54378711186328,0.5,1316.083434646183,1321.9950247426814,1330.173231051241,1321.6135548605332,1321.5947042592359,1318.254459677544,0.1968343081637777,-0.2392508208351008,-0.11336997786286826
2024-10-08 00:00:58.432462,58.43246247915509,12.971995601281478,77.59471565120974,20.446577824718428,4.5780271530955705,0.014360962637925506,2.3034874284486477,5.124899334108836,-1.709647783594115,1.2009477699135014,0.09436046074461778,58.49667366130821,0.5,1325.8131585565893,1336.7587878179324,1323.3855775810775,1313.6936091271136,1323.7930559998076,1334.0993427083217,0.2002893903391887,0.36971900372892585,-0.3469146371219094
2024-10-08 00:00:58.532518,58.532518065592,12.97198242718306,77.59471172289159,20.14476244229016,4.630474269413145,-0.040331481659081174,-1.5851595863764487,4.894450888750562,-0.23395649101085697,-0.6309468532424162,0.010141290605222175,58.34127118075675,0.5,1324.124311212715,1330.314141275238,1314.0454367405803,1328.7517440670317,1335.1271757617894,1327.447428844844,-0.23744367283859585,0.14745302354256476,0.1786583359863703
2024-10-08 00:00:58.632574,58.63257365202891,12.971985209420252,77.59473496892338,20.12936968069646,4.78753209179652,0.0046233789497670255,-0.027825026127729302,4.787615182707722,1.1667430174355768,-1.4319773286625677,359.9407746438438,58.29206573174134,0.5,1338.6045665961883,1323.6655591171407,1316.9433667912017,1335.3134136336093,1331.0924404282232,1331.2950564495964,0.24900529083283726,0.07637994316755989,0.3225992134960466
2024-10-08 00:00:58.732629,58.73262923846582,12.971984775022833,77.59473577644016,20.139194343676493,4.89016205832561,-0.0413765369071934,0.30997270412022715,4.9001510233658525,-2.3728382002461457,3.379018163449167,359.9537768746973,58.13413105962129,0.5,1328.9843070888978,1331.9340905794304,1319.292172322851,1337.4334777379336,1332.5115447128223,1330.3757258599294,-0.12943213705114356,-0.16590311088849283,0.43286138758316495
2024-10-08 00:00:58.832685,58.83268482490273,12.971986766504905,77.59472641816748,20.191398682076827,4.964200049118443,0.1693968392901427,-0.6191998175090703,5.005535518886297,-0.14215782287557185,1.1634454153428846,359.994223967386,58.259543880685484,0.5,1317.723768050745,1338.9201510023383,1333.489186747691,1327.3452377130188,1338.20743821977,1334.374876553026,-0.04969083773231147,-0.04708428410042629,0.11255451753685525
2024-10-08 00:00:58.932740,58.93274041133964,12.971975134488243,77.59472969011476,20.0152855419515,4.845495125061628,0.02798642881371365,-2.2016423185456233,5.322296040808393,1.8133580095892297,-0.9695290853739555,0.08226174752707771,58.04028698168737,0.5,1325.1334494280138,1312.5435882258896,1330.487361772193,1325.9307028179821,1343.0180160269952,1329.6563514860213,0.11693654161293485,0.21155961999903447,-0.06210655884408693
2024-10-08 00:00:59.032796,59.032795997776546,12.971987579864315,77.59474124064873,19.75082545546403,4.634141638398407,0.010333230365957503,-0.30161444348419764,4.64395809336238,-0.722785504166214,-1.641958990638909,0.09015901632103403,57.872194494999036,0.5,1325.8353672847625,1319.9024838323814,1322.8568782805953,1321.2166815459448,1329.7096460633088,1333.9062152002316,-0.17423847386251448,0.2563702387037331,-0.45761644585793276
2024-10-08 00:00:59.132852,59.132851584213455,12.971991883325577,77.59473838689999,19.954929121910194,4.757943345800649,-0.042349570501147064,2.5352585320457877,5.391414859967767,-1.1509304703623706,-2.897838755299825,0.06229024964847937,58.04387833677538,0.5,1328.6418832643396,1338.0487893416969,1322.583533398163,1337.2229274732842,1329.5251188353757,1333.2275141138741,-0.554871603473934,0.2520470728869799,0.01692531815467612
2024-10-08 00:00:59.232907,59.232907170650364,12.97198494253202,77.59473168008473,20.25815901385007,4.851504380472643,0.2930053775888877,0.49614848738558237,4.885602340200873,-1.4927252811385896,1.2815713368386608,359.86626949749376,57.79552416985233,0.5,1335.3898930922144,1324.1835514393001,1321.8031592180575,1330.76298207035,1328.9626293350711,1340.290104325042,0.5516623443080463,-0.07030727872285497,0.28245881083612845
2024-10-08 00:00:59.332963,59.33296275708727,12.971988316396743,77.59472790820031,20.054213977640494,4.600053987704512,-0.08143331952982934,-0.10050284095062523,4.601872325083018,1.1891586226456878,1.098086763796862,359.8745895695098,57.78025114424898,0.5,1328.0116954832342,1331.383912069032,1333.1647671337214,1333.9400270375957,1314.5345180595878,1322.4110112266671,-0.5668205848709347,-0.35407802331367816,0.13470489369205038
2024-10-08 00:00:59.433018,59.43301834352418,12.971983695601997,77.59473028423736,20.238047272470286,5.055308065334781,0.18553772528760012,-1.0667935464482525,5.169972181132837,-0.44708590709846874,-2.272838782516719,359.84630628637746,57.88395134097049,0.5,1335.7434954315904,1322.9868686907312,1316.7581519675043,1328.2988974839445,1318.6728336574233,1324.9777240450617,0.35803705542317643,0.040153402102678586,0.06027354619911465
2024-10-08 00:00:59.533074,59.53307392996109,12.971976215521764,77.59474209045784,19.840736669846514,4.84902345870222,-0.014961228743226303,-2.2918318301501728,5.363370719901752,-0.07984484551519203,-0.7381377864998131,359.90597868341064,57.72429488062512,0.5,1303.351561619956,1325.5166423216644,1326.6956962252077,1316.744454220954,1329.75992645579,1342.6800543951417,0.06732947932307229,0.07148912357297188,-1.1637880344017566
2024-10-08 00:00:59.633130,59.633129516398,12.97196406283042,77.59473542874066,19.779426116909388,4.443751851815985,-0.00203765119732617,0.11893586932484368,4.445343677777057,0.30175510752820994,1.0024880894693187,359.93698668686926,57.493518861164965,0.5,1326.5926869950388,1318.9591362191427,1319.518840976218,1329.9914226589522,1319.1826330278734,1327.7123094631513,0.6599434853568052,-0.24689427720608792,0.15335492975757395
2024-10-08 00:00:59.733185,59.73318510283491,12.971965633619062,77.59473487385628,19.864537066153876,4.884688874321464,0.09763998791531005,2.271564911823475,5.387924100689205,1.4867466200788297,-0.3062655762008099,359.9878557684844,57.53140766043118,0.5,1317.0631931898185,1330.668016455036,1331.4023985516349,1321.9885885438891,1310.2994688102985,1342.4218117903608,-0.7901919863986459,-0.14480827895204326,-0.4049488770163155
2024-10-08 00:00:59.833241,59.83324068927182,12.971972888566624,77.59473504998583,20.233991635673394,5.006325632326474,-0.028564715982350088,-0.952482966031269,5.096208009929339,1.8232642522331606,-0.8265498883246325,0.060735429711377374,57.34136278317727,0.5,1334.756612128321,1332.669749871471,1315.2832600171078,1334.5559975538727,1309.822269817648,1326.7383943620812,-0.01031350265212674,0.04265996090527628,-0.8474708063044938
2024-10-08 00:00:59.933296,59.93329627570873,12.971973715268845,77.59472328532536,19.673934582679024,4.947268198759524,0.061428269846386226,-0.49879805069120664,4.972729186087552,-1.2727678413087733,2.2217401401073262,0.1255914094021291,57.28425696282153,0.5,1335.1502997737657,1312.419667122997,1320.3502307633896,1326.9689134148252,1330.382087054074,1339.4458490034624,-0.36538779747246225,-0.18285837005230302,-0.43203606426904123
2024-10-08 00:01:00.033352,60.033351862145636,12.971971905416343,77.59472735286457,20.134176572722403,4.645237951815138,-0.13105794474963361,0.6337094173495643,4.690095888092611,-1.1130989362601178,1.0917868980524226,0.02520698449340049,57.22262965795914,0.5,1310.5124841428956,1322.4653521492992,1325.905199383507,1330.1459457340459,1323.18938676532,1338.5619585797594,0.14624322088283784,0.27757173409639047,0.5511921296228113
2024-10-08 00:01:00.133407,60.13340744858255,12.971976074361896,77.594712203715,19.800746917445974,4.379782824572493,0.14026092070709176,-0.7836233955250407,4.451543141688284,-1.8445940041708848,1.892949816949088,0.036056925307877824,57.21429326728329,0.5,1330.8060127961637,1324.9250330237642,1326.620208050539,1315.2543526570914,1319.3979951373672,1344.9524733700218,0.1251578263468448,0.2762444352069216,0.5678452409884662
2024-10-08 00:01:00.233463,60.23346303501946,12.971973825654661,77.59470866897475,19.97736477595248,4.939811025137112,0.1618516259860588,3.0327187843400054,5.798733666740456,-0.5395177920970966,-2.6578012558426014,0.012242551583777295,57.0531526582325,0.5,1320.072992862144,1325.0549481236667,1317.8043676669042,1312.362320730648,1323.1203014812772,1327.9741108181074,-0.457932070718263,-0.31279352581064235,-0.15567025110599958
2024-10-08 00:01:00.333519,60.33351862145637,12.971967274156437,77.59471628312824,20.40762783037671,4.667816125531995,-0.32980216554508907,-1.030321812428113,4.79153836333801,0.5421154555445094,-2.18288053480536,0.03333061793427619,56.98124288580466,0.5,1333.628495394918,1329.3289288635312,1329.073512742704,1314.5266162939242,1323.447164173174,1326.2887804149389,0.5715542596889895,-0.21328703082519573,-0.24120356679823038
2024-10-08 00:01:00.433574,60.43357420789328,12.97197978383385,77.59472695980652,19.771185869630013,4.638352825759549,-0.12709530726580967,-0.6730217495652795,4.688648891604968,1.807585382462074,-1.7923863692160933,0.07652640810452757,56.92169187006835,0.5,1335.9404092773989,1322.6004725093524,1313.278607598972,1308.3086514013526,1309.9331560882897,1323.1360505677421,-0.13529653856655366,0.16616361724157983,-0.061836220140564134
2024-10-08 00:01:00.533630,60.53362979433019,12.971978992548134,77.59472449393685,20.272948658701615,4.63174867485766,-0.0328735316810643,-1.0638427334387899,4.752466498316574,-1.0319019982698159,0.3197760009829778,0.13617275980630955,56.9295094619941,0.5,1320.5141740345484,1337.1156267287092,1317.8173550474978,1341.4276903321536,1311.182928165469,1335.4273658088277,-0.3153670363708829,0.009542020664157177,-0.7583573002307212
2024-10-08 00:01:00.633685,60.6336853807671,12.971947127164333,77.59473042382314,19.558299052488287,5.035996686148007,0.06625537521541536,-1.3460171506026342,5.213196194980108,-0.4074463765698443,0.12377278674502101,0.269463100802535,57.0552792809761,0.5,1329.5493887817422,1313.4173006859419,1317.8394936022412,1323.2414839761068,1320.9002876844768,1321.555402582238,-0.014976052472640146,-0.017427831313335515,1.510614307603489
2024-10-08 00:01:00.733741,60.73374096720401,12.971943907413968,77.59472348002897,20.003595587986247,4.816507207283182,0.12114765970665221,0.15477764668970906,4.820516004866911,-0.5609853782957708,0.8220543184335198,0.29881460424216083,56.84198235905818,0.5,1317.8179672899016,1326.8760905605138,1329.7014957090269,1321.8415080644077,1332.408771949111,1333.082267030975,0.04997757856624653,-0.3519460607058726,-0.1460371758223436
2024-10-08 00:01:00.833797,60.833796553640916,12.971954125868276,77.59472314683424,19.589271788902014,4.921555602484027,0.25393122207842495,-1.77152619708815,5.236840238240781,-0.6513069724174544,-1.3453161085935466,0.3013075763007333,56.661170797841145,0.5,1339.2937946319491,1325.8803668753733,1327.9391644438454,1324.293544501913,1324.4558854651807,1317.9005369626777,0.3143920629959224,0.10394567534011129,-0.9285540346573765
2024-10-08 00:01:00.933852,60.933852140077825,12.97195037485531,77.59472605095064,19.649093402910243,4.760797223953427,-0.21431101938098926,1.3486030939761235,4.952761828082665,-0.6671160469670989,-2.126413336709687,0.28139717586462837,56.6602062019106,0.5,1314.2073055941908,1315.313073210371,1333.6350446316037,1316.429857439308,1317.2298868086414,1323.6442629973058,0.3689226091462711,-0.18575599853423416,0.45595778996509045
2024-10-08 00:01:01.033908,61.033907726514734,12.971947827750022,77.59474686665371,19.859142335778838,4.6909302673436954,0.04218568428659315,0.04881192847314253,4.691373893583967,-0.49304413112938067,2.16947702471695,0.25260502455323186,56.70550161373348,0.5,1326.1711463057436,1324.8163574380847,1321.690513408765,1329.6363261062356,1324.5977540163876,1330.7749683272484,-0.1700291989311434,0.3158310259788353,-0.26964640325016437
2024-10-08 00:01:01.133963,61.13396331295164,12.97194317034841,77.59474619872243,19.658861215167235,4.8731108904651705,-0.18221750238060863,2.559711333212107,5.507498077922368,-2.307702577325015,-0.5515364317793775,0.19572492504753436,56.520060826273834,0.5,1325.467221228329,1315.3455251053967,1325.946274809814,1333.6786631253153,1333.065899800836,1317.678539315743,-0.3380861343079156,-0.0050534092657365595,0.27756596943463324
2024-10-08 00:01:01.234019,61.23401889938855,12.971937729665637,77.594745368544,20.371369172886315,4.744486399701585,0.06203188595172137,2.0399871669178395,5.164837537911286,-1.6664323617124723,3.1725084872024496,0.2897303355121843,56.6514530274351,0.5,1314.5897071355175,1328.200766221074,1331.6904549896092,1325.744781867128,1336.3819421708001,1320.6291926941665,-0.10925270170680124,0.40646546446439474,0.17372089409690294
2024-10-08 00:01:01.334074,61.33407448582546,12.971925925672775,77.59476584602916,20.067085439786702,4.712273160054002,0.05730487245836752,-5.2836381973050095,7.079945959072945,-1.6982197971366555,-1.774776800223671,0.4243921281851174,56.40019186621996,0.5,1326.1655762691203,1333.8874232453154,1321.527427805812,1329.0073106982566,1317.291205869719,1313.8064780115362,-0.28764603460448274,0.15186875895933932,-0.08408728958373336
2024-10-08 00:01:01.434130,61.43413007226237,12.971922801470418,77.59474823235232,19.314054136182705,4.583533442466128,-0.045909808682804754,-0.7493280252871273,4.644607520363738,1.8384698888377864,0.8297861595227093,0.3706309246906612,56.3048107250313,0.5,1312.927364034026,1321.464033139136,1335.7412196257467,1332.7466061508314,1314.1328249411201,1327.5971004338699,0.3388529542724321,-0.21933540193306264,-0.38793078557995475
2024-10-08 00:01:01.534186,61.53418565869928,12.97192053328308,77.59475133179278,19.917136529779274,4.468495561896032,-0.08279266755470097,1.8152651813514922,4.823846482954492,1.2923265893200258,0.5282159567332522,0.24206122291538346,56.11461286218651,0.5,1328.8707827331984,1316.981307408964,1321.634388908283,1331.7071187854754,1319.538090322109,1331.2909428378634,0.05812588847188085,0.32500482390424107,0.4782665497480703
2024-10-08 00:01:01.634241,61.63424124513619,12.971920402992968,77.59473930366354,19.677308980699955,4.431212632292875,0.10671898911070311,-0.569396577655894,4.468920093028629,0.41953578945702674,-0.7126492851838405,0.36715944994534544,56.285121881521064,0.5,1322.8250308050901,1316.8013001417758,1331.7614401212738,1334.500132636394,1309.2682183245552,1336.9981304503099,-0.26636880391435486,0.055711950148386,0.26988504309606376
2024-10-08 00:01:01.734297,61.7342968315731,12.971923226830159,77.59473992504837,19.803193912794214,4.719890673788632,0.07883371823342135,0.665653433143774,4.767250488562932,-1.7562491923166113,-1.330073838745125,0.3562399017568224,56.112552655950715,0.5,1313.6886354617843,1319.5890894698916,1323.6815059198816,1317.8840895808273,1329.069496074066,1317.738435605934,-0.11883221584164254,-0.43654351652533785,0.02298597491383509
2024-10-08 00:01:01.834352,61.834352418010006,12.971911996805748,77.59474919288064,19.81051366993384,4.692277077771001,-0.1649477657039559,2.8316451723713243,5.482963279304332,0.469488632594352,4.1820067221401365,0.26416426022903416,56.131166631907384,0.5,1311.6508424820092,1326.6876514697665,1322.4908324477135,1315.8858066529256,1324.6088746662747,1320.0485686625404,0.11736425459319723,-0.3721839309412727,-0.6006362578588095
2024-10-08 00:01:01.934408,61.934408004446915,12.971912852215526,77.5947479037192,20.369837749399924,4.962704693911713,0.09513548077995984,3.3850294352039327,6.007987426407753,-0.01635889568379299,-0.5349201081965094,0.17784581877306538,55.98078418975414,0.5,1319.1964570335635,1324.339286056809,1324.2459398900678,1320.453232518371,1313.40110922634,1322.9683184307873,0.07062805431181002,0.22429096682075003,0.13198081825176775
2024-10-08 00:01:02.034464,62.034463590883824,12.971909643593362,77.59474547506085,20.487895880424897,5.171087818595517,-0.11039187921169592,-1.1165298542612163,5.291405721552582,-0.3607757004459591,0.7455601289362124,0.12083046716809545,55.85608979441571,0.5,1322.400102698401,1328.3377238686478,1333.8801414531458,1343.2791293940138,1324.4197482487064,1322.0421889021668,0.3443681676278596,0.13254445006170798,-0.03708695352087078
2024-10-08 00:01:02.134519,62.13451917732074,12.971908669571754,77.59475678975151,20.146407650715037,5.0943621180792045,-0.07816011727929098,0.16219855874051348,5.097542816545149,0.7752910308013083,-0.38178762448594955,0.11804877359580228,55.802094643631705,0.5,1329.2931556064143,1328.5933931689958,1332.0954587685583,1327.1673555852467,1317.7090673672337,1333.0203571196585,0.4211604070043472,-0.04468675692944615,0.48005567220168816
2024-10-08 00:01:02.234575,62.23457476375765,12.971912810891403,77.5947549127081,20.520353624252856,4.722371807210818,-0.022153074838666634,-4.122407246708974,6.26861450018926,-2.0610601559206305,-1.8770658493034018,0.1009229637492631,55.65455640011545,0.5,1316.4072428834872,1335.7577098586387,1332.9387024293903,1316.2481484027828,1331.1669031894994,1332.5418243591444,-0.29709286638864907,0.6087795327002459,0.005679146190255031
2024-10-08 00:01:02.334630,62.33463035019456,12.971904612751931,77.59476035610162,19.321467901512577,5.048340448544829,0.14239805544789796,-2.3948492128262586,5.589393638202958,3.188765910749404,2.6049868131770055,359.8924544957791,55.74299305568992,0.5,1315.708843844373,1329.5765048240198,1333.9343290433362,1315.8520317236473,1330.0794046709311,1328.8594724618595,-0.48100081523118493,-0.21262556321866918,-0.17272151476507316
2024-10-08 00:01:02.434686,62.43468593663147,12.971913339519789,77.59475658151035,20.041117539418252,5.04488288551042,0.08398532485252609,1.9828944152694419,5.421232989405018,-0.450676674574628,0.3930587687474981,359.7970316830755,55.514302404918034,0.5,1333.8343752768117,1335.10015929694,1331.5513818442225,1311.1375999231327,1344.0825585954813,1328.6156103877458,-0.38333747569495874,0.22097387369181157,0.6400861061726446
2024-10-08 00:01:02.534742,62.53474152306838,12.971919286574241,77.59475959186732,19.71826722863709,4.924302815835392,-0.10900454028291096,-0.5634039582151615,4.95762687502591,-2.0968239972825877,3.532330862956594,359.89669548290647,55.43251512987185,0.5,1336.9458999230787,1309.2186208618,1340.697273779944,1332.3526161336583,1317.7602133953485,1324.997830002694,0.10078774468288779,-0.09428255538071457,-0.5167375190326459
2024-10-08 00:01:02.634797,62.634797109505286,12.97191411004321,77.59476536743666,19.928374112538066,4.884570265557811,0.21122715749447515,0.10924950785587839,4.890355717757293,0.355081176798801,-0.8013366925648635,359.84250457604855,55.375202636714135,0.5,1310.7216130571987,1328.5516933840845,1324.9546973725571,1335.0245933246251,1320.0693602616013,1322.2526420642268,0.23118570496023483,-0.3126473761753741,-0.05549721179526228
2024-10-08 00:01:02.734853,62.734852695942195,12.971914489497706,77.59477474127804,19.740129275790014,4.6751765430123795,-0.0555007964680688,2.172827780126454,5.155728523577539,2.040786233230058,0.7845523557231897,359.90822048962826,55.378632605405194,0.5,1310.6691050009943,1308.1307476961736,1338.7913745738892,1303.5083759521667,1334.8690767946584,1320.70178560706,0.31371555775883414,-0.47812904471519496,0.7164972972408511
2024-10-08 00:01:02.834908,62.834908282379104,12.971923894366205,77.59476608142096,20.363181228071983,4.981250144022784,0.07655890366279797,0.5745007716465835,5.014854474426907,-0.3437355888058802,-0.7277997959384577,359.8545081484905,55.14513302883919,0.5,1310.5800441521285,1334.6207398314953,1328.2872334443032,1320.6493317639904,1337.4758799242134,1321.5083683430562,0.2361030779125221,-0.035487311824647774,0.2887976968408206
2024-10-08 00:01:02.934964,62.93496386881601,12.97192330097362,77.59476010764905,19.855093299021128,5.1065155466717815,-0.1530435646574958,-2.6171329811800916,5.740148813599197,1.0227375476397391,-1.7002622641512257,359.99020525973646,55.23660822044197,0.5,1322.0047658620217,1332.3266733063801,1319.7577378966557,1328.7469027920845,1321.034721104453,1322.892689749597,-0.5958211260223552,-0.1362123260986853,0.08506826117224998
2024-10-08 00:01:03.035019,63.03501945525292,12.971922210852666,77.59475540149342,19.839463677641284,4.65645855902096,0.1335265443651881,4.3977867583137,6.406322191517453,3.6375740274314303,0.21621418526249975,0.007527729125183038,55.27209528437583,0.5,1325.1061704434806,1337.872716474901,1323.4227818915085,1317.5290904449953,1310.836683076034,1318.0372635155775,0.24255681747443067,-0.047814015733802784,-0.3430067156594923
2024-10-08 00:01:03.135075,63.13507504168983,12.971927596308118,77.59474995811998,20.735139565276228,4.637985210179687,0.3123522049756858,-0.3550023760597867,4.662027176755491,-0.44633904044563855,0.9073416280175874,359.87927691291196,55.11225939076702,0.5,1335.2817658579584,1331.1449555232894,1329.2352174042169,1324.1277833947975,1320.4702064852443,1334.6975491689886,-0.48939676810750526,-0.3866197175363593,0.586363869692595
2024-10-08 00:01:03.235131,63.23513062812674,12.971917348709077,77.59474152298232,19.76842373579497,5.137257942280653,-0.10457380862927144,-3.5677262967152217,6.255479659886218,0.36910333795991,2.0937025546919936,359.89613529686005,54.90326937194525,0.5,1330.174265804061,1318.7269495539106,1330.0336772124704,1321.3042350585515,1338.9816746883262,1332.2896063112191,-0.17053092774005352,-0.08897707724963991,0.11100166221352321
2024-10-08 00:01:03.335186,63.33518621456365,12.971916093564499,77.59474573520528,20.02119767154778,5.218074095054409,0.09158569463349882,-1.8149172787573207,5.525451106441109,-1.6985434439037712,1.7290638394623414,359.9590259379605,54.86251316897006,0.5,1323.584940901924,1314.1082743337158,1324.4514472554506,1319.6368092497914,1315.6245885871176,1305.2483169484829,-0.1547768882175911,-0.022406293902442292,0.5425928222741604
2024-10-08 00:01:03.435242,63.43524180100056,12.971927299777038,77.59474062642192,19.405238510473882,4.966231606827331,-0.04697000500387773,-3.1947909688226304,5.905281694254008,2.2743995625520976,1.2971127958086115,359.8683862603082,54.9562503643241,0.5,1320.7904066039516,1311.0744830691028,1305.7409349520271,1335.7155059354202,1315.6532034030167,1317.2442933905704,-0.29343900677598883,-0.2790125253286462,0.44203115890462247
2024-10-08 00:01:03.535297,63.53529738743747,12.97192809059684,77.5947388177587,19.381884303690004,4.593854938841899,0.13451173358305651,3.840530350360112,5.98926289101011,1.3557238064426436,-1.9508617544118563,359.8290268628353,54.58399080888442,0.5,1313.107952615911,1334.6206871168015,1324.2781748888447,1321.3345614183536,1318.5838287568718,1327.2167237118872,-0.4935351836939008,-0.039547320417998605,0.28957029099920983
2024-10-08 00:01:03.635353,63.635352973874376,12.971922716393337,77.59472823348236,20.17377154334194,4.82808968244261,0.1049717969610872,2.120150045640358,5.2741355003350865,-0.5219433834598641,1.5219733146314605,359.9634692409944,54.63714428484217,0.5,1312.0269499138465,1312.7578592873665,1318.7943760479209,1320.09198784518,1327.2240518981307,1316.6571201543634,0.1582963061719868,-0.15520967669613667,1.0569150694505947
2024-10-08 00:01:03.735409,63.735408560311285,12.971938875431196,77.59473315389299,19.806150015991573,4.89099213715291,-0.019915671513053002,-0.9425387078056104,4.981021977001836,2.006794009656142,0.6617541628468258,0.05123594701962764,54.7940702900054,0.5,1333.242988281608,1310.8397087102717,1319.678915910995,1321.489703277684,1330.0136787221581,1319.4923440800867,-0.01240732538266418,-0.25196598952823596,-0.42947113381883245
2024-10-08 00:01:03.835464,63.835464146748194,12.971935078773443,77.59472870592356,19.985159017043987,4.904834534149304,0.06792458889072044,1.9592927227254506,5.282124906747709,-0.8416495601682814,2.0674202347090107,0.042008514828429086,54.61200218390529,0.5,1315.77911790654,1329.0043981527917,1335.0056996086591,1320.8826195350205,1322.1017859131641,1321.3682098536683,-0.2201282585197312,0.13069017266620625,0.6211301136000379
2024-10-08 00:01:03.935520,63.9355197331851,12.97194276366818,77.59473943767654,20.1982263807393,5.220263843159922,-0.0804596604627344,-0.08677775259488385,5.221604995354397,0.8565507420762131,-1.2426907069074433,0.026213253425012812,54.339682087649436,0.5,1328.5718195867714,1325.356964101414,1322.3890361413146,1308.2138536527955,1318.9560581689004,1326.4263327306674,-0.25462619442149753,0.011414981162606447,-0.13718316316968593
2024-10-08 00:01:04.035575,64.03557531962201,12.971935819375831,77.59473479248481,19.96779381919287,4.743880349908871,-0.2635263167201747,-0.64724011197724,4.795077335810959,0.8271334309850549,2.5801948842467413,0.013127895099147567,54.57346782683183,0.5,1321.4821644002316,1326.9985409946,1312.4519872498201,1322.54357233308,1311.2149639875784,1322.8435908058273,-0.4552560647168227,-0.3416446100382306,0.3816287387664377
2024-10-08 00:01:04.135631,64.13563090605892,12.9719354356899,77.59473684502336,20.068706402800554,4.916336934360454,-0.018955138828382328,-1.9061105904018802,5.272948485646997,2.189440245008223,2.860674291104665,359.98581831608,54.15359820306779,0.5,1327.1156803215679,1317.9471175919302,1319.1200535207292,1330.8164256403027,1331.2797696252987,1326.1815874455817,0.020786200195055685,-0.2337791893683535,-0.12165908489887488
2024-10-08 00:01:04.235686,64.23568649249583,12.97191824843228,77.5947248606649,19.586359793320344,4.559440469542425,0.025059247023560067,-1.569605778474596,4.822114438810373,0.31100267899769873,0.40103778625694886,0.08245752884085729,54.452196548063334,0.5,1320.797585826894,1337.4857027324304,1328.7555415571728,1311.8941762574264,1329.9757627099323,1322.6067382844965,0.24465538515900476,-0.08615077684442347,0.0542803451578376
2024-10-08 00:01:04.335742,64.33574207893274,12.971912924472178,77.5947174128844,19.75461074952048,5.357859322074169,-0.0018646431381482867,-0.5539284854114186,5.386417803975226,-0.15042729411302092,-4.012573497501778,0.03593856310012257,54.31700485056007,0.5,1306.0269798164172,1322.0892707743171,1323.4245716010516,1318.5943255006775,1334.4301902059583,1308.4216031966314,0.08060424375753035,-0.1588368684179085,0.007714217399019055
2024-10-08 00:01:04.435798,64.43579766536965,12.971912785917345,77.59471133615135,19.475512514416447,4.955515154453105,-0.20316526090112846,-0.658758279665733,5.003235856950935,0.9562156388720748,-1.0379483033490826,359.9659319297893,54.26412663977304,0.5,1322.8338800328604,1326.5058974650058,1311.7634880163826,1330.5541475867656,1315.7332272268745,1326.950871515614,-0.4682174644595527,0.07653227286034203,0.11288996339227851
2024-10-08 00:01:04.535853,64.53585325180656,12.971918230232758,77.5947065244297,19.622785857536233,4.770518126613247,0.1479281887503695,2.4723781831770566,5.37516323715126,-0.47124707004408584,2.0023033938935244,359.95315486459174,54.0703559190085,0.5,1325.8446593411747,1331.8676044918116,1314.0345491809014,1316.9695324098843,1319.163790625123,1317.4148154216923,0.3584038029886379,-0.52881135377381,0.09623396233631894
2024-10-08 00:01:04.635909,64.63590883824347,12.971930638055026,77.59470276117412,19.97026301243965,4.627423341143073,0.09467950436689754,0.28359446820103074,4.6370720081854575,0.8740469675046068,-0.2451110003135718,0.08245333717788653,54.00705748585461,0.5,1328.5353218462953,1324.420665796724,1328.1144263807157,1329.3368105819657,1330.142095868534,1335.8369250036144,-0.15038044627859323,0.06770042528960267,-0.05970276919119469
2024-10-08 00:01:04.735964,64.73596442468038,12.971931562178314,77.59469742554194,19.679536279188465,4.741209347115745,-0.1473647763943371,-0.5293511985862978,4.772944074881268,-3.446119109677252,1.0927667442764744,0.04803676532655114,53.87528658194919,0.5,1326.843988115052,1330.3028956715696,1322.9724093891248,1325.7199916875543,1318.6552516874194,1319.6179552124445,0.017562271228345153,0.16446060164061443,-0.6515550437531371
2024-10-08 00:01:04.836020,64.83602001111728,12.971928589959438,77.59469935344835,19.864333923228383,4.773941179283082,0.15422848848955453,4.013348495134039,6.238691125012616,0.9569935792688449,0.35170408087753335,359.9590384757672,53.93091573712732,0.5,1327.544737044165,1329.877153104478,1326.37983430926,1330.1516712662508,1326.1748407824214,1338.1210165013151,-0.4204105730077148,0.13703988014111693,-0.3276382864636678
2024-10-08 00:01:04.936076,64.9360755975542,12.971944372699085,77.59469741728327,20.48265215370111,5.208342270585954,-0.004544281535173167,-0.33661441972915895,5.219210584526813,0.5206737017167481,-1.9555634670253328,359.9442926797908,53.79135093213945,0.5,1327.9645324532937,1331.270820016843,1314.0536811985094,1332.517892113323,1330.8943797398024,1336.178987587011,-0.21219012592040667,-0.2752097030586526,0.8549178344554126
2024-10-08 00:01:05.036131,65.03613118399112,12.971944536423075,77.594690026669,19.79697361688995,4.75350561430822,-0.09334455269764332,-0.7912936559363573,4.819821000898603,-2.025075027024402,1.405988418486215,359.91651542864423,53.770010228368015,0.5,1321.8895817893847,1311.6993588476194,1327.3764783700037,1327.506448420403,1318.1575681377124,1309.1230904216823,-0.48418423598721017,-0.13099052739009392,-0.02151827823322827
2024-10-08 00:01:05.136187,65.13618677042803,12.971940363254879,77.59469781062319,20.32430545212389,4.960133525708894,-0.01778428588854223,1.1207210003747718,5.0851997438022964,1.608081021482941,1.3174556325765703,359.85909715410514,53.61230949237044,0.5,1330.5407668068312,1331.68841795282,1318.1178831104392,1317.7470199475788,1323.8566338657063,1340.3381372983608,-0.026629639797526083,0.17856298465021536,-1.1993875469897826
2024-10-08 00:01:05.236242,65.23624235686493,12.97192893233074,77.5946928935712,20.021242410739266,4.778531722048933,-0.07253814087597263,-1.8115452618364287,5.110902409182913,0.31463194755127943,-0.13550865282254776,359.8751270174013,53.73583808768895,0.5,1323.397370654052,1327.633747995965,1334.1126101966126,1321.7130656482866,1320.3912158034932,1332.5231900902813,0.08220715860981823,0.25882374142042136,0.05678245128852926
2024-10-08 00:01:05.336298,65.33629794330184,12.971930970156398,77.59469608048009,19.961795005063795,4.8419176371809485,-0.15398265391778934,0.03763717792818966,4.844511700895551,-1.5831192003813919,0.7999748492888181,0.060487496283729236,53.49922137976305,0.5,1331.8578728189652,1318.1746773784973,1326.2418401629884,1317.8809835807217,1324.7391075903283,1335.6869604995081,0.02460362624410384,-0.18647543350477416,0.12898728933386008
2024-10-08 00:01:05.436354,65.43635352973875,12.9719405261291,77.59468130716083,20.028774030558136,4.794351992709418,-0.001358413616214872,-0.3202314516355784,4.805034969477428,-1.7826789208826566,-0.06052129264135598,0.023856851538712948,53.47365558345284,0.5,1331.440153388402,1329.9813258415227,1324.504570180907,1326.1310278454475,1321.2128605378864,1310.4480964205004,-0.07213013923278254,0.2064255498762783,-0.15419161493290334
2024-10-08 00:01:05.536409,65.53640911617566,12.971938388355134,77.59469628500467,19.897713113685914,4.3306410999539935,-0.35586177078183745,-1.652034600287493,4.6486888750551785,1.1286056338201562,0.3941815842943476,0.20027025874362758,53.48762270715264,0.5,1343.5021574888879,1317.8293601863031,1312.3936783027264,1316.6710132508642,1323.451824157389,1319.2006840019908,0.37583214231358136,0.1014097137294092,-0.321277683156239
2024-10-08 00:01:05.636465,65.63646470261257,12.971940914478248,77.59469198283276,19.698183449066477,4.616773630646595,-0.09707331191642282,-0.8947821377093987,4.70368547614357,0.22909591197420348,-0.6394939347891111,0.12565967628604208,53.35831259545527,0.5,1338.0592828507379,1329.5941007583863,1325.236761082487,1328.9721338799543,1325.9737838747708,1320.7763977643924,-0.4011207031822811,0.06525164980561739,0.5635557098183278
2024-10-08 00:01:05.736520,65.73652028904948,12.971945311418027,77.59470030789453,19.718657210642345,4.761965767726447,0.17591761644606116,3.167066798622045,5.721676073294318,-2.0966989417262902,1.4989283304429435,0.2741291524038305,53.32325866702429,0.5,1323.8862766089464,1333.928548762373,1316.7340492396875,1324.986560480284,1320.655853230674,1328.3935362083853,-0.14008289126659,-0.10633357119471638,-0.23035793979529423
2024-10-08 00:01:05.836576,65.83657587548639,12.97193260057921,77.59471126604193,20.33194890070846,4.703178674496143,-0.12890408818504054,2.2220506527694965,5.2032696462570005,-1.6964098228393956,1.2126867040214035,0.2104638794334138,53.081742359690224,0.5,1328.2257591495031,1318.6149535674706,1328.0464233378434,1323.3311988570483,1311.1437503570837,1328.9371407926767,0.17927257111386993,-0.16497815487087433,-0.3033923934332951
2024-10-08 00:01:05.936631,65.9366314619233,12.971928496067008,77.59469873214836,20.16331437295308,4.737273670993743,-0.016065992477368802,-2.372763870238387,5.298304288535481,0.27401162823619385,-1.9394443305690516,0.2346308246970979,52.98702271218664,0.5,1330.9491374012816,1319.7952392171542,1337.4231578758652,1328.2078282199961,1306.6261530795423,1334.355184379243,0.3400046830100374,-0.09194246351727188,0.25992558116873266
2024-10-08 00:01:06.036687,66.0366870483602,12.971921889400562,77.59469198053078,19.857132339682437,5.02050381055246,-0.2409077770500345,-4.858069280243271,6.990302725952456,-1.123216616086256,0.3810381375777008,0.22835760436032698,52.877311487302705,0.5,1333.4139797105358,1316.4323177544377,1327.3890787836337,1337.3413007958113,1321.579458538683,1318.410244067006,-0.04073971608991925,0.05955594389261493,0.8342079877660923
2024-10-08 00:01:06.136743,66.13674263479712,12.971910593441214,77.59469341635315,19.191160431381334,4.80337246799598,0.08094026012775184,0.14543719009502354,4.806255337398761,1.0435598921613272,2.7249465909771464,0.23224478840684107,52.92099024854311,0.5,1329.626686464213,1314.7450585747233,1318.560573182424,1315.9090188616337,1324.7341815555903,1321.8794216401582,0.04282827881536493,0.04185127295996587,-0.29375695355341547
2024-10-08 00:01:06.236798,66.23679822123403,12.971904460861326,77.59469314370405,19.886235946371826,4.724959258077728,0.19495600355302153,6.9217032318548775,8.38291258833623,-1.2682958708840364,-2.073434598195189,0.33849617638249063,52.78281827622569,0.5,1322.1299860882684,1315.437904385851,1318.3496636080185,1330.3707096675412,1325.7645554590206,1314.9203040360983,0.37627073747429773,0.501255477539962,0.2940763464314232
2024-10-08 00:01:06.336854,66.33685380767093,12.971892436116367,77.59469622632028,20.57627058339231,4.690694102016313,-0.17042086472001747,2.1743539262228637,5.172955579386249,0.3246518281624085,1.6521975569161447,0.3930367286295737,52.77339121133578,0.5,1323.6368852910373,1325.3611450808837,1326.4673797063626,1339.2979425377798,1331.1866246109544,1333.511049218428,-0.06369745354756429,-0.34268790397533094,0.2504637754011112
2024-10-08 00:01:06.436909,66.43690939410784,12.971889304443728,77.59470196732534,20.321348460791075,5.012065577268595,0.01047776504856474,1.6911797644918067,5.28970699852343,1.9585308841487237,0.7522495232186374,0.29925251567490696,52.70217637227899,0.5,1331.2633876475406,1326.4874063487098,1329.1772777462324,1336.7395234664455,1322.724257935582,1319.740731533445,0.4592211633832738,-0.2751492441359484,0.05803880761906689
2024-10-08 00:01:06.536965,66.53696498054475,12.971885023557837,77.5946937323627,20.914694549605233,5.281505095657833,0.3211547697072922,-1.071882570992173,5.3987376957546465,0.45127457026374307,2.7451097690607993,0.25452320669360984,52.861775623039414,0.5,1337.2612436289871,1331.2743473073049,1326.6815131918931,1333.3775141555636,1315.582967504219,1333.8981397404984,-0.27052803841744,-0.29876679996000743,-0.04982563363121436
2024-10-08 00:01:06.637021,66.63702056698166,12.971890146692788,77.59470183875482,20.106852782326825,4.580633864085907,-0.10993716145790203,-6.369337560189052,7.846193582363045,0.24177898415419158,1.9526651141141127,0.3357724331157872,52.5925564809698,0.5,1328.7773552074584,1319.087499936418,1323.941732923987,1310.6037531218635,1333.901430408206,1331.431486453495,-0.32710968688778347,-0.22335359634817964,0.3138735725219951
2024-10-08 00:01:06.737076,66.73707615341857,12.971878812328768,77.59469376282253,19.64011894000654,5.034285470485138,0.2729439990159772,-0.5689109868731919,5.073676018028903,-0.05362757675247398,1.244288401438709,0.32696190231912514,52.54254523236634,0.5,1323.8539564417813,1342.9416145354955,1320.5706838702977,1314.26458511623,1318.5966142440648,1325.6979216955147,0.05743808603964383,0.15388813385466452,0.19856954117908676
2024-10-08 00:01:06.837132,66.83713173985548,12.971871611767167,77.59470031893952,19.99300733748283,4.799676916969497,0.1928911618172947,2.3811151507466235,5.361325849891252,-1.0046349562577306,1.947946265585713,0.4012275712009674,52.469422344971626,0.5,1329.6759525240282,1331.0023127488364,1321.9666606310714,1323.1722497904393,1313.947589836339,1331.4439101747812,0.014030266574675335,-0.06040300952833659,0.6265554396380199
2024-10-08 00:01:06.937187,66.93718732629239,12.971867869905788,77.5946991479302,20.116606685570066,4.811134421207529,-0.01697435390377517,2.1151832128722248,5.255597261171639,-0.0349004976935448,0.6440496597270645,0.5193497993996328,52.29447305253895,0.5,1319.6761057719343,1316.8053008259992,1330.8679364547374,1329.5953873806022,1330.5666336150525,1327.5795026690128,0.10626044378627499,0.009929953352783683,-0.6661812370102594
2024-10-08 00:01:07.037243,67.0372429127293,12.971877065455852,77.59469355773562,20.416279131053702,4.417146136347882,-0.22991060051162052,-3.027926652709624,5.36025919972812,1.5154076179408107,-1.7590264569349037,0.5748907411145139,52.28189094839601,0.5,1315.6462029426027,1331.3933598051733,1327.9541402022144,1328.5327830810227,1342.3664383234948,1335.643443667804,-0.22647748402368298,-0.29464402673690726,0.34667771674038744
2024-10-08 00:01:07.137298,67.1372984991662,12.97189688921153,77.59469711564792,19.51068473172045,4.852458916892087,-0.1859690139832556,-2.400223766655742,5.416827128892569,1.127199839122521,1.1271452068563084,0.5612072593109441,52.21680615146448,0.5,1321.4505868900617,1316.4783716751226,1316.113126287287,1318.5737786924778,1327.0061890242412,1328.6364416226043,0.07967070074174622,-0.11482093297944942,-0.2927897685502662
2024-10-08 00:01:07.237354,67.23735408560312,12.971893578196006,77.59471012717995,19.93596753794861,4.7762569889745174,0.2686189551236415,3.1612330415792513,5.733949887377117,2.2413330208103295,1.6164148462211796,0.6153528057359534,52.262869099325115,0.5,1330.6163962333999,1325.6536543478937,1334.4069448063785,1327.6689905015048,1321.5295504411824,1337.3168851210016,0.21440778325459942,-0.09660098656259201,0.4701233935260063
2024-10-08 00:01:07.337410,67.33740967204002,12.971899443178668,77.59470849163588,20.14328278339834,4.772614575909386,-0.02000916995448265,1.1768484840141298,4.915610095541687,0.9382777485022211,0.057995993957269676,0.6530694361416247,52.186546599570725,0.5,1321.5325308190245,1318.9988378124929,1321.699800982106,1330.1960924227512,1339.672960730545,1333.456225033555,-0.45938223165835507,0.017557933449621317,0.4506299256309648
2024-10-08 00:01:07.437465,67.43746525847693,12.971907018574907,77.59470951485916,20.17146806837945,4.839332549763514,0.0659625283296052,-0.31465063417756767,4.8499995467971555,-1.402538592444775,-1.055250400342395,0.5472960975982699,52.02051211985252,0.5,1312.16289419891,1337.3699856766625,1331.046274019754,1338.5770730970742,1319.938657599012,1329.33300734952,-0.3156018935463836,0.08281431889938326,-0.09896175971321838
2024-10-08 00:01:07.537521,67.53752084491384,12.97190236924163,77.59469368179798,20.080317675947576,4.73847964308973,-0.05097443664863221,-1.4815363197076152,4.964950914941678,0.7772862281256772,0.8882808151382837,0.5846679845063757,51.819342191426585,0.5,1336.3023124419647,1316.56791195755,1335.0744698405092,1335.0607854786724,1319.775825703215,1320.8492721035238,-0.28102858444003026,0.6275491554585418,0.5427843937030655
2024-10-08 00:01:07.637576,67.63757643135075,12.971907593096725,77.59470441155322,19.8749960977876,4.792721270087801,0.19521745667358967,1.1806090783149585,4.939850688425898,1.010970621393426,0.5447988949477747,0.5664067655750362,51.84329402055725,0.5,1327.6962481169783,1316.6021993852592,1328.1311904292918,1340.960927788282,1319.5058002382377,1329.9350817228674,-0.12351325545415474,-0.4744262608280768,0.237884973300887
2024-10-08 00:01:07.737632,67.73763201778766,12.971907591526419,77.59470806689063,20.31657074331466,4.6797694393331,-0.019253142100124385,0.042335850770754746,4.680000535583009,0.788154060413965,-1.7742301665243057,0.6117984223100046,51.69745096634343,0.5,1329.5947671800702,1329.6888862340572,1322.8776197391185,1325.916335072504,1335.063045806196,1328.1499323013286,-0.028989394924187457,0.3484133201497153,-0.8236631505867416
2024-10-08 00:01:07.837688,67.83768760422457,12.971920985149461,77.59470153098358,19.883467974539947,4.925027796976765,-0.1978840462411179,-3.416858169756111,5.997497532219554,-0.5405975422847022,-1.2448288393079467,0.5755154360248926,51.72541558714215,0.5,1308.3507327324016,1341.4972621634786,1323.441480371009,1330.3061499200696,1328.540097635848,1322.8658147077815,-0.14718114417946213,0.04816819407698615,-0.5940307487897621
2024-10-08 00:01:07.937743,67.93774319066148,12.971920164931452,77.59469015639061,19.632819247421278,4.5332799543257,0.002870239205226856,0.8660948090466434,4.615274163126374,-0.5642075563394261,0.33765727122871547,0.6864457584378018,51.541407569658574,0.5,1315.3598128011367,1307.3030470319547,1327.6332640978899,1318.324697682014,1315.7032579796758,1313.8515058427856,-0.30341559821548114,-0.2671067382429117,-0.34467754437136855
2024-10-08 00:01:08.037799,68.03779877709839,12.97191955638802,77.59468990298296,20.056783222598195,5.104391707630299,0.08982830802296926,-0.6141345921302417,5.141988440972831,3.5132092127119936,1.1841525651547755,0.8169388357976861,51.4302173318922,0.5,1310.8275581839284,1313.7626544182406,1316.9948294247763,1323.402154809539,1327.79120141354,1326.117726993075,-0.614578581532819,0.16280482544292818,-1.100811523083648
2024-10-08 00:01:08.137854,68.1378543635353,12.971919112941443,77.59468183347283,19.509924053887712,4.828274442490306,-0.027558499051982183,-2.823096768811581,5.593109057487568,1.1394864664785427,0.6817404011386122,0.8687799381455659,51.47424687201505,0.5,1325.7678142007846,1331.7046026554608,1327.7191396488884,1325.6100660699467,1321.5005742280948,1320.9038442549374,0.2465012888336057,-0.3520449815577222,-1.287683015337761
2024-10-08 00:01:08.237910,68.2379099499722,12.971907220979219,77.59468076294452,19.491850017055025,4.890246668807855,0.1977140922732239,2.2234210854528556,5.375612027230583,-0.292575078559888,-1.670361959049022,0.8195612055015796,51.53252994810725,0.5,1325.9056288478303,1323.2507854762534,1329.6598052488791,1313.4614443507328,1317.9798781953737,1313.9688728177796,0.16614099831484277,0.4213990801188307,0.2584750347824904
2024-10-08 00:01:08.337966,68.33796553640911,12.971910586044364,77.5946892095802,19.95485545509006,4.8860212358048924,-0.05116502884396928,2.4020768496100118,5.444795181487117,-0.5297750404245085,-1.693729936717681,0.9256666197695793,51.23536862154567,0.5,1334.109920521698,1325.7713445329998,1331.9513602690636,1324.5713524219907,1332.3076481951832,1321.3893215109476,0.12694761209344949,0.1858525524675849,1.2265163005986062
2024-10-08 00:01:08.438021,68.43802112284602,12.971903562312809,77.594692897937,19.97253243276353,4.787043472260103,-0.06567770141226843,-0.21953315396359585,4.792524759608453,-0.2876033371313837,-1.2397776546132164,0.8827078248243344,51.31931619990915,0.5,1330.670147618978,1326.8178381126747,1305.351533910602,1317.1534646087664,1324.6479866132738,1324.8593111884852,-0.31782931564673994,0.28120906105840293,0.36346669755241545
2024-10-08 00:01:08.538077,68.53807670928293,12.97190301311344,77.59470433951995,19.910924418165717,4.687096732338361,-0.1999335667383417,0.5086119485694098,4.718848940539761,0.031009258027883912,-1.8126342142647982,0.8895398037610829,51.23921985888262,0.5,1319.7394893614655,1319.9031024414883,1297.8196434845804,1314.997497143702,1327.4877603399393,1331.9852537461666,-0.30968186573432305,-0.13838705827291192,0.2748543017068593
2024-10-08 00:01:08.638132,68.63813229571984,12.971888464330311,77.59470078624493,20.074311366329393,4.920578811873547,-0.21939501457604996,1.129610033690824,5.053340364995682,-2.0055144743803215,2.180919352024036,0.9150359513525277,51.14386032820215,0.5,1321.3247890194896,1326.1554292306791,1325.9287969587472,1333.106300803906,1323.7458081015395,1322.4059381655045,-0.17488375012040067,0.07391381327125529,-0.07461835977156733
2024-10-08 00:01:08.738188,68.73818788215675,12.971897943157673,77.5947045749439,20.13697200689762,4.660422971790119,0.22509342538439295,-1.8029390310732936,5.002079415194029,0.27330225517705214,1.3630642821852523,0.9514914266940704,51.0007887034581,0.5,1318.8914995652365,1330.0447458162976,1338.9701626305468,1325.1926636031772,1311.3894421192524,1325.5452856056575,0.1549529311562975,-0.30888827659849266,0.46317633713985285
2024-10-08 00:01:08.838243,68.83824346859366,12.971894182625352,77.59471091552211,19.71352312220133,5.154963651017867,-0.2563342490033689,2.040907494037029,5.550194671337581,-1.8120565928980716,-1.388472940932104,0.8988575582037657,50.87686513590468,0.5,1315.3084627268922,1316.383893878494,1324.821642838121,1323.3003583676268,1311.6284459232297,1328.1964189155924,0.39391463370320123,0.18286028057554268,-0.585958620423362
2024-10-08 00:01:08.938299,68.93829905503057,12.971917564454134,77.59471282877833,20.545380399256334,4.896500830769373,0.11486735923828463,-0.34066992432691734,4.909681343354622,0.7355720717940321,-1.8327972453501025,0.8156538913178064,50.9552383582833,0.5,1328.5913833982308,1322.621882127313,1332.702594734964,1322.7125706882973,1335.568678954258,1326.9627070090069,-0.06836624898831055,-0.16554796841551495,-0.10077074521985115
2024-10-08 00:01:09.038355,69.03835464146749,12.971938965498056,77.59471082017656,19.645351264081185,5.059270973659236,-0.07149323468118021,-4.8632698320136285,7.01802874933481,-1.0048356229500395,-0.32424823374290457,0.7038244145471398,50.76979430219554,0.5,1324.0274024940284,1324.812000049162,1318.633624376033,1323.8326152202042,1317.4222024232076,1330.8773841857449,0.00021668838850183626,-0.10798194775389007,-1.230496495753767
2024-10-08 00:01:09.138410,69.1384102279044,12.971942983363084,77.59469352014192,19.572185769170044,4.807142767927999,0.04228958971685463,0.21324191221278,4.812055913408015,-2.1750607274783893,-2.2425754390583226,0.7648022447698261,50.82274920514236,0.5,1306.549815177374,1319.8491730198016,1323.757272956722,1329.0587251219297,1322.0476073984812,1319.1188137548497,0.18537761102897835,0.14734928244470977,0.3357236844522445
2024-10-08 00:01:09.238466,69.23846581434131,12.971938725013045,77.59468263023057,19.68802335323994,5.112886582730862,-0.07111486686779822,2.1456923341257124,5.545327954673623,-2.108176255922804,-0.7676327430448565,0.77544978922781,50.70258955478489,0.5,1334.3634282063663,1321.792353251956,1325.149197309882,1322.5232780416088,1325.4200025210514,1325.6348950092051,0.050787372228779305,-0.13745859816364592,-0.26880801875445764
2024-10-08 00:01:09.338521,69.33852140077822,12.971928999392457,77.59469471908814,20.0015627787783,4.863197185515179,0.06913483636379848,2.578542406034458,5.504938458377149,0.5187790245694672,1.416481091251458,0.8263319313612005,50.62964554066109,0.5,1329.7475206669194,1313.1920511035753,1324.332106886692,1317.041669173106,1328.61019659797,1325.2453836673656,-0.12412208842529837,-0.0991728087433493,-0.1364838330555702
2024-10-08 00:01:09.438577,69.43857698721513,12.97191709103038,77.59469707551057,20.204018498416374,4.988312086912574,0.17955265336277762,2.4136690407971884,5.544483282531431,-0.8704925881756347,-0.2251080485099964,0.6734050830886136,50.60321815542688,0.5,1316.5975781698248,1328.4485249662725,1313.1076727714938,1329.749533664684,1319.6073755715272,1338.0014097685814,-0.34992324764671195,-0.1435344291364508,0.27654704133934216
2024-10-08 00:01:09.538633,69.53863257365204,12.971907860649399,77.59469334330532,20.48456492146145,4.827177001019702,0.038800142531949834,-2.325892150299211,5.35844357486925,0.9988196587119837,0.772132473373668,0.7086825857582996,50.45194164061615,0.5,1328.4886658678192,1323.8027461312,1344.6127261714662,1332.1373358853662,1333.299699149582,1310.3029651985407,-0.3715640739473894,-0.033388268879208365,0.5703693834066336
2024-10-08 00:01:09.638688,69.63868816008895,12.971910195201753,77.5946890016049,19.73858149224199,4.951086353577639,-0.17051646142685223,-5.1608804538543325,7.153811501792311,1.9264012846615803,-0.9520000111925215,0.7848222895685462,50.43583221017184,0.5,1328.3927066222204,1322.8115369357847,1319.2871588484059,1309.8541537967958,1323.403227416296,1330.578937911082,0.667925319081842,-0.504788539839795,0.9094833005807087
2024-10-08 00:01:09.738744,69.73874374652586,12.971923497645006,77.59467930959136,19.451815080779095,4.719017389436885,0.08925482076626612,-0.1764447012955941,4.723158294769828,-0.6301097348441733,-0.5750127793040694,0.8906085043221772,50.542604441660906,0.5,1322.701238614586,1320.4867042120054,1327.1119492798337,1326.5066145740645,1304.1820924274145,1330.7986314237917,0.5778964677783575,-0.08876818411028402,0.0011669219146545722
2024-10-08 00:01:09.838799,69.83879933296276,12.971924127432422,77.59467431284169,19.70327293611836,4.590581799238436,-0.2624078085372689,1.8187883034200638,4.944723450926063,1.6468462026877133,0.21841121078017986,0.8774326099469599,50.03111245720175,0.5,1306.1148222223549,1311.8006248883223,1311.282740290975,1325.3003814308925,1334.3840551764401,1333.6473477688803,-0.3681082642165531,-0.08910070119082666,0.09362587899187305
2024-10-08 00:01:09.938855,69.93885491939967,12.971926416394968,77.59467907083202,19.815774941385666,4.920253601301488,-0.006077880447363872,1.3912848427941498,5.113179632629754,-0.668618753475486,0.9838180782015622,0.8385537077859716,50.19046602408137,0.5,1327.489573294537,1322.2792898162347,1327.2960303235743,1328.1811290421183,1326.350077615063,1332.2132627247508,0.2347922196294348,0.6041723337914665,-0.41602107968391383
2024-10-08 00:01:10.038911,70.03891050583658,12.971934315494215,77.59467682012688,19.981684577811464,4.816445892258359,0.04657385171845476,4.436330825066975,6.548385399940639,-0.3786367249870124,-0.9441434338752595,0.8198079004522978,50.27417889196234,0.5,1314.7841341172577,1325.5187849812007,1336.767393605832,1326.758200066263,1331.7146529526394,1326.617103133297,0.5396997883900478,0.11096208151827087,-0.6195868810166524
2024-10-08 00:01:10.138966,70.13896609227349,12.971935246328249,77.59467785874327,20.70353430604609,4.657651781207559,-0.11597003157082336,0.9720498733276628,4.759416993650042,-1.047845147731128,0.9622096375171412,0.7577544413929174,50.013174500041124,0.5,1316.9308288674933,1328.8454388302512,1330.5284752482798,1332.3604164386386,1329.0889672777123,1331.4790147352055,0.16398935769371767,-0.09347444019530679,-1.1678950053053747
2024-10-08 00:01:10.239022,70.2390216787104,12.971938190233582,77.59467098858566,20.17620261805491,4.627984360689542,0.2278168766994006,-2.7764180219990777,5.40172535445642,1.8580887767526983,2.2050841238003285,0.7262058842511159,50.20653650630378,0.5,1331.3305241053301,1322.67934573412,1333.3412128269415,1319.0302466092633,1330.0629767118146,1331.4215947102846,-0.309824102735288,-0.2769533130038527,-0.47088319646332855
2024-10-08 00:01:10.339077,70.33907726514731,12.971942864794073,77.59466607332622,20.14794203927585,5.007826287442733,-0.11009435685832987,-1.919040142503846,5.364061890130994,-0.8081660987767467,-0.19227782030449758,0.728417559285874,49.81845977932666,0.5,1324.1166727474633,1321.0234583872832,1325.5712905123448,1327.8424168290646,1346.2307848535088,1310.751607268619,0.119117531890935,0.25530626368631204,-0.7527902057123634
2024-10-08 00:01:10.439133,70.43913285158422,12.971934389063398,77.59466510977286,19.792181244346523,4.721584067990057,0.2425123216177081,-0.6023281094155948,4.766022187173085,-0.036970277158000664,-0.5938091268572744,0.7138604232088644,50.02083874116802,0.5,1328.3316107475782,1316.30664978534,1317.057555023412,1312.3598835416612,1327.2279760378344,1327.2275612171602,-0.145071486055335,-0.10489187602961904,-0.3480148516077877
2024-10-08 00:01:10.539188,70.53918843802113,12.971946180698954,77.59467097414651,20.027409454845827,4.893045234753799,0.007966031651649164,1.9118862382884174,5.253309824783208,-0.8537017444109323,-0.0399123298222756,0.733885566315293,49.72418897774694,0.5,1325.195774508204,1332.4975579946758,1323.8651074914474,1330.5544022227414,1328.0682485947164,1328.81407903282,-0.713388482162746,-0.3272504859550259,-0.6688400097554417
2024-10-08 00:01:10.639244,70.63924402445804,12.971953119683972,77.59467561742562,20.17477104189173,4.708771393670165,-0.12464930077556792,-0.32729221868207503,4.721777809516257,-0.482873019783717,-0.5634498947735074,0.8481956766238287,49.87676753511473,0.5,1319.2759290794124,1327.0737824778455,1327.1635679275853,1334.3333179404872,1338.5239092865968,1326.0583738003202,0.22913524282159514,-0.15811414488460107,-0.5401809660929974
2024-10-08 00:01:10.739300,70.73929961089495,12.971965377090479,77.59468363260872,19.96191462509288,5.1008046813848305,-0.019097295481264376,-0.7603361619310078,5.15719731864819,1.6984202289328583,3.7562583872093063,0.8461587371428865,49.724648772607935,0.5,1326.1866243050779,1319.6232070492001,1321.2578117982785,1315.716196757346,1324.0218482796686,1325.3466370054052,0.18990925127437733,0.08167051725366861,0.3218795139051245
2024-10-08 00:01:10.839355,70.83935519733186,12.971966692933394,77.59469130769104,20.02261928074934,4.44093854530131,0.038163786450337585,2.2839403999154086,4.993973907431325,-0.9352626195449378,2.1066799213523804,0.7265688064258297,49.638426426173716,0.5,1320.6294461099326,1328.5042231308435,1339.7178854576018,1321.5214955726965,1321.8875856061259,1312.1159555349602,-0.24444156119073343,-0.3958605448486961,-0.7519361041405017
2024-10-08 00:01:10.939411,70.93941078376876,12.971965478112025,77.59467045227144,20.41895661729385,4.918426295702859,-0.23583010470721966,2.1679164113082408,5.380185371431653,-1.18708745629165,-1.7476740420644477,0.6007138800691885,49.54045344371168,0.5,1334.047585844806,1327.2330283048125,1331.8626286697834,1319.4608629842332,1343.334082200707,1315.9534144551792,-0.1611689447840393,-0.09564505676895725,0.4790665655475606
2024-10-08 00:01:11.039466,71.03946637020567,12.971958657993094,77.59466614017865,20.45644357650863,4.78369763242991,0.04134637934127167,-2.270204742681088,5.295215022573858,0.3011144639661209,1.1131546535356218,0.565096326626584,49.45628872771879,0.5,1328.353563223757,1321.0440790705616,1325.6375514629442,1331.1961920449746,1320.75562684566,1332.1268361627672,0.18658318517132408,0.24460165065270897,-0.56514484505169
2024-10-08 00:01:11.139522,71.13952195664258,12.971962606622393,77.5946564067334,19.964663283572236,5.206814446145419,0.04775563344067605,-1.43815019372623,5.401987898619242,0.7987920681429945,1.0484748658635161,0.5968925606979161,49.45657475367389,0.5,1317.0400063585748,1322.9796951868213,1316.7172596709063,1341.053310278238,1324.239382447365,1331.3059121208357,0.22664008004578157,-0.12346398951195978,-0.10554359646981161
2024-10-08 00:01:11.239578,71.23957754307949,12.971955623999753,77.59465699105164,20.168653654473367,4.946858699345241,0.036774698749614136,1.9001354657675762,5.299365826023297,2.335627794246358,-0.26142673875321937,0.6477145512089585,49.42595351974917,0.5,1322.1772816057467,1309.4478830410094,1327.4052249129081,1312.3434216151293,1327.120705845937,1323.222157311639,-0.4386099007163348,-0.030651819535312944,0.45771494459086254
2024-10-08 00:01:11.339633,71.3396331295164,12.971947705589404,77.59465494463682,20.344901620246123,5.121442387328773,-0.2598666669609937,0.07682038050816686,5.128606456162013,-0.8553538054158135,0.09899600894753532,0.7087644370572092,49.20139017930117,0.5,1327.4828937491689,1320.3883536685346,1323.760188359811,1322.204799736521,1329.9703171774727,1335.834376819457,0.19926069615499997,-0.019705239416405226,-0.06957320559686614
2024-10-08 00:01:11.439689,71.43968871595331,12.971950390533905,77.59465599825735,20.184026270917467,4.668885146297458,0.17989280289182255,-0.4958680413961787,4.698588622589489,-0.6702797759531008,-2.141493970144425,0.8450403429214854,49.2273035869182,0.5,1325.5261781173185,1323.6638308000845,1334.4234387602746,1328.7575029973812,1319.1178450227626,1329.9550042860878,0.04738293278114105,0.049530038102756246,-0.25145115200806717
2024-10-08 00:01:11.539744,71.53974430239022,12.9719624640144,77.59465394596997,20.24567288489169,4.648578277873041,0.06962387881929058,-1.851983368011389,5.004395056888069,-0.6962026412709137,-0.02902471595857621,0.715687395779343,49.055060660599985,0.5,1322.2106745851465,1322.9284557622448,1318.8378187720314,1339.0640374360137,1324.2713531258662,1332.0092106806576,0.48044446305126504,0.2083323359121002,-0.08545123939758179
2024-10-08 00:01:11.639800,71.63979988882713,12.971962785186792,77.59465648532012,19.813423707001906,5.026891563748739,-0.10736238990741133,0.014829304809694577,5.028059803217938,1.2661089756811534,0.6557190175899721,0.6116382496469847,48.855913092937264,0.5,1323.839405675424,1317.9983227646264,1309.784882644142,1323.377357791076,1323.143531173158,1332.9035576686313,0.0997001137060403,-0.36035529584433046,-0.07556771733900025
2024-10-08 00:01:11.739855,71.73985547526404,12.971963350606394,77.59466206736589,20.248640394470062,4.695977001780079,0.04034922884718501,1.6009985179480282,4.96155462692771,1.6133325230624256,-1.0201523187595147,0.5949292097431371,48.99926332532599,0.5,1328.6616908470774,1335.014136825902,1314.9081674246222,1325.2738549262808,1303.575780208633,1329.4109783250613,-0.23759578426470832,-0.09821110130502211,-1.1302857613956567
2024-10-08 00:01:11.839911,71.83991106170095,12.971949139671636,77.59467407479386,20.13380139819773,4.84815964121686,0.10681313397343783,-0.012419471796960124,4.849352038735994,-1.0723018220901275,2.999511265490106,0.5491505667137552,48.650780654616064,0.5,1324.4827836436657,1328.913161827693,1332.2331737512213,1328.889706747922,1319.1912288140913,1324.731489042591,-0.1395367917142765,0.12193380393683434,-0.652705488125527
2024-10-08 00:01:11.939967,71.93996664813785,12.9719501738298,77.59466386725377,20.2461551194023,5.057876958429827,-0.1218988237965961,-1.087593197345626,5.174923923380018,-1.8633097813734398,2.365127065069491,0.43928893153626575,48.83177154715576,0.5,1326.0551415154848,1317.0763623071389,1337.9259244223736,1333.3396551858016,1334.4588890250545,1325.7899853473016,-0.07572806286962033,-0.08730141681287369,1.1274233786527084
2024-10-08 00:01:12.040022,72.04002223457476,12.971935830751482,77.59466241303873,19.91616184786731,4.398814963334365,-0.025514508584197824,-1.0188074206578648,4.515328629478716,-3.463832643115138,1.4549337127323105,0.26871314538622504,48.82038887404354,0.5,1326.7490326869386,1334.0011099283395,1327.5923684433026,1325.5924430482041,1348.1123900868547,1323.7067195087166,-0.2855553024126753,-0.1187648551850772,-0.31432161007777376
2024-10-08 00:01:12.140078,72.14007782101167,12.971932833474709,77.59465054509947,20.042280371521905,4.991784691117651,-0.09883030711506802,-0.0788483414522716,4.993385514160786,-0.7639450251272573,1.3094470411467198,0.2297179232925405,48.652700031343315,0.5,1321.4501586040863,1330.833046424435,1333.220403841435,1323.501133639198,1327.7868139921984,1316.021562915003,0.12393719362000842,-0.15784249019469396,0.09832934122967443
2024-10-08 00:01:12.240133,72.24013340744858,12.971923367006143,77.59465753938873,19.90038341378014,4.600843259929908,-0.2907506655170379,0.3890716015194613,4.6264102026355145,0.9257132072193857,1.4440611800013494,0.19605363253511776,48.7254361890043,0.5,1308.8473567217568,1313.8827717764746,1324.252810279817,1308.9995784085916,1319.0696916126656,1325.117246569045,-0.31797772633346055,0.4435299432297541,-0.41386542861283204
2024-10-08 00:01:12.340189,72.34018899388549,12.971911562834183,77.59465894909648,20.120137946033857,5.045752268436692,-0.20154701390657567,0.6323785822986139,5.0892179973546705,1.8665549446401029,-2.4959816065852785,0.1566507081539221,48.68845737988048,0.5,1321.797711513985,1327.3207286688546,1320.0077984976617,1319.19353428582,1322.8672151557294,1323.7790910561512,-0.04944797835780008,0.4022661349822552,0.7058037505967474
2024-10-08 00:01:12.440245,72.4402445803224,12.971908580849083,77.59465380818597,20.0269294335842,4.845195857063825,-0.04565115623191641,-0.6443209844939588,4.888062648169828,0.6181797226672368,0.09902263384354451,0.04662168868894297,48.47986544238473,0.5,1342.4242648914637,1329.28984362205,1326.8143490447953,1332.4742933473387,1329.3792487489088,1331.0697685806163,0.46982843778300715,0.036544312834886364,0.33606749431919053
2024-10-08 00:01:12.540300,72.54030016675931,12.971914921458138,77.59465160783662,19.99120211811956,4.71021423160302,0.1669467027435472,0.5263635049648343,4.742472756749525,1.8028149915673297,0.15024823971747917,359.9872220193743,48.303140309496186,0.5,1311.1660796696933,1333.377184572415,1327.5479841980896,1329.1365087820936,1324.0453997206205,1319.0457020864283,-0.03941289981658156,0.020517377613330938,0.21221551292199242
2024-10-08 00:01:12.640356,72.64035575319622,12.971923331851618,77.59464381331615,20.132260651920685,4.616837838285518,0.11945443353904558,-1.185575388786603,4.768128562571853,-3.0201863594135743,-0.40763777475688606,0.0004889770306258853,48.44888355132504,0.5,1324.8556512048922,1331.257944351766,1326.7652045605987,1333.6350367553448,1336.0321464481294,1322.8553989542406,-0.28159011943866097,-0.38444285043740073,-0.02099669023869591
2024-10-08 00:01:12.740411,72.74041133963313,12.971923412174332,77.59466153068705,19.753955236539138,5.2786411764754435,0.25383245084415507,-0.4870334845410582,5.307135309952801,2.637972498956194,-0.5895237109080719,0.0017469922229031206,48.22384301160983,0.5,1324.2729688897907,1318.6444969409736,1335.722252739875,1328.974833886217,1324.6846583080687,1336.8287633511886,0.541837822038443,0.7141363711894855,0.5629451891843779
2024-10-08 00:01:12.840467,72.84046692607004,12.97190884794401,77.59467012480613,20.034799810100353,4.4958540516367105,0.1307768750353364,2.5938443010416563,5.19209346051364,-0.8327751283568954,1.5336412191387114,359.80451873385124,48.08539504949384,0.5,1330.3251935087465,1332.5838202978239,1314.470052730729,1334.2352472525477,1328.4435473141407,1331.4201046539645,0.3612533195077745,-0.23280075142822154,0.2633705150364068
2024-10-08 00:01:12.940523,72.94052251250696,12.97190025357376,77.59467061845267,20.273012461872682,4.91459667592288,0.13133293549604752,-0.7543657008183686,4.973889467761564,-0.9416890954383721,2.1791668927994103,359.69153754641053,48.0949882817994,0.5,1321.4851073104207,1317.2898305699366,1321.2632779799833,1336.0894061664353,1313.585085998001,1328.2500694462597,-0.14841245495101574,0.17728129908658152,-0.08483784391200062
2024-10-08 00:01:13.040578,73.04057809894387,12.971894043227493,77.59467472253849,19.883842804933888,4.723105942654032,-0.12303114287630837,0.4333727769383131,4.744541955915502,0.7211236974808646,1.9370269524948727,359.64694984662276,47.91665814935121,0.5,1322.1824166054328,1320.5166509350222,1327.4374360145416,1334.9669053684042,1328.2633051547264,1323.9223465473435,-0.07626050277286942,-0.20552868441772115,-0.15709162078766442
2024-10-08 00:01:13.140634,73.14063368538078,12.971904378876513,77.59467184479985,20.35973519655739,4.7239949935056105,-0.04690447846102949,-1.3056140048425675,4.901321929684564,-0.5379157006427033,1.546634032690903,359.60429954232495,47.96799355024191,0.5,1327.428076851287,1323.9658012855084,1319.9851080001163,1329.465131857041,1327.448233632535,1334.0422014824317,-0.05703688491681841,0.16296244740824023,-0.13772381252308824
2024-10-08 00:01:13.240689,73.24068927181769,12.971907905850625,77.5946847087172,19.62257485510436,5.169390912052959,-0.1327316270723991,-1.2092374201084937,5.3106002697088455,0.5103215000712517,1.1334817355477242,359.671664881556,47.918384952930445,0.5,1322.5280391018252,1329.115723724057,1315.6925703277075,1320.531738619363,1317.4034679473345,1318.8037642753864,-0.2685849625243583,-0.3099462973405578,0.14162368017093627
2024-10-08 00:01:13.340745,73.3407448582546,12.971908943202976,77.59467288499799,20.117753278136572,4.479604308926549,0.20251955218002674,0.10583163928443184,4.48542854914022,2.1303913383504085,-0.3797014796582516,359.7200471907084,47.93189627997326,0.5,1322.1769073313521,1334.5441653673204,1322.6537636334547,1320.2428471026703,1327.2157099572862,1328.1317186121428,-0.28197450258650286,-0.08727824415294475,0.4917762553563415
2024-10-08 00:01:13.440800,73.4408004446915,12.971893237382934,77.59468076449659,19.643752948568725,4.840000612730915,0.13740723766284407,1.2538197754654874,5.001654797119258,0.9968662317078276,1.9560545946295536,359.7473843655034,47.79479899851947,0.5,1324.0365111437093,1320.8599234946269,1324.3972931932433,1309.228843196016,1339.4223171462254,1306.7594249835427,0.2752907607744916,0.764535599708379,-0.34942893671237135
2024-10-08 00:01:13.540856,73.54085603112841,12.971886249120777,77.59466908622159,20.36865662397736,4.754201977251209,0.012736111837017979,2.904730501372427,5.571360510202812,-0.792639202701972,0.08332241251077763,359.7334810902649,47.599673376876716,0.5,1321.2880522171445,1318.0281553412826,1323.4508470228297,1324.0253542811388,1318.6724505255297,1328.7737386769363,-0.27358879960215243,-0.3837008847361304,-0.3452760552983833
2024-10-08 00:01:13.640912,73.64091161756532,12.97188974095963,77.59467909359951,20.225021976080715,4.614384600416916,-0.11819671984635614,-2.320720537678014,5.166455217956287,0.9307950333861615,-1.4990650285981661,359.8376848604053,47.63127435274574,0.5,1342.3949587885052,1328.5054514903597,1314.0146907989742,1303.5741679377136,1324.4165614744454,1317.7262824886275,-0.04015632391314836,-0.24139145632014705,-0.23612277079140934
2024-10-08 00:01:13.740967,73.74096720400223,12.971900092170772,77.59468874763074,19.904254515270253,4.875064497748569,-0.28791536554911745,-1.509920024902243,5.111654095938865,-0.1276880370669199,-0.327671552845439,0.00463078819900381,47.478175520314075,0.5,1336.0856650869234,1318.8645971063847,1319.5958793174864,1317.1899108047364,1330.9230138131595,1337.7808120242842,0.7429783180328073,0.021155250467273335,0.05901913093269242
2024-10-08 00:01:13.841023,73.84102279043914,12.971916495924766,77.59466947458019,19.922870108951862,4.7546062164846195,-0.11352724420218244,-2.21301579599357,5.245627476511022,1.3051947519922735,-0.5651591932086583,0.03611568242829383,47.3604576672754,0.5,1311.416853534666,1320.9611604833144,1327.8668885095774,1325.0708160856102,1324.3477484831117,1311.6943493411995,-0.24937646624588958,0.23034613146512325,-0.8707897106260636
2024-10-08 00:01:13.941078,73.94107837687605,12.971921720009895,77.59468348132492,19.46140532874569,4.671462854789814,0.2927219817065259,1.2529981689525442,4.845436592677034,1.7827799008635474,0.47074153604383495,0.12531676770210692,47.35217815295363,0.5,1324.0682210283646,1321.2940861909785,1340.0203044186965,1323.045165184388,1326.8708172608926,1320.9374363729376,0.16003665036617054,0.283357037483542,0.7280357828544667
2024-10-08 00:01:14.041134,74.04113396331296,12.971929346628727,77.59468795333517,20.173609042149703,4.582052570448961,-0.033174423656004016,2.7639042266879557,5.351212280880509,-1.4160098189853465,-2.2535249649853055,0.24778044380543962,47.281298895047975,0.5,1325.545481446743,1319.543672071844,1337.7400251616484,1326.2321865721576,1326.0037474585988,1320.9340217585489,0.3266381192948018,-0.08489464478047108,-0.254140816416475
2024-10-08 00:01:14.141190,74.14118954974987,12.971935131149671,77.5946794783169,20.014493445259124,4.7107802909856895,-0.11294172123312407,1.0488227152334844,4.827446102270232,-0.8008861445408973,-1.436077643370816,0.29206823885641076,47.06628107957776,0.5,1328.5913958772398,1312.63579533427,1323.525958335601,1327.907115487937,1308.127922027836,1315.3093639737683,-0.17698170054723342,-0.5093665652057981,0.962239585482229
2024-10-08 00:01:14.241245,74.24124513618678,12.971936248283964,77.59465859445419,20.38349018583178,4.657700706579353,0.019180317630019015,-0.07312613052762629,4.658314200182309,2.7640085012210416,-2.1908192415630627,0.3023436705093545,47.04816801553922,0.5,1317.860363749323,1320.1245487621154,1312.7260954600565,1330.2687563631382,1327.138418365811,1315.5531438517257,-0.7073883398338604,-0.12362572792116178,-0.11313705302084444
2024-10-08 00:01:14.341301,74.34130072262369,12.97194290817509,77.59466180491077,19.999860089511515,4.702307714475137,-0.0027726947003518386,-2.1422930989081976,5.167313155894267,0.7061491121919793,1.9385265883761296,0.30404312773483183,47.000419478720815,0.5,1327.1087587077961,1306.611179392198,1332.1670977617555,1336.1872422047086,1328.0549672943596,1322.4462953256416,0.22916927308166302,-0.326025973875861,-0.09675173410652009
2024-10-08 00:01:14.441356,74.4413563090606,12.971944356714673,77.5946685588274,19.954793401169773,4.975089298736713,-0.11327975048211512,-0.04592044736881462,4.9765906522196905,-0.29477418323118454,-0.8900810849436287,0.18144607537737523,47.189947545052966,0.5,1312.5734131597167,1321.423730271408,1312.405347953086,1327.238337241816,1333.105286520558,1350.4210587008465,-0.25897606986396005,-0.59350840832744,0.6285926217609413
2024-10-08 00:01:14.541412,74.5414118954975,12.971941877105422,77.5946749961443,19.99067089492965,4.969703961247932,-0.24311037438974492,-0.4552671691570822,4.996431557811196,-0.05429763376959617,0.5652261829463798,0.2043095219394099,46.9501411185272,0.5,1329.8092196442767,1327.825173094384,1342.1665516441126,1304.0957620213844,1311.0497935423077,1328.5813703791723,-0.23259037369901495,0.20019651082312803,-0.6613870639932611
2024-10-08 00:01:14.641467,74.64146748193441,12.97193862082657,77.59467485955598,19.863689353978806,4.372139721750018,-0.20689956316923744,-0.1067372918188596,4.378333704185733,3.1646156977289595,-0.9219634380296999,0.14515230724638117,46.79862478731938,0.5,1320.0129967071991,1318.5904508544886,1317.99743985193,1322.352918851352,1332.2101085729555,1328.8009122312924,-0.15816216644603776,-0.08485670941021335,0.14059014587029403
2024-10-08 00:01:14.741523,74.74152306837132,12.971931095027541,77.59467213731509,19.969311570274403,4.772787391603913,-0.15791399522834082,-0.3121827694798043,4.785592376801678,-1.6492142160079046,-0.4894782310097193,0.2064985347419525,46.82913999377222,0.5,1335.838550886177,1322.2071656699368,1320.0250131992634,1323.201865980005,1329.3714461532572,1336.902353062501,0.3842164845991743,-0.3560396814822322,-0.37542162598353107
2024-10-08 00:01:14.841579,74.84157865480823,12.971920465758918,77.59467657079911,19.801218093827206,5.01251105638605,0.11603726476023307,-1.7733466382594258,5.318222450841206,3.0931246512310016,-3.3282011128365414,0.3448079762717339,46.635151176948916,0.5,1329.437478912869,1312.482540464516,1322.7010686029396,1333.7726470623452,1324.2568255951714,1322.9730821169157,0.4383365413443426,0.15273117737475436,0.547215799376017
2024-10-08 00:01:14.941634,74.94163424124514,12.97192157173583,77.5946737973327,19.614445094580468,4.85332749937965,0.010213784134740786,2.3080049345992393,5.374177045441983,-1.13670235909242,-0.8793568223028351,0.3770658682809913,46.76101974928096,0.5,1325.317198154058,1318.2307884813695,1309.1412184653516,1312.3121427446404,1335.2832282495917,1312.10627955308,0.11470617298499879,0.2886005521571878,1.176192201576111
2024-10-08 00:01:15.041690,75.04168982768205,12.971931229133938,77.59467265184853,20.26307566828842,5.223957297954043,0.20885391873145387,2.3177131788398526,5.71884115792568,-0.4558686791509341,1.969094481216313,0.33146306147613447,46.776451619995136,0.5,1323.3276702759492,1318.8569702049826,1317.3440818349072,1333.2002519773573,1325.2792648472937,1314.111830612634,0.02562234727117152,0.30622060565958026,-0.869918860549628
2024-10-08 00:01:15.141745,75.14174541411896,12.97192345040776,77.59468147906045,20.078245397183217,4.716053193605108,-0.27028672597017217,-1.279643029759427,4.8940472947000115,-1.4822630859217654,-1.4153276673736888,0.4513133897479529,46.610588734865054,0.5,1331.343482485252,1330.5386427642334,1321.3103463510056,1311.631065193407,1326.9901196508397,1336.599933695943,-0.2687776955552419,0.06396900023788783,0.9320408151335551
2024-10-08 00:01:15.241801,75.24180100055587,12.971923374575333,77.59468023555551,20.007004800743456,4.93712886764898,-0.11834268987069202,-1.736947685049472,5.235096341865874,1.7159138388526107,-0.398380533094486,0.5456112971410398,46.483190605374205,0.5,1315.510986321402,1322.2470702519108,1328.8975322623844,1325.3026248195947,1326.3404862149391,1325.3782529077157,0.3687141343552613,0.1280879446869286,-0.37116164344011454
2024-10-08 00:01:15.341857,75.34185658699278,12.971912411444627,77.59467906858822,19.730662758707503,4.8057984211090945,0.0796679709238397,0.6643683903893418,4.852157335461651,-0.7350903845077603,-0.09980785384034474,0.6161322774268625,46.33222740123381,0.5,1328.008852778896,1323.0229010590813,1327.016182525263,1327.7605986935216,1320.198688915445,1322.2790165969755,0.8627004252512408,0.23390124592319333,0.3266137137680742
2024-10-08 00:01:15.441912,75.44191217342969,12.971908354604608,77.59468950486627,20.139952338564555,4.7077865694523835,0.08346162028400363,1.9460001024073819,5.09481468005915,1.2317380642604057,-0.5635673026294464,0.8435234480204963,46.29760033967357,0.5,1309.9831638175847,1317.6936820144601,1323.2118205786041,1314.3222290384215,1326.5447054252077,1319.8697153422368,-0.3460269785202618,-0.45052110908498966,0.575416488562076
2024-10-08 00:01:15.541968,75.5419677598666,12.97190191489658,77.59470348454141,20.120079121612815,4.962883355104129,0.015123160223064893,-0.6915614501150316,5.010857925109228,-1.8121813431673646,-2.3989771602458045,0.9503501658968014,46.19760586949282,0.5,1331.0097597830525,1319.0506124684123,1330.8324236145552,1336.9259268739365,1318.9937445293335,1331.5498442464445,-0.06398489397509682,0.3298688472580546,-0.06513679245934029
2024-10-08 00:01:15.642023,75.6420233463035,12.971909884527134,77.59470397862803,20.00156316566772,4.63477815976161,-0.011649794135740596,0.7054106305131,4.6881668555574585,0.3432509166846803,-0.6999820026898005,1.0232504819832762,46.12316196589666,0.5,1332.2826864096019,1322.4925413721658,1318.8483625740937,1328.5330407745998,1308.8535675078988,1322.3161057423329,0.014711027726929799,0.5206162600235196,0.004347134967849968
2024-10-08 00:01:15.742079,75.74207893274041,12.971910314502745,77.5947003924068,20.26123967024245,5.0059079047694155,0.0743519464679009,-1.079911427966323,5.121606276865564,1.8801260006983074,0.16462711451591647,0.9164311166831985,46.0705821977429,0.5,1330.6406155785487,1341.7543388113659,1327.8976073639262,1316.8743539228258,1325.480191803419,1340.7604075648183,-0.30171141424877884,-0.31141990001597236,-0.7543591480125325
2024-10-08 00:01:15.842135,75.84213451917732,12.971914604618032,77.59470942702957,19.785460823217537,5.081440316875049,-0.06797874594634241,-3.858077918595484,6.380471928456209,0.6561597469464723,0.8595445564335829,1.0279255126373064,45.98070176764545,0.5,1316.211487221237,1327.8124283035554,1325.2231098425475,1323.8753262700347,1315.2580550611988,1333.547983136638,0.0753835861302541,0.5342378705905452,0.7379573222503107
2024-10-08 00:01:15.942190,75.94219010561423,12.971906175019226,77.59469616044613,19.48919517291373,4.648377671134266,-0.09287361355240382,-0.7300707355726246,4.706277059474235,-3.0707334112988107,0.9250988358096248,0.9591291408581112,46.06808862974006,0.5,1308.5820184555635,1331.6598782655328,1330.6789368042982,1320.10111248525,1324.086266703623,1309.3623623312837,0.050574347409218276,-0.1438305172664705,0.6814809836333716
2024-10-08 00:01:16.042246,76.04224569205114,12.971900758530143,77.59469894880071,19.63936551204125,4.532063469837486,-0.5314520945078753,2.981065898215178,5.4505774476557685,0.17515647934619227,-1.3286296135298277,0.8885990504340925,45.83710462461653,0.5,1334.3020713809158,1311.3441042175257,1311.2884456269485,1311.7443008566986,1317.206459012219,1332.950560923474,-0.2752391189230028,0.233527228473498,-0.19636519524150278
2024-10-08 00:01:16.142301,76.14230127848805,12.971899144163462,77.59469620827322,20.08573976621971,4.869394080500656,0.2325065870354825,0.2723966769106454,4.882546259260805,-1.5288592262395915,1.357594261001955,0.830039700555195,45.93810035958116,0.5,1319.7028949894284,1323.8902435642126,1321.2696993228813,1326.9633142524951,1319.010502776363,1326.816570853044,-0.5082248297841749,0.3740919121679394,0.584996768697379
2024-10-08 00:01:16.242357,76.24235686492496,12.971908488828737,77.59468370788792,19.693875130544768,4.759346322755787,-0.20069003886109657,-2.33924768420151,5.306951445007692,-0.46919139096395046,-1.3227355622173487,0.750085903542099,45.80279022161374,0.5,1338.7187042861826,1322.1241551675969,1324.5239181172399,1318.733527454034,1323.468440253366,1318.5610318224747,0.17212448419808452,-0.1362792723196162,0.6365018696718453
2024-10-08 00:01:16.342412,76.34241245136187,12.97191150692692,77.59467548518249,19.617630168491782,4.839114758056652,-0.0809285426661454,1.2937058818543932,5.009716157568651,-0.6734960803594044,-1.2852324292417072,0.7652896231850758,45.81691622365795,0.5,1322.5614042959705,1318.9974941019593,1332.467982695474,1310.8286018059146,1320.4670879807043,1316.6928567347502,-0.24194662119568666,-0.2231054647035313,0.0323258271697453
2024-10-08 00:01:16.442468,76.44246803779878,12.971912824542033,77.59467681656939,19.95276013191641,4.876108379959111,-0.13568062899747374,1.2939169780821658,5.046688351024056,-2.8065490588394812,-1.6419555851360423,1.0360427305587276,45.65584978193407,0.5,1307.8725187614773,1324.6764744425395,1325.0515914851699,1328.1838741998347,1319.021006075899,1328.0700298450272,0.0041170944833805396,0.44932044493632434,-1.1048788006107149
2024-10-08 00:01:16.542524,76.54252362423568,12.971926438043,77.59466973844292,19.876557412577153,4.810069404515723,-0.1597974114761461,0.8269502497836214,4.883251949734921,0.01742067184548594,0.34245409965097773,1.0455816061994772,45.55872614069787,0.5,1318.2501145136557,1314.8170382514977,1329.5635969198145,1320.012523472637,1331.4945873676816,1319.526979462898,0.06022355950460685,-0.7912130143009025,-0.007731301570643227
2024-10-08 00:01:16.642579,76.6425792106726,12.971921645603219,77.59467290163096,20.118242116308906,4.457980244641714,-0.09268891057414777,-0.42502246958359535,4.479154294664357,3.3266681085537715,-0.2893844937084331,1.0414703786781014,45.40981872974898,0.5,1333.1164206928972,1316.2079655793245,1337.9862244189846,1324.8994678722759,1317.5863714679165,1330.0171452301486,-0.1730736148296871,-0.30107865737233935,-0.0492153370823964
2024-10-08 00:01:16.742635,76.7426347971095,12.971917014321946,77.59468288858793,19.79150566769105,4.918737908060384,-0.09859013461489617,-1.4210267639899143,5.120841697105006,-2.1273324832193103,-0.35005449998081717,0.9906580379607841,45.26985569858707,0.5,1332.9725985365678,1326.880986118562,1321.276345319765,1321.1013911716873,1323.893939521779,1324.1294771662479,0.3507197390215443,0.07516942621612456,0.0004236513698667819
2024-10-08 00:01:16.842690,76.84269038354643,12.971919914270181,77.59468729093666,19.83387878388183,4.693491026185099,0.23570452957369684,4.0131211930951025,6.179769926834711,2.320263992302335,-2.5240818473272117,0.9917169972803157,45.28255464003699,0.5,1321.7141932812742,1316.6089584921826,1325.1805043359643,1319.2015880981548,1328.7643251517284,1339.7852831941727,-0.5455934918100258,-0.3572271466503372,-0.04360397267999355
2024-10-08 00:01:16.942746,76.94274596998333,12.971928499452838,77.59469020479044,20.594576056526044,4.691209174318533,0.14877699746512046,1.7480020515290704,5.008501700542284,1.1479817993511725,1.627365254464895,0.969292594674263,45.317117336596965,0.5,1329.4901662384552,1320.4921235799632,1333.0690866064092,1328.7469170357126,1339.8338272769179,1324.935806038659,-0.06014748506575128,-0.03373004369286149,0.7321557595971854
2024-10-08 00:01:17.042802,77.04280155642024,12.97192520953679,77.59468635931036,20.18367352459915,4.908214869356669,0.5148536040476194,-3.52489969211868,6.064698284075894,0.09745682596940689,-0.8981556906801688,0.7675078936908963,45.38019717228811,0.5,1312.6897902419876,1317.673915042258,1327.651154463455,1329.2956970752782,1313.2525208137338,1316.512845284708,0.09125718263220801,-0.2900346930383512,-0.12474805417238324
2024-10-08 00:01:17.142857,77.14285714285715,12.971917290572197,77.59468225089884,19.889204244873614,4.879017547079001,0.00869735057176325,-1.95817457219988,5.257312576195365,-0.9136695121728937,-1.0267197640087722,0.7320687653837169,45.286982893374926,0.5,1322.716140017445,1312.707882299242,1333.5153952944875,1332.6697336235616,1330.3235197079798,1316.268500487132,1.0352458004815737,-0.49162791857068733,0.11565452760455064
2024-10-08 00:01:17.242913,77.24291272929406,12.971912275003517,77.59468972253325,19.791820914264548,4.7670308893523785,0.18112456932989632,2.278376119889842,5.286623435931385,1.1194390499932878,-1.8369376459904059,0.73461855896292,45.00956309326608,0.5,1332.1558236074088,1317.6583130658457,1322.0675532338669,1325.9835484571224,1321.85761190038,1324.3914653525787,-0.39210383315393066,-0.386961397524356,0.35693650498203
2024-10-08 00:01:17.342968,77.34296831573097,12.971934774468776,77.5946926471195,20.34513276247247,4.756601226264373,-0.08436508206744123,1.3568163268480902,4.947051974416029,1.2821010086540556,-0.8796288145515649,0.6576421595275215,45.00190150439344,0.5,1341.2322215376485,1329.4425836747828,1324.4360156231405,1324.0912776177445,1336.382644109925,1327.6634920400445,0.28674957957000213,0.27381556512707556,0.6649205603401538
2024-10-08 00:01:17.443024,77.44302390216788,12.971915403053051,77.59468978360526,20.063335020804463,5.027422692591988,0.08268727427184626,0.19625947598724736,5.031931428112884,1.7082738053607645,-1.0821842489558986,0.586577115729106,44.843837883125666,0.5,1333.5860375516188,1331.9008512480257,1321.6864479440808,1315.5265574541024,1328.1506403278172,1311.9043316639045,-0.09224522922354204,0.24522903036861143,0.279440872585689
2024-10-08 00:01:17.543079,77.54307948860479,12.971912375225514,77.59468985361619,20.384406476399878,4.927658844455671,-0.05376557659968562,0.6559722321593711,4.971419514980952,2.191805450043563,2.7251166472805535,0.5605073972545348,44.831621785197974,0.5,1327.1983522553587,1324.6584411370152,1322.5514636753762,1320.838104765351,1317.39089905534,1324.795860039005,0.06292121686644526,-0.10863723995250449,-1.2626209968973485
2024-10-08 00:01:17.643135,77.6431350750417,12.97192415234705,77.59469356342781,20.194602393554533,5.0850369859484434,-0.07140942587198418,-1.9843433680692755,5.458966848861377,-1.376900341698624,2.6182653977193855,0.6112276435076568,44.76377807005136,0.5,1321.0603280030664,1331.0329382025482,1327.170536134651,1327.6500784408995,1308.580908978249,1319.1374681022555,0.08170306932411331,-0.18105906748069583,-0.004597083099377342
2024-10-08 00:01:17.743191,77.74319066147861,12.971921709285228,77.59468613541517,19.987317197631153,4.717942962223296,0.15620281958188892,1.4893741515659116,4.9499111586967235,-0.02804272472563907,-0.5630614346622267,0.7487281680692482,44.758686920048326,0.5,1334.1822611097396,1331.327138670776,1324.4273627661535,1324.7932216060972,1322.2378516254348,1330.8642850316417,0.16300085808300718,0.2811626178229914,0.35602991126116756
2024-10-08 00:01:17.843246,77.84324624791552,12.971917937154235,77.59468817845828,20.492642801872336,4.8193737056226045,-0.21740715174742936,0.6309893601854242,4.8653649767252505,1.8722100497958845,2.43332463322251,0.7999121892514501,44.522298550548555,0.5,1318.1153271680646,1331.2037961798057,1320.498900414909,1330.2415819814576,1335.999882054705,1316.3834660171754,0.324210252094073,-0.08632077462770493,0.21440230172215843
2024-10-08 00:01:17.943302,77.94330183435243,12.971907010333206,77.59469616017839,20.11358521856876,4.874789400020462,-0.19417227808870338,-2.203259049567464,5.353094899927605,0.003945420891632175,0.32808255177929246,1.0082128149006493,44.60863850567224,0.5,1339.7400373612613,1330.4024678341823,1328.2269891676226,1330.4506565600973,1326.7137406989916,1332.2008628499243,-0.31277750435854224,-0.144957846206335,0.3720346186528343
2024-10-08 00:01:18.043357,78.04335742078933,12.971907291432563,77.59469211241189,20.051746049318535,4.903348617584952,0.09547052584678765,0.6244523510315929,4.943873281708038,0.29311891292393644,-1.4778606519565125,0.9692737777840141,44.506329653465976,0.5,1321.7211756663842,1327.579809543121,1332.4988157023427,1346.0867198310373,1324.6382524429623,1328.5117692084202,-0.3502840079668107,-0.10472299569825495,-0.6247757393207533
2024-10-08 00:01:18.143413,78.14341300722624,12.971915714881593,77.59469332275732,20.238545110937505,4.3076771283678035,-0.21205571302349444,-0.9014639212354467,4.406096579624438,0.30261010737916033,-0.399544088402351,0.9396104488759054,44.40831692279194,0.5,1331.0822267313288,1324.6520829605777,1318.6707332409248,1319.6879600193522,1335.1289033638252,1320.3793986536036,0.20683162763134047,0.16330601853596774,-1.109892967129591
2024-10-08 00:01:18.243469,78.24346859366315,12.97191554563538,77.59469120145431,19.87135304673668,4.782743380424114,-0.04185023379003081,-1.405313887946079,4.985107101027328,0.2633195800041649,0.3417644335751523,0.9474572647745408,44.295591552214276,0.5,1324.4408489543061,1315.3234356826445,1307.602729566492,1319.277320655628,1318.4243037752778,1328.001811762916,0.21791280660679238,0.15135765934992118,0.29714659351004646
2024-10-08 00:01:18.343524,78.34352418010006,12.971923682041092,77.59469790097185,19.95732610056475,4.922577973510099,0.14705491794050385,-0.09132554087229039,4.925620713026217,-1.1856495022956415,2.1186082414182668,1.0369428385977333,44.07691678171426,0.5,1324.1708219410957,1316.8877641165648,1314.4877005949784,1330.2256410780267,1325.1870455766186,1337.6846082450036,-0.15010709201154956,0.324489522730043,0.2790805170121296
2024-10-08 00:01:18.443580,78.44357976653697,12.971924678799986,77.59470149249567,19.85307778563939,4.953767027642701,0.12025274504347802,-0.12396643715500488,4.956776791867008,0.4777847770088878,-3.0303863138078286,1.1951424302205218,44.21034638064771,0.5,1324.3338747111356,1332.5764276217321,1331.073208310598,1312.5347760426648,1337.902284880082,1318.7708844182243,0.01571494938175188,0.006954890186912005,-0.650478424662081
2024-10-08 00:01:18.543635,78.54363535297388,12.9719266959734,77.59470676848211,19.932519031428672,4.401652372270985,-0.028221535876003425,0.6199984073506215,4.445192693969891,-1.2886758792769846,-0.5829143717518248,1.2113637802744153,44.143286232167675,0.5,1330.2902888408573,1329.7084171527224,1318.1227227996328,1307.9624308303219,1320.6506407706436,1314.5094236373877,0.1280250450035401,-0.26401952359028247,-0.08836070155064327
2024-10-08 00:01:18.643691,78.64369093941079,12.971916242119041,77.59469248438604,19.97714639411422,4.586898947808457,0.2274790172302508,2.73691040077901,5.346219898449623,0.14485812141108642,-1.4685639856545274,1.2327400957998575,44.03344484718769,0.5,1324.262537046899,1328.692601043231,1329.2361969839083,1337.8244742944844,1309.1573323723114,1329.7395830839446,-0.1456107029250923,-0.07422616133072597,-0.051731479561757554
2024-10-08 00:01:18.743747,78.7437465258477,12.971932048342714,77.59469523538525,20.48020538177911,4.866435123642987,0.27070912461330876,-1.807143276879387,5.198195943396652,0.5587273850211533,-0.5581990518255395,1.3181980372870576,44.095914469308184,0.5,1331.785527711825,1323.446333734677,1325.1212749021622,1337.9419830673376,1322.5349882588353,1321.528788211166,-0.43734659071885723,-1.0319280250297058,-0.2407095397138808
2024-10-08 00:01:18.843802,78.8438021122846,12.971926274112043,77.59470157730048,19.615516833426852,4.92948300968325,-0.1129727165728937,-1.9844466710575404,5.315128800670502,0.7313473293331751,-1.9869595439968455,1.2356173527961885,43.906260266692406,0.5,1329.960869274999,1328.949448332479,1327.1682611795247,1311.0021504116983,1317.840377329874,1325.3985055631847,0.106776319012938,0.2621752112335894,0.6527798220913991
2024-10-08 00:01:18.943858,78.94385769872152,12.9719414844822,77.59470528331684,20.083095430928243,4.766106416721588,0.028387898197954838,1.6368703441770691,5.039436553021096,1.2659618546432314,0.500709927592398,1.368487734889024,43.86830190231488,0.5,1318.2708936204147,1315.124425786648,1338.1985784747874,1330.8176682257772,1323.2047846311739,1331.0403541399826,0.1461409029438849,0.10183362068744918,-0.5892075154932673
2024-10-08 00:01:19.043913,79.04391328515842,12.971928692412371,77.59470414177346,19.943072877842496,4.930064871286332,-0.12890344262098705,-0.5376742499585276,4.96097261952528,2.0125518088966734,1.965384122262435,1.4048814325701757,43.659765470940734,0.5,1306.6631332532456,1332.9960600892168,1314.2949442439437,1321.479550964006,1334.9674722371951,1330.0100529498359,0.4130049607240478,-0.04511943124142155,0.0037027491200127384
2024-10-08 00:01:19.143969,79.14396887159533,12.971941358005262,77.5946895787797,19.975500806144993,4.480039798324384,0.11929396583660908,0.8755780752457838,4.56635791530915,-1.5315521910451162,-1.1938138152190816,1.371198580662029,43.87119738777557,0.5,1338.3290998404568,1324.243342297264,1315.0816236137769,1336.54688801948,1326.3796155121888,1317.3580354775336,-0.1979560721411404,-0.4925296618670223,0.38379741229401726
2024-10-08 00:01:19.244024,79.24402445803224,12.971953500506,77.59467092398059,20.11828583342253,4.7758600282532075,0.0029701325358509182,0.1399906954990371,4.7779122245998105,-1.7677035468743887,-2.243128778512627,1.3678145206370216,43.52144832042637,0.5,1347.1411901944325,1329.1684980257155,1322.8004638634832,1316.0522835274635,1325.891261212851,1327.2614564271646,-0.021581571733494825,-0.6220586746864544,-0.21732127626014122
2024-10-08 00:01:19.344080,79.34408004446915,12.971937754526826,77.59467157141536,20.003514508412724,5.033256369467394,-0.1261729223802544,0.39040920242878485,5.049951349514879,-0.3080565312840343,-1.4595161252527062,1.3208139651288249,43.50368533184958,0.5,1324.6897747405883,1308.4071468566387,1319.3769250395444,1331.6500305593775,1327.5294026881343,1323.8986745653744,0.13779508686856887,-0.18737190317948405,0.27262519721057876
2024-10-08 00:01:19.444136,79.44413563090606,12.971939265662778,77.59467295281243,20.196411076821285,4.879509524002199,-0.2000488140622997,-0.18747225942381363,4.887205599408456,-1.1992453279106923,-0.7740821042820474,1.2683280231937668,43.303485940571676,0.5,1322.0056967455619,1313.6829886589076,1318.5103373652505,1334.268509044429,1320.8262395788286,1322.7274229065633,0.15524754915994352,-0.04342662569999254,0.08429607159771145
2024-10-08 00:01:19.544191,79.54419121734297,12.971947434379134,77.59466182281136,19.965999214698122,5.1804344126811674,0.06484995213232089,-0.3058859483063543,5.189862467710885,-0.8661650422702746,1.6653053411026542,1.2749754287371104,43.325327890637396,0.5,1331.5139192581853,1324.1067777845506,1309.1187155657576,1318.2660050628351,1332.9082260677535,1327.1287328139233,-0.2937409858377319,-0.8070335749455079,-0.42760416072812235
2024-10-08 00:01:19.644247,79.64424680377988,12.971940182034324,77.59467410093926,20.135199880940082,4.584033581841643,0.028628530063059,-0.45177903900099636,4.606331270356721,2.631217761405171,0.957669838768415,1.4716864779974361,43.23148166444989,0.5,1339.2242478143974,1319.7877313019626,1343.1184022749408,1336.0360920077053,1330.7266544856143,1337.5647445281115,0.5775311699185064,0.01128337210994006,-0.3766331750659249
2024-10-08 00:01:19.744302,79.74430239021679,12.971951391584438,77.59466225906856,19.875593181323826,4.93155453401914,-0.03247869040243039,-0.46688567820216065,4.953712468830351,1.7246836560963414,0.7735562091451991,1.4952859104466523,43.105443765245745,0.5,1326.848642649968,1332.1140407954745,1319.5514055165254,1326.0619169422703,1315.8950817204427,1320.2526933400184,0.1344949905039935,0.24919442697342087,0.9782894337557733
2024-10-08 00:01:19.844358,79.8443579766537,12.97194796886786,77.5946450423467,20.04177084027706,4.714616999445615,0.13436789760213266,2.8991053960269824,5.536287590131166,-0.28314454693324,-1.1325259903356892,1.3228313378620378,43.30065102501947,0.5,1329.928814176479,1307.162181755169,1312.3558532143365,1335.4446671212224,1307.7417133421206,1330.0631833025989,0.1580906809864773,0.3385001874075165,0.1493292929927797
2024-10-08 00:01:19.944414,79.9444135630906,12.971942722489375,77.59464774361983,20.4557365624076,4.8771967827805165,-0.15225840743132005,0.07804727036707959,4.880196969079209,-0.3727026729944035,-0.3200601796826266,1.2618143763186411,43.15812757517925,0.5,1310.7961699560838,1344.4532045642366,1319.8107588000764,1315.0514268730578,1323.3143511964863,1332.275123987719,0.4237095592703824,-0.13317221729791848,-0.033198457325418276
2024-10-08 00:01:20.044469,80.04446914952752,12.9719433553781,77.59465018892729,20.057388971089814,4.524911102991368,-0.11482784020872681,-3.233257705814154,5.562549893265512,-0.6595601096739672,-1.4335402654155027,1.121557662599621,43.18213865100101,0.5,1323.4448681403237,1322.6398502162888,1323.5459790122047,1316.2354258827645,1319.2124420623045,1320.0716101036069,-0.12306897863567404,-0.3312574728850013,0.6620414086206854
2024-10-08 00:01:20.144525,80.14452473596442,12.971934015710811,77.59464104439178,19.80872557069382,4.429739687996047,-0.1128345779873933,-1.5692344606273565,4.700832068667987,-1.790702920621705,-2.4841395707886935,1.1457215679910018,43.0596567746644,0.5,1322.0028374440606,1311.5961904659273,1320.0126940377659,1317.6775381344812,1338.0488414416186,1320.3687397688223,0.553403149251239,-0.4129290323456413,0.5926417348462206
2024-10-08 00:01:20.244580,80.24458032240133,12.97192582962662,77.59463730270576,19.74336762265966,4.950002091308308,0.1445282801760444,2.447131261224243,5.523754206822406,2.264741732100111,2.8153281184669963,1.239550368176001,42.912289861074676,0.5,1315.419673206304,1328.0779921549747,1337.0730210655472,1334.3496179739798,1336.5527284263023,1319.0802139170735,0.05756212608403778,-0.06261295700476353,-0.6148830188824693
2024-10-08 00:01:20.344636,80.34463590883824,12.971923107803331,77.59464155343142,20.29842387755359,4.95120647645148,0.2758326691687716,1.244911106570484,5.11276176807588,-0.5865573183737229,-3.340936661793063,1.3342326899913184,42.79074272224599,0.5,1324.9516573988333,1315.15386195639,1321.890415616485,1321.8296101749463,1322.1098263973208,1331.7467749911982,0.12763512336646152,0.4908594261534899,0.8108580951907242
2024-10-08 00:01:20.444691,80.44469149527515,12.971924335833348,77.5946569809433,19.992488244319123,4.913216352150565,-0.069774512308176,-1.6560833198869318,5.185284502128622,4.220632033395962,0.9999555337033847,1.2610284448323124,42.6923138286574,0.5,1320.1745200964403,1323.4522189018817,1325.357293778823,1328.7789717102423,1323.479198493899,1322.1935628720921,0.6070457178352558,0.2577798435518913,-0.036227597870914785
2024-10-08 00:01:20.544747,80.54474708171206,12.971908600694919,77.59466589096412,19.967023102034247,4.709201743809124,-0.29172409358849233,0.18417784168747175,4.7218222634956915,0.9775675377607855,0.6811897694863679,1.2437321352809523,42.574321129291505,0.5,1318.008949000386,1327.6674517316196,1318.3229889212928,1328.7800629136407,1321.9968415714966,1319.5067627065757,-0.2738240573559345,-0.3973502921086663,-0.28017936183256004
2024-10-08 00:01:20.644803,80.64480266814897,12.971906371680111,77.59467219596401,20.029344288236572,4.54843807076479,0.058735329870712366,-1.6297682119766534,4.83196472952019,-1.619957859680769,1.0335509972605852,1.2519108276164927,42.73205949887132,0.5,1327.9310604073655,1322.797099152504,1337.6807256040247,1329.9183554552071,1327.759465163607,1331.6341035361665,-0.28566501697794183,-0.8133103745319705,0.7780138215848875
2024-10-08 00:01:20.744858,80.74485825458588,12.971903057963011,77.59467221090075,19.640888273623133,5.0034030629325486,-0.14406944285896386,-0.806980142849099,5.070109975679152,0.20386898026769482,3.858665234264916,1.2955629749045798,42.348847265869296,0.5,1336.4296252716945,1330.9183973583154,1318.2211052731316,1325.0427109430043,1319.9470214147393,1338.222823938103,0.4093584434421908,-0.053664706094174765,-0.021076926655888506
2024-10-08 00:01:20.844914,80.8449138410228,12.97189562524377,77.5946850924713,19.867858545365234,4.872993184270377,-0.01967735770948359,2.0923960608038215,5.303260416726612,-1.6852105011308898,0.6341350181232421,1.2649601255621892,42.46837564710908,0.5,1322.509617826077,1326.555447623939,1321.6080314876954,1317.456394098004,1328.1538140891957,1326.2926762281754,0.35043384631125385,-0.03947696130814679,-0.7326569686726837
2024-10-08 00:01:20.944969,80.94496942745971,12.971884533724692,77.5946837060271,20.05960010346718,4.71582120638865,-0.043014734841438224,3.245199426800127,5.7246955585203185,-1.2269488271659816,-1.005623700066334,1.2797565670606965,42.2330788528047,0.5,1323.9048768195432,1333.8094613597425,1306.4950982103028,1347.0521847913228,1318.233297831565,1328.3043620364956,0.24979534199024872,0.7498993635989448,-0.41811777954111273
2024-10-08 00:01:21.045025,81.04502501389662,12.97188850222341,77.59468604049349,20.51725920887165,4.902354238828309,0.14582753691920677,-2.6633748508611035,5.581031118859777,-0.6353133757444547,0.5608475409802622,1.455738487806248,42.29949514347067,0.5,1325.4326142428013,1317.7276823532918,1325.1049805111422,1319.2656068254262,1324.2450606198381,1331.2489755818688,0.44494453534379547,0.06491500776279917,-0.17185151230499354
2024-10-08 00:01:21.145081,81.14508060033353,12.971880496254856,77.59469264296044,19.526629038258733,4.869916172584493,0.031657266651466454,-5.574508244317329,7.402177238927322,-1.7351015788019806,0.40315973378827114,1.5734125705874646,42.33318296235686,0.5,1330.0813895092722,1329.2019661008944,1322.9624980683327,1339.4272034467049,1329.5687291255108,1306.4532217419303,0.3541331584828678,-0.12402612647717363,-0.003966016694413152
2024-10-08 00:01:21.245136,81.24513618677044,12.971882816346023,77.59468048815319,19.40173782590654,4.828380524596851,0.17843725857757656,5.904517011451404,7.629444244771296,-1.3469331819712913,-2.1311454918034953,1.4884143163294845,42.21871387617572,0.5,1323.0950686151416,1319.5364574697348,1308.8325146635473,1310.9639544567824,1318.451781151427,1307.061697027166,0.18725882599388216,-0.2860049944671655,0.159361731449822
2024-10-08 00:01:21.345192,81.34519177320735,12.97187672304932,77.59468167752064,20.708188862673683,4.787953209222251,-0.14647074852690453,3.954401086541054,6.211540675799584,3.1979096906666937,-0.446783698985454,1.4875151484815285,42.27237076430368,0.5,1330.861100648099,1323.3284678466277,1314.0516901698386,1331.5397535632287,1328.7688297074005,1322.503348415945,-0.23874443113095617,-0.1771705310124256,-0.5082869594142091
2024-10-08 00:01:21.445247,81.44524735964426,12.971878701504743,77.59468784970304,20.193057665347773,4.6830288209127175,0.027863766536778464,-3.443035294373473,5.812574934165253,-1.125380827865759,-0.3881758217543002,1.591141427828645,42.148598939281285,0.5,1336.2662626602992,1332.4966007300159,1328.1904735027865,1331.9390133682025,1329.2589522440007,1318.6761529100525,-0.14821420018934847,-0.05816337804355885,-0.1887817714023981
2024-10-08 00:01:21.545303,81.54530294608116,12.971876111494305,77.59469058576401,20.019199031670656,4.8357674592750675,-0.16859680492598547,-0.1010406760833007,4.8397604301285675,-0.24013304736726068,2.0803358429368757,1.4909793938171996,41.91322422208185,0.5,1333.8040766639547,1325.2307831378848,1324.847885204715,1321.0006635689604,1321.324870546603,1330.7785840850263,0.013999122570491011,-0.0666318456569315,-0.263649293005442
2024-10-08 00:01:21.645359,81.64535853251807,12.971876547792945,77.5946892168465,20.17283829714878,4.711281138434759,-0.13542206375525012,0.25861070065697334,4.720316577859704,-0.5848893653171959,0.2834329730658109,1.5246404125756892,41.79214255261181,0.5,1332.1482710751368,1320.51174680004,1312.7107356203414,1322.5425589152546,1336.9472902812308,1324.9847561853712,0.3919953286531777,-0.35593662575343926,-0.24714500488801752
2024-10-08 00:01:21.745414,81.74541411895498,12.971886750727139,77.59470532732215,20.070949922296844,4.6989436719595785,0.1956825589840786,-1.2719822137719916,4.871991589513658,-1.663010280011187,1.2150733453870433,1.298476684702785,41.86721265497304,0.5,1338.3328287039735,1323.5965301613442,1314.9301696721834,1315.1831021805522,1332.3022775392808,1329.4675880880386,-0.39559726769211523,0.31146507057700606,0.06865706171685003
2024-10-08 00:01:21.845470,81.84546970539189,12.971896442111355,77.5947063634415,19.91830044447623,4.748620081961798,0.11341892748833077,-2.9383397668610627,5.585346642907726,-1.379239418356704,0.41771946520433023,1.2318037353126734,41.73851753674591,0.5,1316.8548293931588,1314.4792317562412,1322.0689202968854,1324.5315823645417,1325.7533361148,1322.074878272634,-0.11612068291945317,0.3314955556360437,0.5082515001719862
2024-10-08 00:01:21.945525,81.9455252918288,12.971902335994525,77.59469675503878,19.482955305248495,4.418534189622109,0.2314211066783095,0.6962503144563499,4.479036125535972,0.6653910922897548,1.3574614668700038,1.311271873103279,41.74042541319485,0.5,1337.308467683259,1328.8992283171433,1315.2193726030196,1313.3691418596763,1318.374736750517,1313.6567528395713,0.06711363345435721,-0.17469957069791686,0.2547725400872485
2024-10-08 00:01:22.045581,82.04558087826571,12.97190212897945,77.5946987699297,20.057627911515855,4.752500100764443,0.01692523746221957,2.0638869799384025,5.181329282856713,-1.5357708844158187,-1.1639366244954616,1.3581229541871844,41.733355597957114,0.5,1325.6256699230098,1329.0949540163358,1334.2369948258004,1321.9153423194934,1328.4311912801054,1318.263072627968,0.3017412479002215,0.010678722727162498,0.09718646000447728
2024-10-08 00:01:22.145636,82.14563646470262,12.971905182455739,77.59471471918324,19.895962149482973,4.685112120204306,0.11898313710408376,-1.488983646691878,4.917469355869567,0.8639883249559919,-0.2596195570021409,1.4021624473273226,41.60255199700928,0.5,1333.5096069709305,1321.154036715698,1313.116026254186,1315.257162319501,1309.296580298266,1329.3645325908788,0.5181843494851228,-0.009094228620361215,-0.03426711124112366
2024-10-08 00:01:22.245692,82.24569205113953,12.971905289055364,77.59471556317274,19.75966564758641,4.807006070886855,0.005702411605283076,-1.0079483981471071,4.911547602983047,0.5393984041070063,1.1539929348856155,1.317921125700225,41.41297258384451,0.5,1316.975536968453,1334.7486879828239,1328.8631005437899,1321.0900011984475,1332.8431152251874,1321.1019497826885,0.4180178855010889,0.15340127225973232,0.33411498797869943
2024-10-08 00:01:22.345748,82.34574763757644,12.971908391417644,77.59470960562375,19.694260413333467,4.7113439627804325,-0.3042509528495787,0.9799056041530889,4.821778258172823,-1.0050563155565326,-0.7670819349309838,1.3348283487028587,41.38353145106172,0.5,1322.4355995952405,1327.9740018822722,1325.1101676007547,1317.0801343311498,1322.75499733503,1321.9864583883289,-0.1019049492533949,-0.13664858019192191,-0.24775167264296932
2024-10-08 00:01:22.445803,82.44580322401335,12.971885386010735,77.59471286038087,19.95575570733911,4.752742056782744,-0.17692580540752026,2.144451718152993,5.217138389042397,-0.32868650613430805,-1.401980321813696,1.3511710422502983,41.44136999570155,0.5,1322.8244564017655,1313.0544178060456,1325.1220132923254,1331.8042671181645,1323.2611195775194,1328.973869761914,0.4395611913245186,0.11697041228376068,0.3965937068356623
2024-10-08 00:01:22.545859,82.54585881045026,12.97190121973146,77.59470564453568,20.12338916182434,5.147262347114625,-0.08508523006938448,-1.1809930021623245,5.28169420144297,-0.4994474592524385,0.7479121668134096,1.312293101627264,41.0687611415558,0.5,1333.9582835069793,1329.3601191929135,1325.323846149329,1339.8580612537728,1314.3946495646562,1318.5246737662471,-0.1809403779286217,-0.2950757742284898,1.0410878032806723
2024-10-08 00:01:22.645914,82.64591439688716,12.97189977488934,77.59468699269706,19.719425812520637,4.821771336597434,0.06121708282378203,1.9612972195680953,5.205757690975215,-1.1291064524990064,1.982239978968133,1.2322547345029657,41.0987218490665,0.5,1327.382059580597,1333.4233434743971,1316.1012450448663,1337.6234004351488,1332.42285052973,1326.6152346106435,0.09735602080031493,-0.20774542857329895,0.33789072232342476
2024-10-08 00:01:22.745970,82.74596998332407,12.971896616713659,77.59470352709722,20.515866648786268,4.622803775492652,-0.0826799907776642,-0.6962117671599941,4.675666963366419,1.5432854920306252,1.3407215701387272,1.2795198536072454,41.16268345957047,0.5,1328.105429941002,1324.2859712692464,1329.5842259749086,1316.2302629810936,1332.873247060734,1319.6206807884041,-0.4915751374464151,-0.03178367895133593,0.04911596249970036
2024-10-08 00:01:22.846026,82.84602556976098,12.971892056051473,77.59471710454349,19.580106059225695,4.577377611449222,-0.18442312187267593,-5.337166293462403,7.033615125221813,0.07402934069389337,1.3993108566359462,1.2966525186868254,41.211506563570175,0.5,1321.1224844715202,1314.9392584197894,1317.206055444441,1301.666075996437,1330.6584381239352,1332.2154481589614,0.019347028634316137,0.8710835768048916,-0.720068069383587
2024-10-08 00:01:22.946081,82.94608115619789,12.971884252773252,77.59470889320635,19.447840041978896,4.4914586960538685,0.14194827333092055,3.411799700652722,5.642138577528343,2.6060254379822427,0.5107232511092914,1.4368493351396756,41.132804063577595,0.5,1322.4107123118142,1326.5471474626618,1336.1658807269741,1323.9726569727156,1320.811408409733,1330.902425487538,-0.6060502817718502,-0.41792628722237285,-0.00053688164964796
2024-10-08 00:01:23.046137,83.0461367426348,12.97188090313184,77.59471055863331,20.262845298933854,5.043608595641956,-0.08232366195696823,3.7532915277838725,6.287444802452394,-0.8340632609055849,-1.6200323866935729,1.264617959721425,41.06653199462998,0.5,1322.0241357529885,1340.501050834124,1331.35414972374,1333.7497314010327,1314.0803357996635,1337.784281810027,0.025633091731507292,0.1810301238296571,-0.23842055866471784
2024-10-08 00:01:23.146192,83.14619232907171,12.971872955544656,77.59472169885483,20.198915611741093,4.743167257536961,0.04638955533052764,0.7303345514963553,4.799289132874144,0.6469365262060153,1.4926413978058648,1.1296676566633193,40.887016034023354,0.5,1325.9140480577503,1334.4395848343736,1331.4969944238924,1327.764265529921,1330.8550634756932,1326.4567867872713,-0.354075459404415,-0.0619517702960858,0.0019382574075794967
2024-10-08 00:01:23.246248,83.24624791550862,12.971866850672535,77.59472056162707,20.408993402624063,4.769571943234915,0.08755859481350985,-1.0451873092737571,4.883533509733123,-1.1986480770575272,-0.13925384163247956,1.1862313018361252,40.733540470286826,0.5,1336.9796917269207,1319.273345687344,1335.7571421174946,1309.538403885552,1330.0035848950743,1329.500233232144,0.21097058355340728,-0.2435136679838321,0.27535309122209717
2024-10-08 00:01:23.346304,83.34630350194553,12.971856944940916,77.5947174211749,19.98976195340949,4.6663615961132106,0.07533689169657141,0.47681134804240344,4.691263716159298,-0.25759438880176255,2.6989430007091815,1.328882370991281,40.874463526765894,0.5,1322.7401336340774,1332.8572333514771,1325.0650020972298,1316.412065645455,1331.2850087855566,1311.4981192578098,-0.11412497319315718,-0.5897955533302558,-0.18985214197802325
2024-10-08 00:01:23.446359,83.44635908838244,12.971867074708955,77.59471688592907,20.504408680720374,4.822569558501764,-0.30949196665951756,1.5783095331859016,5.08370174248649,-0.2883743959779268,1.2469384269107497,1.3775052015272675,40.870988674493084,0.5,1338.8435256655237,1343.5146406142173,1319.460746655179,1314.5947816145683,1328.823489835998,1327.3807336216962,0.1867467607899899,0.2521546398428674,-0.9023744534468315
2024-10-08 00:01:23.546415,83.54641467481935,12.97187140307577,77.59471077205372,20.30559932525325,4.639615021691314,-0.4104234882707504,-3.086987375262069,5.587840910786152,1.8025077225837869,2.2211764886760212,1.2587634475594374,40.54949198657961,0.5,1321.6733291526639,1323.4076345586986,1327.0596074185266,1321.1579237663216,1319.7520158189793,1335.1579888721599,0.10897875000946423,0.09542366662578664,-0.6059136759300329
2024-10-08 00:01:23.646470,83.64647026125625,12.971869407728818,77.5947119526334,19.886668016410013,5.017979789953063,-0.025913526955254364,0.46349368663915413,5.039406619911813,1.4797376404848133,-1.6186937504534655,1.2872822015300973,40.423245043094276,0.5,1321.7350126859335,1331.2776301745612,1322.4254158797164,1324.8519824723542,1322.5752880467517,1333.8635839281112,-0.4656550733264805,0.1775757010667864,-0.04029805631629721
2024-10-08 00:01:23.746526,83.74652584769316,12.971883569991284,77.59471947411214,20.39834959050622,4.559613783142712,0.19496808330510615,1.3488292301394154,4.758931676018385,0.44628523318368607,-2.111881874412174,1.1810861597101001,40.2892500652241,0.5,1324.8278643250187,1326.9388886167683,1329.8372642940776,1328.8445060224446,1331.1801209090527,1330.2145151072555,0.18520078911078597,0.06959390110404255,0.12186709014078811
2024-10-08 00:01:23.846581,83.84658143413007,12.971881289267303,77.59471878449185,20.1565838156597,5.112873266202056,0.02208690368204615,-3.4996716909527095,6.19593921952223,0.47330651622058595,-1.1216058497772545,1.187668392113884,40.3645434940423,0.5,1337.998548973169,1333.718601657294,1328.176210049172,1323.4515711691977,1334.3100316828027,1330.927900385106,0.11162552575417577,0.2483931144191104,-0.8578521201876882
2024-10-08 00:01:23.946637,83.94663702056698,12.97188083873343,77.59473124288472,19.698026183756376,4.501436850029247,-0.04572497372060019,-1.2173660186126085,4.663368365387372,0.11959201885414669,-1.6708609169361104,1.026105556526604,40.4040639964082,0.5,1315.6821945344109,1318.281226225196,1317.5937816827752,1313.2650447578592,1339.3467922579891,1315.254873571894,-0.14130599298116223,0.7517131980648716,0.0012256889553245124
2024-10-08 00:01:24.046693,84.04669260700389,12.971873027125103,77.59473403305306,19.9129752738584,4.679162327348434,0.02067198348083463,0.4702505571433164,4.702778221761202,0.5886409509250384,2.58313925550398,1.0219741421867212,40.36116745556677,0.5,1323.3056878513653,1344.0701498446722,1330.978259813761,1320.666861438326,1331.418729276157,1317.5692225031955,0.19379191258316097,0.18222785603024452,0.756623254747674
2024-10-08 00:01:24.146748,84.1467481934408,12.9718785135708,77.59473850544651,19.792128574290892,4.872737921346648,-0.05334061541803955,0.02670659556525834,4.873103047712978,0.5172352343028018,0.7951617618548071,0.9724054285489271,40.248269692719695,0.5,1317.433399527646,1321.5550612205468,1321.9936239973322,1317.3132949311203,1329.4202893493741,1327.7101269477473,0.17702646988994883,0.1614842478153239,0.5921814779734471
2024-10-08 00:01:24.246804,84.24680377987771,12.971876420249544,77.59473226140712,19.918319562020432,4.907108269172026,-0.1440115462092751,0.9314062671795256,4.996795825862746,-0.9760043866943067,2.5137916725895355,0.9040428435741543,39.876109702063495,0.5,1320.7376697482016,1322.6260041452385,1313.8031910848092,1312.3855789540187,1335.0773639077477,1334.934661011888,0.0071165382141140845,0.09098380356715373,-0.3123055261037943
2024-10-08 00:01:24.346859,84.34685936631462,12.971878408215744,77.59473331412497,19.97851337483821,5.039195903685009,0.008164880099728992,-0.5435391514504033,5.068431397399223,1.391096141757072,-0.2839942639456883,0.9044885305269847,40.01471128865795,0.5,1322.5501710743417,1320.7019746418518,1315.0355639285071,1335.9708297595025,1329.501181706938,1323.624393606851,0.21411242838266129,0.20538242534518464,-0.26187275173556834
2024-10-08 00:01:24.446915,84.44691495275153,12.971879516592924,77.59472585001421,19.809551304920852,5.0286783994182445,0.0388341334988603,1.1374207694536835,5.155854976770085,0.11842343288541463,-1.845554117999217,0.9265714104742261,39.86456166147855,0.5,1324.2215507408805,1328.2165209068069,1336.4284455026589,1344.5138188227927,1321.6053559599097,1334.6875860054706,0.14853815588355404,0.1549406560414415,0.6773706339643095
2024-10-08 00:01:24.546971,84.54697053918844,12.971884648081069,77.59472739566321,20.20612397906463,4.827826552729022,0.022484714923997843,-1.8229720261325468,5.160585411918148,-1.8159659207753487,-2.5787216581567214,1.0920664352978238,39.91717173704316,0.5,1325.1459717533778,1314.3520521636153,1338.919992308288,1318.128126229185,1320.779305429509,1325.1909085884306,0.11325235040772916,-0.691962883286504,-1.802426392633115
2024-10-08 00:01:24.647026,84.64702612562535,12.971894809643727,77.59473642335617,19.444754234655306,5.022586656404633,-0.22227666959210887,0.2358100194744992,5.033029902973297,-2.3352468655175116,-0.8964663976421793,1.0087308087304425,39.839547905556714,0.5,1332.6609734025062,1314.575485805199,1324.786094272369,1329.1237032037916,1315.1683318839118,1329.1591811239225,0.07107770226131514,-0.3176143974019031,0.08445106950028893
2024-10-08 00:01:24.747082,84.74708171206227,12.971896749056581,77.59473230527253,20.253312198637296,4.955012937088705,-0.00020447395187678843,1.9670855689324185,5.33118925606925,3.0279246504352173,0.9029030493976639,0.9900283276053213,39.7743097111837,0.5,1319.4946980228767,1326.842478006752,1326.414960307439,1333.773216427157,1321.1823296427694,1323.0421813837581,0.15320723593989888,0.09397973512165654,-0.3611584642320216
2024-10-08 00:01:24.847137,84.84713729849918,12.971900492904872,77.59473322979842,19.838390034997737,4.743181456939483,-0.2354927199872689,-1.18193104545486,4.893892944357444,-0.5034885085860062,-1.958648976249624,1.0303299239439212,39.47769177938946,0.5,1333.6123461730226,1309.1724682647498,1316.7843143935893,1328.1361275088823,1324.5454204343416,1310.6037872072197,0.16892207097247328,0.47531986941206505,-1.0932012940940463
2024-10-08 00:01:24.947193,84.94719288493609,12.971901950496116,77.59473435409777,20.016794590875346,5.082749294843033,-0.14182812126136937,0.5136870555875817,5.1106095528113,0.35475480833149725,1.9522492357549666,1.036567416859387,39.656696449501744,0.5,1321.8009562666912,1313.0108465222472,1332.8778974974584,1331.678293050554,1329.4023262339765,1315.0442190453236,0.6632556065132934,0.07259809077126043,-0.234505602837858
2024-10-08 00:01:25.047248,85.047248471373,12.971897441563256,77.59474437552741,19.941184554181465,4.881208775696468,0.18413436085041976,-0.08326423116945136,4.885390210308102,-0.221417283384731,-1.4077684723657449,1.0302180233832647,39.57869907118445,0.5,1333.6344292596107,1324.89997231098,1335.4698709189242,1326.0355591428042,1331.6720847684364,1319.4776267388672,0.09241968538767587,0.04321716430006914,-0.16257001340475488
2024-10-08 00:01:25.147304,85.1473040578099,12.971900329582217,77.59473668692064,20.00013248791759,5.348109410636023,-0.12995310772158455,0.7978571303642212,5.408857372755647,2.168525719684202,0.3104669488673592,1.0420161741264728,39.41903506629668,0.5,1333.6437646596942,1323.1912071298502,1331.7953246665998,1322.8739262384033,1334.585331242983,1319.0877898980152,-0.005232322499889052,0.3505290397612297,-0.15588702306713673
2024-10-08 00:01:25.247360,85.24735964424681,12.971899611712532,77.59472549815479,20.10084468032439,4.744909424858566,0.02700262125870574,-1.2981335071074227,4.9193541439849096,-1.3814042377579834,0.4951138641791719,1.080098802058944,39.20716239144836,0.5,1326.4805096987518,1332.4776811692427,1320.7959109078058,1333.78736875861,1317.203915387479,1310.9733964132272,-0.09999440360490355,-0.13985122428339142,0.39050815000658295
2024-10-08 00:01:25.347415,85.34741523068372,12.971905811127556,77.59473704959514,19.740361469263522,4.898409620355818,-0.03383020826191991,-1.656841297041609,5.1711395625498255,1.4209483558304232,1.0830739352666117,1.1834269778026065,39.208746612870996,0.5,1327.5137645943664,1322.0401738859944,1313.2566081333846,1329.925978008381,1319.5297580804606,1326.01719837484,0.07040162502245538,-0.011572809206616436,-0.7311635124490051
2024-10-08 00:01:25.447471,85.44747081712063,12.971901269402236,77.59474746514107,19.769292225107616,4.9427045884102485,0.01980643287351573,2.6509430107719965,5.60876276815447,1.512494627522155,-0.8747402113770923,1.048111216461714,39.36956968907568,0.5,1314.122390511084,1325.3241945349548,1313.2938996937296,1322.840885026586,1338.3198378720608,1329.879556195298,-0.2505851468041652,-0.11705518472407833,-0.2558197956980725
2024-10-08 00:01:25.547526,85.54752640355754,12.971888681353613,77.59475922594926,20.270844784370755,4.863097273219251,0.04402997750096196,3.4006707721618312,5.9343251872767295,-0.08353729056504826,0.8534944043736173,1.1651636664687202,39.10346423191344,0.5,1305.6711542134276,1325.6060245641995,1320.857050398264,1318.3267583793659,1323.571781339548,1342.7204432927542,-0.3777360826239001,0.5880230620826234,0.2027521111025289
2024-10-08 00:01:25.647582,85.64758198999445,12.97188612417991,77.59476201393925,20.44980444188263,4.48219564428197,0.0174401095980337,-0.06092763776101151,4.482643653926352,-1.0370935925884766,2.2449747486568676,1.1432661708755434,39.06861949043383,0.5,1326.089703885715,1330.225547641343,1320.8358177909379,1323.9183577777687,1318.5201433354368,1327.4245133708396,0.44637707953603134,0.36699630589530907,0.060100764118136765
2024-10-08 00:01:25.747638,85.74763757643136,12.97188532782989,77.59475942274692,20.25865248331797,5.090501813628056,0.0555846217102394,-1.5843074266850579,5.33163468243752,-0.7013092364640149,-0.9726934011407907,1.1166399497835968,39.03697904972013,0.5,1326.5313481148523,1330.7674069792342,1324.3603773753227,1324.752834436022,1319.5610312513277,1322.990669868519,0.28655587257361864,0.4672184671130864,-0.5161897492331503
2024-10-08 00:01:25.847693,85.84769316286827,12.971894596000311,77.59475705111367,20.132766824535985,4.764987815412412,-0.056940947782605104,-0.8982617717098975,4.849249979437906,-3.3227141384161216,0.9625645922015653,1.105609704855027,38.86509883606764,0.5,1312.9629686874073,1325.1094655423237,1327.3149928856556,1340.034843909683,1333.0376653533783,1319.6855546219779,0.1573939477857726,0.5595631812457027,-0.23271440096396767
2024-10-08 00:01:25.947749,85.94774874930518,12.971902158767266,77.59474785710795,20.078900266633386,4.594405039173501,0.0052286234585407175,-0.146722742724279,4.596750217895102,-2.0027178718548484,-0.2373912058715652,1.202804282980921,38.71103448153086,0.5,1330.5436402845357,1341.7427934461145,1320.541236728325,1337.4485377310157,1333.270481126838,1317.9777442891307,-0.2253257300027945,0.3000229785718969,-0.6404406186337072
2024-10-08 00:01:26.047804,86.04780433574209,12.971904991831453,77.59475009841087,20.103405964402164,5.145496555262627,-0.04202801891948114,-1.503081598395056,5.360704752737992,-0.4424781026124449,0.9247287482156098,1.300762549950945,38.81563111816379,0.5,1325.6383620931426,1329.444935320245,1319.69914214112,1312.258744750393,1326.0583906610339,1323.3353791735885,-0.10722725428390123,0.1945242808752766,0.3569502416833984
2024-10-08 00:01:26.147860,86.147859922179,12.97190320437417,77.59475884268028,19.7781168450535,4.457995868842624,-0.09018153151579247,-0.1308062025915433,4.46082617212113,-0.14311638102444385,1.6613464604525423,1.2844001915240773,38.66923132157158,0.5,1312.9884682272223,1335.037758641661,1318.608360220448,1316.6396146991228,1320.6193464707244,1318.1819062690279,0.32658509944293074,-0.03319409461074634,0.3749519710129735
2024-10-08 00:01:26.247916,86.2479155086159,12.97189387050476,77.59475367636875,20.0772301817824,4.88977372183923,-0.2319834916259069,2.5615353811126766,5.524958542818985,-0.9725937902812063,-1.9834786269876648,1.3355923344966323,38.54081745243476,0.5,1319.3244273385706,1326.6356663713743,1322.599670877472,1304.4806869153265,1333.2085949124642,1320.798816852683,0.3303785720499084,0.06567304546624653,-0.01062496930044835
2024-10-08 00:01:26.347971,86.34797109505281,12.971881034125333,77.59476416761137,20.29070869452574,4.75243199182882,-0.19765462670537257,-0.40790442492225054,4.773998660272878,0.14020058443448025,0.4587282558767001,1.3420318914444056,38.607485888821124,0.5,1331.1619217719842,1319.4029714037702,1319.1046277330136,1325.2459534524992,1328.1908197383575,1323.0567379902834,-0.4419076738088849,-0.1394469843857161,0.32724206189859784
2024-10-08 00:01:26.448027,86.44802668148972,12.971874440844957,77.59476645031017,19.99560394889079,4.662766279889095,0.23394409065490765,-0.9848542088295886,4.771378944400927,-0.00542827009775729,-1.0439157085648572,1.4577444059480316,38.413524899580985,0.5,1318.5021234087928,1327.9661063455214,1326.7357000140594,1318.5515180052062,1326.6869622110403,1324.2638142907088,0.046685999467015134,-0.04429713400258349,0.3467083013207731
2024-10-08 00:01:26.548082,86.54808226792663,12.971859563878262,77.59475963379835,20.093628363687134,4.688681071965263,0.05857981064359702,2.4889989027966664,5.308698270474918,-1.9910836506980456,1.7653491560468715,1.4752776177030873,38.39070366332693,0.5,1331.2041279306022,1327.0857116786874,1323.3373624159976,1331.5908011155734,1319.9214123222882,1323.542183279742,0.34639609549215294,0.3539695886637499,-0.8308879547708068
2024-10-08 00:01:26.648138,86.64813785436354,12.971858543398172,77.59475807829513,20.493680438611076,4.375203673496038,0.11909797238603181,-1.3401213502990146,4.57739191517691,0.02064476923422872,2.0426565071014275,1.4767287747714277,38.32281421491421,0.5,1332.0123231341304,1328.3435392622562,1328.308527508208,1330.1031032312005,1331.5317137521697,1318.7576427386102,0.965320838008031,0.13612767125968264,0.23962973972828083
2024-10-08 00:01:26.748193,86.74819344080045,12.971851948886885,77.59476163514042,19.825455108485553,5.339311542743976,-0.19122538614434514,-3.1965631174742697,6.225980297333259,0.40783941781866934,0.4213502786885174,1.4496600496994112,38.308171965377355,0.5,1328.8374837562233,1329.8420458068954,1320.4255095847093,1320.1788591444883,1328.7334555548491,1343.2270245269824,0.06573322593584831,-0.11658545041753063,-0.8897480231888453
2024-10-08 00:01:26.848249,86.84824902723736,12.971856747662788,77.59476543919533,19.854012444008113,4.548352519202471,0.18454412356236802,0.5213730054818626,4.581855190130091,0.1426530363262164,0.21931920059858895,1.393717532789459,38.21678617772481,0.5,1316.469117486378,1321.146921888159,1325.4022476415919,1314.3166621626017,1327.5304557626334,1335.731330131728,-0.20159664497979166,-0.035818312881494875,0.5133751852708004
2024-10-08 00:01:26.948305,86.94830461367427,12.971873469403207,77.59477094689719,19.92978767211728,5.150840392998328,-0.04872630815358072,1.184166036986369,5.285430938949203,-0.11469749847652479,-0.09923072224144133,1.3157529517454374,38.169618154236176,0.5,1316.6770324906822,1329.808170735826,1315.5568773400264,1319.0653000746704,1314.7860803140488,1315.8893907757797,0.19067051549520578,0.20898194916283633,-0.27486379018123086
2024-10-08 00:01:27.048360,87.04836020011118,12.97187867324103,77.59477566200506,20.090977298546797,4.70377779716097,-0.03341702301288783,0.011753214802425305,4.703911181192704,0.5638636252283901,-2.20389301605428,1.2631292674994488,38.19255698497137,0.5,1327.790915978952,1325.2242363954192,1325.870964283287,1321.7842476018932,1327.5676021723743,1335.9864490805971,-0.19281176411250223,-0.30619832919594386,-0.07805068647285611
2024-10-08 00:01:27.148416,87.14841578654809,12.971869905667905,77.5947747499747,19.932139621716427,5.087150134861584,-0.17430216508627822,-0.5594210489819744,5.120784085413101,2.2540506941065916,0.6228278050906781,1.2155107816500414,37.87459285451285,0.5,1312.3095843771284,1331.8758066072962,1326.6312306517618,1333.6270814731517,1333.6618583104935,1326.3407769210737,-0.016382102749919275,-0.10014256255525618,0.6647563934678958
2024-10-08 00:01:27.248471,87.248471372985,12.97188303498662,77.59477465353005,19.97903089630471,4.7509859852099785,0.3411754250712992,2.753465575357694,5.5018034476900475,0.9542828951947203,0.5510200599219953,1.2408485909219904,37.939343490039036,0.5,1317.0595027025702,1334.5528044713485,1329.9021508101357,1323.0529991689546,1327.2320658442195,1331.3818143167066,0.19950436583024975,0.3758576757426447,0.29095969421284323
2024-10-08 00:01:27.348527,87.3485269594219,12.971882702766612,77.59476214724464,20.48313884746894,4.668946378513326,-0.11263849896858323,-0.4728507335790795,4.694181029011223,0.10572328941950726,0.8524441976342012,1.173536809563789,37.88160017846764,0.5,1337.3453779033844,1334.9688762307308,1330.5836665251254,1319.2655493652671,1319.2522647798685,1333.066927142618,-0.2099620289211219,0.39605636251048926,0.17971082974234748
2024-10-08 00:01:27.448583,87.44858254585881,12.971893000547928,77.59476148684345,19.884408181413956,4.86725946194681,3.08871846314128e-06,-1.9199309580424142,5.23224135085242,-2.8236340237395687,2.077905321932887,1.1322821929428168,37.77797951593454,0.5,1310.6163149392355,1320.478824268744,1314.1716069609483,1328.1361145762983,1315.217517152958,1327.4453525813324,0.05689013854555655,-0.4095734261346508,-0.1201124915065425
2024-10-08 00:01:27.548638,87.54863813229572,12.971904527464998,77.59475737660293,20.09893921161832,4.548580109915374,-0.2808737655469322,1.243976627804372,4.7239759672349955,3.117234429802408,-2.2927903978706725,1.1734733682778842,37.802819875679496,0.5,1327.1463260235244,1326.2267080019403,1324.0668113721085,1327.6796402180653,1320.3523637134856,1330.053463022906,-0.4064159546801377,-0.15132196996094122,-0.12299760387598603
2024-10-08 00:01:27.648694,87.64869371873263,12.971918202009507,77.59476373806231,20.133341803431506,4.777137135250932,-0.01798897495850713,0.9721027876280317,4.875074013994837,-0.627522929121686,0.09690974892622731,1.2237612344586226,37.77894543553512,0.5,1318.632945191712,1327.5160837900444,1312.5299265892888,1332.8392812215814,1331.9995168146284,1332.821624775738,0.5590688005392694,0.35337639550723027,-1.0842220239655607
2024-10-08 00:01:27.748749,87.74874930516954,12.971926055468037,77.59476943405463,20.29346784060447,4.855944638151968,0.03149371068960988,-0.8888694715310379,4.936727571988322,-0.7173265288614896,-0.720523673901678,1.2650844136676795,37.59868518022743,0.5,1324.7211464283746,1320.794191166867,1334.4849576525046,1334.6155514198051,1327.2944095355872,1326.61346790071,0.0038825450196803826,0.3934635315164663,-0.8356161188590345
2024-10-08 00:01:27.848805,87.84880489160645,12.97190867267283,77.59477477798688,19.9554690909517,4.715975739863246,0.14916832752585182,-2.2882759892275715,5.243937964144024,1.871210049840882,3.0231107522906586,1.2333971772204688,37.46741494681956,0.5,1323.460981933336,1331.73475506271,1312.6986493283173,1330.7549694518884,1341.4244465217557,1314.6264888975422,-0.15353991215866128,-0.04316501661611565,-0.28913240783158184
2024-10-08 00:01:27.948860,87.94886047804336,12.97189448578974,77.59476390850885,19.835558248541147,4.868430361327157,-0.18999223964845624,-1.157418141506838,5.0077268284629755,1.259734522911762,-2.0461751881123513,1.3661359024292783,37.34322413039095,0.5,1322.3086020256173,1320.4126172271226,1328.042511160883,1341.3568654734345,1331.3701379663867,1320.6730541795541,-0.22782296401078228,-0.299915785348133,-0.24022560716366143
2024-10-08 00:01:28.048916,88.04891606448027,12.971893688052086,77.59477071065218,19.72385678914933,4.749676115440628,0.17566792465413725,2.5931193376572423,5.41429130363997,-0.43841653931167424,-1.0953493144658295,1.5147043662400852,37.26455580968076,0.5,1319.7084307307773,1318.0342351933805,1331.535904302221,1326.0018090924973,1319.493997003267,1327.496406814896,0.08987328777040274,-0.05701591063676583,-0.07314660480637585
2024-10-08 00:01:28.148972,88.14897165091718,12.971898158671806,77.59476792800162,20.354470400601514,5.2576256567504185,-0.11290180512763177,5.341595320882021,7.495866523370734,-0.1255998963161033,0.6000696228267712,1.5367180801861675,37.34079248785413,0.5,1329.0494725895842,1330.8069101427043,1330.3514648609867,1329.9844200978648,1314.0655843277345,1328.5537538736717,-0.341430386046837,-0.007104514604205829,0.19041445294512768
2024-10-08 00:01:28.249027,88.24902723735408,12.971890805675459,77.59475813057684,20.79276969382833,4.619608319805634,0.22052343454064036,-1.6638294093689723,4.915052381926375,-2.2465925257924635,-0.9157184209674941,1.4377061880051147,37.211946438185855,0.5,1326.2194772465868,1333.4787715547911,1329.7983111918693,1329.7474650023382,1341.9265372142065,1312.738835128744,0.10046731411078721,-0.2118235693001346,0.16699311628169988
2024-10-08 00:01:28.349083,88.349082823791,12.971887186631607,77.59474779369319,20.02151954603074,4.402188172553774,-0.11412922515268327,-3.6704125621495223,5.732731858633483,0.3137966616078284,-1.6165707238923792,1.621789150096811,37.03155776191799,0.5,1318.4922990874186,1319.890082902433,1338.2960771059904,1335.2748320399805,1332.0957173016352,1325.3349661894183,-0.046465745585192064,0.1610739464027262,-0.7527447717846207
2024-10-08 00:01:28.449138,88.4491384102279,12.971902738231021,77.59474543109377,20.058279131085794,4.684923365516391,0.17200425327427435,1.5768691102553873,4.946171104479047,-0.5982211309960052,-1.5048086496227873,1.5258700030602932,37.22352366715823,0.5,1334.4585655291728,1319.4613078832947,1306.1781520147945,1298.7488747558023,1326.230994407451,1344.9071087799064,-0.15401813533497347,0.5356520731731247,0.4304377763556346
2024-10-08 00:01:28.549194,88.54919399666481,12.971913747692287,77.59475817407949,20.337068673152437,4.850472842392454,-0.13386601638651688,2.2994632426867128,5.369593849593954,1.111320872045399,1.102077517893695,1.5958379070589257,36.85164184829654,0.5,1325.3550532625243,1323.5934466272427,1331.917305742709,1323.5717516195155,1318.5453255975756,1334.2778367870246,-0.4917928958505293,-0.32114512005483326,-0.3678698609021029
2024-10-08 00:01:28.649250,88.64924958310172,12.971909482676862,77.59477247931105,20.518427417560066,5.069330117022531,0.2825949971213803,-1.5197148753658496,5.299764246658331,-1.3047392922340428,0.8044704707505987,1.5139073241873575,36.87565333778401,0.5,1322.48978683162,1329.938168560395,1327.4764505913308,1329.0745032095738,1323.4231018629735,1319.5103301910626,-0.08649099561327526,-0.06432497626261043,0.03514827178198023
2024-10-08 00:01:28.749305,88.74930516953864,12.971902123306618,77.59475401166002,20.03295674700907,4.593629604005487,0.22385273175564574,-2.7922045961711746,5.380329868250599,-0.8805410598791401,0.25229808969043654,1.4269562896794696,36.81340744550563,0.5,1323.8184316925685,1317.270852135129,1323.0830451205018,1319.7518831558052,1312.5328652286137,1326.9283273388412,0.060592525079189274,-0.11324858305279042,0.6533626434106874
2024-10-08 00:01:28.849361,88.84936075597555,12.971895719591366,77.59474588114662,19.959676080916488,4.774847549626741,0.053090270555735036,-0.6120841656127709,4.814211744906745,-0.6196542276271083,-1.7768291930282234,1.3727629083672566,36.769020423751805,0.5,1336.8983711418855,1326.155364236091,1309.2362545810163,1325.6615634854672,1312.5549133799377,1317.6797637576556,0.1341746880666591,0.10014261488839096,-0.15319273525484142
2024-10-08 00:01:28.949416,88.94941634241246,12.97189469758552,77.5947430635015,19.910471866730806,5.158283957495498,-0.38536770389847114,-0.5023972166096939,5.1969995782778895,-0.5856122789596706,-2.833627753146489,1.4143386726400262,36.801989200001415,0.5,1320.7470587439525,1319.9027205297625,1327.870907682591,1330.1038955841216,1329.8481690445728,1319.2026768035253,0.2947013739605027,0.08373221553032852,-0.05377745717341374
2024-10-08 00:01:29.049472,89.04947192884937,12.971880861125703,77.59474464821766,19.85914078465218,4.739713710920876,-0.032740304271804195,1.0396453387436964,4.852506611987937,-3.816311391968048,-2.57011230136269,1.429145102725632,36.687380441347266,0.5,1320.5157370875181,1323.64605063945,1332.4289583660434,1322.1690843857034,1320.190138618257,1321.8567924854297,-0.15880809572716115,0.10894289137783754,-0.2402871817098187
2024-10-08 00:01:29.149528,89.14952751528628,12.971897381163956,77.59474386292746,20.118516514839605,4.8212941426146045,0.0361190445654948,2.2005066159013325,5.299850107466791,-0.2700188908429525,-2.383441528316184,1.3933545222890773,36.62432345027427,0.5,1317.8522492036318,1323.1769345536788,1337.9662734726608,1323.0449383404248,1324.0772525962077,1327.142905158936,-0.2157448661602934,0.09233144926125905,0.24477303266253386
2024-10-08 00:01:29.249583,89.24958310172319,12.971886100778036,77.5947412691726,20.29948674447679,5.051054622674954,-0.24085459069753248,-2.4395682529654152,5.614504162967806,-1.2793074324093614,-0.9779625381953281,1.4109074701845148,36.56193486307768,0.5,1328.6988951309768,1325.6819101936567,1314.2994849580114,1331.8401465748548,1336.1010453635768,1318.0972570960437,-0.12934166139329864,-0.45218102460780746,-0.5524622747741909
2024-10-08 00:01:29.349639,89.3496386881601,12.971878872980396,77.59474433105451,19.630331650432964,4.813858451808249,-0.04748390725945004,0.5909513778518232,4.850227978814945,1.408276324857526,-0.9484803893535612,1.3140703215843832,36.40598406604638,0.5,1330.7991193253733,1312.9329240572608,1324.6117022157075,1320.003355159091,1324.5907580738271,1311.2114206191147,0.5007811522107081,-0.43573511912465074,0.6580103400935676
2024-10-08 00:01:29.449694,89.44969427459701,12.971885011199532,77.59474689148821,20.417742717810118,4.925088170363242,0.20366719378286402,6.300057266508503,7.999293429607513,0.045533430766411524,-2.2626793797756197,1.2204355510070661,36.25505053000337,0.5,1325.9024143338152,1323.5478237014372,1327.4216025791904,1326.5622135967312,1327.240038933606,1332.4722356978834,-0.3667135420427511,0.12520130765836415,0.31776881210805363
2024-10-08 00:01:29.549750,89.54974986103392,12.9718663175325,77.59474901165291,20.8910434992062,4.512389499626293,0.06937266293154071,-1.8486477384737157,4.876881177931632,-0.10449163460634898,-0.25046784359212143,1.2814713767153947,36.29324671593997,0.5,1324.402141182759,1329.67926098251,1327.7563916743309,1308.3387207281505,1338.0018050425242,1336.5331086767767,-0.12350270318107351,0.3241920422704219,0.4599525555541927
2024-10-08 00:01:29.649805,89.64980544747083,12.971867919434638,77.59473959184177,20.04780765063361,4.902819741039727,0.08163990184474233,-2.144286175738614,5.351847315662678,0.6840758094385566,0.25037824483754706,1.312134358548227,36.21629810854177,0.5,1329.9099305282282,1326.79604371555,1315.2768188315242,1327.437661266419,1336.3426054875617,1309.2123008358853,0.2820919770322169,-0.2811167942375765,0.4047676664791407
2024-10-08 00:01:29.749861,89.74986103390773,12.971871672634554,77.59474153167221,20.461947877602032,5.08609661882589,0.0608241392318754,-0.5729790365249272,5.118631005282807,0.7776442702448294,1.6290250520029215,1.35801299750381,36.20643730872452,0.5,1330.8651423497058,1318.5098233523313,1329.9502606232184,1328.0864552450164,1321.03264063106,1325.4533912891359,0.3881119566769135,-0.1999171185596416,-0.1968901150650842
2024-10-08 00:01:29.849917,89.84991662034464,12.971875012285908,77.59473208952424,19.933148143602498,4.949463003248605,0.0018393933064434927,-1.272554640970526,5.11043860330501,0.5846138112254041,0.6634527706207578,1.4082908279544715,36.06560103499303,0.5,1331.7080073346856,1322.3917777963575,1315.0565558515323,1313.9493232835248,1320.0096091459823,1325.2172712779613,-0.20021186848713507,0.22409486530273162,0.013476249327055113
2024-10-08 00:01:29.949972,89.94997220678155,12.971869541600968,77.59473630041838,20.2072954758514,4.567832267776348,0.11554947050767671,-0.2920280556361945,4.578615914438781,-0.575762525184804,0.30223129969198476,1.4352468789273232,35.94546457238864,0.5,1320.0379120858306,1308.7909476354864,1335.295324947298,1324.8079707490429,1318.5902297535101,1327.8607689771982,-0.5058236139724219,-0.37302222287751885,0.13248805476230305
2024-10-08 00:01:30.050028,90.05002779321846,12.971865566304912,77.59473007254645,19.87471006687708,5.025112813698786,0.1749425196645498,-3.394998436109617,6.066990856822931,-0.41267201703212875,-1.0096363678363067,1.5180059968165143,35.75027479843878,0.5,1322.6786443926055,1323.9785143801769,1329.3329426744226,1325.7310120180769,1313.550738433552,1323.2806686314132,0.3829556642885323,0.087266242333802,0.11030632466919034
2024-10-08 00:01:30.150083,90.15008337965537,12.971867118870419,77.59472085174303,19.527918356896727,4.960143124037145,0.11860276895709984,0.6451975778969938,5.00333552165567,0.8191384086837916,1.0403446684191238,1.5806547502125483,35.96675280061036,0.5,1320.533786320315,1317.2298988088667,1322.6020142259135,1321.5103134253447,1326.9425221340055,1315.9854420290253,-0.16198872874299405,-0.2631890036568859,0.9727486765454842
2024-10-08 00:01:30.250139,90.25013896609228,12.971862073486792,77.59473743007214,20.003821310925392,4.823434344469699,0.1349311876921168,2.7496794047617783,5.553779085432992,0.5538583830932114,1.0378387233511144,1.649458337756532,35.70892154268759,0.5,1326.9431926216607,1333.306610408964,1319.0098738992863,1326.9147618989973,1325.162528777113,1333.4391583074462,-0.13601970109245665,-0.016508359036282158,0.6418450991631308
2024-10-08 00:01:30.350195,90.35019455252919,12.971865116627727,77.59474851020961,20.07815992761059,5.176877274482026,0.013487267249928978,-0.7292283264315245,5.228002885758236,2.8362488812337947,-1.3411308501766275,1.5736322586842666,35.81443595119513,0.5,1325.19416159432,1335.8718246380242,1323.1496265570177,1327.5949118521191,1328.5281579523373,1315.5546569938947,-0.6289584070536643,-0.08540982232002654,-0.4384772384203923
2024-10-08 00:01:30.450250,90.4502501389661,12.971865454176406,77.59474614790491,19.857894575230368,4.714978778328222,0.0259720015162308,-1.5757678297243984,4.971392529074986,0.7913199443540557,-0.9280553301979094,1.5593328294936228,35.547887005415205,0.5,1322.239695893051,1318.4976248287903,1319.1197986633133,1314.6863133571683,1323.062588800435,1323.1202148089417,-0.03733419242552913,-0.10470711209174977,0.3532814628532329
2024-10-08 00:01:30.550306,90.550305725403,12.971852709922146,77.59475360402985,19.762831179027607,4.54820602787319,-0.07012050081981266,0.5498470664062722,4.581858438783637,-2.653514918692136,-1.3822712647837678,1.6222085617599877,35.71755424825091,0.5,1333.032478026819,1321.5151803894257,1323.2572655054848,1333.9458915459443,1319.1766560746448,1335.8337502231482,0.15833390727813249,0.5323341657602215,0.5713330455737621
2024-10-08 00:01:30.650361,90.65036131183992,12.971857559604809,77.59475363714438,19.967925116590155,4.569568357386814,-0.12312235984697387,0.5450031403558881,4.603601037375295,0.171746082514686,-1.7606914202648638,1.65418439700855,35.467519013221846,0.5,1317.8641737522137,1317.0661688833889,1323.9689770924656,1330.2543162020775,1315.5150169431784,1318.6708200198368,-0.1008791716422478,-0.2564143750524087,-0.021116591968182136
2024-10-08 00:01:30.750417,90.75041689827682,12.971862997536782,77.59475757323459,19.87189239666414,4.6661400473271355,0.30603913378761555,1.940774837478429,5.062917129725607,-0.7716261274675922,1.0770541832771192,1.8197955171893554,35.406897595081716,0.5,1324.3375512865155,1310.9403997512595,1316.5011364240236,1312.572387653648,1311.9395253123091,1326.0141548911022,-0.6578875650797721,-0.4120847557515383,-0.7961901264224808
2024-10-08 00:01:30.850472,90.85047248471373,12.971860100909778,77.59475898227151,20.35629584560196,4.826636248398701,0.06897782647748776,0.9818067443415543,4.925963854733042,-0.6608386316847588,0.6315963706378425,1.8729481868373035,35.23718421998505,0.5,1330.0391226163317,1322.4275426616646,1335.3142730530978,1331.3865087438223,1341.3368675367617,1331.2533637321685,-0.36594781659392006,-0.21048796137842998,-0.41254205095357893
2024-10-08 00:01:30.950528,90.95052807115064,12.971847130867516,77.5947554428765,20.068362895809752,4.826602719955294,-0.001001558944962638,-1.786849880466164,5.146739483859865,3.7441468795393034,-0.07418065464018497,1.9133008751913916,35.140260863508836,0.5,1324.0130735470034,1328.1902895809635,1328.9419211519516,1314.600274796693,1338.0267598114622,1328.0597186664402,-0.482722454306702,-0.4126058483265309,-0.6989466184095466
2024-10-08 00:01:31.050584,91.05058365758755,12.971850851600744,77.59476667577246,19.998727220272432,4.84350902124351,-0.11575334065038478,-0.8999769811945271,4.9277720159742575,0.10829836451750713,-0.4961145788526711,1.87819449648433,35.37672308697422,0.5,1319.7031927578948,1317.7047733864708,1319.349824443783,1322.8403732412216,1320.9027522634099,1318.073411815564,-0.1983805915971788,-0.3349705349141233,0.39277865045140875
2024-10-08 00:01:31.150639,91.15063924402446,12.971841770109274,77.59478580248108,19.888267446543477,4.8782521097557785,-0.29187704024892847,-1.1781064046848542,5.02697429411775,-0.94137667554569,3.1757595741814475,1.869509805273844,35.1323925556899,0.5,1331.0082257016186,1308.9754368138338,1331.2857952012546,1307.9017980942053,1333.6606454542218,1327.9346475499538,0.2790183809417417,0.02368515280459649,0.2749654951148737
2024-10-08 00:01:31.250695,91.25069483046137,12.971843562616442,77.59478739681657,19.76297496586079,4.794208977764614,-0.0447148494456365,0.9296434124746185,4.883715390417139,-0.3473135165800697,-2.1792624088145622,1.9012654737905963,35.173668643889336,0.5,1291.1084239608253,1331.2192458588515,1315.2515581484254,1323.6059605595824,1329.145026512359,1327.2626863059877,0.13525095416299712,-0.24595340021477663,-0.7689745818023915
2024-10-08 00:01:31.350750,91.35075041689828,12.971853441674254,77.59478484253339,20.074299480168193,4.899997199677437,0.17488493640702304,-0.11820271534774918,4.904541689061721,1.0733418396192391,2.057386388495723,1.894876930930134,35.166689680172254,0.5,1336.094606207543,1341.4911568526195,1329.5843734908458,1323.1983280439292,1318.796973462488,1337.0421625924669,-0.08931621829473395,-0.161828418601991,1.0531980094716686
2024-10-08 00:01:31.450806,91.45080600333519,12.97184264077578,77.59478614073136,19.73932128185568,4.812225316563025,0.05214496846163373,-0.0621401316820851,4.812908994679979,-2.4410163809683314,-0.08947626700156144,1.9401667186924494,34.79508037603992,0.5,1327.7022870042135,1299.4411726935857,1329.139568127042,1311.7799039001375,1325.3362640008434,1321.3991312742737,0.12614746166826046,0.37630402125434986,1.055821520137237
2024-10-08 00:01:31.550862,91.5508615897721,12.971835869335235,77.5947940381012,20.061864545534757,5.093577966438797,-0.11132665457189674,3.7443061968765647,6.32271769258894,-1.2278976822073273,1.6697583519745525,1.8373704679148386,34.92251337534159,0.5,1321.687476097929,1328.7221589043847,1336.165095783134,1312.3313971407206,1320.388143943423,1322.6027169501533,0.18424967929007477,-0.420747280429637,0.25337636049992074
2024-10-08 00:01:31.650917,91.650917176209,12.971831153107967,77.59478951631665,20.488598786511357,4.610428280770009,0.1259589020986813,-0.08261009336116842,4.612888358140369,-0.2717025887321006,3.6426601095931836,1.73143861777399,34.858858762908646,0.5,1349.6742225380638,1325.9507440570599,1314.4542265430896,1327.835030069601,1351.841862348706,1340.658158696889,0.059295090001786774,-0.03899620265402439,0.29044730572658745
2024-10-08 00:01:31.750973,91.75097276264592,12.971837086490241,77.594800552238,20.04533334286104,5.088793786838723,0.1421590165416763,-1.7973608615784968,5.3987533243969095,0.8687457228112203,-2.2819186429231015,1.8181681911888874,34.65202851236728,0.5,1328.0974008243181,1334.483392739055,1306.915108344902,1310.8573717205584,1321.7416415061507,1327.8399285352832,0.008007431366247937,-0.26216269701955003,0.09500185457135467
2024-10-08 00:01:31.851028,91.85102834908282,12.971842856535497,77.59479001290721,20.128926796423386,4.863589176588072,0.23341161013454606,-0.03185534064249396,4.869291059394344,-0.5846538894907282,-0.1349048523345856,2.0339600812128094,34.83283917544408,0.5,1334.6905500895966,1332.874181887478,1322.2313843630393,1317.507835523658,1322.4492583079252,1319.376095254451,-0.3198800377388967,0.27027732570282936,0.4626926905785675
2024-10-08 00:01:31.951084,91.95108393551973,12.971846145735197,77.59478913843193,20.038958733282772,4.811958273435433,-0.14070889457491065,-0.8883854602642032,4.895300822656872,0.4299768458031271,-0.44737609546379387,2.0357155606380997,34.48224214269299,0.5,1326.6737469194652,1333.594614906496,1315.1190093423986,1335.280543251866,1321.8242960285218,1312.5893149193932,-0.42443839130874894,0.19556370836556972,0.020723478982769005
2024-10-08 00:01:32.051140,92.05113952195664,12.971864335646746,77.5947986130357,19.95115094000587,4.773057526602828,-0.17488770337565418,0.5938382021234219,4.81303518285012,-2.2587572290852487,-1.8757914949550067,2.0879640272708273,34.58582392487643,0.5,1305.3962639847157,1309.3144817073126,1326.1689911372027,1323.3355968607323,1325.5821053422842,1333.0282313419873,-0.5524950576062866,0.03906869161324567,-0.29734669634184324
2024-10-08 00:01:32.151195,92.15119510839355,12.971872782020887,77.59479326583367,20.15779239240697,5.013604355334328,-0.1214082058085215,-1.6328257924632652,5.27419080549787,-0.657233086744386,-0.548013520820823,2.043652339382436,34.42692385337955,0.5,1329.0436164479602,1338.2205325182547,1327.3942617320488,1317.1788305513012,1330.1363732497134,1314.211659880422,0.28096622275734895,-0.25582355717036753,0.22160431161863609
2024-10-08 00:01:32.251251,92.25125069483046,12.971876966956456,77.59479351708646,19.624404255577424,4.5408670400024365,-0.18324294967944482,0.4837820225115621,4.570240310847241,-0.9310423315160279,1.605630351474915,2.088094462885464,34.319262446599105,0.5,1332.9339008078773,1321.005175972551,1323.5513955418126,1331.3625405430892,1318.1602958451754,1336.3316371630135,-0.24992801373052695,0.47427523265907245,-0.018230333788651593
2024-10-08 00:01:32.351306,92.35130628126737,12.971875092791189,77.59478311148405,20.254602580347026,4.812297536929418,0.3448866989514512,2.8286780188718126,5.592725074013485,-4.24820041683447,0.5335462533663325,1.9725688745997576,34.406899658691685,0.5,1311.479371821553,1314.9451347603708,1323.4388081660227,1330.783425445133,1317.2994056739308,1339.9485006086704,0.15029375081016513,0.28522485889635285,-0.40235638680697083
2024-10-08 00:01:32.451362,92.45136186770428,12.971883666389793,77.59478134046469,20.19045433161625,4.670512273892269,0.05981753898499438,-0.7303735823222439,4.727653604940064,0.7974896656089714,1.8419124041980979,1.9985734325487206,34.28117286357122,0.5,1325.384355057333,1327.540130592968,1329.0016185236277,1334.9796472132693,1328.9598055270233,1309.0108806315604,-0.3800083149890518,-0.5120723085012924,0.058866197875057126
2024-10-08 00:01:32.551417,92.55141745414119,12.971886292776022,77.59477643915005,20.10844666615247,4.762399073387324,-0.01032865736646082,-2.963985962664651,5.609435301546541,0.4053019824847186,0.11557770724642863,2.031265915724547,34.09677186681889,0.5,1329.8949416967794,1323.3958438900002,1324.0908240905565,1328.4168100878437,1323.1736480474444,1333.047704227508,-0.02572792175032879,0.15823488928205767,0.05557678584434709
2024-10-08 00:01:32.651473,92.65147304057811,12.971873371930862,77.59476704143214,19.597327624245793,5.00914989583075,0.1972610000311583,-1.36474536974994,5.195481162056928,-0.05879186074786927,1.232027025903789,2.116063812375873,34.10582764118323,0.5,1323.2437175599077,1315.6740713678746,1308.522174063531,1315.7745824208023,1327.018169767798,1332.564151651901,-0.15378380836541533,0.017935495790940847,0.1363842195091849
2024-10-08 00:01:32.751529,92.75152862701502,12.971867334615109,77.5947710504124,19.835345869537573,4.721536126908579,0.2583351501895955,2.2917704343935696,5.254698104695153,-2.009646173930991,-1.9122946839489119,2.0910403745435526,33.9161179092872,0.5,1330.4702166615239,1325.0577789017996,1309.0355485884286,1317.397350715411,1325.6955324145736,1307.7579734373703,0.11840099681711723,-0.11406769111501966,-0.9966735915006313
2024-10-08 00:01:32.851584,92.85158421345193,12.971858052838229,77.59478451004526,20.05593649382983,5.406396139767451,-0.09681130647708357,0.9953109987795159,5.498102912227605,-0.24979259124087388,0.4277171046714079,2.2151682676262197,33.92147764525789,0.5,1328.7235275365224,1317.3934477070961,1322.8568014349205,1322.2573156131446,1319.9439231640845,1325.8805951784334,-0.04535800133044885,-0.04966661990640732,-0.1289240421473761
2024-10-08 00:01:32.951640,92.95163979988884,12.971862309980299,77.59477984076598,20.034518720877553,4.855040489939847,0.1551941141703531,-1.5596794814603072,5.101774539992605,0.5030788554106557,0.9554093498727347,2.1192754966562695,33.869436234055996,0.5,1324.1975492093475,1336.5749552814502,1325.8714843720131,1327.5834190008375,1331.2113947328648,1333.2870698937627,-0.25105482096939313,-0.08812826586826245,-0.05084041314302094
2024-10-08 00:01:33.051695,93.05169538632575,12.971854534154238,77.59477235605769,19.74382720348758,4.75981194545928,0.21940254698171924,-0.8905360324002487,4.847370592265677,0.2837591157441748,0.1701305137876559,2.1869431101287513,33.80186209897048,0.5,1316.9325898276236,1332.2993310917325,1316.4212251447907,1331.818557808738,1322.8990144809327,1328.6476489066367,-0.11268004782598376,-0.06681958698712386,1.1559436952848763
2024-10-08 00:01:33.151751,93.15175097276266,12.971855354067863,77.5947762424657,19.856312510947543,4.570012982325244,-0.025273206262957332,-0.803386912247035,4.640160333905059,-1.1316444274854804,-0.2556327095115202,2.0541207177149183,33.75374178304791,0.5,1313.4810137332004,1324.5748032631,1330.9119774955263,1327.2065370996206,1320.7586423840419,1338.4017172052531,0.24853592185156115,0.012824060937185739,0.028254562842838678
2024-10-08 00:01:33.251807,93.25180655919957,12.971846740930818,77.59476993489619,19.58306050620635,4.901039694909157,0.1004211576717818,1.9517891658236977,5.276339208941191,-1.3463846979613356,-1.4085875855726766,2.0104899190030836,33.6361526506751,0.5,1326.32452334669,1318.5131028244346,1333.0680079600968,1332.6158437330141,1312.6419738069405,1318.3681479668428,0.2525303113475136,-0.5497543859140349,0.08025512231771117
2024-10-08 00:01:33.351862,93.35186214563647,12.971848963878001,77.59475570450617,20.246887330122934,4.843637590096073,0.019985130313683316,-0.719415090558897,4.896813513107193,-1.6376850936276086,1.7879083675261151,2.0655597097390435,33.443729644136326,0.5,1320.4850929307988,1328.9828322338099,1317.9314795812809,1309.574234846102,1320.1216064049195,1316.9264512874065,-0.06278420227234005,-0.05173609799734246,0.2893191226425767
2024-10-08 00:01:33.451918,93.45191773207338,12.971848022692328,77.59474766632022,19.439097508651486,5.042321647497805,-0.13471062245888032,-0.608804239459559,5.080728013839372,-1.4777462869474078,0.08539118331878534,2.043005606616508,33.6165096522166,0.5,1323.6916242807736,1311.2949407894773,1306.6844131978562,1321.3059808925539,1317.2485887670464,1319.367026298248,0.056554770308934736,0.4276260372354406,-0.3378847612902634
2024-10-08 00:01:33.551973,93.55197331851029,12.971856406993979,77.59473649219952,20.12505879971413,4.713706565168778,0.04976626480982884,1.6841141806972786,5.005771352874003,0.7988478643328027,-0.1412907968805979,2.027794665341144,33.41539530389791,0.5,1327.4452023378265,1325.0878565453577,1323.583950483415,1332.0675373133645,1324.9025266681888,1334.5464758426162,0.005099849252333038,-0.4229124928603277,-0.35294721535130574
2024-10-08 00:01:33.652029,93.6520289049472,12.971848865451683,77.59473678460506,19.776107572604246,4.833413566614995,0.2602724646540798,-2.703346863154522,5.544160236169441,0.4073029376183609,1.1648351044008778,2.0081476327588774,33.5477284728326,0.5,1328.322511012279,1333.0022142378311,1321.401963594636,1317.2627013148413,1317.2971434932747,1323.367537256618,-0.46632864789650535,0.20926349845534906,-0.4738798083464578
2024-10-08 00:01:33.752084,93.75208449138411,12.971850139917626,77.59473007712262,19.58408888824352,4.785537663946824,-0.13235358531100097,-0.032253685408662136,4.787476214543603,0.5753426372247019,-1.31151401482476,1.8971744024137545,33.31150289333985,0.5,1322.9228232809655,1325.714910768161,1310.1497231715373,1318.5542612306356,1313.792686298042,1301.6396299253188,-0.1543386650451238,0.06223384706752145,1.0637995640608264
2024-10-08 00:01:33.852140,93.85214007782102,12.971844821581499,77.59473191586962,19.769653249787616,4.905849375165679,0.07891606269455936,1.9187836299076793,5.268331467852643,-1.1773062773073775,1.987302652009413,1.8300588882827966,33.26501564773863,0.5,1323.8246153026284,1325.0125662434282,1311.3264224863829,1315.5913821910347,1322.4140141933572,1342.0410355587624,0.19271099332229577,0.2464171515024708,-0.2812836013971954
2024-10-08 00:01:33.952196,93.95219566425793,12.971848958786785,77.59473703184747,19.96805893091543,4.800488087637599,0.056735959112325714,1.9472217733973167,5.180692760953836,-0.0862691093590917,-0.6166691708981532,1.86988339447581,33.26567072192647,0.5,1338.5936105991495,1336.9127753786292,1330.7250143615067,1321.9736897582125,1326.6690833156417,1316.1798941790678,0.020405163786400147,-0.3797817230799547,-0.5234353467675027
2024-10-08 00:01:34.052251,94.05225125069484,12.971853279655557,77.59473735907558,20.15931408270759,4.392021638945967,0.054620774760751355,-0.9294767371610817,4.489628549326625,-0.7314302043634902,-1.1373169518382613,1.7692931555450973,33.05064716953345,0.5,1322.7632607725309,1327.067106063435,1316.22255215716,1334.0727735048877,1325.2138977911923,1313.2046548810602,0.45633876023399944,-0.27722049902787105,0.1894487500122416
2024-10-08 00:01:34.152307,94.15230683713175,12.971852020541013,77.59474382326258,19.782060250883195,5.120927070882537,0.07755081197729201,0.7520595473660165,5.176437168219114,-2.519262473712603,2.7684488635000726,1.8647489988399546,33.21604110102069,0.5,1324.1088214212964,1326.6618830190484,1324.7222087276668,1320.0196698147026,1335.574525426979,1341.2952883898931,0.34464483000944574,0.45644017241503304,0.1709197327325324
2024-10-08 00:01:34.252362,94.25236242356866,12.971865025943595,77.59474883566679,20.309809600801955,4.557906234548185,0.09154330845706983,1.5715057286551257,4.822086651591027,-0.5895692655256028,-0.3570389481825072,1.7369119337327759,33.02000498329639,0.5,1333.3962173099028,1343.1471909229901,1325.9183642081948,1332.4011908896068,1328.116500437993,1332.5345362687576,0.1178636505016221,-0.2178617204448935,0.2203233231244577
2024-10-08 00:01:34.352418,94.35241801000556,12.971873845187371,77.59475545971942,20.096536105422295,4.827577441248559,0.29599582411341757,-0.6294223359753062,4.877426571068925,-0.1901874641289924,-0.59934412020541,1.6948982799056795,32.872867380609016,0.5,1329.8990802992407,1333.5227536095351,1318.2421559637125,1331.696203601336,1329.7687431592158,1334.4583664826343,0.4517577437120617,0.20573567053510664,0.6291000436782422
2024-10-08 00:01:34.452474,94.45247359644247,12.971878576460364,77.59476805541986,20.18385515891696,4.683017381440175,-0.12360837210767701,-2.7669262143391506,5.440754681119438,1.1799362655998407,1.87452023562596,1.6370791626892716,32.812372659050475,0.5,1335.8035395023444,1330.8531803464632,1312.049162800876,1325.906997188887,1315.6613330567543,1323.6335224457273,-0.01862222940863193,0.18594454132236218,-0.14387311781761306
2024-10-08 00:01:34.552529,94.55252918287938,12.971886504326141,77.59477890044595,19.542843255415576,5.357756645228544,-0.02067756993270994,2.7324690059235905,6.014347071771132,-0.3762164655091095,0.06587803183650894,1.754420359107009,32.80626336762495,0.5,1317.4867837284469,1325.5492815074294,1320.381481790578,1308.785573366823,1323.5193965880526,1328.2859272476328,-0.14918760412931795,0.46123674088432376,0.2517402592130368
2024-10-08 00:01:34.652585,94.65258476931629,12.97188578546036,77.59477819151893,20.730652736533685,4.993790134423124,-0.1946950389338359,3.0701021423219714,5.865268385090074,-0.39370949217935747,0.6963617183093279,1.7852783147866051,32.599263807970495,0.5,1335.1760201477114,1331.5945336229233,1323.2996532926948,1326.8200387224315,1329.8388982278204,1327.6380714198453,-0.2812700184274131,-0.2636167279844991,0.36313403150283896
2024-10-08 00:01:34.752640,94.7526403557532,12.971881395376007,77.59479269186666,20.157204995958047,4.766491913724594,-0.017515483677267477,-4.916296383868456,6.847607033833677,-2.732230026908807,0.3214459307223468,1.8086963976008137,32.66371022354184,0.5,1332.8459912828453,1309.476588201124,1319.3976662491011,1311.8827411377567,1331.3681683477696,1330.4329796580905,-0.5622468459980486,0.3185758707831533,0.05761493952074131
2024-10-08 00:01:34.852696,94.85269594219011,12.971863159388848,77.59479741770663,19.746846900962456,4.862565100522415,-0.05392740659002889,1.1339555443786793,4.993325815388702,0.8740211747294646,-1.9550483723182022,1.8213266154004466,32.468832954645706,0.5,1317.7949028987146,1329.3377106468315,1330.9901859171557,1327.815012346128,1329.8793348393372,1312.9663615526258,-0.25865085890424316,0.4627306329177218,0.3775955400398444
2024-10-08 00:01:34.952752,94.95275152862702,12.971864212817644,77.59479033966154,20.384122169930432,4.435190609650325,0.07677845195572558,1.2085641600089474,4.597546955004732,1.3710892670937467,-0.018166293983705346,1.9569220150855322,32.487158333626816,0.5,1322.4196963843021,1319.79878599377,1323.8356345853842,1330.5810785962292,1342.3687243266613,1339.4794881730063,0.17570834157996498,0.39116972064007743,0.2490619558450174
2024-10-08 00:01:35.052807,95.05280711506393,12.97186053837748,77.5947941532607,19.988694092515107,5.131178195308405,-0.10155259346690196,-2.5117373632210587,5.7138539693493176,-2.5809039843206842,-0.049691874044377124,2.0295637516810703,32.20374410311065,0.5,1320.7071110974,1324.8168356692058,1318.2963254622612,1330.765232839649,1309.3409609702944,1323.519257998391,-0.06712693606608064,-0.1974234380855364,-0.3733576954333835
2024-10-08 00:01:35.152863,95.15286270150084,12.971862281437062,77.59479557389483,19.881495460225274,4.667186330269666,-0.1591361072340373,-1.4980580727011414,4.9042971495686,0.24376584667417983,-1.802092464576599,1.924885627807762,32.42304927811209,0.5,1332.5523948971525,1321.2080098272427,1327.9238852654482,1335.4122768960497,1316.2751543783754,1328.4215020390359,0.04777591927410165,-0.24777008420919655,-0.2686807775424375
2024-10-08 00:01:35.252918,95.25291828793775,12.971855923079582,77.59478777371154,19.68891593455379,4.836510050320984,-0.12282409237176614,-1.47527660592705,5.057999237694533,0.33833780454837215,-0.19019530942765228,1.910560490094953,32.10571462095563,0.5,1322.8214891109703,1325.8175992648726,1321.6105704130177,1306.4878420710388,1322.8263994799938,1315.361283196253,-0.5583136122018745,-0.3498076108324179,-0.3348864576427756
2024-10-08 00:01:35.352974,95.35297387437465,12.971855504282562,77.59479102721357,19.586276128299907,4.682772040101526,0.11123111533875142,2.6040456531121663,5.359270482450804,1.7511940008071867,-2.76740995375834,2.031270194351807,32.14572298286582,0.5,1302.4519539974824,1316.5187806763045,1320.1039604598045,1328.1761802255971,1332.2420996741346,1318.5562383564456,-0.5696066932447132,0.362727517216296,0.09465359178806491
2024-10-08 00:01:35.453029,95.45302946081156,12.971845919472925,77.5947880215941,20.210014564415033,4.722387582333203,0.019106386255292138,1.9090605378543444,5.093704120673215,3.336754148857259,-1.5354956014791483,2.1397255731027993,31.994819765762244,0.5,1332.1017036735093,1329.513189975912,1329.0604832334104,1333.5116245655568,1311.5811977546832,1325.5386616317444,0.3989931759427965,0.0691958623500046,0.5696154400115658
2024-10-08 00:01:35.553085,95.55308504724847,12.971841727093656,77.59478978562865,19.968300471617063,4.696542089403149,0.13875155411316,1.1478297473728105,4.83676262806622,-0.22193867347121443,-2.3491724942857566,2.097302391889225,32.15604802667583,0.5,1318.065175341989,1321.3683285054858,1335.8813175815912,1322.8055237359797,1327.077537845054,1332.100366609631,0.2302221067402473,0.12162188855974869,0.7543653013339606
2024-10-08 00:01:35.653141,95.65314063368538,12.971852184815859,77.59477851809099,20.439708121421265,4.627759563927577,0.01242292843740657,1.0598742817352047,4.747593748811901,0.25956081411066306,-1.6749259457745789,2.061431103977291,31.956131176136942,0.5,1322.9468507590886,1312.7492149546838,1327.8833476597008,1323.759749353719,1325.4282358192468,1323.7642751081316,-0.06778535185285595,0.20220525648864274,-0.665941619884209
2024-10-08 00:01:35.753196,95.75319622012229,12.97184655493755,77.59477292376597,20.18039315723389,5.118656789608674,-0.027560178248709186,-2.4373919046819594,5.669416741627063,-0.1256901115141819,1.1020199691454182,1.9525085848752748,31.87772241964222,0.5,1337.4833330675326,1326.4580374912678,1330.142036036145,1338.7702384225477,1322.67111796428,1333.0706294840645,0.41531597423126293,0.27898020533783313,0.5370805048492203
2024-10-08 00:01:35.853252,95.8532518065592,12.971833504662651,77.59476205043053,19.95195876862221,4.771099987902134,-0.04493269030180307,-2.4718102617037943,5.373570508617308,0.5247521564332188,2.4852901859740566,1.9887504252784423,31.800469178806498,0.5,1327.207317201008,1331.2360750893,1320.8889402326035,1322.833153105719,1321.0874626785169,1320.4550838987118,-0.08717007818584772,-0.3047538604246656,-0.8406200807115104
2024-10-08 00:01:35.953307,95.95330739299611,12.97184348708659,77.594774024672,19.685756306642805,4.668910949088673,-0.016151253012321107,-2.6148917952074413,5.351322211765719,3.969576058461553,3.1304652027526267,1.9975707476087825,31.93857663447341,0.5,1326.568637735816,1302.93484656876,1332.5889878156065,1327.9340224979169,1307.3364259151847,1324.1263596919268,-0.6214876526748645,0.15642251868563836,-0.16473935168035908
2024-10-08 00:01:36.053363,96.05336297943302,12.97183115119754,77.59476537344922,19.428689704545125,4.362228934594083,0.07163665775419148,2.6250490307217973,5.091665297546321,1.689315857385366,-0.9565749975397414,1.947822077172721,31.87637582613583,0.5,1345.6807615704558,1321.9107836893081,1319.0780884837925,1334.742754614249,1306.1558834863852,1313.0348735058933,0.19071105432786392,0.47225142690731514,-0.4902739365254667
2024-10-08 00:01:36.153419,96.15341856586993,12.971836231096884,77.59476927082879,20.211057947031822,4.527344434193733,-0.14406615602598766,4.023491632010902,6.05855490987734,2.7684670472109953,-0.16308644378474063,1.8938398367836125,31.65953702475255,0.5,1325.2963353587472,1319.842877357829,1329.0284477587097,1311.6670362645796,1333.0460712601007,1316.0832102182903,-0.2623072626111354,0.13918298184943156,-0.15237678097447885
2024-10-08 00:01:36.253474,96.25347415230684,12.97185172044228,77.59476246718849,20.23383533407482,4.630963692252954,0.155078554311178,-0.8625644294578763,4.713161515579362,0.39643091392982577,-1.1964630334179909,1.8628884115533204,31.57069623902715,0.5,1330.7359239422744,1332.031511515202,1324.4609961322196,1316.5301763670325,1330.6978040294844,1338.1558818579654,0.24236006365293888,0.28045421543485305,-0.08478589979245257
2024-10-08 00:01:36.353530,96.35352973874375,12.971854813343004,77.59476001978337,20.03844916737377,4.914112709068094,0.021203079319667147,-0.6166586199119735,4.952698369728258,0.80910082265565,-1.8130567579626686,1.984052949939199,31.414543620010594,0.5,1324.9968223060162,1332.6529666342321,1324.270974218067,1323.5463852936264,1342.3307020366112,1340.7663413998457,0.19457531127243385,0.09692586337519082,0.8983711691416312
2024-10-08 00:01:36.453585,96.45358532518065,12.971845126546178,77.59476259662112,20.110435054381483,5.019807063566769,0.17591889987114856,0.22027739263261026,5.027716434373733,1.1603244737860812,0.3726159432037139,1.971691436427175,31.358217970528948,0.5,1328.320473149872,1329.197488608563,1327.0718426433218,1324.0136311059744,1321.4003143004952,1341.693173187891,-0.1808849456066979,-0.0015096979743217695,-0.5416305715534345
2024-10-08 00:01:36.553641,96.55364091161758,12.971845376960415,77.59476067180883,20.082529134771054,4.916294420130424,0.06656541827414661,-0.2683521871122707,4.92406282216662,-0.1484980425804264,4.009172099319489,1.9651770859457096,31.374073570226564,0.5,1319.9166125918034,1322.9123092934738,1325.7551892710526,1332.6795573438262,1316.1734170821685,1323.0465417682449,0.15049314063325173,0.1841292560011369,0.22535120442983014
2024-10-08 00:01:36.653696,96.65369649805449,12.971854610407801,77.59476431677011,20.05673478347519,4.9241500048932485,-0.11820875664814352,-2.0804885774976896,5.346929894989913,0.10278452213540314,0.1641205250627961,2.022405419330027,31.186248559331805,0.5,1333.9564719133048,1327.7535935582669,1303.509118922382,1331.1453576846886,1339.2562973754677,1319.0760270585274,0.6092227189456205,-0.34292949201256756,-0.2926054551695108
2024-10-08 00:01:36.753752,96.7537520844914,12.971855050602704,77.59476565636534,19.66620012537741,4.675821545191054,-0.033807639963112326,2.929993980188314,5.5180897784407685,-0.444547937296685,-0.4969032076183316,2.186764047339897,31.28694651447066,0.5,1322.0750007476124,1313.948857147965,1307.7341836387388,1329.1030631703386,1322.4811017120192,1324.0215897159408,0.18481661854828663,-0.05217017329850302,-0.07386473402280538
2024-10-08 00:01:36.853808,96.8538076709283,12.971865310883924,77.59477620814049,20.6430593153639,5.089041156823365,0.0860492448421251,2.0068952606549857,5.47114000511954,-1.9276487598286396,0.4854554308931062,2.273054654220086,31.359939975821504,0.5,1322.799692828961,1336.573068686103,1340.833444845901,1319.0984992486497,1337.6991260242307,1341.5282557161108,-0.16096248334371774,-0.19499809041818855,-0.29257335027513
2024-10-08 00:01:36.953863,96.95386325736521,12.971844576713114,77.59477752343643,20.067802289821987,4.777877545915723,-0.0775692498171471,-5.719945466537467,7.453315166584958,-0.6676201802473039,-1.5090730045257645,2.217389992383344,31.202113357399487,0.5,1323.4552084289062,1330.8027099785572,1324.5003741818966,1327.0602375297403,1324.695417053491,1320.443367320659,0.06102982190793289,0.206595166678146,0.3484060911659725
2024-10-08 00:01:37.053919,97.05391884380212,12.971842040861098,77.59478171680487,19.498434319280808,4.80048608890997,-0.06904601209153566,-0.7757522357766504,4.8632525713678865,0.5621051792117012,-2.4253379508229953,2.2769736378621674,30.862578944131407,0.5,1324.4400810330021,1335.641373832053,1334.0369242730615,1331.7079275496217,1314.1852975650174,1324.5883049262657,0.3282307176160402,-0.12577280880264638,0.48226100758185647
2024-10-08 00:01:37.153974,97.15397443023903,12.971848610849568,77.59478376632626,19.912565600061235,4.404467796425985,-0.2308934298113565,1.5265125558213555,4.667214257859165,0.6870882611750133,0.682091951970233,2.3579421921589288,30.951354232574428,0.5,1322.7603165862172,1318.280421531074,1331.5373280176,1327.145578977749,1323.2712536656945,1331.7435210878964,0.060916469200413284,-0.04182348019158021,-0.19300522933562989
2024-10-08 00:01:37.254030,97.25403001667594,12.97184846951588,77.59478568671423,19.80390653723283,4.563051445406061,0.1535565185553126,1.705596413295126,4.873815468691687,-2.290374538632359,0.9010770280383493,2.395081225691375,30.772268023560752,0.5,1325.8975389294505,1323.464138214496,1326.3629291901095,1319.0753521552922,1318.3000551381795,1312.7949368619109,-0.06326649726032142,-0.3708255817683658,0.877400686176405
2024-10-08 00:01:37.354086,97.35408560311285,12.971849933576772,77.59479333020256,20.2538744987751,4.593286406821859,-0.054501116695684686,2.3519500750089577,5.160709209222138,-0.5411055141651584,-1.6877618700634958,2.3177529360218445,30.79110511950222,0.5,1332.877387037863,1323.4445816588861,1324.25657629233,1338.676528980266,1321.1821811758339,1325.3708331195955,-0.4367118989394098,0.000154666237008166,0.9044079395018071
2024-10-08 00:01:37.454141,97.45414118954976,12.971845869511435,77.5947897045853,20.274558025283536,5.0385695374093045,0.1503091827233124,1.3111651630410108,5.2085439345840525,-0.3872035314595223,-2.054900100404247,2.2615165625803617,30.686173953199976,0.5,1314.451456672077,1341.7284572300052,1337.326939157855,1324.413012515035,1304.7183271441008,1336.6552273891773,0.1488331410451998,-0.14739861199852314,0.4185110669257959
2024-10-08 00:01:37.554197,97.55419677598667,12.971851936499581,77.59479194360658,20.516253297382526,4.693372931128102,0.0915938845556206,-2.4968741148915257,5.317002845207939,-0.939605317531599,0.9022359450843209,2.1260028526724937,30.619509169019157,0.5,1320.451468456277,1322.800666830272,1335.4597588203926,1338.0385794050883,1324.3601913467392,1316.3755213999325,-0.05907660579619231,0.3711961943801753,-0.03678736775786897
2024-10-08 00:01:37.654252,97.65425236242358,12.971849108636496,77.59479728227997,19.774905617634317,5.156349085284507,0.04627080019410811,-3.6542794942587307,6.320113566892989,0.14211899933411276,-1.6549793211415542,2.1920005347490563,30.493180145140986,0.5,1311.9353757657486,1328.7963621453403,1322.5022285822433,1327.8364420072928,1353.1903914635564,1328.6447684915488,-0.4827007654622521,-0.7084469375979975,-0.38876957684043517
2024-10-08 00:01:37.754308,97.75430794886049,12.971857747842712,77.59480150741004,19.78499114177767,4.951568046896827,0.104265603821642,1.9938612802364162,5.338949357693511,0.1546709243016356,-1.063468867654379,2.252901024646002,30.498459856215952,0.5,1330.3526715658415,1329.6398625932802,1319.0689763089267,1321.253886936739,1323.3096915309534,1321.2074368849399,0.01415658383245473,-0.10772741039039849,-0.3029014901941061
2024-10-08 00:01:37.854364,97.8543635352974,12.971859646866209,77.59480867148045,20.17389953697012,4.603794943434518,0.04265854735178771,-1.0195250936157692,4.715525320615683,0.1853636938391101,2.1412017241103163,2.411044626879806,30.478880943924583,0.5,1334.9246064498575,1311.4236255856247,1321.2260994572196,1313.9465381557,1332.4934310373687,1324.0829657338284,-0.3465941771098238,-0.19510822117209461,-0.6435661101789331
2024-10-08 00:01:37.954419,97.9544191217343,12.971845732172127,77.5947992226293,19.58097277951993,5.050836818711407,0.06082331252620219,0.8208219437079407,5.117460376775761,-1.3412477072875721,1.1945392439511533,2.390277846305901,30.39729132301571,0.5,1315.4641586380803,1309.968443701551,1322.1736534336392,1321.9546042543702,1334.9027867916614,1321.6402526148515,-0.26917044314986704,-0.5914665329089319,-0.047631318041778246
2024-10-08 00:01:38.054475,98.05447470817121,12.971842387245639,77.59480370118023,20.338155178846083,4.747480117667807,0.1379352641869256,3.9315014946041345,6.165573582954955,1.859646449422128,-1.6622814951020415,2.475040800524,30.24912568154355,0.5,1319.2895809187373,1318.735444497165,1325.5468289248881,1321.5640054243108,1321.6501249767027,1322.9445363846658,-0.3769277198865449,0.3757890501686801,0.25225306440587847
2024-10-08 00:01:38.154530,98.15453029460812,12.971837972895685,77.59480695735431,20.36771015476033,4.191134596820376,-0.09333457671625421,-1.6930719198409605,4.521151742380414,-1.0579424705547416,-0.7598006012467802,2.3557306406978706,30.172074054656893,0.5,1321.4832434742375,1323.2429816335414,1331.7015283965382,1331.3122367461096,1324.6117076834391,1332.8989249787742,0.02668059359031359,0.023122411687942285,0.08596453227418518
2024-10-08 00:01:38.254586,98.25458588104503,12.971831957436283,77.59479860356731,19.99935257120698,4.700362279289842,-0.054734194411160376,-2.836184590649026,5.490022260505291,0.7895036200916821,-0.6621493361972164,2.3084967843021933,29.984429941489267,0.5,1324.1620356081949,1325.3679621938063,1330.4049475456854,1317.164722162714,1325.5479321790517,1327.6408239409352,0.366622629591622,-0.24480930453148647,-0.2945401663805856
2024-10-08 00:01:38.354641,98.35464146748194,12.97183458055472,77.59479108506297,19.800157929838907,4.782334130321334,-0.13047735975840208,-0.2758005565052173,4.792056971949981,1.0220266151263837,-0.12537134259059857,2.202147843510197,30.043794204009824,0.5,1325.0004403263968,1335.4576916417006,1305.2448941049333,1319.4647417515484,1325.915416296785,1312.4445094213943,0.03695781611765357,-0.07180582638493391,-0.5439914612650842
2024-10-08 00:01:38.454697,98.45469705391885,12.971816006334523,77.59479956737312,19.94416179836547,4.650497771703879,-0.27239503671812515,-0.9908579175907875,4.762680757042588,1.0708266622681888,-0.24634443505099746,2.1005525222971917,29.875919480114447,0.5,1328.45014154399,1332.9894486240755,1333.4745749908386,1323.6663204991796,1312.8936000812478,1338.1039799610041,-0.0508404999384765,0.4058088344698477,-0.2721595913602043
2024-10-08 00:01:38.554753,98.55475264035576,12.971812513897019,77.59479694615254,19.601876189798503,4.9649016720643075,0.3639232133304416,2.6202201389327655,5.625677052136618,-0.8490593073797347,0.8146627022129755,2.1426791210120215,29.908660171525487,0.5,1310.9020606832553,1320.5944198605105,1325.7843070844954,1315.2167064103699,1315.7813151636108,1315.840367554275,0.3029244116183195,0.011380987547891444,0.9236909400870869
2024-10-08 00:01:38.654808,98.65480822679267,12.97182089992133,77.59480053041099,20.468497123554904,4.8554566084965325,0.035888513206141046,1.8476170605718494,5.195232012613966,-2.1021760168181514,-1.5855970076319923,2.1417693564488443,29.880443299791356,0.5,1327.0753576284442,1337.096576924881,1316.7573798840083,1329.9025928203275,1325.7835212480059,1333.3916978601194,-0.29124053406127987,0.3768555182407741,0.30435204339136845
2024-10-08 00:01:38.754864,98.75486381322958,12.971829899505266,77.59479170115016,19.971605006811213,4.451888388397397,-0.010868535326134503,-1.076565656842405,4.580220732814111,1.1497934522305782,0.5995278192602311,2.0967184919541486,29.81315953600101,0.5,1331.5970951476934,1326.3490280717108,1323.6454402760444,1329.979631972226,1318.5091771321054,1322.3521500959935,0.19396635477210042,-0.02288137934527102,0.09931956023353736
2024-10-08 00:01:38.854919,98.85491939966649,12.971826221982141,77.59479528574063,20.253064307288497,4.592458692655138,-0.13581604225575764,0.7417082495506406,4.653950361631421,2.030605103890963,-0.0950416049224577,2.1676341650684154,29.674635234858496,0.5,1332.8372472860951,1336.709070262872,1313.0025081405724,1333.2423323431537,1334.4439627934428,1303.8789726649898,-0.1524700576472304,0.13243699267644296,-0.3398618149991011
2024-10-08 00:01:38.954975,98.9549749861034,12.971817428115266,77.59480410989717,20.120029114558978,4.585663340881634,-0.021877378167318856,-0.8882406792834701,4.670948340531626,-2.094125378079213,-0.1697331882816205,2.2892442463472715,29.68398699688002,0.5,1330.5680898259454,1338.832593989091,1321.8385471640513,1320.0420222442942,1319.8386764997658,1331.9421168914732,-0.3722294816529767,0.14659122232516567,0.5390597114967947
2024-10-08 00:01:39.055031,99.0550305725403,12.971821408967932,77.59479871325148,20.075317423162847,4.724634627730008,0.06028362997993051,-1.9618205299256317,5.116106554131444,0.6843319041844205,1.332425953651593,2.2196022100816863,29.571320032650892,0.5,1324.8877588494563,1330.7245066113667,1321.0203260258527,1328.6262995857398,1322.8664230783154,1338.3315030178403,-0.33538664273372404,-0.32270156508018205,-0.005143832756238881
2024-10-08 00:01:39.155086,99.15508615897721,12.971825434959072,77.5947972301535,19.727446907347623,4.8895408117959125,0.05930876527467394,-1.010929200971816,4.993305991948996,-0.9635308874584743,1.2907032274959642,2.348400485499121,29.42998810999312,0.5,1315.3232711840799,1329.6446156719853,1326.6068885580871,1317.811645765374,1327.981328305304,1328.4782463937022,-0.3138363998617512,-0.394999440098911,0.1212473659828901
2024-10-08 00:01:39.255142,99.25514174541412,12.971825650423453,77.59480535405226,19.873019195063986,4.940193086549481,-0.2429400740724106,1.676942763700552,5.222706639732816,-1.280016146009845,1.0395933923372573,2.461793918963314,29.47811823985939,0.5,1317.290672398665,1331.0214278852882,1323.836940886473,1319.6846145859704,1330.9124638052886,1317.8886376312848,0.014187322454672855,-0.05579618494004059,0.17904770516201096
2024-10-08 00:01:39.355197,99.35519733185103,12.971824596035152,77.59479857382466,20.063021890634005,4.708416241642875,-0.1474893055599257,2.464340248808213,5.316381237431821,-1.2584166048639513,-0.46892304786665506,2.426421151762766,29.241029035644985,0.5,1330.6820172875696,1330.2787374030343,1329.0944658582168,1341.8686360336978,1313.8981258905824,1325.6925768521432,-0.09467962409613671,0.20669769355458112,1.0044356757959356
2024-10-08 00:01:39.455253,99.45525291828794,12.971837747805592,77.59478600048362,20.366161212613154,4.62772541312418,0.10186069316811998,0.5492592066172506,4.661319960713045,1.4978651814611583,-0.4956321405679691,2.4947521461414377,29.24993321361856,0.5,1322.0066053972066,1326.9086522995995,1320.2478537331008,1320.063949470681,1328.7196425024151,1331.0662706712953,-0.49818785732727017,-0.5452530802665285,-0.44769742406424273
2024-10-08 00:01:39.555309,99.55530850472485,12.971838030891533,77.59478676052692,20.172934794681925,4.798690214011346,0.03185487841154673,-1.7043941316241416,5.092484841336466,1.1719215703504624,1.6869268857089126,2.4335204527214045,29.23532760161016,0.5,1332.5817474363632,1343.2395822132196,1322.3503126443168,1337.1852690562398,1326.839677392666,1331.2462814328323,-0.4671009693422281,-0.23845242390054738,0.38665565837630567
2024-10-08 00:01:39.655364,99.65536409116176,12.971845315675155,77.59479297188105,20.025092903894592,4.379968858914276,-0.1873102306621906,1.1431127355338333,4.530553945568818,0.9582394360909302,-0.5894584836283199,2.3604502700130867,29.119118200242625,0.5,1323.5676671003416,1335.627818913817,1328.0160823209699,1339.7179065241687,1320.9024628228187,1315.631996163511,0.40483047569601033,0.10039060077140241,0.41510072883033444
2024-10-08 00:01:39.755420,99.75541967759867,12.971843764131227,77.59479936306862,20.4016844249166,5.127095807404371,-0.11030204341452801,0.5032539193239103,5.1529159188172065,-1.739750135494436,2.711397486004285,2.2792338471030433,28.948606983370983,0.5,1320.2168876084636,1327.7762205249257,1328.992480932081,1315.1182010444536,1315.1445605791005,1316.568385231988,0.06004382256973993,-0.060796522699011146,0.205062041737435
2024-10-08 00:01:39.855475,99.85547526403558,12.971849348413981,77.59479281960076,20.125799635943846,4.64442149729436,0.2778814909964788,-2.13138319103021,5.117681454972997,-0.3986641394524254,-0.96702035484413,2.2357979294261305,28.717408517413688,0.5,1321.2684968130739,1321.0503827062919,1316.4566339932326,1308.5761768530715,1332.5570622829407,1324.9381787281643,-0.041777889152707894,0.10300576034035994,-0.01070997433411476
2024-10-08 00:01:39.955531,99.95553085047248,12.971841560118904,77.59479760903152,19.975170834716003,5.007370486316474,-0.08878599062066665,-3.0453636755554925,5.861389089265158,-0.8229963580163542,-3.7954290397478467,2.255889984515273,28.794141699065126,0.5,1323.0013403337202,1332.2178323834949,1317.9266845499328,1328.419938374398,1321.1926097210276,1327.145307336299,-0.09888613771513168,0.06082811401673919,-0.17251116228181584
2024-10-08 00:01:40.055586,100.0555864369094,12.971845749719197,77.59479073047194,19.516388339001114,4.710001507559968,-0.17051717702502792,-0.5131382375139566,4.740938847915747,1.8237120624369254,-1.3581001163093114,2.205259890429428,28.988960264868876,0.5,1313.0298046635278,1333.1713698116862,1304.4419759127372,1305.1663149420597,1312.00141207511,1327.4928835098422,0.3384134747041485,0.281754069072796,-0.7515974295768523
2024-10-08 00:01:40.155642,100.1556420233463,12.971855733264343,77.59479032772637,19.87248614016068,4.8109048361563485,-0.059665833880313456,2.301415008615834,5.333373828653622,-1.321922912103159,-0.2086628278026023,2.228210891208933,28.53368012792711,0.5,1331.551945463278,1323.3318730877975,1328.5549350000572,1324.8610845717542,1317.7958161272961,1344.6439734976743,0.1385969831196768,-0.3593364942370868,-0.1944577755386413
2024-10-08 00:01:40.255698,100.25569760978321,12.971861234284887,77.59479151802175,19.976927195644638,4.595453859057676,0.06131814855558092,0.4465441532328214,4.617505578432666,0.7550587280105976,-0.6662848219118569,2.1994297812043277,28.768066281232795,0.5,1314.0440515479693,1325.395044640418,1324.6998553739415,1307.9856970935812,1317.582423622388,1323.5033069391275,0.02866490786209413,0.14600955315815056,0.6116596988903843
2024-10-08 00:01:40.355753,100.35575319622012,12.971864546280615,77.59479854234829,19.961844614404047,4.868561622148107,0.09007507066050525,-0.5370694587158624,4.898923288896577,-0.27892435733378185,-0.11349396905834803,2.129829182530311,28.739488424749524,0.5,1327.5196093780974,1316.228667075636,1321.050594076206,1319.960055550574,1303.8903537486383,1334.8612551334197,-0.048683465105188825,0.3373796941702761,-0.42104078251865795
2024-10-08 00:01:40.455809,100.45580878265703,12.971870989187881,77.59479420293815,19.8694535963463,4.929492368771386,-0.30244324548824636,0.12633413244853386,4.9403772369666585,-4.552633922428765,-0.7710333471009039,2.027045304034184,28.497235917385122,0.5,1308.584470139247,1316.370974679781,1328.3208720611844,1317.2978541753234,1343.9557563370422,1315.9639628412333,-0.053426908217112996,-0.27662585310094556,-0.19436954542779933
2024-10-08 00:01:40.555864,100.55586436909395,12.971872459039426,77.59479471648207,19.98712548582235,4.868328236166887,-0.0015630801171116935,0.039278537220894805,4.868486937618859,0.598453801464142,-0.2258224022456194,2.1516535920024933,28.692488238799022,0.5,1330.8142644129898,1318.1892250476349,1318.5976960220971,1325.0937594265163,1312.5771427066347,1325.9741300291764,-0.006699298488611497,0.308055107173732,0.026673266355915954
2024-10-08 00:01:40.655920,100.65591995553086,12.971862320543138,77.59479296060806,19.877313670498374,4.454336045912619,0.11976603309628739,-0.3044317931145599,4.466333197294961,0.1301421337169244,-0.8794944135159202,2.1247529423894007,28.490738776781214,0.5,1331.89710594221,1315.5196736913867,1325.472938188491,1312.4097113648452,1315.967476774366,1324.5728010242285,-0.06068641914069419,-0.3144771540008133,-0.6090934618418412
2024-10-08 00:01:40.755976,100.75597554196777,12.971863413459872,77.59480589510557,19.926205282642115,4.898947074774211,0.03903729369638877,1.555682469514494,5.140170648693743,0.9750441585463777,0.41134366420734364,2.128766461158297,28.431156608088436,0.5,1324.174298398657,1337.7319049439925,1321.7477804816633,1328.8161232717425,1312.0437818038754,1316.1450774248926,-0.18560035852071982,-0.12148508116414179,-0.6808963956472356
2024-10-08 00:01:40.856031,100.85603112840468,12.971858588628708,77.59481458165787,20.18862311409216,4.682033765416216,0.21034911273582207,1.5575006862164997,4.938774677720291,-2.3601231316282885,0.9863834831865073,2.1534938235223438,28.252482645738947,0.5,1335.6181430059241,1316.4906278423884,1332.0542650738257,1327.5415826407423,1325.182625176319,1321.2255661207553,-0.08978932375609774,0.3363136577810931,0.15892289826700115
2024-10-08 00:01:40.956087,100.95608671484159,12.971861336368217,77.59481705785419,20.237878571712677,5.0776759916288645,-0.11087845918701318,-1.9044401825106831,5.424203159675823,-2.064145518049481,1.4805780240919773,2.1394083191409594,28.2200832719129,0.5,1323.3977864576452,1330.7496908536139,1331.7734673118016,1320.9772563093786,1328.8773781032457,1332.0741900044977,0.1650561929774728,-0.24473103361476126,-0.17425178750887324
2024-10-08 00:01:41.056142,101.0561423012785,12.971851627934894,77.59481041714585,19.807523355501917,5.096134389158715,0.03605875917705926,-2.353808167988632,5.613581640821612,-1.5653073634941177,-0.5575233274365256,2.1524036721832664,28.16803265116628,0.5,1326.9230718063864,1327.8195278810229,1328.5426588303083,1323.3080231691054,1322.3301132944523,1326.6583403367727,-0.29509993929986506,0.052596195321171185,-0.4302682797702474
2024-10-08 00:01:41.156198,101.15619788771541,12.971862860534522,77.59480149001749,19.7668552584965,4.808721638801565,0.09701907675190084,-0.5334560662988537,4.839193308331797,0.27076954467044423,-0.4790297563560476,2.2240587874292226,28.008202990666327,0.5,1327.4500812250826,1333.1827674190965,1310.9164134240832,1325.5360754930773,1323.0934523908782,1314.3531149183884,0.13455437500300105,0.7155509464293492,0.1700834984582913
2024-10-08 00:01:41.256253,101.25625347415232,12.97186291691415,77.59480627728175,19.7007728363982,4.682712765463926,-0.11894945973575496,1.8931540957183302,5.052324242162742,0.8308523365160525,0.37481695777103563,2.2559693103683203,27.991914648586448,0.5,1313.9244298647884,1322.8085301413541,1323.3266962392072,1321.6673990555626,1326.7786565450133,1329.3013284123656,0.5460957425879405,0.10013390736776301,-0.47530373468307224
2024-10-08 00:01:41.356309,101.35630906058923,12.971859448140957,77.59481123138988,20.145696545021565,4.989363376522061,-0.2566554564451289,1.9732550476920636,5.371531849439681,2.6145111899607985,1.5538830428866979,2.1842274937906048,27.859433391594333,0.5,1316.465111468741,1336.0076591125217,1330.7369572489667,1317.2612387069923,1314.1176445858605,1319.2998154447812,-0.24287162344625085,0.24954811675963526,-0.38301436430373953
2024-10-08 00:01:41.456365,101.45636464702613,12.971852137816164,77.5948121290751,20.09564321837104,4.945872054289902,-0.144627059552232,-2.985250751648209,5.778779232154204,-1.520127028893116,-0.9422798385445307,2.462012576585156,27.910058128759783,0.5,1320.2274386284191,1324.8465120804246,1326.9883802173176,1326.7598974444143,1335.4674315148961,1333.80371742155,-0.12089199422976285,-0.08605757687296514,0.27433791712613365
2024-10-08 00:01:41.556420,101.55642023346304,12.971850631911556,77.59481684978333,19.548314515786796,4.663391996545862,-0.05357654375150867,-2.7441856431643146,5.411159783598845,-0.05277415184761161,-0.8063305527633082,2.4956817673079295,27.726403186823536,0.5,1321.1981172422863,1319.3465068259393,1327.0414512369734,1330.8201979915298,1312.0312268075752,1336.1705726667587,0.06908169178572338,0.19294794371904508,-0.35513316528844585
2024-10-08 00:01:41.656476,101.65647581989995,12.97185717264615,77.59480134064863,19.546501010733937,4.946278429223843,-0.13601281433784193,2.3027874695318076,5.457746780027623,0.2713946523575482,-0.17934363952996718,2.5700111399978662,27.63391337957617,0.5,1330.706345897179,1313.3735687195192,1333.4466891814545,1332.4461095782524,1333.9061111399026,1333.605103052567,0.022308892252141926,0.06995779684479743,0.6862093740723683
2024-10-08 00:01:41.756531,101.75653140633686,12.971872948042165,77.59480255988503,20.009128017193937,5.079201525555465,-0.27769252588089344,2.489434411273052,5.663275109348431,0.0719558761179118,1.161352230483031,2.529578194986476,27.640666403500806,0.5,1330.6197413324678,1330.3059500570403,1325.8264181242957,1325.6131128295958,1324.0983936414532,1329.3266338068704,0.01889059473717617,0.040484859888444504,0.5856788087156779
2024-10-08 00:01:41.856587,101.85658699277377,12.971866515600547,77.59481060252736,20.04466465056623,4.807603778142401,-0.26981583359673333,0.41019721710205204,4.832609691314503,1.5007206996397917,2.238759724807966,2.4915509172874315,27.734617304394938,0.5,1314.0520567871656,1333.2127707378654,1322.5592011074375,1339.5202812448447,1332.5819662561512,1312.4812679233128,0.4548054011898701,0.5116702561116316,-0.04066572851271033
2024-10-08 00:01:41.956643,101.95664257921068,12.971868416684758,77.594819923563,20.091213063417804,4.764888400337824,0.02193782709829198,-0.5819636010471214,4.8003462759342135,1.6324270633005513,-0.5846024671554885,2.49590847610796,27.379207528215566,0.5,1330.2409381083567,1325.7896636860714,1338.3399451381467,1307.1282424710496,1322.4532777933593,1327.7478434739705,-0.19716766106502356,0.9165898826419763,0.2984540865607457
2024-10-08 00:01:42.056698,102.05669816564759,12.97185882648272,77.59481320962507,19.92820723179082,4.8666461966228445,0.1260940658541946,1.970214999563865,5.251846538223835,-0.8724074446796741,-0.9588108911952291,2.417823267371909,27.49218460990777,0.5,1332.9737367973235,1318.2059686832097,1326.6704834874106,1325.582255403633,1318.4685433729912,1318.817087069948,0.14280608487572063,0.13859486080137415,0.19109758149863915
2024-10-08 00:01:42.156754,102.1567537520845,12.97186134584255,77.59480651458453,20.48547509779412,4.436636922276204,0.23085709861070333,1.8013062280779764,4.793928066564613,-0.08404694725426456,0.01516476704557403,2.399662315737607,27.3368840134663,0.5,1323.1481501867456,1313.84167680414,1319.5704219038573,1316.9621567387117,1325.2932332651424,1338.8368691539151,0.11328575312548278,-0.33541614841854744,-0.4556483754086162
2024-10-08 00:01:42.256809,102.2568093385214,12.971860977297519,77.59479191627483,20.288668733796417,4.6641552023841975,-0.0898778397449845,-0.7424998154252336,4.723740864390352,1.0115830572107787,-2.682398031074406,2.506313497308736,27.232752297049995,0.5,1339.6971475742446,1339.0379616981777,1329.5570717680364,1335.633865708529,1320.1227822642832,1333.7838667648966,0.17900014701432657,-0.09696166328318118,-0.3847261867166754
2024-10-08 00:01:42.356865,102.35686492495832,12.971866334838305,77.59478900324258,20.336892588870782,4.843975737933678,-0.028656758195547333,-0.5274931531587299,4.872696500512805,0.5095811541740676,0.6092851792816454,2.5541257723433093,27.027873808136025,0.5,1318.5221193325913,1326.7310967087308,1328.9264717567394,1323.0046722984837,1326.419783968769,1317.3691005336548,-0.01824253480376098,-0.3481710600920033,0.025174710999595888
2024-10-08 00:01:42.456921,102.45692051139523,12.97186157737092,77.59477996557563,20.183111460234915,4.532067323376488,0.11648366561550208,-2.9353029123488454,5.4008523267365645,-4.08228095068009,1.3612030252394107,2.6651066425687233,27.00335694768863,0.5,1309.0110421683682,1332.0982340228952,1318.3317005749352,1326.479617855399,1317.7881819266552,1328.9250850765816,0.02001932113782714,-0.1845569751264539,0.21244947840645437
2024-10-08 00:01:42.556976,102.55697609783213,12.971869479643384,77.59477815561505,19.74950568034072,5.029547542667707,-0.12686922151001234,-0.17984140101224,5.034360655817119,-0.7768307286338227,-1.7654645526780155,2.505464911379675,27.0919020398891,0.5,1323.2193797021826,1327.7396309277458,1329.5963495596025,1329.5059205277846,1329.8715273365976,1314.0850862501313,-0.05501512256352504,0.08776628131377452,-0.8420749965652826
2024-10-08 00:01:42.657032,102.65703168426904,12.971868786411834,77.5947909856781,20.147123186547084,4.929245122370588,-0.15868589735077981,0.381505400005949,4.946532630102217,3.016016926968158,2.9208805950048484,2.5162032323521637,26.861263383406037,0.5,1323.2686210761028,1315.7455122656484,1334.8994177573302,1334.489249655796,1322.2766424716679,1338.6856269069026,0.18948788136193576,0.12171548381304394,0.16580910368716498
2024-10-08 00:01:42.757087,102.75708727070595,12.971858867098737,77.59479024353062,19.825849173393607,4.80712024159962,-0.10670217599561362,1.183326749066154,4.9517726691170365,1.9768665652216129,-1.4995740329002452,2.5021131827476477,26.724776004074084,0.5,1328.4739381852487,1327.9062294876746,1331.0491743407892,1329.206502016055,1316.7563901702445,1307.4348896789802,-0.3723811728327704,-0.05200123526829071,-0.16251211068434565
2024-10-08 00:01:42.857143,102.85714285714286,12.971864543079507,77.5947827976022,20.383920090195677,5.098937762869543,0.05549029810712813,-0.9392349106355766,5.185017618114494,-2.9685294627760292,-1.3027226923802602,2.536521112848484,26.660395223400783,0.5,1325.646816464862,1329.0268158419913,1325.3392979069743,1324.260409405064,1323.657313445839,1312.181746364529,-0.10195562729988626,-0.13012447128272644,-0.586687027076579
2024-10-08 00:01:42.957198,102.95719844357977,12.971869508290055,77.59478726930986,19.637897773822285,4.738409838095786,0.09457922080208242,0.684941854057044,4.78859252455349,-0.8751216540983215,-1.9574983783959239,2.435413165084309,26.776700867577713,0.5,1328.3600912549107,1330.131480375056,1313.0266307246802,1319.229838833246,1310.7887821600484,1320.349643959196,0.21252419193585784,-0.2311437133766945,-0.377137803174539
2024-10-08 00:01:43.057254,103.05725403001668,12.971867518588233,77.59478798861485,20.5209846079614,4.39772985909522,-0.08127307514254802,4.02318599669411,5.9609276786685115,0.6222569158830389,-0.3180095194815648,2.377902751027726,26.5072188351067,0.5,1324.5746892270272,1316.3440334383406,1329.0107404017012,1321.6812604667825,1330.5941302408794,1323.3057317842993,0.05119125846917813,0.19298732416146608,0.05337242866763902
2024-10-08 00:01:43.157310,103.15730961645359,12.971862594723724,77.59478507630048,20.442982242310265,4.960389616646851,0.06181529045545847,-1.2410799420067917,5.113664605889163,-1.776792360730048,-1.422400254688859,2.367349725020093,26.400892247724762,0.5,1323.7749240951568,1334.1815978011432,1327.3355139475252,1329.6423229054492,1318.2740325136326,1321.616141917411,0.12903910342304037,-0.29831865658855583,0.34457867787159696
2024-10-08 00:01:43.257365,103.2573652028905,12.971868348987282,77.59477380847035,20.27263064513625,4.708668682880497,0.07876849019965594,-1.8002436762445626,5.041690444091786,-2.13171713840935,-2.622801068418843,2.3117517462834645,26.4803284024882,0.5,1318.4654812664226,1326.6256221196404,1309.0674216588125,1314.1096765408404,1335.7971952345824,1326.1940156048554,0.3759278113684028,0.23593827151577168,0.4350793075654905
2024-10-08 00:01:43.357421,103.3574207893274,12.971866077998206,77.59478581214803,20.08273336879829,4.885587828850827,-0.2552231222634239,-0.5376245065400553,4.9217016758013346,0.12693634513722346,2.756548704905935,2.3882862640580695,26.28557139845579,0.5,1320.2495381919257,1328.2744634856592,1326.674319927614,1328.5844294493256,1334.9512957668846,1338.770281897267,0.4403916417758558,0.20786441463812788,-0.5006604799213652
2024-10-08 00:01:43.457476,103.45747637576432,12.971873120412488,77.59479157079176,20.165045974566812,4.8919001216400755,-0.017755584465803328,-1.0629301107632472,5.006078553243953,-0.0314326228588892,-0.7389848886099766,2.2741733860727735,26.434348331968938,0.5,1321.6244032012837,1309.6946630178586,1311.686571034217,1337.9129023707653,1330.956501602255,1324.2328322917679,-0.24633750157453546,-0.20347689152073725,-0.5017104941387611
2024-10-08 00:01:43.557532,103.55753196220122,12.971874053271938,77.59479320276976,19.87002917765056,4.548063094860301,0.1658680065500848,-2.2359440485405457,5.070683967536435,1.8102314420454997,2.009689908812766,2.3452099353808253,26.32705190512875,0.5,1314.2452294087802,1331.5018784449933,1327.5923431548908,1342.612086731211,1321.8390253087362,1326.4552988927312,-0.2041479768822359,0.030279252976014612,0.5558245755053427
2024-10-08 00:01:43.657588,103.65758754863813,12.971885393791913,77.59479280898577,19.71760858853313,4.925232363671602,-0.10856363146494821,0.6122727101832055,4.964330545992088,0.9004862961201934,1.266370975380718,2.4835413952258225,26.226243509435243,0.5,1341.0081204238122,1314.5336538810445,1323.8953676398319,1321.6938207448538,1324.6359755104427,1324.1660811174834,-0.1645250557666071,-0.13241067636582604,0.24768565231344172
2024-10-08 00:01:43.757643,103.75764313507504,12.971904016490745,77.59478815246169,19.992551787803954,4.9341720550707935,0.010514394745950987,0.16675183448806763,4.937000161620774,2.5254481132588995,0.9860323624744952,2.5653956924763306,26.356509204575296,0.5,1327.8584083906462,1330.5395336573692,1314.697634650712,1336.5842866327923,1326.9169097973102,1323.374523821757,-0.4371798899035038,-0.2616164376797857,0.6220116737511436
2024-10-08 00:01:43.857699,103.85769872151195,12.971894332374081,77.59478565697748,19.750977493711396,4.283600934010687,-0.02791427314433621,-2.0492595721090936,4.748629377239622,-0.20785980719568603,-0.30947786859598225,2.6425353258521387,26.035979935215874,0.5,1316.4243645877596,1323.7710193615585,1335.6759296784396,1334.5541961296121,1331.7279589257766,1321.563541865259,-0.3383899672905572,-0.043953536411187565,-0.8193139328130391
2024-10-08 00:01:43.957754,103.95775430794886,12.971894186672957,77.59478266387264,19.582472051306304,4.999411744544752,-0.03669326974162305,0.711092489373101,5.049863039328806,-2.7512944374648263,2.086019601773457,2.485615884203809,25.898012910368813,0.5,1319.5575858641787,1326.3795627943116,1323.6591740729236,1315.7417952818635,1333.9708258735627,1333.5299089637736,-0.23360271144766584,0.08308002459420981,-1.1672549217341208
2024-10-08 00:01:44.057810,104.05780989438577,12.971879580274921,77.59477901272467,19.89327504578161,4.840957186007469,-0.04968274760613342,1.150769684778922,4.976103467530919,-0.8096295883042597,-1.196767684133456,2.6237305665780086,25.907916033925268,0.5,1314.518400442721,1313.5469415669363,1318.501314129975,1321.3202578334099,1327.5952358053407,1320.742997913789,0.27190605372178334,-0.20187069008126426,0.39455298832205
2024-10-08 00:01:44.157865,104.15786548082268,12.971877100105,77.59476506369789,19.812753922635046,4.467496458341196,0.05003796589696793,-0.02192947617693619,4.4678304920002985,-0.05487333100103582,2.6619365595509894,2.652862502513902,25.765301250206836,0.5,1340.8574316927572,1323.284561177781,1326.2202158186835,1328.4072730270532,1318.4402558916959,1309.3985037416887,-0.10307819232043057,-0.8271221125587076,-0.1448856502670853
2024-10-08 00:01:44.257921,104.25792106725959,12.971886431458966,77.59476643189666,19.888886712583336,4.703373590612955,-0.07316347545965775,-0.8172707942917157,4.77441175206108,-0.10050708644711429,-0.837798798974811,2.607581608063714,25.851701709737917,0.5,1329.2606102440586,1310.6451122680533,1329.6102140515752,1327.3728871002713,1333.9702305881883,1317.0460927332126,-0.04006290599449833,-0.4110124249287832,0.1564242241951604
2024-10-08 00:01:44.357977,104.3579766536965,12.971890714966817,77.59476798563915,19.649208905433817,4.823678470146306,0.1941266443071088,1.0512262256957428,4.940712065580573,1.3808644146896631,-0.8367429709858909,2.5429454504653255,25.701865532579173,0.5,1327.57406715901,1320.715224159087,1320.9516625206136,1326.4143029078223,1310.6080766171945,1319.9125745487484,0.1621571199211749,0.01938895753422564,-0.06807287495843507
2024-10-08 00:01:44.458032,104.45803224013342,12.971892065074318,77.59477813596727,20.09924882556314,5.106757818295834,0.06939610649894175,3.4870165603658165,6.184098618763149,-0.7111054953501241,1.841504170520511,2.499932135076389,25.877263609573905,0.5,1326.1073022840435,1324.0922221999576,1322.2476707408493,1320.1242651193206,1336.2628505686819,1320.0896663044723,-0.4168703091038235,0.13834469859629042,-0.0034189539705981415
2024-10-08 00:01:44.558088,104.55808782657033,12.97188085567699,77.59477863601911,20.346999879159128,5.140097415630495,-0.20550853197129937,-0.25860834593383686,5.150700289812146,0.3861654042127729,-1.561894927069984,2.493115216714532,25.599956678578263,0.5,1325.8950055835817,1334.048387619016,1319.3640015771075,1330.813275360884,1321.6658383455624,1325.7872851839354,-0.11182727899375258,-0.16971565354491994,-0.46552402190567993
2024-10-08 00:01:44.658143,104.65814341300724,12.971876086597511,77.59477430281127,20.04749840614336,4.742194090522553,-0.14752112181206292,-0.8064591797171943,4.812540252519229,-0.4054624932798914,1.8325084525764728,2.4852437050614764,25.677545522920575,0.5,1315.8340846675053,1333.570810549826,1328.1259550513773,1311.3584310403135,1339.4675728353477,1329.23687849579,-0.4270429278310886,-0.23281950311191205,0.01092527660126891
2024-10-08 00:01:44.758199,104.75819899944415,12.97186486824018,77.59475898580813,20.185618386831063,5.023158750149249,0.15579183561179655,0.36356398713354565,5.038707542414493,-1.7191417620816902,-0.797049262874947,2.5767849623195023,25.488782352154747,0.5,1327.7981138778257,1324.5710173076648,1322.6258300459263,1329.2986216832232,1324.658802728444,1327.636531862135,0.1969929410447844,-0.3314342215041181,0.26393743710162026
2024-10-08 00:01:44.858255,104.85825458588106,12.971873459762561,77.5947648569661,20.120251622023336,4.615534343186983,0.09602285767930524,-1.3669577155619237,4.814660014836943,-0.5980017603827169,0.5556265315080783,2.479807960636719,25.27598872662318,0.5,1337.6815562507925,1319.9888173992163,1324.498305220822,1330.8798761281992,1319.7051663306365,1330.5952228693652,0.44530758995510245,0.040285799915832574,-0.7791214986181118
2024-10-08 00:01:44.958310,104.95831017231797,12.971857751760648,77.59478213728312,19.91207487510105,5.187027697468652,-0.10255187663916361,-0.821217819863989,5.252634760705462,-1.2024713046358448,2.0793007370738126,2.5505109976179434,25.44937848320884,0.5,1327.6541911105073,1337.4987533570013,1321.9538415970355,1327.4827401263424,1322.4246505803433,1329.2008494324161,0.47571417848141456,0.4200427497271866,-0.26365821881092383
2024-10-08 00:01:45.058366,105.05836575875487,12.971851909772536,77.59478834936502,19.955916760905474,4.721815778376183,-0.007082367802598046,0.6159317778863169,4.761823848050889,1.720259289003633,0.879910777815492,2.455612491835543,25.180822298342896,0.5,1331.942743341772,1331.230503866745,1331.5721370248862,1324.9376260414451,1323.242533565248,1321.2587607768123,0.4512327484741502,0.39444128792596644,-0.32255390062756767
2024-10-08 00:01:45.158421,105.15842134519178,12.971842720726485,77.59477548171729,20.03532970558414,5.23652807466457,0.32665988952519026,0.01013470369599645,5.246716656385577,1.1999641901056342,1.8488604428922075,2.378757575413311,25.2261084068697,0.5,1330.7413662659098,1343.87568554739,1329.1090923160714,1320.6103094733883,1334.9231711738169,1332.4173990956613,0.05010784534410534,0.24724910210637557,-1.0391628322788162
2024-10-08 00:01:45.258477,105.25847693162869,12.97184510862192,77.59477331784666,19.957944828348808,4.854517473948703,0.05905751308932054,0.11738455488131194,4.856295587013858,1.6524914208414816,2.8348412424299765,2.3415988617148744,25.07267749562117,0.5,1331.7337641115528,1325.137434232888,1319.5929069133513,1332.041207990095,1326.323039129736,1330.664679951023,0.415344614148607,0.18791845120211562,0.08270471263498078
2024-10-08 00:01:45.358533,105.3585325180656,12.971840285028698,77.5947740316317,20.05881966653871,4.6530124600858835,0.10234253553712046,1.1135010870298885,4.785486769296452,1.4542611480340843,-2.0247978161642046,2.263576754507502,25.06522906363405,0.5,1318.868935395097,1314.2609530817294,1325.7573918177825,1322.4581270333174,1319.6694753032195,1313.9529942112727,-0.04677594633281875,-0.14465873176299493,-0.1738744585990559
2024-10-08 00:01:45.458588,105.45858810450251,12.97184147529302,77.59478356538482,20.18076883687063,5.042721594825746,0.30077809850826526,-1.4861968900168563,5.265765826863167,-2.642844612376808,-1.7340508886814416,2.4665611427185867,24.91319793628494,0.5,1334.603741804478,1331.1057587982468,1337.1653775542513,1335.3744530498193,1327.279823129653,1328.7702001488344,-0.22813403766487067,-0.3107155630291742,-0.268709714878063
2024-10-08 00:01:45.558644,105.55864369093942,12.971841432093747,77.59477640680457,19.761415063756015,5.0987888101995615,0.21569041907355543,-0.5947364587896544,5.137886836366683,-1.2257185340973842,-0.8132278609126431,2.5809918568571186,24.86296523674732,0.5,1326.7451227550478,1322.8076233092809,1331.170030985003,1325.1829177631066,1319.468113862629,1326.0540390575763,-0.203019241083397,-0.4071517455221521,-0.2507323929630951
2024-10-08 00:01:45.658699,105.65869927737633,12.971831369987813,77.59478316684971,20.06175542655141,4.760865773259049,-0.27508176535441814,0.8104419739472206,4.83718193597837,2.22656937074198,-0.6434143839845277,2.5649088034956784,24.85539790852013,0.5,1331.335076874107,1322.1166306066814,1333.69051753526,1319.3402257717325,1330.9166305668414,1325.8362859037402,0.12242107204838171,-0.32939500911781194,0.07446207941535984
2024-10-08 00:01:45.758755,105.75875486381324,12.971847518242566,77.59475872786149,19.923593557708767,5.0606248724691545,-0.045340581757594346,2.576056648529743,5.678736454938004,-3.058737401687573,-2.564256875840571,2.5371400281582037,24.69506484897131,0.5,1318.4972424269408,1323.819381613643,1311.8075612289722,1330.010811835677,1323.1843686605714,1330.73651413842,-0.43423073498693865,0.20098289601266323,-0.039008927705503606
2024-10-08 00:01:45.858810,105.85881045025015,12.971833705266416,77.5947583928427,20.577253143878096,4.614504214951515,-0.11714442364785463,2.6781947598354208,5.336674913970964,-1.0082882771285633,-0.4243277338342617,2.4605074649683054,24.69333165273002,0.5,1327.747397143905,1328.185302627429,1322.1671860798524,1336.4336945103557,1334.074052545791,1333.185794404249,0.30317794168968143,-0.29125240115804024,0.2203080935349862
2024-10-08 00:01:45.958866,105.95886603668706,12.971839191735485,77.59476515960655,20.459530252283944,4.788514718181007,-0.08503109757537003,-1.0079101914037238,4.894178832830539,0.4291988899513123,-2.438884382992159,2.4052811664534115,24.668646231230248,0.5,1316.722018353044,1331.7694982569487,1328.2462107106965,1323.579915517636,1323.7201206821605,1339.8300121016823,0.08122736611300864,-0.016963658811371126,0.371013646421121
2024-10-08 00:01:46.058922,106.05892162312396,12.971846283823838,77.59478251188759,20.37555905332482,4.586221375157277,0.19708649674383596,-0.9262449738718743,4.682969073223863,-0.6065328374996598,-0.3638588464670127,2.223860229642077,24.535793725464487,0.5,1320.5232479063227,1325.4843946827057,1336.267330313567,1331.9587413895279,1336.1606803666177,1325.010919732778,0.4141276038395684,-0.5082440785809722,0.30528865344619605
2024-10-08 00:01:46.158977,106.15897720956087,12.971834302838321,77.59477676371706,20.274178284193965,4.765118623910832,0.02653947989443252,-1.1822199760860457,4.909654154397417,0.4549294163850342,0.5201510998792458,2.20276169435173,24.588425202213088,0.5,1321.1695822562867,1314.6082604504088,1322.561711669105,1319.6907677950596,1320.7333233870906,1333.951133059293,-0.5840639914887175,0.19184966718002913,-0.04941490508635971
2024-10-08 00:01:46.259033,106.25903279599778,12.971827711892399,77.59477453820412,20.138983627315387,5.006080180646773,-0.0039627183428971565,2.1026092540646317,5.429716397149976,0.1123865301790356,-0.8063898268603721,2.2857042664818397,24.506997900436303,0.5,1325.6957628832886,1331.6762045097798,1324.016503836797,1321.9182058350907,1325.4807874215376,1331.193297734928,0.09150513437013834,-0.1826374300298921,0.057678804403849114
2024-10-08 00:01:46.359088,106.35908838243469,12.971823460594033,77.59477426773694,20.694933888120183,4.77217636753209,-0.01548338389486649,0.7132912046146913,4.8252141258797305,0.0816296276020401,-1.2383472584522661,2.3330407980810524,24.468508509047144,0.5,1318.689473407624,1334.4529054789452,1324.5740685416736,1332.9386896246174,1325.4419043897544,1334.3436362607601,0.16348219581228607,0.44811149295294805,-1.49923244262157
2024-10-08 00:01:46.459144,106.4591439688716,12.971819673914,77.59477565090255,20.28172116687141,4.743448835643996,-0.06109021236691574,-4.1333656340388245,6.291959180976351,0.9502133167846063,0.051849821017611854,2.4161050651785287,24.387398347173928,0.5,1317.5578770221687,1322.0516896421736,1334.881472416505,1326.3247731759275,1334.5129410686368,1335.60390678964,-0.2919189848629439,-0.13334658867365654,0.5132487029833946
2024-10-08 00:01:46.559200,106.55919955530851,12.971822081703076,77.59477605359419,19.86780124317634,4.6815418228876915,-0.11640713011974164,-1.2177830468969404,4.8387374395289235,1.2830557963085145,3.152876027965185,2.3137783446174267,24.174228471506858,0.5,1324.063102720392,1330.6327647244614,1303.4428552191225,1326.3608503809771,1318.713484087451,1321.595555218302,-0.53174631358893,0.23038442915486573,-0.1397652652342846
2024-10-08 00:01:46.659255,106.65925514174542,12.97182706779716,77.59477987796905,20.03802917305101,4.966027098251027,0.16969942912948432,1.33879808407805,5.146125080751676,-1.994807931145767,0.17197104848402495,2.4010151442571916,24.140305669676344,0.5,1317.5157820360807,1324.5254134365669,1327.5506782329437,1331.155026890744,1330.709673584712,1313.7515156465051,-0.4873246563625383,0.15174769660512535,-0.7470907090538419
2024-10-08 00:01:46.759311,106.75931072818233,12.971830096308429,77.59479482929927,20.13570969802242,4.757236460921748,-0.01001201545761844,-1.5103280972838036,4.991241323260348,-0.027826445922971677,-1.6472960501764689,2.2974643311354646,24.13943098761708,0.5,1323.4134722730048,1322.6991057694404,1328.3742540764815,1328.2606484908613,1321.8060962634754,1326.8718836812604,-0.28354985320186826,0.5180234117017205,0.15472138059752982
2024-10-08 00:01:46.859366,106.85936631461924,12.971826017547235,77.5947870897913,19.735795646079268,4.591574380649403,0.026112813875460602,0.08064628495732507,4.592356801835182,1.0202403445469317,0.8008506223093024,2.3641260444485392,23.941519826153634,0.5,1316.7874546452233,1318.4811111966098,1309.0733301254156,1312.7772381314553,1331.4330679980071,1337.3032142278048,-0.25463191232082005,-0.08826270090512066,-0.43576227453149474
2024-10-08 00:01:46.959422,106.95942190105615,12.971842502764822,77.59479535557936,20.151847920693147,4.9299340035677295,-0.006330247808443627,3.8066767895236637,6.228569461077627,0.8923188325454283,-2.147673939734727,2.3784829803285863,23.783189888293467,0.5,1330.9980496991327,1325.5971715167352,1327.6545529910447,1337.4087697387768,1327.150806453422,1328.3685522969715,0.2143463226556583,0.10834436083893922,0.15895692015723958
2024-10-08 00:01:47.059477,107.05947748749306,12.97185001027115,77.5947847316821,20.49755420318239,4.886663656554527,0.17672684850283368,0.4994103868487372,4.915294986647801,0.001130621192822114,0.07545781444218332,2.3489586259263464,23.690707294046646,0.5,1312.1390713977567,1320.7036989857747,1316.6039745557114,1319.5144488342037,1322.4755221304822,1324.4081233077934,-0.371173981821584,-0.4737929265405094,0.30039760207418986
2024-10-08 00:01:47.159533,107.15953307392996,12.971851775409329,77.59479321802053,20.251785518950815,4.623694060564964,0.22172773246598368,-2.065694577101368,5.06900424530442,-1.4061098647387227,-0.47414653839257836,2.2260742414041395,23.88800203717286,0.5,1334.999487723872,1331.1260685259472,1327.2769760669853,1321.4295327884768,1331.1709657920387,1339.7929991178933,-0.27273334981411346,0.4878666809773554,0.751810236385107
2024-10-08 00:01:47.259589,107.25958866036687,12.97184055421093,77.59479312742852,20.08418563855955,4.709527421054771,-0.026681858580033448,-1.4360249215133933,4.923670178479833,0.6561876989730147,-0.4821453554594405,2.1553896800174015,23.66521609206547,0.5,1325.0567196703862,1320.2398499252718,1317.3048969956546,1322.9921125860535,1335.221106033661,1328.4346114120513,0.7128806850372057,0.443124104966242,-0.578826031947758
2024-10-08 00:01:47.359644,107.35964424680378,12.97183701710457,77.59479604443375,19.964420887630737,4.830301865981912,-0.15393226134650081,-2.813909541075745,5.592280229293656,-1.5694836958349718,0.8300927213667817,2.1274257858087298,23.68416933383446,0.5,1319.741960163653,1324.71316806326,1334.308723359749,1332.5377327730293,1323.9915389963112,1321.1247570421092,0.17586147084099074,0.056365628311019496,0.0012226374313654377
2024-10-08 00:01:47.459700,107.45969983324069,12.971827465121404,77.59478003492983,19.521090899934055,4.641472727856027,-0.032196593703941054,-0.8244016139738477,4.714227797338615,0.037380346790462184,-2.4280332893835954,2.0205048049808365,23.692154791282007,0.5,1332.8583095787844,1315.681750392711,1305.270923244931,1316.9883651567638,1327.9870479859678,1347.0717289887966,0.24035261429611027,-0.2941865779457117,-0.20153892830872375
2024-10-08 00:01:47.559755,107.5597554196776,12.971820512737843,77.59476809046905,19.79944891373936,4.760642211297604,-0.3695216069306383,3.1901904824021585,5.7426105384212205,-4.695899558807843,0.0769762307972286,2.018898382918336,23.553981570540653,0.5,1330.9036366460005,1323.8459447672305,1314.5891060273952,1323.8490422225818,1328.9167081994492,1326.4892976160188,-0.07222207618097452,-0.22144128038149308,-0.1469754624640439
2024-10-08 00:01:47.659811,107.65981100611451,12.971831065184844,77.59478536463337,20.15948365905844,5.039624431471824,0.19379436431242555,-2.1913165457255843,5.498839774852298,0.23269737824854125,-0.289917881362697,2.0210386190762772,23.389703545744297,0.5,1337.8002322815062,1312.4289345786174,1329.7326387987912,1339.378407000944,1324.69714142332,1315.0087293841793,0.24189164033624685,-0.310314940406806,-0.37725512458967764
2024-10-08 00:01:47.759867,107.75986659255142,12.9718238325739,77.59478743688535,19.360941989636412,5.054847378509146,0.19783815083813697,1.8361225237818388,5.381632454589112,-0.6667591098215533,1.2893930580301163,1.9597606125863285,23.325274679978097,0.5,1311.5703219263155,1321.9327643511976,1305.1563481760256,1315.9919891263467,1325.6452714892823,1323.0892527952806,0.15366041683435996,-0.08740775670817272,-0.5157529838565659
2024-10-08 00:01:47.859922,107.85992217898833,12.971821014033273,77.59478414537544,20.52691229083246,4.805402345697419,0.15752651538132562,3.711034214115145,6.073588827490354,1.6861335889804137,1.397252642280271,1.9337092338416102,23.358597305229434,0.5,1337.0775562799977,1325.456197943993,1337.946152620525,1329.0450487729265,1318.8170967100486,1331.766911639517,-0.2342759608213264,-0.374792886444191,-0.2163143570547513
2024-10-08 00:01:47.959978,107.95997776542524,12.97182034644289,77.59477574251444,20.10356139879786,4.816010529774839,0.1730361606479559,-3.64166670240904,6.040334039374696,0.27481366703357357,0.9153155701146227,1.9496304106515079,23.22387357317525,0.5,1334.1710599818193,1325.4688567734815,1322.9638007428587,1324.1509273372287,1312.6904212461363,1325.5803216972995,-0.20466216355458955,-0.23585084318284813,0.571506827193236
2024-10-08 00:01:48.060033,108.06003335186215,12.971819446297369,77.5947844551114,19.798174095797858,4.691973478927122,0.16684145103936462,-1.725164778145313,5.001864123353769,-0.4164267975776641,-0.8701047964539905,2.043642860028923,23.118673321765556,0.5,1324.2226128285527,1312.6414254918652,1325.151122316278,1337.637844890654,1342.4564846114095,1320.3727020572342,-0.24862992622939836,0.005948647764812626,0.39733677503575016
2024-10-08 00:01:48.160089,108.16008893829905,12.97182347860643,77.59479100008996,19.7583366516426,4.656368018198069,0.10297795988546221,0.7937907026796154,4.724666259195519,-0.02536186081335539,3.7081664215320678,2.0044787110668114,23.010185191545457,0.5,1310.0014661578616,1337.5777633885139,1330.3472665507038,1324.6391594244596,1326.6948815301914,1327.8443132181978,-0.21988212101882879,-0.0994059437614405,-0.22037645488763755
2024-10-08 00:01:48.260145,108.26014452473596,12.971818222376884,77.59478963402745,19.95702048432741,4.701717619866376,-0.07223611910800219,0.7620035261930553,4.763613755101937,-3.0717068290648086,0.12496352671533137,1.9958508932286834,23.038091452312713,0.5,1311.2626146536256,1330.629950434334,1324.176759345851,1314.2832726816855,1332.1494949173787,1320.6370777020677,-0.2643405013376202,-0.4502420798505059,0.30453212597619644
2024-10-08 00:01:48.360200,108.36020011117287,12.971812009970042,77.59478863022021,19.91082207100308,4.7999956752366275,0.14017151420301543,-0.05281782331556428,4.802332376891887,0.30343103097869384,-0.3048905166738435,1.905480718751597,22.840570053055963,0.5,1334.4131980777552,1328.4836626966667,1313.3166348791738,1318.7899304578414,1333.7227768450293,1328.0456193203688,0.19815430716809992,0.0874743832481247,0.1603347671955099
2024-10-08 00:01:48.460256,108.4602556976098,12.971816858528479,77.59477604234016,19.946451047755097,5.0994394464608295,0.03505635042143719,0.4242639704260398,5.117178082930793,-1.6415885306254334,0.38176788978822285,1.9178705908890286,23.01873257450732,0.5,1322.5578107890967,1308.0255645051725,1317.3366074552746,1324.964219429148,1336.3982000144651,1332.2091775284057,-0.08452906733795153,0.026971746727532754,0.7983381212023867
2024-10-08 00:01:48.560311,108.5603112840467,12.97181722155321,77.59477989141851,19.99572203173314,4.620603792469691,-0.008895928983179502,-2.9549194488022152,5.484670226499251,-0.06529081711626233,-0.3698817485682675,1.9695569212522104,22.871836239798185,0.5,1319.0830871555042,1326.3739498270502,1311.401232341612,1323.6281747595626,1329.908607018207,1324.792717266242,0.4013094920850318,0.18870544719315221,1.156501560916614
2024-10-08 00:01:48.660367,108.66036687048361,12.97180756133253,77.5947878656141,19.35513865110763,4.390343574540824,0.21972490939819775,-1.4446239923415334,4.62713023563966,-1.3882279326563487,0.049564073019924965,2.0380487440091817,22.665656542252428,0.5,1341.0788547113564,1321.3406858014255,1317.5068062334217,1317.2095395059932,1323.9799707023237,1319.3738404461892,-0.6784827018206926,-0.16825221452842906,-0.3707040571615023
2024-10-08 00:01:48.760422,108.76042245692052,12.971819538710212,77.59480516638175,19.70663663026402,4.699691142229784,0.18155132171759825,0.58247497361738,4.739128064281558,0.5992298634278431,1.8586029171742084,2.0948443769818788,22.698423880967077,0.5,1324.2701682296681,1309.3868131948207,1340.2862207629046,1313.342087363614,1320.452782553067,1313.0424000489413,0.5223824932368573,0.3542091082117532,0.3040855240361218
2024-10-08 00:01:48.860478,108.86047804335743,12.971825420529106,77.59480302410897,19.47169840124785,4.832328269525243,0.035535252343669624,1.4046411021407863,5.032462208942581,0.8104427419610069,0.5350794644447809,2.069784743568999,22.733668431347645,0.5,1304.4174775617903,1334.202409984985,1335.7703550832503,1317.66257798856,1330.4681423381453,1321.1973992150463,-0.21290944131385844,0.24486387467211432,0.7476656017151604
2024-10-08 00:01:48.960534,108.96053362979434,12.97182510496395,77.59479247946616,19.987721008680182,5.0676285599206,-0.008484621234456136,3.441414729090269,6.125705391848344,0.41669888859101123,2.18241498945998,2.2513271450916723,22.365708032323315,0.5,1332.6110786563893,1319.9640998097168,1313.263774989279,1330.5091237767188,1319.822301983535,1327.2294653725464,0.5887932680753459,0.12082740276958237,-0.6797326756944242
2024-10-08 00:01:49.060589,109.06058921623125,12.971824843876798,77.59479960519329,20.160363939031335,4.710041385416234,0.07787359192883136,-3.2941935791214263,5.748240207696474,-1.4543052400201046,1.8805594539162855,2.346315698197717,22.385019048769742,0.5,1317.9449378399431,1321.9636296749406,1327.8032333278065,1323.5745743173006,1330.6284238870937,1329.1600718296108,0.28486076692620105,0.02577821803279648,-0.15450485707727632
2024-10-08 00:01:49.160645,109.16064480266816,12.971818626068167,77.59481435680502,19.328516067888796,4.8398134261823476,0.09171202072104452,-0.14020783832108918,4.842712394198764,1.13270662679439,-0.42334198571842585,2.3963809438064643,22.366758191403424,0.5,1339.4905058116406,1313.5824473138302,1315.3880630218482,1321.8740758413192,1326.4878605816598,1324.0666164798304,0.04026641028916284,0.26044043163679154,-0.12182056171191194
2024-10-08 00:01:49.260700,109.26070038910507,12.971816245796735,77.5948061609858,20.1323067840588,5.263283543594982,0.036843410940740284,4.700474503332643,7.0567677908294355,-1.456562936986919,0.6765170875923459,2.3997265301392847,22.255452159766648,0.5,1319.6779273745851,1338.7807583474273,1324.3453387497557,1320.1617409763999,1323.6959824186604,1317.9259231046553,-0.7429517306027081,-0.07902328550998279,0.3397009283321428
2024-10-08 00:01:49.360756,109.36075597554198,12.971822889986974,77.59480830291301,20.269133533814166,5.158291686903795,0.1715993347865431,-0.21290677078066267,5.165534701453881,0.9498746315980933,0.1452357018321236,2.3444516640551134,22.261408739702993,0.5,1319.7569382081726,1327.7067830194478,1318.4379257760722,1325.6124239826133,1321.6280696238082,1332.677854482937,0.1967396977563745,-0.029905706168137966,-0.1286476145264385
2024-10-08 00:01:49.460812,109.46081156197889,12.971843760088062,77.59479664077897,20.089701760445106,4.903558008175223,-0.0413277514531934,-1.3927365594316825,5.097676357572843,-1.687691828365317,-0.5585043140168537,2.4325780758152202,22.117947903524254,0.5,1322.587632111235,1328.1415741538995,1322.654402219356,1318.9129548789801,1318.125007985181,1323.3289497855044,0.00048510077765090854,0.4354957804565038,-0.7796147420060171
2024-10-08 00:01:49.560867,109.5608671484158,12.971855461704104,77.5947895305223,19.990431387402047,4.931428968815152,0.04840084619347489,2.6772711408158187,5.611516290435834,1.2937491876728946,-1.811258453424203,2.359958171527367,22.10128815219912,0.5,1319.3304827452112,1315.4389285189989,1341.2116936566904,1338.0483988699118,1328.493103107352,1331.721172931534,0.23779870779731643,0.27197733124148876,-0.503535908801488
2024-10-08 00:01:49.660923,109.6609227348527,12.9718482518807,77.5947847513746,20.625453628534984,5.1750570313751725,0.11384487131825742,-3.759749564506933,6.3976474364035685,1.0559701087626716,-0.42902940114232263,2.402330396837645,21.966949919010908,0.5,1331.1394159250326,1338.0406942398738,1311.1988559182448,1332.0104088380358,1334.238497625358,1328.9390045760308,0.09153442983387577,0.6113166807549755,0.1125634470608342
2024-10-08 00:01:49.760978,109.76097832128961,12.971845099104854,77.59479565424705,19.23806349233674,4.860742730008195,-0.046426407918336944,-3.2944290983575826,5.872157898318545,-0.8907722144340879,-0.34424147539255573,2.359698741684782,21.926631148472282,0.5,1320.6025332646705,1310.9240017994357,1330.1160182883625,1320.1292650751466,1314.0926784353367,1313.2800884421147,0.06430947750830421,-0.07406920018787552,-0.5490132915501692
2024-10-08 00:01:49.861034,109.86103390772652,12.971831734124843,77.59480707851453,19.966201557713013,4.805492204815131,0.01739225270394063,4.244543279313419,6.411646081230453,-0.7570008923059466,-0.7660841458699912,2.402395022631724,21.913933620246453,0.5,1311.8621906518365,1339.4255951372008,1335.2388589295751,1320.7137272793325,1326.4579939031482,1329.6891265471725,-0.2758426801203916,0.7493282996229363,0.2549007380594697
2024-10-08 00:01:49.961089,109.96108949416343,12.97183838522992,77.5948041996624,20.08744402627383,5.006590302448227,0.2650446298117024,0.5218264141061155,5.040684270892147,-1.8639811142325167,-1.5682642313525679,2.3703101808990112,21.725327899923332,0.5,1334.6768492890699,1317.7384612374397,1327.0374473428415,1314.240395911524,1329.468064517338,1331.1714851005886,-0.5475481989488943,-0.19482067224079275,0.7910721304825656
2024-10-08 00:01:50.061145,110.06114508060034,12.971830041023345,77.59478352446713,20.070624853476325,4.846036100457255,-0.06363936941176132,0.6550622633509988,4.890523737304688,0.7714086556614802,0.10138612587987991,2.4262997340547425,21.604942590238206,0.5,1322.4393191715471,1335.3563127371967,1315.3532898890649,1323.5197903188043,1339.0842892475139,1328.738483528651,-0.3585860647499417,-0.0016043581533994634,0.39340642315126284
2024-10-08 00:01:50.161201,110.16120066703725,12.971836593577631,77.5947851449242,20.218529304098375,4.703800313592181,0.10561165622274905,-1.764809003254726,5.02508129586467,-1.2878359859599071,1.9083180564197524,2.4002707294740935,21.646799874304417,0.5,1340.5434802004465,1324.501639064095,1316.9463060523901,1323.5944292301115,1326.3415108646248,1306.8686657116316,0.40671393180608234,-0.7267583032232321,0.0821866204972839
2024-10-08 00:01:50.261256,110.26125625347416,12.97182698084363,77.59479706987888,19.71746685393675,4.693468971645451,0.03690634329892974,-2.0054182684859683,5.10408811616253,-0.7458676229028987,1.830136789062384,2.3957861806825056,21.418503727045987,0.5,1328.436235222204,1343.1602516930836,1315.598196467811,1302.2040074912884,1324.2449066129816,1322.8293152790948,-0.07537523646542411,-0.046301472855838834,0.969635668059683
2024-10-08 00:01:50.361312,110.36131183991107,12.971834795434512,77.59478980264976,19.817222702289065,5.294480636779663,-0.0403398271821648,3.3610146508540026,6.271329364508543,-0.08934292949786886,0.6132472512105783,2.491838754275803,21.44003943325107,0.5,1318.3575646556621,1321.2998847266624,1311.7608808419336,1332.0816909896478,1316.900487129031,1330.6148804836848,0.5635983258291559,0.40649409850754564,0.1204975740718982
2024-10-08 00:01:50.461367,110.46136742634798,12.971847371983792,77.59478704728893,20.39004343776523,4.656402926555982,0.05994221171708064,-0.6054206507745334,4.6959786464132165,-1.9996108760508005,-1.028266776239873,2.493204318783163,21.480557545960117,0.5,1327.5536485608611,1321.668088660948,1333.6456803396222,1321.3530435008872,1331.1008382249486,1322.136083743931,0.39073721542819845,0.13407409388369934,-0.509304396124872
2024-10-08 00:01:50.561423,110.56142301278489,12.971852476189243,77.59479401684186,19.696071265780542,4.578652552316981,0.13177886865955116,-2.4231455288957164,5.1819937397946845,-0.4306071041224031,1.9174219676269137,2.5457834361919005,21.25181799317885,0.5,1316.498825188194,1327.2177014521235,1326.1566331228469,1325.2086218354068,1318.051030590673,1317.5004741695222,-0.44728408672510833,0.2535263229051063,0.38962869662978855
2024-10-08 00:01:50.661479,110.6614785992218,12.971851199967452,77.5947939530769,19.90514494393396,4.691650917560351,0.06881318073733211,1.2405505447847531,4.853379156861107,1.432093443407724,0.09517870912815282,2.5347811658022725,21.30751867878383,0.5,1321.4068305460164,1313.702311687272,1319.9726713869316,1325.133876864354,1321.9401710345817,1325.2142235636938,0.023265862905146227,0.21013366165186068,1.1887293532735763
2024-10-08 00:01:50.761534,110.7615341856587,12.971838227533269,77.59478739994816,19.944319290306673,4.923009965359228,-0.15500895845659812,1.008805880965724,5.0276977038898325,0.3137913370930281,-2.471345414713933,2.507215834897022,21.09707496347918,0.5,1330.9117952392528,1319.7787141438139,1313.7284585523323,1315.9069944376113,1328.2131871106644,1323.1947840116586,-0.5224021468591659,-0.08239939568305953,-0.03506265295164012
2024-10-08 00:01:50.861590,110.86158977209561,12.97184117465763,77.59478583523487,20.107018271976017,4.927987343301369,0.0730316441305124,0.5438217593685835,4.958440781409578,3.420686371521843,-0.18359009619162162,2.3948119563534154,21.015895695971775,0.5,1329.0091264090972,1329.4768209705137,1324.2852369490745,1309.7961394436593,1326.8090474988478,1322.7197707471637,-0.10713544872214123,0.02074876398166378,0.8179085993255664
2024-10-08 00:01:50.961645,110.96164535853252,12.971835607725222,77.59478476113514,20.053144100408225,4.922175169003574,0.09820536701981852,-1.9197256228986674,5.284202792823203,-0.7549901874705629,-0.806293798813335,2.437098993425984,21.102099240649267,0.5,1326.9811322971073,1311.9063170263116,1334.4839766733774,1321.5785105334953,1328.7085412563424,1312.3086795915933,-0.6640161176007274,-0.20898053691478827,-0.15486757198890191
2024-10-08 00:01:51.061701,111.06170094496943,12.971835711310284,77.59479665879111,19.72285972598184,4.975139945395673,-0.121480132783844,-1.9695044141029285,5.352169890437313,0.34851183172062,1.1578505790429268,2.457714793929602,20.885884524254642,0.5,1304.1270162764379,1331.4294358247191,1322.5434957073219,1321.638818431646,1317.513866129994,1316.8126589046574,-0.30182388589927805,-0.3487960984559771,-0.4957415838507876
2024-10-08 00:01:51.161757,111.16175653140634,12.971841400898569,77.59479443448102,19.659024262121925,4.839658567231246,0.22866732995699393,0.7202745878421837,4.8983037142520764,0.08801215134450066,-0.5187638673634933,2.4803821294069714,21.10667744955315,0.5,1319.6100370784259,1303.7350828852768,1322.0990578350213,1324.6003889737494,1313.4598214225864,1331.2175300268455,0.21558091061750106,0.22676690881233091,-0.07485531195416933
2024-10-08 00:01:51.261812,111.26181211784325,12.97182969394587,77.59479735396413,19.86699471854615,4.5958013457444284,0.2174186119067625,1.928772202766865,4.988869919382135,0.9368984119760274,0.3989378875380789,2.412727052001117,20.7459632252727,0.5,1323.2102337146157,1317.3493180042171,1326.592189422916,1328.5788089805712,1323.228241060832,1329.083323124814,-0.008092191578476807,0.6496654992512173,0.7441443765538428
2024-10-08 00:01:51.361868,111.36186770428016,12.97182593019203,77.59479241649825,20.04499312982402,4.86165660439356,0.2419381634171161,-2.0688887872717174,5.289096314878356,1.4689893313866642,-1.4695934320838144,2.368549825936305,20.85592766172885,0.5,1332.1035101871607,1328.6450999041601,1320.5872099132039,1324.7717504517764,1321.0927082475152,1329.254437045726,0.3329164307146886,0.1996105124268829,0.11873953437644398
2024-10-08 00:01:51.461923,111.46192329071707,12.971823410257008,77.59479741752385,19.452986956779714,4.608735062375283,0.001731903065897861,0.5651550024898171,4.64325769815706,-0.23237539676219723,0.056847388201724414,2.3750514677589036,20.72632715133478,0.5,1319.9620679840612,1314.069983145311,1312.1617629677016,1321.495391875052,1314.0713278280941,1323.4133176254206,-0.1804053213131219,-0.10345562106318493,0.7127529983851063
2024-10-08 00:01:51.561979,111.56197887715398,12.971831735038624,77.59480565799316,20.158086960227763,4.840108036231961,-0.12058968671809658,0.10004077127148037,4.842643475505561,0.8048683171026823,-0.07310276411316939,2.3395698785939327,20.49028037397264,0.5,1327.165115406349,1328.701352365474,1323.7295344666538,1330.4104942377458,1332.7686289863932,1315.7994643771451,-0.050493484894354144,0.11529284016317987,0.3909937012047771
2024-10-08 00:01:51.662034,111.66203446359089,12.971834451316127,77.59479082044629,19.47300623285405,5.156161779238868,0.40646017016577973,0.08644001611575902,5.1728798594207674,0.08703938162934773,0.7272816181949163,2.240634026805425,20.505183649425756,0.5,1320.2214880241897,1315.3104923598062,1315.5688129500618,1328.8955064857194,1334.5730345699005,1334.1876743669322,0.44873032720359474,0.09604116612019567,0.5006462412911592
2024-10-08 00:01:51.762090,111.7620900500278,12.971836055094947,77.59480404679425,20.17538457323592,4.68484211603147,-0.11807231455334949,0.20438318986732895,4.6907844985574165,0.07248767524477127,0.9622155928063687,2.3406039872215962,20.47879872663102,0.5,1338.2125550061878,1326.7633074828714,1331.756754538054,1327.8133082175136,1319.1809966358162,1322.6173973549978,-0.6676234500595526,-0.025648639855955852,0.04514222688765382
2024-10-08 00:01:51.862146,111.8621456364647,12.971831663336248,77.5947928994964,19.513905592694094,5.112055241039652,-0.28698049098571476,-0.7254978435468047,5.171248757373642,0.9150558063585517,3.7862343970516243,2.3310478409323663,20.512027407584558,0.5,1335.5348976273087,1319.0076174628184,1316.3312586707432,1330.3189929081511,1319.440187406368,1334.2428737934536,-0.18546658048239328,0.17898424924825015,-0.36933563484592663
2024-10-08 00:01:51.962201,111.96220122290161,12.971813210350671,77.59478037380042,20.030204348846343,4.6700679662003575,0.27860628246168495,2.714112224135448,5.408656157934181,-0.47065506709738336,0.9804013899572035,2.2971217722114607,20.249981855278634,0.5,1330.2738379029972,1319.2139025543684,1315.6400999494738,1338.9677607607232,1327.2206746124562,1316.1141865439909,0.21158398805626483,-0.14250886236170318,0.5457319291695983
2024-10-08 00:01:52.062257,112.06225680933852,12.971808055520416,77.59478243233275,20.057029773177007,4.857700110648062,-0.12954913049390085,0.5068121821911831,4.885784679068379,0.7411564986135559,1.4853767078569813,2.238560310515898,20.377307799159848,0.5,1327.3689050512833,1340.3539078766366,1329.712514622655,1320.8081706660978,1327.434601101783,1327.1725419118245,0.015823268557801612,0.20326023053328884,0.5401370304363726
2024-10-08 00:01:52.162312,112.16231239577543,12.971812073378496,77.59476450708614,20.13162312905136,4.955570296328807,0.11320509766919887,-0.4721016230899693,4.979294357488705,-0.04008322566634615,-0.37107998218193894,2.33547395490997,20.17737540659607,0.5,1333.7369458771045,1345.0937231695993,1332.0372500319813,1312.7951071454304,1336.3965504984471,1327.629991626742,-0.054615206856663996,-0.28678964948557883,0.8215573146821304
2024-10-08 00:01:52.262368,112.26236798221234,12.97182619010405,77.59477235921608,19.962556963664838,4.6934895949854605,-0.0008335635100850138,0.030708959413104253,4.693590130513437,1.4885453555867327,-0.6447437750007656,2.263816404188389,19.948421644463057,0.5,1314.463422827709,1321.471325008624,1320.8343388914343,1324.3984971833877,1322.3413267465914,1298.1401671433543,-0.42860014438940247,-0.4695954260939395,0.0619656451357368
2024-10-08 00:01:52.362424,112.36242356864926,12.971828957528903,77.59477515559622,20.1377683349373,4.784983287707754,0.03253491601237298,0.7265606905456252,4.839939464647112,0.47154301088758166,-1.715693994428452,2.466852371403044,19.963875086570724,0.5,1324.7981670964791,1333.4129573571943,1313.504321353222,1320.251669851843,1334.9132952181997,1319.5158402255724,0.4448872245806467,0.5250140682920348,-0.2780057823183095
2024-10-08 00:01:52.462479,112.46247915508617,12.9718249363253,77.594783552843,20.107949875613976,4.963021115210457,-0.02154028635179563,-3.4350003936833957,6.035832194367736,-1.7125206498593724,-0.013430942999646058,2.505987824041317,19.90346916770093,0.5,1319.1038197784753,1326.825938445051,1326.398433379859,1326.9798907352376,1325.371820216479,1329.6028857908316,0.5100050359589928,-0.11422702467030459,0.2589232475586739
2024-10-08 00:01:52.562535,112.56253474152308,12.971822900870473,77.59480087085504,19.45038637733529,5.052870744721163,-0.265587069115976,-1.2770109209166662,5.21850516396037,0.14298494483407626,1.7380920839784662,2.4531266047462243,19.865461863464553,0.5,1312.8799150309721,1312.9788749376823,1325.4602954413383,1325.5832784878514,1333.8411637924053,1325.6670841143894,0.5483458825449141,0.7341646784769661,-0.2513493437618447
2024-10-08 00:01:52.662590,112.66259032795999,12.971822099853004,77.59481027804217,19.852405722456666,4.96915159022009,-0.019044984814392325,3.0543957896359615,5.832852122056526,-0.36635098750151635,0.6233846269883146,2.4279930920829855,19.79006175888654,0.5,1324.9425707845346,1337.4236354837367,1327.5922395284285,1329.903744338183,1309.0636732699654,1322.4691839887184,0.35261111840562515,0.5346049972275412,0.03732095494243059
2024-10-08 00:01:52.762646,112.7626459143969,12.971808705056207,77.59481034714901,20.06160510122019,4.811968895234048,-0.013160246086128346,-3.1384380271885988,5.744998789493388,0.5871031652773437,1.3718531568516132,2.44512487428367,19.72162815997866,0.5,1322.3272657701543,1338.2025665762562,1329.8528692087143,1328.3251861835874,1330.9736555976144,1317.6923610787453,0.19137773467472355,0.509992441225023,0.6998583661314768
2024-10-08 00:01:52.862702,112.86270150083381,12.97180792504812,77.59480986882775,19.224369207844163,4.686612059022696,-0.09149581726196132,-0.2462401137455288,4.6939682859996825,-0.17378977283766642,-1.9865979518184331,2.4078916957290195,19.715988876847753,0.5,1320.3159399396548,1327.0742834099012,1337.838093841326,1317.5805061752517,1303.597515217713,1335.331678247897,0.5379375846597125,-0.10429779447517153,-0.3016049794288606
2024-10-08 00:01:52.962757,112.96275708727072,12.971806865038566,77.59482126960253,20.012329703249993,4.65202768013924,-0.3347959953324284,4.46787539641555,6.458742946825468,1.277303073028342,-0.6686217064401199,2.4957683721034787,19.92417520717532,0.5,1328.4635342602821,1338.496720030636,1326.515200048618,1321.661953896092,1317.2757612184323,1348.1657425783346,0.3312572696571467,0.6760380562741813,-0.15088544818714625
2024-10-08 00:01:53.062813,113.06281267370763,12.971806775101932,77.59482178915512,20.118440993674955,5.111102990774093,0.09253722025778101,-0.4659770065370168,5.1331346651002745,-0.2822450537295488,-0.969940851441025,2.452990611942537,19.61911571611254,0.5,1327.0689995059638,1327.1048037458243,1318.8339289163014,1333.674591980729,1326.5577002762273,1330.9848476542602,0.5131473423428357,0.048581370200608424,0.198879533818276
2024-10-08 00:01:53.162868,113.16286826014453,12.97180420768446,77.59482809047354,19.919082497939637,4.453885580389167,0.002572077180101611,-1.3893753817880992,4.66556184508344,-0.7921388146954893,-0.6666686388126972,2.4977302937518107,19.593216835307214,0.5,1326.5734662496848,1333.728784474843,1316.0061840748936,1318.520505639548,1329.8621826160368,1326.4193607517154,-0.10668182628663996,0.05294524590941537,0.08859059401585682
2024-10-08 00:01:53.262924,113.26292384658144,12.971801239935804,77.59482193725475,19.84041145646333,4.672746957096064,-0.20487298804645668,-0.30738834951050364,4.687325960896724,-0.7265162414477868,2.304171548272639,2.403845594947963,19.46907384273784,0.5,1328.095390047343,1334.5942190467422,1338.3290399536984,1318.054582846559,1316.951936458273,1329.3448646621518,0.16194531545651653,0.3241980681994755,0.4864824926306964
2024-10-08 00:01:53.362979,113.36297943301835,12.971810404195452,77.59480213988977,19.857570654791346,4.79223032802982,-0.1718987842052372,-0.7708974032764218,4.856882077555349,0.23459832920378348,3.211856587657035,2.4558461547666424,19.429051210247916,0.5,1323.98665342417,1336.5204534293887,1320.4132031554348,1327.942621918017,1335.4386085575045,1316.3070414549318,-0.2651555027899932,-0.01863771656835084,0.5909930717426871
2024-10-08 00:01:53.463035,113.46303501945526,12.971806215538614,77.59480305844303,19.686146272928305,4.9589219338072095,-0.149490767291111,1.1704106376266026,5.097363563232372,-1.7419952172460458,-0.3570840574409033,2.582856256607012,19.443996245384714,0.5,1325.5082094504019,1316.2296894678998,1322.9920259782664,1334.1817385544703,1324.8982669201152,1323.8859884819851,-0.363631264991746,-0.09213799492684906,-1.2367819802328779
2024-10-08 00:01:53.563091,113.56309060589217,12.971800304414403,77.59479683582721,20.091782900230797,4.858374197248848,0.14057568045137983,3.2153018675059286,5.827669127671446,3.3946119621250546,-2.1326186040543225,2.5613780973954317,19.19712665019179,0.5,1327.0070961201357,1341.1167004132467,1324.642825628427,1312.3198090812018,1327.0000166625657,1328.9126395390524,-0.03120775871686461,0.21782059928602984,-0.11939255938487862
2024-10-08 00:01:53.663146,113.66314619232908,12.97179320451243,77.59479997905235,20.329564100778292,4.6594290378934025,-0.03743500614525636,-3.096633540643168,5.594713542611952,1.656060200443928,-0.4008128941267473,2.702213649936552,18.999460541434807,0.5,1325.380545676744,1317.3404835680708,1327.5938439952795,1337.4164868631228,1338.7750090517286,1324.0773761050175,0.1592666442123765,0.23926464123731275,0.36409150775273047
2024-10-08 00:01:53.763202,113.76320177876599,12.97179232304121,77.59480927886403,19.47211193045229,4.571997289944004,-0.14657374450530614,0.5470933891913461,4.606946305127779,0.3849975816673239,-1.103010472754752,2.547220323443043,19.088849224087816,0.5,1330.2797612030981,1327.242822844527,1333.8779816461508,1326.9565584629088,1330.434235255762,1323.7148172305351,0.2234295536071962,-0.09448856821654002,0.12461906878037608
2024-10-08 00:01:53.863257,113.8632573652029,12.971779109882357,77.59480763836001,20.439043600560886,4.938673194497746,0.035002009172904226,0.8250970960325503,5.007245078940921,-0.19366832622444125,-1.3100682732801947,2.601901295552154,19.136177491276975,0.5,1328.6976093921555,1314.4929696701859,1342.6519739567686,1331.0951462525272,1326.0542028123366,1330.653978620158,-0.1390870469801971,0.5980646366222756,0.27321981168310344
2024-10-08 00:01:53.963313,113.96331295163981,12.971771732315933,77.59481333675717,19.637223078074143,5.373569851325896,-0.03345794936047186,-2.7505591236869407,6.0367166468496345,0.3411095931166999,0.9937764214168961,2.5803764064913204,18.99536268215673,0.5,1308.4063801751836,1310.3532197226748,1325.171424311132,1327.8215475280288,1332.2511970787655,1320.41787400212,-0.1991045313305231,0.1701943891107397,0.14528455749215502
2024-10-08 00:01:54.063369,114.06336853807672,12.971770092370777,77.59482250668961,19.88862598826111,4.638015545410846,-0.07723166015680284,-1.4431747806510344,4.857973484521133,-1.695548804434169,1.4187677095553402,2.5746952482031884,18.751807705671325,0.5,1315.1314130117169,1316.9612348583773,1325.9426546638174,1314.385934497306,1323.8379478420204,1322.2718895073629,-0.21179784421580702,-0.2707546423564953,0.7122288239427715
2024-10-08 00:01:54.163424,114.16342412451363,12.971776037205885,77.59482300732527,19.34842768005615,5.008125939774109,-0.0646905790230227,-0.3228224795856818,5.018936605793948,2.8549399664670547,1.53060371156782,2.6273950600399614,18.659707465333298,0.5,1331.1429408064519,1331.9610119097813,1318.6938140366635,1318.9663087148933,1330.1648182568051,1309.681977940635,0.1441107685900126,-0.7478714402342541,-0.5654740255213381
2024-10-08 00:01:54.263480,114.26347971095053,12.971777364873365,77.59481833162076,19.824025603241186,4.5358109452417645,-0.024591054137669276,3.0830217847739902,5.4844515656818045,1.5209447820092108,-0.8540718218792774,2.6832222832355836,18.695845505933967,0.5,1310.129114615798,1299.86479476346,1313.378115383829,1333.10341520376,1324.4256252816058,1324.5848969965268,0.06733232549871986,0.05373257959010618,-0.10442990963414922
2024-10-08 00:01:54.363535,114.36353529738744,12.971771775410492,77.59482736557193,19.965374785402805,4.35893617609389,0.14959315821339791,0.2281832549187186,4.367467263537253,-2.3713585220365854,-2.24766268118692,2.520285919638833,18.701672433553366,0.5,1310.6039795507718,1322.9915113561674,1331.906597402033,1334.7033085027801,1338.5235052973985,1328.4782390946073,0.6007634830120158,-0.06045989130022502,0.46705096981915173
2024-10-08 00:01:54.463591,114.46359088382435,12.971787772967964,77.59483099619773,19.869687622013135,4.580473403476123,0.15944061674987284,1.3255258282014637,4.771077093429836,2.1109103750507456,0.23029486559986315,2.453138801725175,18.602503802130638,0.5,1327.965152126178,1325.5556816436635,1316.9981999448871,1324.2296730957623,1339.3986361138973,1327.3937261951692,0.05049321270240943,-0.447298765114888,-1.239902075225573
2024-10-08 00:01:54.563646,114.56364647026126,12.97179262963627,77.5948288016501,20.230627313558738,4.649368886278148,-0.26851644598446195,-0.9245535129630014,4.748002877082917,-1.3709926860858814,0.7368795617264506,2.533725781653187,18.55098357092525,0.5,1332.1265737229319,1333.228836547738,1319.2296861259201,1333.4900528645567,1316.7262069041012,1325.5812821824595,0.5422427466055071,0.2911019945825857,-0.48192335644668166
2024-10-08 00:01:54.663702,114.66370205669817,12.971794724773858,77.59482781206363,19.6846741341495,4.824673822849827,-0.15484028170026723,0.3244709992515311,4.838050685873875,4.3164498331623085,1.6354210069449002,2.6991441498788964,18.241141142913655,0.5,1329.2263633487419,1317.9203015171897,1319.1841799395415,1304.299238620917,1329.5729774760528,1331.8547073934383,-0.038763129893356785,-0.08003377791332106,-0.5821198032998514
2024-10-08 00:01:54.763758,114.76375764313508,12.971789885895898,77.59484430775332,20.295557585782504,4.974158575909145,-0.014716995293829757,4.707644326770264,6.84867762678411,0.9447888279311767,1.6186649238271806,2.5302981854993774,18.473193026622408,0.5,1319.5700450465567,1320.8513726487124,1314.4582811373139,1328.832643090572,1326.5441259347888,1313.009409473099,0.4540036193679385,0.19496856926609216,-0.8442927872513929
2024-10-08 00:01:54.863813,114.86381322957199,12.97178872057261,77.59483326950567,20.626726361852274,4.711238624081279,0.017791744613798108,-2.6670659433393666,5.413808887034374,0.09972784762740625,-1.4808432382572758,2.4328245987626294,18.17529186589536,0.5,1324.1542375892925,1331.9430181767189,1327.5246039672998,1323.460710412417,1341.6133618565004,1338.3948647892246,-0.10329496200752226,-0.2662213411911755,-0.4865427409050086
2024-10-08 00:01:54.963869,114.9638688160089,12.971784163403706,77.59483656798318,19.761847891729047,4.483168735022529,-0.01560900546956955,-2.4357030043304775,5.102126485401922,-1.6389383846346208,-3.246131701651943,2.3371671658892903,18.166671855359485,0.5,1316.745220320724,1331.3032827178981,1344.3247878923478,1337.1627629092527,1325.7882135465136,1343.8475122691132,-0.22639361066825628,-0.032682438008177016,1.1585161587986448
2024-10-08 00:01:55.063924,115.0639244024458,12.971782543831983,77.59482300787806,20.13931497688342,4.954195658349692,-0.17795654095064198,0.9312406803584992,5.044098765531126,-1.303724523357306,0.6836469974091941,2.1834871878400914,18.171878143239915,0.5,1328.1037116117334,1327.9938136241328,1331.5235725846462,1311.2238315570887,1317.1867649731105,1334.5493703740917,0.1730313616221527,0.22168228889729244,-0.3318342235947513
2024-10-08 00:01:55.163980,115.16397998888272,12.971798866271778,77.5948037056453,19.948199556503397,4.947168805708872,0.11535345427568958,1.319118964220948,5.121314328701141,-0.3248115594666545,0.7199251532493777,2.1054425480539005,18.005308721364692,0.5,1328.3646645079627,1322.8876751575976,1331.9988931651242,1328.4794147178911,1324.798269329424,1333.9484911052327,-0.04282272381773236,0.3705052038186875,-0.2145456658468976
2024-10-08 00:01:55.264036,115.26403557531962,12.971798611488287,77.59480195373708,20.40328541997377,4.83108097015642,0.061045878752309615,-3.0827569681152056,5.731183164407066,-1.5625170366577366,1.3486426460427543,2.05019522657871,18.074538753997007,0.5,1309.720881599143,1320.1188827778547,1321.527759526253,1337.256666816502,1313.2539394247895,1334.5761117755167,0.1720609090049933,0.3188481897251729,-0.18864022078904177
2024-10-08 00:01:55.364091,115.36409116175653,12.971788825367817,77.59479114804431,19.33130544392893,4.58319603271041,0.13651410162316485,-0.26516427830362943,4.592889511917602,1.6166049284384494,0.21734980439616064,2.215197786353989,18.00147943151852,0.5,1320.831594791274,1321.0023337058635,1333.7915523158001,1321.2052312466276,1327.6003899421212,1323.0632700265685,0.15686722462347805,-0.15795166873099417,-0.6671293030116076
2024-10-08 00:01:55.464147,115.46414674819344,12.971788651897223,77.59479880533539,20.35022308523819,4.896857095340222,0.02700654758082523,2.5173377724255346,5.506081022494716,-1.198534927325842,0.25080878694204056,2.3636183558458446,17.644083834064052,0.5,1317.5520916954117,1325.2583292889205,1317.1912512706597,1331.2378820025517,1326.5893532561433,1316.789064489367,-0.005707338043888375,0.36858904182179963,-0.006955321107904913
2024-10-08 00:01:55.564202,115.56420233463035,12.971770229129975,77.5948104553965,19.835052858088567,4.557172317094887,0.011075651935994716,-1.2274645262680934,4.7195986440595075,-1.103596619933313,-1.0460452586351554,2.291925656429527,17.604352414850673,0.5,1331.7986591679587,1317.1589413037943,1317.6293005515806,1330.3594561896396,1315.6992092531484,1329.7329619568425,-0.02896999494762435,0.01870416943058084,0.34208454195265875
2024-10-08 00:01:55.664258,115.66425792106726,12.9717611924845,77.59481465266623,20.104593719225676,4.7569572765989045,-0.011256161579393456,-0.4713359878240908,4.780264307125589,3.045276668426039,-0.9447349096187632,2.248594707939646,17.720801898765114,0.5,1329.1748362839587,1321.0018355152429,1327.4304229784486,1310.1771611289203,1324.0480194906736,1333.2582905900135,0.19632550897699358,-0.8253843623644262,-0.3327507824436352
2024-10-08 00:01:55.764314,115.76431350750417,12.97177490305036,77.59481736763604,19.740733260747447,5.213729787825001,0.06746052270149812,2.213782921133941,5.664659216976888,1.590817696520272,-1.5531184235140365,2.277573206765575,17.67083210151646,0.5,1308.8634084984183,1333.3907466676503,1326.5957505144597,1311.0192025651054,1306.043287509527,1325.4285814482628,-0.2084854177284245,-0.18511639845184452,-0.4156324958545704
2024-10-08 00:01:55.864369,115.86436909394108,12.971778285007222,77.59482479610111,20.54759641606182,4.519598125629906,-0.06505982550800794,4.550627178406941,6.413985322320936,0.07823093313177956,3.6921901006365063,2.241298093484888,17.51025517357016,0.5,1325.152913621157,1334.8640607507707,1317.59299869181,1319.7144689989925,1331.075628097789,1325.1366199352763,-0.16715677935600096,0.2096176934867645,-0.49674483676261494
2024-10-08 00:01:55.964425,115.96442468037799,12.971780282602607,77.59482586893522,20.651364602729934,4.624115596525293,-0.047438038619576524,-3.826972640047572,6.0025340486505545,0.055897843402963,0.6705441210233618,2.2828550338074365,17.675068866720665,0.5,1332.2506159611828,1326.8770472049414,1323.3132808934597,1330.328970602744,1331.0705182762952,1340.4575571283651,0.12831141552221467,0.5858911522232046,-0.5569285320673139
2024-10-08 00:01:56.064480,116.0644802668149,12.971782305966359,77.59483248586254,19.781776432505886,4.810178378832181,0.07431953355801796,-2.3695681917976685,5.362666579681432,0.5476551215029075,1.5978646891871295,2.3383618544164486,17.49067310979255,0.5,1323.516269926009,1318.4915087889806,1327.4795574092034,1325.430932787273,1317.0219439531595,1328.068405852314,-0.2348604696799735,-0.050936764204755756,0.7023320328354877
2024-10-08 00:01:56.164536,116.1645358532518,12.971782811859097,77.5948129357556,20.17718753266481,5.066478329856217,0.10440588899375242,3.5895362150721297,6.210062277938408,-0.1770383765590638,-0.5628257241757975,2.2787462181103875,17.336418161410826,0.5,1336.0499109210052,1332.3480372142633,1321.8125395347702,1325.5246410685008,1327.1139180952384,1335.1752247825289,-0.402162836547377,-0.6052213522598587,0.8626302224431183
2024-10-08 00:01:56.264591,116.26459143968873,12.971771311024462,77.59481843411625,20.50008273457706,5.111510518766085,0.08668587713500447,-0.18078705680744633,5.115441152497025,-0.7098102749241588,0.4222086774860966,2.181036887900755,17.38064268804693,0.5,1311.7467051289375,1339.717790375939,1336.169281892694,1324.2539864026455,1315.5819548667932,1335.3158817703202,0.47259360572339254,-0.20842390160434413,-0.3322212844574561
2024-10-08 00:01:56.364647,116.36464702612564,12.971774019443703,77.59481470408106,20.141010022686764,4.634578947600954,-0.021493758177833656,-1.945811551079089,5.0265262951166765,-0.17910666214821508,-1.3759204575476358,2.2559469333403253,17.25565915395813,0.5,1333.7307639348383,1325.3526759412227,1338.2420245364624,1316.325936772472,1322.6555069780334,1331.874126451345,-0.05426521768454711,0.12008546067338102,-0.12303309100390579
2024-10-08 00:01:56.464703,116.46470261256255,12.97176458121102,77.59480806610188,20.110704102899202,4.953517815329515,0.15969786711642234,-1.5358733893702379,5.188617274739393,1.264772702120954,0.44792584782258876,2.347645162345597,17.142938114899064,0.5,1311.086552603965,1329.5269009088556,1327.6089475419217,1324.7942099989864,1331.2694364715228,1319.0474504671176,0.166899278273198,-0.26712760313736456,0.2026752468386268
2024-10-08 00:01:56.564758,116.56475819899946,12.971770977208305,77.59481308883456,19.8336645973542,4.825773503236046,-0.010732781148727963,0.6486560970546265,4.8691847191673086,-0.39110306473973333,-0.24455097058740216,2.345680807968759,17.086176352921033,0.5,1316.329728939359,1320.803029630133,1315.483790191845,1316.1015957317313,1321.6802921057772,1335.3428578273065,-0.18549078281006764,0.0849208098874548,0.7216108218332173
2024-10-08 00:01:56.664814,116.66481378543637,12.971766891117435,77.5948105068118,20.240507435272555,4.7309436141713315,-0.08704754210704536,0.4230012297584551,4.75061414928981,-2.2452607531669275,-3.6419211109567726,2.2563299105028056,17.06828905219822,0.5,1330.1634313063478,1321.0214547655116,1323.4862137127507,1330.663001781152,1327.925705081005,1327.686747256291,-0.08455595759290806,0.6570151151686824,0.5134675575218909
2024-10-08 00:01:56.764869,116.76486937187327,12.971777066257276,77.59479647814919,19.91831186956823,4.8238159884019005,-0.24758138601231325,-2.3066287872930786,5.352666026853415,-0.8579569599848382,-1.7969896535952583,2.3868156299218755,17.15591041341481,0.5,1316.0011470833558,1321.6680132655763,1315.7452579282344,1321.505393355364,1323.6993928258682,1320.2048706199544,-0.07305223467028185,0.13445934819316607,0.31535377295863837
2024-10-08 00:01:56.864925,116.86492495831018,12.971775919458398,77.59481267318881,19.778925243262826,4.985966009674375,0.1253988563159741,2.3745173931376087,5.523940149305258,-0.36608048448261943,1.4539787909019324,2.3737643989420505,16.795200140523438,0.5,1319.582414607925,1331.618801869219,1315.8207509656115,1327.4928960182613,1316.3541314386737,1333.9605988383314,-0.1153069735676674,0.23920180785561593,-0.31438591532367377
2024-10-08 00:01:56.964981,116.96498054474709,12.971781111119688,77.59481242053444,20.39347933011828,4.6010444648058115,-0.1329357682921187,2.0383826207527704,5.034112215097966,-3.557896295037599,0.060789895425079864,2.31796119547957,16.9462221764134,0.5,1337.5629633770782,1329.0402369004987,1319.1851018313528,1331.29706505412,1341.8035445081734,1323.312674035893,0.1972966857862132,-0.39905553275978245,0.2098021054949193
2024-10-08 00:01:57.065036,117.065036131184,12.97178354817066,77.5948137208119,20.18682838026727,5.150644285917373,0.050335329200600805,-3.6643946701288854,6.321349421119513,1.4875099069908364,-1.2687736143503514,2.3021149905976293,16.86450427644934,0.5,1335.6975479802945,1325.5024469223831,1347.9890362295102,1331.848529168815,1318.4690007845888,1318.9854406281625,0.4676059101595004,-0.5807898687156079,0.34965678195868616
2024-10-08 00:01:57.165092,117.16509171762091,12.971787173503705,77.59481936880888,19.66019301480622,4.417234281943853,0.32730016168243464,-2.8296528802538887,5.256045996768531,1.1956699521501748,-0.5281708831652845,2.386799885351827,16.617330308666673,0.5,1319.102141168161,1321.8702497232769,1325.431295213001,1322.488159281005,1323.0631857291844,1328.7181833153122,0.1386846784974195,-0.2974766010596535,-0.8780846531054508
2024-10-08 00:01:57.265147,117.26514730405782,12.9717981657766,77.59482107012975,19.620583223573885,4.896234791122929,0.15010871654280353,3.9763788533296207,6.309297626661126,-0.4918976408336482,1.1233787428769655,2.3351633229753106,16.579971819781843,0.5,1326.7097931403287,1321.2325957283365,1327.1774040143998,1332.6728290111605,1322.7513726538732,1332.8654968363421,-0.035160259744112576,0.35012578253151316,-1.0194554975465626
2024-10-08 00:01:57.365203,117.36520289049473,12.971794651139557,77.59481120889474,20.455910850936657,4.625621105422055,-0.06534659051907038,2.1513785010205737,5.101869289042199,-0.15937431226918172,2.2811543636994918,2.368897620417972,16.467602677319004,0.5,1328.4482406096254,1326.445891159934,1323.0735633433492,1327.914929921193,1323.266639801752,1326.145736507269,-0.1382642905925701,0.38954520949710514,0.08783575422499845
2024-10-08 00:01:57.465258,117.46525847693164,12.971791000158676,77.59480492286397,20.05109809870863,4.7004851151332465,-0.003648251281807771,-3.343573553055336,5.768366990060334,2.3823894391104448,1.055036353316125,2.363714008612595,16.366216408321222,0.5,1312.7336207514497,1329.8148335921483,1325.4639735652913,1328.602229913156,1334.797020340911,1331.5293521326846,0.04941245871540833,0.07633479724614071,-0.20683743223499607
2024-10-08 00:01:57.565314,117.56531406336855,12.971796308043283,77.59481233780475,19.786824425644877,4.5965853965068915,-0.03398050499457765,-2.329615592078909,5.153334919152575,0.6417036225718102,3.321289825990875,2.3201374122925853,16.283324535392076,0.5,1318.778808935621,1316.882211562653,1325.3678198491543,1319.9765254793456,1310.0467859905389,1327.6577596964316,-0.45704495275607093,0.25781225731587376,0.43916189417096047
2024-10-08 00:01:57.665370,117.66536964980546,12.971799703823867,77.59481287697909,19.584915990232584,4.72741207291585,0.10933865602021577,-1.0633949120944806,4.846770944445309,1.2625983152010398,0.42944388217384183,2.3225316108841416,16.226708573560703,0.5,1326.0839735190723,1323.014913216886,1323.7350054816236,1327.2346421714303,1324.76026352955,1315.1102421622954,0.2145593259031713,0.03646288112156017,0.32938256310581016
2024-10-08 00:01:57.765425,117.76542523624236,12.971802012694617,77.59481599686005,19.5740272225576,4.624862704643405,0.16294170210818437,0.7101458811041397,4.6819026268747415,0.36648154597641774,0.9418641318949398,2.4178355849560784,16.298467418052084,0.5,1327.7659189699996,1324.3134283501959,1322.915969173308,1328.446316138722,1336.8759303932763,1331.1785987688954,-0.12792206025188207,-0.20864842979687354,0.2928466615903582
2024-10-08 00:01:57.865481,117.86548082267927,12.971803741838006,77.59482293523145,19.727024115411844,4.785631162414919,0.23391167939035967,-0.0055900951481504535,4.7913475709445,1.7976328272431403,-1.9693276753733677,2.438329200279169,16.15130911603082,0.5,1309.4563778127902,1323.8390998548095,1323.7124522222205,1321.0018875991968,1316.3669223128068,1319.7391198366372,0.12343232256472639,0.5677276987181339,-1.2617639622805605
2024-10-08 00:01:57.965536,117.96553640911618,12.971799571124384,77.59482746695097,19.572908582061025,4.923798688040836,0.00041445055462401763,2.3263450812331996,5.445702445883343,0.6486024624826099,0.9975020266681878,2.51598256731221,16.00422947066187,0.5,1316.0654085528865,1340.8870911005865,1323.4990009116711,1314.9993071757995,1305.9011980594005,1319.8253549346641,0.037521260049785884,-0.21723821908190782,1.4334473866590343
2024-10-08 00:01:58.065592,118.06559199555309,12.971803198458899,77.59481903496778,20.19255175812666,5.164214286471619,-0.017402652170492302,1.3240173814601093,5.331269461892601,-0.40189976505428193,-2.178063838953325,2.5419532882409728,16.021911164213574,0.5,1342.7124456677232,1323.4770179902355,1328.4840536912523,1323.9783606105964,1333.9226315445817,1319.021637244238,0.41106284986524266,0.33580834665163867,-0.2643095015798358
2024-10-08 00:01:58.165648,118.16564758199,12.971797375027187,77.59481921809179,19.83785925317033,4.743421604010712,-0.2329680610766168,-1.7794391132109553,5.07156052793441,0.1558599948920502,1.1235495387881094,2.539431630762563,16.147158575753373,0.5,1326.2884991667877,1321.4352940722904,1328.9400681334962,1328.1994579648538,1329.4292449236789,1327.7078258825002,-0.2951655627343924,-0.39859134582902855,0.03633616198234836
2024-10-08 00:01:58.265703,118.26570316842691,12.971799424720599,77.59481980490115,19.836466110124466,4.75620902776645,-0.07303084204912402,0.058810265046801646,4.757133219384586,0.704377005984785,2.037009876102443,2.5607474651876863,15.906371601284143,0.5,1323.1033599749578,1322.7253949193043,1327.5945602846543,1315.9939515604958,1334.5907453850484,1317.4685213731755,0.571848862632693,-0.19962932021462262,0.18673549202856457
2024-10-08 00:01:58.365759,118.36575875486382,12.971789652515817,77.5948243395381,19.849627844285866,4.532963458851457,0.06437657726285416,3.207165704023055,5.553180522551409,-0.396348742556595,0.49791057299975294,2.596592637597006,15.966013539995139,0.5,1328.306926264509,1325.138092051101,1317.0252561612544,1319.3795848953177,1308.2417524149207,1326.2721658126575,-0.20720052591670549,-0.7024353268901743,0.38185198234956913
2024-10-08 00:01:58.465814,118.46581434130073,12.97179695793956,77.59481799123587,20.478255800757204,5.050598641991006,0.09705067757988961,-0.0002677508159081299,5.051531010316636,1.4430365600555004,0.5993107518095739,2.5739868550553635,15.786521290265215,0.5,1319.567350430833,1330.4190815945053,1326.0529427586955,1333.9656975189446,1327.1936623968024,1325.6492771098417,0.40397238359300236,-0.2364432435040589,0.1396848266178109
2024-10-08 00:01:58.565870,118.56586992773764,12.971802253984025,77.59482093795992,19.849574264356058,4.532613088745978,-0.14944054243747096,-2.3362860817777857,5.101484739162116,0.8305540511164771,-0.8598025141900817,2.4553482998204643,15.780321469364006,0.5,1337.4457064914473,1308.8670714771752,1312.9628811325024,1328.0867905887226,1311.7070983902333,1333.777824169062,0.0029448147924946494,-0.012193065288033681,0.47990340542064
2024-10-08 00:01:58.665926,118.66592551417455,12.97180337991212,77.59483182963817,20.010738852763875,4.5067772324173365,-0.005728531571748063,-1.0598564217353896,4.629726716924335,0.4459686108290143,-2.2799835378476234,2.277448046475722,15.635979761838735,0.5,1311.2194801460143,1312.2640856366238,1317.8262701439571,1340.597309754455,1329.2833234519467,1322.6033139852218,0.046939993142482365,0.19039084013006685,-0.2560150179499218
2024-10-08 00:01:58.765981,118.76598110061146,12.9718170292059,77.59482900562513,19.63748515272474,4.664472486366394,0.15104307975940753,-2.4006086756128724,5.248146301451598,-1.569989416330071,-0.7957946282106033,2.3200428897797427,15.531274656823411,0.5,1323.148268500429,1318.7407001758359,1333.5420802485462,1315.052442579586,1328.5167212950792,1323.0809079679216,0.24698315120120137,-0.2364973105089456,0.1594379586663885
2024-10-08 00:01:58.866037,118.86603668704836,12.971819261437384,77.59484070495819,19.53035023507592,4.706694126779286,0.1540140535717567,4.79689818791816,6.722121849312816,-1.6739648254074715,0.7766589100359621,2.4066856615105165,15.341772501617083,0.5,1309.396154180636,1323.0271965944535,1315.5629332082658,1327.6330601634065,1321.9372648599615,1312.600472656473,-0.052458227412180126,-0.030328030088219254,-0.5679288112237642
2024-10-08 00:01:58.966092,118.96609227348527,12.971816404315685,77.59484020808625,20.597398075265335,4.670340668896395,0.07620015412876494,2.027033268339551,5.091831919652512,-0.2300658664604095,-0.09758179092629565,2.474125866471099,15.4078166531725,0.5,1320.353910307603,1336.1696159102214,1335.6084523294217,1331.975478657109,1330.3478115201688,1329.797860277035,-0.025262384154834044,-0.09658705995819357,-0.15640751041257694
2024-10-08 00:01:59.066148,119.06614785992218,12.971810508091353,77.59483891338722,19.935982239857598,4.849619007471676,-0.2832536600614918,-2.270238613364967,5.362184304477243,1.0773253373926521,3.521499503630541,2.391319311365438,15.201138429318593,0.5,1321.8739208954146,1334.4932318435333,1328.3070365192852,1329.4200037389917,1340.1017090975686,1324.3173041440893,-0.30166338513494534,0.13425594017930947,0.6066159941881719
2024-10-08 00:01:59.166203,119.16620344635909,12.971803768267913,77.59483303868501,20.14309796364144,4.664938729350417,-0.0761595250144915,1.458178803231391,4.888122241110306,0.6970003283040442,-0.7585187740804329,2.386769320763545,15.166420329416987,0.5,1321.4095955473183,1332.0179033569639,1322.2371619055075,1332.7060727263774,1319.7419594674907,1321.8789531858108,-0.2723991713245893,0.418449532541491,-0.5203761543968053
2024-10-08 00:01:59.266259,119.266259032796,12.971803704965813,77.594851006267,20.227780110431972,4.653790654605507,0.006424468867579668,0.793576494177799,4.720971550730348,-2.0735548058367663,-2.1087414430404348,2.464290635164136,15.175382690776177,0.5,1316.2824716853377,1330.1327411435607,1319.2129460987733,1335.5264229768482,1328.3929082245618,1329.9162845864294,0.23895518710262414,-0.8054791766913614,1.1099606972567695
2024-10-08 00:01:59.366315,119.36631461923291,12.971807073067897,77.5948531736345,20.301901486656455,4.5364586578110915,0.2246030972723417,-1.8855182718442336,4.917833146701096,1.6826911794156358,2.934455770611633,2.382914446021842,15.0174466174351,0.5,1322.0482216914368,1328.497787742459,1323.5976516236942,1325.2366601647514,1321.6651512615526,1331.2294014812708,-0.2861889393415563,0.3009006471983566,-0.7929967277368606
2024-10-08 00:01:59.466370,119.46637020566982,12.971795660493964,77.59485281254044,19.850466837578207,4.730350607512251,0.052776931503936135,-1.4539047256583046,4.949024270074056,-0.34144580681327763,2.820494528359499,2.282557106646426,15.118406158209305,0.5,1327.3961461051447,1320.2327401637558,1329.7179295177484,1333.1884709395858,1317.4932801891039,1329.1853862764422,-0.057174222500687794,0.3364943442070342,0.45771314050414824
2024-10-08 00:01:59.566426,119.56642579210673,12.971800530375747,77.59486417481085,20.010958906758184,5.138447529395856,-0.34653777338610664,0.14370361975286983,5.152124044611878,0.8732178217929594,1.4426429168268515,2.3213803022399353,15.044922215639433,0.5,1334.6274889844228,1319.7917795915482,1330.0938957194674,1313.1536154941537,1315.1185572069944,1330.7655650577742,0.3231483890483334,-0.3851741032332459,0.3482047692739978
2024-10-08 00:01:59.666481,119.66648137854364,12.971798939319187,77.59485718751338,19.879223537473166,5.080161604095466,-0.23972695570958286,1.4322494352668542,5.283639785398114,0.46426912880052496,2.9223325314998245,2.36021375696742,14.72543878207851,0.5,1326.9743205192522,1326.3350719153432,1307.0865948225296,1328.8652575991048,1313.6789858452132,1321.0662958621938,-0.24718429980869314,0.19435039198969736,0.33564654498161073
2024-10-08 00:01:59.766537,119.76653696498055,12.971791683691817,77.59486251875282,20.297568021097298,5.139424153314925,0.05223163137528801,-0.086269146123783,5.140413518051431,1.4053314337954506,-1.4598261816166538,2.328935102327015,14.807959308253347,0.5,1317.4367470186737,1324.4861979556606,1326.6841617757711,1324.0648623830873,1328.9120988425145,1327.3521190204647,-0.05250284978575554,-0.46161567759879535,0.3839017035758744
2024-10-08 00:01:59.866593,119.86659255141745,12.971795779784255,77.59483799943075,19.861960117459514,4.76217835464066,-0.11899938933932061,-3.224449330927527,5.752354041937104,-1.2405589022516073,-1.6182794285628104,2.3271641078978558,14.765366649485824,0.5,1335.7814350409744,1330.914394977722,1337.181154916903,1328.2404502843133,1325.7077677851144,1318.4840170567422,-0.3076272820485314,0.31788841984501603,-0.07929696603947452
2024-10-08 00:01:59.966648,119.96664813785436,12.971804481266094,77.59483473711035,19.652319683613193,4.523589168610973,0.09886705129786255,-0.4394076475653179,4.545955646610043,0.6578792922790562,0.4563977962015009,2.3308008605757826,14.583006954712586,0.5,1304.39714420795,1314.8657760464935,1339.1981781299194,1332.8530312142207,1306.8517232422357,1315.9783448977075,0.565042526941622,0.07355242911686832,-0.3423204453577894
2024-10-08 00:02:00.066704,120.06670372429127,12.971810857265737,77.59482842558646,19.774029737735493,4.696579502012052,-0.211854631769394,3.177181499448693,5.674259747681716,1.949179758230271,0.5186377574504905,2.4174729092909737,14.455021154330229,0.5,1325.2248269556512,1318.7915466203835,1328.7956956538173,1329.1502237211942,1339.4920106190036,1327.1493563132622,0.15019827009966183,0.40950789004326954,-0.4115300936115716
2024-10-08 00:02:00.166759,120.16675931072818,12.971801325129187,77.5948386982833,20.288109199900866,4.799386990932227,-0.0025665036265930035,-1.2096657762836713,4.949486171915459,-0.6880762883623683,1.141934565927693,2.289243304153131,14.449225840463956,0.5,1315.6410023270987,1324.4624305015268,1333.1839122653155,1329.5502045302342,1328.824901405562,1327.1013935335484,0.11337668674916905,-0.4078886611362524,0.7621671958479859
2024-10-08 00:02:00.266815,120.2668148971651,12.971797594746844,77.59484679962038,19.53196210045785,4.731634280769736,-0.0875610856125503,-0.476908360070496,4.756413721973113,0.23738184243219743,-1.8863028876813994,2.216839270714627,14.431077291805574,0.5,1312.6520028325838,1320.999867365469,1317.7189559944209,1315.9889668412206,1331.5027921274507,1323.6082931597712,0.18356578083493966,-0.3822485604089199,-0.10485371540381427
2024-10-08 00:02:00.366870,120.36687048360201,12.971817357859297,77.5948401880713,20.192674508613624,4.486657668168604,-0.10818954746690734,3.125408358783332,5.469001683915443,-0.8173283966866489,1.3219280314390227,2.4385188489354674,14.28737355921798,0.5,1326.1943864872767,1319.744095776444,1332.7644446754364,1320.6113254452243,1325.5553246555778,1319.4158002692009,-0.3721269779337869,-0.44590959213713716,0.04949876979493226
2024-10-08 00:02:00.466926,120.46692607003892,12.971812673725871,77.59482530094859,20.15739123284362,4.826702695388507,-0.06276326166038584,-5.033880491400524,6.974306484403141,-0.6895829369935759,2.2481979499579414,2.37361508008916,14.405336391614163,0.5,1327.3630982051964,1324.6228007764746,1332.9907640832098,1331.533644381212,1313.5182841507312,1321.6539218309663,0.20756560218880174,0.1109281299623386,-0.07118939794225322
2024-10-08 00:02:00.566982,120.56698165647583,12.971812210949562,77.59483254549247,19.185338779372834,4.614816848499328,-0.0431416370288771,1.3985512860184883,4.822275546426476,-0.060596408721526884,0.13534951435021528,2.284857637091662,14.125288315008152,0.5,1323.6885374939136,1317.5281530569255,1322.6426149564795,1324.065337061908,1329.5800613812655,1322.028488142058,0.12220599605263033,0.13280393026021806,0.5181073747108688
2024-10-08 00:02:00.667037,120.66703724291274,12.97180976395278,77.59482807189566,20.437256971012964,4.474081981090355,0.0838358865087772,5.743734561114763,7.281134852337808,0.09319548614317726,1.7698431778128727,2.2419170372496664,14.122534760814762,0.5,1332.2974163509164,1341.9540143861245,1326.1686816539354,1322.9823869998052,1329.9415999536252,1317.4542986063875,0.4136038438616771,-0.11821709762897453,0.2650234059543811
2024-10-08 00:02:00.767093,120.76709282934965,12.971811378505675,77.59482846501066,20.334724239073395,5.02556211523377,0.06110869388923396,-2.447012232119377,5.589980117199311,-0.8698847754885684,-0.3180110831116276,2.250871739284419,13.92551117571156,0.5,1314.3559927181207,1334.6480054542262,1317.5374893625444,1315.5362469312765,1330.071614920329,1326.6403409121506,0.47533043103781947,0.06881101432984055,0.20397585335012222
2024-10-08 00:02:00.867148,120.86714841578656,12.971801906452043,77.59483135981935,19.947582483206975,5.018727711756544,0.1654034258022608,-3.117529528067081,5.91049714460555,0.5105570622811549,0.3624756055901704,2.238360254205389,14.014326412755423,0.5,1315.909842775857,1331.4153636799208,1322.4879284455287,1311.6516068584447,1321.3410939341993,1322.405750321453,0.221227748767382,-0.5546977580583804,-0.37315671670249295
2024-10-08 00:02:00.967204,120.96720400222347,12.971805319081133,77.594829928832,19.71087174874313,4.821442911982215,0.03675923268117905,0.07054795347804088,4.822099128847394,-1.2444165055050744,0.792815578039021,2.2435573982824786,13.970736203394171,0.5,1322.7988913337422,1319.5371575597542,1323.0815888507593,1318.3853493473564,1318.0177696536439,1317.6287179055003,0.23368695509244078,-0.2728932453194214,0.14955618690519434
2024-10-08 00:02:01.067260,121.06725958866038,12.971811046740756,77.59482464823613,19.961699916921315,4.786067402500116,0.22138051594136257,2.5442961969289684,5.424840426392271,0.43581846848343464,3.1692287157780203,2.2542867575868772,13.8770215016876,0.5,1327.9588038805452,1315.5187744548355,1319.6801636355028,1336.1331410212492,1326.4224529871594,1312.4773899091517,0.007679221195563725,0.06845478821009181,0.031224751583138574
2024-10-08 00:02:01.167315,121.16731517509729,12.971809277260569,77.59481623434235,20.22001384484898,4.793818209124613,-0.03626983864558584,-0.6927910944220486,4.843755570199696,-0.6015510021080611,1.0946015358045869,2.2202097677881403,13.82308485097136,0.5,1318.370713679601,1325.4519269965958,1329.6524336130772,1318.2201184361938,1318.613137591635,1323.461602977749,0.37666226305741013,0.049035576186700944,0.07923581731765113
2024-10-08 00:02:01.267371,121.2673707615342,12.971808554229854,77.59482265139881,19.823064678459982,4.859901813804289,0.10570797548519512,-1.508543434363503,5.089746861019773,1.1616276226324833,-1.5820133663878813,2.1937730262685435,13.711251405745985,0.5,1329.8456605126123,1324.2829604270041,1334.0826032713524,1324.7177959894398,1311.61445754233,1330.506408760491,-0.3224077719301493,0.43520192239618144,-0.4880707752445444
2024-10-08 00:02:01.367426,121.3674263479711,12.971809069396638,77.59483160165745,19.9181374488674,4.416004523213582,0.21714540055159076,2.3043583607829845,4.9858114213168925,-0.44221704367971865,-1.510700687440422,2.1215535215188863,13.614684667215307,0.5,1320.3382556658619,1323.6282454683637,1335.7572035716182,1311.6658449434613,1339.6600344066796,1313.508035903759,0.06602388803764855,0.18790842359864757,-0.3466861861819443
2024-10-08 00:02:01.467482,121.46748193440801,12.971808329644848,77.59483258164082,20.284192532757853,4.981400909505458,0.33155102418211463,-1.8541214045216492,5.325602997366904,-0.0871897760173216,-0.8740038720012702,2.193181390951052,13.49150485255034,0.5,1334.5570033573888,1337.2573414209696,1327.4285182679587,1326.7544385993583,1325.6734795785856,1329.683379833016,0.44739993065628086,0.20799974870643032,1.021968905491681
2024-10-08 00:02:01.567538,121.56753752084492,12.971801405747511,77.59482498114691,19.547107039958124,5.16382259702506,-0.1115560827984485,-2.1808177955039127,5.606556414622306,0.977943266665638,0.8354152176592137,2.290717263386841,13.366747354534457,0.5,1317.2477712394832,1324.1115499728796,1326.3219880060988,1333.3145708271593,1324.0756744516264,1335.908281342728,0.07224493906181087,0.09781066192173458,0.4972618949589517
2024-10-08 00:02:01.667593,121.66759310728183,12.971810610616487,77.59481885269344,19.84778652587547,4.990475455320279,0.03606009912636452,1.0735162439302712,5.1047607903686645,-1.337311568697618,0.5777299840461412,2.2086843773432205,13.569373837935641,0.5,1324.407600735445,1337.501619591915,1316.5129179360674,1310.5602554613222,1312.7258001148023,1328.0189793079196,0.5711397916126493,-0.0637882976452292,-0.10736122676108915
2024-10-08 00:02:01.767649,121.76764869371874,12.971809255832394,77.59481029427559,19.761929634630107,4.963400417753639,-0.29335509333873494,2.069438082819417,5.3855338543516815,0.6441564549353566,1.0794303442508661,2.176194699975877,13.257696152605245,0.5,1316.2341839865337,1326.334130822451,1323.4294429767908,1324.036882914953,1321.4077571613625,1330.8019518554208,-0.38641438686781526,0.15744813219558573,-0.5165949191136865
2024-10-08 00:02:01.867704,121.86770428015565,12.971821029118178,77.59481050502774,20.261904207818212,4.828089484452749,0.08151617582986645,0.32819265084026483,4.83991770310929,0.4025123243267386,-1.8980173375538771,2.2169941564012348,13.417546805011682,0.5,1305.2343324495216,1328.35116221832,1322.1007345325281,1328.218268205389,1321.759762629977,1328.704094789099,-0.260333377475542,0.21348156250682523,-0.6138512175276424
2024-10-08 00:02:01.967760,121.96775986659256,12.971816323251112,77.59480856038996,19.82760465091832,4.874080400247089,-0.08880343541718912,-3.061509137283622,5.7565079688892835,-0.33873602524829494,-1.1767950085594066,2.1456859566544804,13.326264697350519,0.5,1329.1120391745658,1312.8446293838656,1318.0279309679452,1322.1505619008321,1306.0365924075813,1305.2518159002884,0.4574479489843326,-0.16397668738412444,1.4326045757208088
2024-10-08 00:02:02.067815,122.06781545302947,12.97181263890334,77.5947997813278,19.649262023592474,4.556241595595052,0.0380107287484441,0.47577133151177975,4.581172410291827,1.8554673435116031,-0.3030162670598835,2.0790248516217007,13.121053216382554,0.5,1321.2998473193002,1323.0867660261933,1318.835611215388,1317.5853446946473,1330.8257127042646,1325.186001000262,0.1174168546406188,0.14533692494727452,0.017144408894010095
2024-10-08 00:02:02.167871,122.16787103946638,12.971808159830116,77.59479834544308,19.92281181008688,4.9822131664494265,0.12450625483194987,2.3663681121749676,5.517032525348461,-1.1629736194925218,2.3921551627007553,2.050148774493037,13.23865578500131,0.5,1318.4063566025716,1324.6000092714507,1319.7625752634174,1326.8686515359752,1335.244707004272,1324.2528467941981,-0.1772525464948059,-0.06385300433670985,0.36121682422323165
2024-10-08 00:02:02.267927,122.26792662590329,12.971804965346804,77.59480372737536,20.12279872197101,4.6315057645851025,-0.008244838616255605,0.8711080562691507,4.712721386889518,1.2680235696901225,1.0277055415402876,2.088608821944981,12.793428882416997,0.5,1318.7529468015512,1315.0044100298705,1319.8708238149145,1331.2336583248657,1318.772494906005,1324.576195198271,0.135997090850621,-0.03933029379206051,0.3969095675029809
2024-10-08 00:02:02.367982,122.3679822123402,12.97181059226645,77.59480587059063,20.097130264926733,4.436749598530714,-0.1508010459683872,-1.7737025263710393,4.7805343433116985,2.3543821191970373,-1.0624169727195014,1.9982612079576927,12.767416022018088,0.5,1324.6571962897758,1311.057866273216,1309.6804589042479,1330.4292435311145,1329.1496188102985,1321.1743844024625,0.42155426248132344,-0.22892475336723161,-0.7185689739897015
2024-10-08 00:02:02.468038,122.4680377987771,12.971814116656667,77.59480317039531,19.767861029089648,4.768101553697603,-0.048555387963112276,-1.0471401442120793,4.88197219714474,1.5972746096299768,0.7330405317286567,1.8969863025880431,12.97173109891802,0.5,1333.4810202406982,1313.977222353177,1321.7348392287356,1324.582889033361,1329.6125870118233,1320.3222788322912,-0.10104140936161461,0.13585881450818593,-0.3585501403121212
2024-10-08 00:02:02.568093,122.56809338521401,12.97181450541653,77.5947961702241,19.887585822505194,4.9950613225614555,-0.050674664422493375,4.175183508192717,6.51040420134174,0.8843414942911783,3.777493258415605,1.8629611668121429,12.783389950504477,0.5,1327.2974533841032,1321.847175072779,1315.1852648373153,1327.5346418253316,1331.1515849673854,1328.964373827884,-0.1887285953073599,0.20698817721915638,0.024739619630722576
2024-10-08 00:02:02.668149,122.66814897165092,12.971817379277873,77.59478650356623,20.603361897877512,5.000702790076054,-0.20788306569391898,-0.7925726584550432,5.067387411932033,1.6400876116425165,2.8467704722162743,1.7225628301122438,12.730327399553678,0.5,1324.4950767054274,1320.6291030731654,1315.359854704737,1330.7380988476668,1330.8330417174382,1329.2935293790572,-0.26363008847417957,-0.5075574487730227,-0.9361763538061025
2024-10-08 00:02:02.768205,122.76820455808783,12.97182867477063,77.59478625121184,19.728983178234035,4.492437315738746,-0.1540747264116121,-3.526893810031382,5.713555110821846,-0.00638692193785523,0.3169908988971818,1.7274754848921694,12.761409751150437,0.5,1319.1295252617326,1325.2075241716623,1325.9194706150286,1324.8834430294692,1323.6034110124092,1320.7017456843378,-0.3764276603735556,0.38265706441782005,0.6151872496468673
2024-10-08 00:02:02.868260,122.86826014452474,12.971834143292321,77.59479390648679,19.897591040950726,4.412511800067879,0.16857158713520695,0.5751801916959067,4.453033687122397,-0.5799783588440909,1.4229559870582964,1.764903110707354,12.668765864389204,0.5,1327.1762461026765,1329.34265852804,1326.5921120070218,1328.9247656717791,1320.825038888092,1329.2893475999829,-0.35007898297731704,-0.18877039516743252,0.5044937305773383
2024-10-08 00:02:02.968316,122.96831573096165,12.97182645350297,77.59480775650968,19.84408316100809,4.646474254981681,-0.0979884189980959,-2.830372615492223,5.441537822619043,1.8999270379286428,-0.09474066905235362,1.847012055070394,12.636428159236395,0.5,1327.5745276454325,1333.8397735521473,1320.1655569058669,1329.300983556226,1329.967278488575,1300.740907454916,0.06836375433068485,0.05451624848988528,0.11761233281335703
2024-10-08 00:02:03.068371,123.06837131739856,12.971831221339844,77.59481792152602,19.33120185719464,4.748000540746687,-0.07581503759024576,-0.503249139292052,4.775198085006928,-3.0222625711864004,2.0182368366554364,1.7636365868408617,12.52726283167464,0.5,1318.083980460691,1316.9007977719398,1324.3151269033824,1331.021589002769,1318.9570519780812,1325.8173696190636,-0.4416136305874541,-0.20065510686084873,0.08904079986780733
2024-10-08 00:02:03.168427,123.16842690383547,12.97182850990037,77.59482659359492,19.74337738549662,4.791111877078389,0.25264711208250923,4.131451384942224,6.331466980729369,1.4225704716561125,1.6288407264749896,1.7176643597158594,12.164921248805879,0.5,1324.0026833480201,1335.272945100832,1327.6070942750466,1321.161189426068,1335.6731071795848,1312.0327927976382,0.5103065289427726,-0.243932722881048,0.26464859395146517
2024-10-08 00:02:03.268482,123.26848249027238,12.971824970182158,77.59483069813882,20.15795143950659,4.637519980825044,0.17030643075772395,1.2314810641195209,4.8012645692769205,-0.9930814250695238,-0.12721294351367002,1.5885085751403605,12.24193358597492,0.5,1318.337684356009,1326.6657772752083,1321.2799061657886,1333.7639843850263,1346.8247500634557,1336.7829362494324,0.4559815926639191,-0.31214527425956745,0.22827415206372975
2024-10-08 00:02:03.368538,123.36853807670929,12.971804702391523,77.59481387929063,19.989810505609473,4.607601344588,-0.1583963355042586,-0.8279848578353466,4.684083525574127,1.5717570913486067,2.4234920324194453,1.5696034283215772,12.237082902594118,0.5,1317.9328848936875,1324.3541082841418,1325.1750867814883,1316.113277531038,1330.7176373468262,1316.7375271797814,-0.17893948801882917,-0.05855040438837596,0.011455918305052213
2024-10-08 00:02:03.468594,123.4685936631462,12.971798115197645,77.59479602026612,19.992262418483396,4.5010763456466485,-0.012999636995984396,0.5128671550251767,4.530219639113034,-0.5793200688299509,-1.8664750702294093,1.6614825413762289,12.143902032148564,0.5,1307.3296211682625,1327.660720242509,1326.1957322778405,1325.6804597681557,1323.856540745286,1346.0200129369407,-0.004665117243625884,-0.5845772221137879,-0.23736878763659763
2024-10-08 00:02:03.568649,123.5686492495831,12.971791176124668,77.5947926142609,20.09244095353002,4.836833342228907,0.07248806391124185,-0.7920844382928749,4.9017965132482395,0.2784327591322155,1.794241236642812,1.6352453145980552,12.275374795766242,0.5,1332.262211577729,1315.653741580171,1317.29573048486,1334.5973649716168,1308.2751827459062,1320.5737178378438,-0.06965243621633989,0.11108551853006624,-0.03384205980265874
2024-10-08 00:02:03.668705,123.66870483602001,12.97178567161383,77.59479752919229,19.83375747252151,5.142748481928887,0.028303942014454818,-1.3350181658521763,5.313279266580173,2.6455376217977475,1.63831777679987,1.7510602231374284,11.902025207236774,0.5,1326.5733584344166,1328.6279535771384,1329.4098921090877,1327.1199292854847,1321.5048822932056,1318.0736163967508,-0.41574304771170717,-0.2262149816405854,-0.843135792282695
2024-10-08 00:02:03.768760,123.76876042245692,12.971780951806336,77.59481088963115,19.82528890255349,4.2343874999473625,-0.021228918427053885,-0.8842470605899848,4.325780973517971,1.2095878531642614,-2.41985837696874,1.7510250027024623,11.985755849118384,0.5,1331.9314666878884,1340.318341496105,1328.9627798775723,1317.4210648353296,1315.9436515728728,1338.9681259948652,0.24285253313284516,-0.3015325341500961,0.29367650290094366
2024-10-08 00:02:03.868816,123.86881600889383,12.97177344405908,77.59479982051748,19.656809756116623,4.5711221705046015,-0.10578419749694169,0.5112233733588596,4.600836612137752,0.71834484842863,2.2025049067007005,1.78208348218186,11.859289640346072,0.5,1325.0754033621577,1316.8040173860861,1330.0681783354642,1319.7402898684563,1329.2642765681896,1324.4123277816095,0.14451910055789158,0.2899553236346205,-0.19206680241140797
2024-10-08 00:02:03.968872,123.96887159533074,12.971782200471575,77.59481812258258,19.92759041139684,4.657593027831313,-0.27830722783576795,1.568204486544417,4.92238692481468,0.48397394336220867,-1.4863966955410872,1.7740099893891699,11.876281006728892,0.5,1323.466099361561,1325.9277255177221,1322.3897541395286,1319.8528947100726,1310.0447729653172,1322.9255470550925,-0.21531813127047095,-0.08574883088427783,0.4630567840721143
2024-10-08 00:02:04.068927,124.06892718176765,12.971787699164336,77.59482306360901,19.97062499522501,5.216037438916251,-0.08120127179133795,0.602949038321924,5.251398647363374,1.4642795909078505,-0.6029692637329358,1.8305962901797133,11.56296748526349,0.5,1329.1409759693809,1322.2440223847914,1317.2408905634675,1338.169576695342,1324.3214741531478,1327.8406471924065,-0.2396147344110178,-0.46087899847869923,0.2112282271495257
2024-10-08 00:02:04.168983,124.16898276820457,12.971776752610394,77.59483284479644,20.048247250638592,4.705587021867184,0.009606799751763073,1.499303426948316,4.938679203696603,0.09729828011108982,-1.1286646410326684,1.7616914990460546,11.670900275008368,0.5,1327.1597107462198,1324.734321403283,1337.8439822715384,1333.108691007085,1319.2481763148812,1308.1411128442653,-0.5219447509292395,-0.16203437580541066,0.5688235566536195
2024-10-08 00:02:04.269038,124.26903835464148,12.971766944547001,77.59483515849898,20.270652362485375,4.642180356874734,0.09198058443991955,-1.3806624872545825,4.844019797376921,-0.01045118603590338,0.5204606512178291,1.9006644338970058,11.50789913504239,0.5,1317.386044886913,1345.057725676433,1327.7726744086247,1321.8929360452687,1324.868125061401,1316.8774989738683,0.20743615533308116,0.5370949944285345,-0.1577626883414902
2024-10-08 00:02:04.369094,124.36909394107839,12.97176297741529,77.59483118163863,19.771961260971196,5.148029652492806,-0.13312040426312607,-0.5940524365096138,5.1839009097685675,1.823531216641559,-2.850609264509749,1.8807967576548283,11.419558711642678,0.5,1321.6454041797394,1330.0877595403604,1305.1943860978424,1321.5166394570508,1334.538092218392,1325.5045257465006,0.16687937207981912,0.33202787423987734,-0.028198299119949595
2024-10-08 00:02:04.469150,124.4691495275153,12.971759902948879,77.59483127593434,20.15177583266689,5.220899477376055,0.19248196828069866,0.8166231523105552,5.287883700864497,0.4089497199618696,-0.6035130744533492,1.8267893471694416,11.231632949725162,0.5,1322.9158056948584,1326.1537999192983,1337.1221853346324,1326.5256907542116,1321.485207420875,1316.6381810632386,-0.10535598180581181,0.0062529814772332975,-0.49718286803973977
2024-10-08 00:02:04.569205,124.56920511395221,12.971764204918426,77.5948371503492,19.935376677775977,4.5801468322617716,0.1160195013728584,-2.6501032146901338,5.292849192853253,0.5757044401184966,-0.852080589282104,1.8589073776429912,11.35678017020959,0.5,1303.5652807713443,1324.5381756167274,1325.817460057934,1329.319789838488,1329.8021788202225,1324.63614528553,0.4325662624970871,-0.035544723358913836,-0.04112625906086463
2024-10-08 00:02:04.669261,124.66926070038912,12.971755528244183,77.59483176615403,19.62146057013857,5.17349737003072,-0.0720907485010681,-0.9170154187807213,5.254635038898115,0.24533098483889001,1.2443892002095125,1.8964015898363793,11.346578850426164,0.5,1311.9802786514988,1326.238984414163,1322.5253141516857,1321.2940519245778,1312.5417230827713,1324.2637931338936,0.18821901700619545,0.09469122664973299,0.12641742171462061
2024-10-08 00:02:04.769316,124.76931628682603,12.971771973418432,77.59483788945741,19.75187164678039,4.909896927024501,-0.11102207524154316,1.1279420834184464,5.039014494793791,2.4498018728577713,2.9544730486331763,1.9031474615981077,11.148336654780312,0.5,1325.7359021206385,1313.39477820542,1323.8607161309772,1325.5393677114726,1319.861108152586,1300.3799527098838,0.23394652969909868,0.24303374108049763,-0.6451366380803927
2024-10-08 00:02:04.869372,124.86937187326293,12.971770799398417,77.59483512999809,19.847174383385173,4.819507407426138,0.05931257705974093,0.32368684230858946,4.83072901371176,-1.8970717278053875,-1.3150778547144948,2.005159633793302,11.28819161183634,0.5,1325.1561233011498,1335.6735229723713,1318.7509453930998,1317.3905203203535,1311.5207969370515,1313.970887697713,0.16545386662323125,0.45106515601454245,-0.28364357417699443
2024-10-08 00:02:04.969427,124.96942745969984,12.971767195616325,77.59483045037878,19.816645000438584,4.625724718466418,-0.19122214409306207,1.744460399767405,4.947427327993754,0.11936188798919517,-1.2623841823380122,2.0152318112517373,10.961338440222443,0.5,1319.5878106399662,1327.549964780591,1332.0154158248024,1326.697371320274,1328.6349457943795,1328.4871035550789,-0.07194071586414978,-0.2815036293181501,-0.125887093082468
2024-10-08 00:02:05.069483,125.06948304613675,12.971782826280707,77.5948235406506,20.19626040001456,4.404141184892994,0.3091170202904125,-3.0994943150642484,5.394337579149036,-0.8296805705994432,-1.5361874130433089,1.9324348635908184,11.103766304451144,0.5,1328.6271156601247,1332.6156956679818,1313.1771520207008,1325.5711227582422,1329.92304933669,1324.4895855107584,-0.3846833638160395,0.10599990830207451,-0.23384176797684533
2024-10-08 00:02:05.169539,125.16953863257366,12.971776739132334,77.59481701743323,19.196401557735346,4.92024017521243,0.2966366806860703,1.0232092471797927,5.034254052550103,-1.852461081748431,0.7272636658966365,2.0320120477064387,10.95529688265159,0.5,1311.0710054217814,1315.0799085175233,1318.3736053359007,1321.1002164004249,1327.8303020536216,1314.3391868703484,0.31022016134789493,-0.2959310308078541,-0.8833929653799905
2024-10-08 00:02:05.269594,125.26959421901057,12.97178633805718,77.59481832751368,20.401016002563043,4.674062078987596,-0.08900201478552038,4.072535967320178,6.200026361394138,2.456731732316814,1.9529803090194986,1.9935083145413823,11.092485798056886,0.5,1319.209320853866,1325.5359690621403,1331.4996167739578,1324.9915953976106,1331.5521236704274,1334.439110453358,0.47592777442945927,-0.5006021456694785,-0.030421838648227336
2024-10-08 00:02:05.369650,125.36964980544748,12.971802209650503,77.5948284270637,20.011361506726598,4.628799973036747,-0.02859778045619105,-0.4621718224023681,4.651903891618434,0.4016095742202229,0.19372770337966277,1.9578326789566654,10.84975286896759,0.5,1335.8889007011326,1323.8557513595938,1324.613044817925,1328.4173382754016,1328.9509237118843,1320.180114929019,-0.06748719746753172,0.17406616048312348,0.31510506435593716
2024-10-08 00:02:05.469705,125.46970539188439,12.971799248681851,77.5948353489491,20.308530257112874,4.670385615278672,-0.006478016692563256,0.8788227502797383,4.7523544887257145,-1.799465744450702,-1.6442087430606835,2.0877267269620936,10.79847124334127,0.5,1317.3622926029361,1310.8233355694158,1337.1141040981838,1317.459810864794,1328.449351966974,1326.8463392000301,-0.06765601423657867,0.07645122976504061,-0.19252344848886993
2024-10-08 00:02:05.569761,125.5697609783213,12.971800670707415,77.59482846063248,20.18722375803327,5.233640193189977,-0.13878703154326852,-0.652291562022711,5.275958282035998,1.2644294605901962,0.2426881171262339,1.9820061522260475,10.645991576653094,0.5,1326.9694825844128,1323.2899600864212,1334.3721608842113,1323.982762176994,1326.889601773699,1317.5265989011045,0.3602371857614928,-0.15355332500727756,-0.9263329839481799
2024-10-08 00:02:05.669817,125.66981656475821,12.971799605518326,77.59483242145646,20.177999427580815,5.2360693258562945,0.0915957277387403,-1.2437826667690928,5.382546524152709,1.512184421457171,-4.331476174444203,1.8810192186527082,10.565159857344884,0.5,1338.783006181495,1320.6826231690561,1319.3345348012124,1330.4055713758385,1338.7530294108951,1318.0133655832308,-0.15598767166191813,0.04410370220317716,-0.43609970612692045
2024-10-08 00:02:05.769872,125.76987215119512,12.971804323317352,77.59483537932076,19.93832894978598,4.571323278369019,0.3946172945050477,-0.31337424763538024,4.599013235854187,-0.1180611309256518,1.5236612512513024,1.9241228161022552,10.402148321986735,0.5,1326.0466059815285,1321.3555782640435,1317.231046139878,1328.8811421460102,1337.8270216855683,1332.288588680002,0.4066571000827297,-0.23773476258965723,0.7295299696445011
2024-10-08 00:02:05.869928,125.86992773763203,12.971809377093198,77.59482355596315,20.11528973933805,4.763980297245271,-0.1824835539704782,-0.9429562646125902,4.859832819859442,-1.7875399933456129,-0.40771614646961457,2.1439325080272145,10.467284338217654,0.5,1333.1279526552898,1312.6911277757104,1322.6572748727697,1335.7153324134583,1314.9500380395166,1326.2786325978614,0.013137782571944864,0.3662239551171462,-0.12830132674027006
2024-10-08 00:02:05.969983,125.96998332406893,12.971813118247784,77.59482550209695,19.749632865705642,4.787996403306178,-0.07076892888809223,-1.6520255232758387,5.06548182593953,0.9503246485510352,-0.1474944529211085,2.12499850160493,10.480302890420067,0.5,1325.032633025413,1317.8293967766144,1313.546011199305,1324.906502618571,1327.036276676924,1314.5863684673209,-0.2512609626961103,-0.06706235401666634,0.5025162374997963
2024-10-08 00:02:06.070039,126.07003891050584,12.971799451290883,77.59484194533779,19.784700974257838,4.742262172664674,0.10814071172591122,1.4456452943794886,4.958894558768155,-1.12872998281037,0.7085501037967337,2.085660849009942,10.179732733080803,0.5,1324.7836984209416,1312.8391032129787,1325.3379984829126,1317.5110130415944,1310.7506385711101,1338.9802116796902,-0.13888603807984234,-0.28309774582675223,-0.9628500083210539
2024-10-08 00:02:06.170094,126.17009449694275,12.97180079689182,77.59485224234761,20.03892264112344,4.788963344121256,0.09100771239599391,4.696563863988658,6.708216189388701,2.1654788907611366,0.7785146120563781,2.166500924593485,10.235405462098129,0.5,1321.781840700614,1317.4510777372243,1333.9159513203965,1323.439520065914,1322.477471646847,1308.9096462986356,-0.07578768055410982,-0.284454382526923,0.4487447506336668
2024-10-08 00:02:06.270150,126.27015008337966,12.971797269004545,77.59486197705668,20.7245358775574,4.683537380498691,0.07949174887435274,2.8104895742502407,5.462663542598696,1.268005101373068,-2.456266066235305,2.1719567879646715,10.205251017670037,0.5,1336.0780991194715,1343.8050441087391,1333.6496737925293,1313.0279017416353,1330.168465245453,1325.1706944408947,-0.041120569196915945,0.28573080254603583,-0.8001265729830151
2024-10-08 00:02:06.370206,126.37020566981657,12.971803990992615,77.59485605866365,20.60133300617629,4.639650576337927,-0.11447697772071129,-4.250971887499546,6.293665421457704,-0.7271729681766351,-1.0555084668604438,2.163825451582678,10.078355034441087,0.5,1319.9541369626827,1318.597568965292,1329.6388195564814,1336.2887169409307,1330.0763886626025,1336.5761811994528,-0.1431295024396272,0.13155455120679418,-0.5413899336592867
2024-10-08 00:02:06.470261,126.47026125625348,12.971785726245642,77.59487006731993,19.873868907296238,5.092835194123497,-0.15708095305857764,-0.9680927924670328,5.186409971757278,1.4174732679250877,-1.7436681714426867,2.192456467701077,9.997249016369235,0.5,1332.008580256215,1323.4529366975767,1318.6169743597286,1339.62387238288,1325.8391595020353,1322.1650423649862,0.06277026788017898,-0.0450069925243961,0.4334435563459928
2024-10-08 00:02:06.570317,126.57031684269039,12.971785591092273,77.59486038592364,20.407606822025024,5.185585326705681,0.19873111261976464,0.6776694619872075,5.233452506269487,1.3354124254267468,0.8602833145517685,2.1604805474531017,10.0370628298437,0.5,1323.591181457468,1333.034416901532,1315.076056814173,1312.402765402941,1323.1372606549223,1332.5389126848822,-0.3081156823650409,-0.2826449830340569,0.632393673332473
2024-10-08 00:02:06.670372,126.6703724291273,12.971780317982995,77.59484615953885,20.009478138155266,4.697925919006314,-0.10668360352654131,-2.4547749725029036,5.301679875035776,0.24872647675941276,-0.6800096790143432,2.0565719096501685,9.888673823594964,0.5,1324.9232259032417,1322.5139151474643,1335.0546857087961,1337.238707199308,1321.7789849001153,1317.3315443706028,0.0271231676769489,0.21112742339293836,0.15787264236307175
2024-10-08 00:02:06.770428,126.7704280155642,12.971781624990092,77.59484847255595,19.916378923136172,4.9056947236031805,-0.11895462835156624,0.6349740399527946,4.948048398733415,0.19652833650777307,-0.8380627715405915,2.0876375785904413,9.85799179564101,0.5,1318.7602099273868,1327.1474218404044,1314.898157558811,1332.2064058587155,1321.3346633049875,1328.4460986473123,0.3169706548213814,0.4473594786051988,-0.2964304222410505
2024-10-08 00:02:06.870484,126.87048360200112,12.971796397181716,77.59485675797573,20.136543538034648,5.02953035604891,-0.26159391342209626,-0.6632013019062555,5.079807372805303,0.07806504766837485,-0.6217596073806853,2.104165720538672,9.77284522790231,0.5,1317.8947808956618,1314.8395012020649,1323.832632423218,1322.557349506547,1330.8650485692676,1322.643161902012,0.026064106125882155,0.13930304929350157,0.41826763290645524
2024-10-08 00:02:06.970539,126.97053918843802,12.971788784256457,77.5948659543631,19.783664932760267,4.651753697497424,0.05494341381251398,-0.10963050007663355,4.653369756149771,3.2804499501529523,-0.11132643665630462,2.14685241854662,9.672933276787132,0.5,1318.8143814282578,1323.258782238724,1330.3682673825515,1331.2365014477587,1327.5469043350145,1316.7871819746472,-0.18797630770681092,-0.04928758176610427,0.5256933199255323
2024-10-08 00:02:07.070595,127.07059477487493,12.971780784276042,77.59485778326692,20.114605250081567,4.945842336274494,0.07897969201446103,2.1241473327767295,5.3832700190849,4.212791174696356,-0.986305833534759,2.2297457097065916,9.61434080945016,0.5,1324.159159564165,1331.6546282175188,1323.773820901193,1313.7892164199936,1321.889375609095,1321.8908007161253,-0.3779703800556088,-0.02342371749107882,0.7470408207217532
2024-10-08 00:02:07.170650,127.17065036131184,12.97177229841457,77.59484949486823,20.20873054687901,4.813540508884982,0.11320401236775787,-0.6383766644613615,4.857006500389068,-1.032971372066672,-0.26870182365979084,2.244400040478424,9.501187511508947,0.5,1336.760393871768,1328.7835690537609,1314.8443677213531,1314.4460825684057,1326.4309716774505,1317.6434614398636,0.1318658837412146,0.09967019328706883,-0.08446334186790487
2024-10-08 00:02:07.270706,127.27070594774875,12.971780106161072,77.59487127513843,19.98685894702093,4.953348994298857,0.22776744991026102,-3.514136686327447,6.077557150759882,1.876539811832842,0.05348702613484553,2.338410095071226,9.339716981810158,0.5,1327.3673610480678,1335.5264560924618,1308.8962630321023,1320.3965519490066,1332.8346701232929,1319.2689323846814,-0.5642889790569734,0.05863175347888567,-0.8178579362991887
2024-10-08 00:02:07.370762,127.37076153418566,12.97178349614095,77.59486375477603,19.505512532939115,4.721454808172861,-0.27520109083785765,-1.0977301871275529,4.855191315463075,1.038881743689731,-0.7950755427856556,2.4860721987843726,9.485156575178875,0.5,1319.8141131779475,1328.5689540082692,1312.2585271977257,1323.6633040426861,1319.8816486306305,1314.8616126274067,0.0708180971317659,0.7089227560451241,0.6979770053104846
2024-10-08 00:02:07.470817,127.47081712062257,12.971793410017218,77.59485993338176,19.76719087177584,4.664033342263719,0.09461054801939328,2.07885037050805,5.107227920947494,0.8862073511432029,3.7831511486367155,2.358315231720785,9.525518203644973,0.5,1328.3114319405515,1323.0401289232166,1335.2204993475418,1313.8111065620826,1321.6590567306682,1320.328388644306,0.2965473272739791,-0.13706438707813395,-0.5892621323153169
2024-10-08 00:02:07.570873,127.57087270705948,12.971784270722646,77.5948650639769,19.92151371881065,4.738224212370205,0.223906111035964,2.7138028028691394,5.464945405592895,-1.0940793945179372,0.12016919903580559,2.405381518685623,9.377859466160663,0.5,1328.1902453932146,1334.332462890819,1319.4608908000503,1322.5555970279306,1331.9326767980826,1326.7709999559045,-0.28005417663127846,-0.2705004830622559,-0.094027216408263
2024-10-08 00:02:07.670928,127.67092829349639,12.971792382147378,77.59486781994067,20.31025313360624,4.948908032981795,0.003629529413719906,0.8670142935449547,5.024282802311865,1.9424543198513247,1.3573491204405577,2.458011710351018,9.230876383333346,0.5,1326.31426800562,1318.4658145034282,1322.6129253867462,1328.3655964455788,1327.8044615878923,1327.730873258454,0.06223674388253677,0.26331408671155787,0.6492385275389226
2024-10-08 00:02:07.770984,127.7709838799333,12.971789161540963,77.59486443581565,20.095012965990296,4.756510193963477,0.06396918870943619,-2.817583382683523,5.528766354328688,-1.113257479392071,0.8611007311100172,2.5632197165541637,9.031590315839267,0.5,1322.0546660881869,1337.7600789465864,1329.505236070842,1313.083800188067,1328.5431892588201,1324.5471653641787,0.05620701201024279,-0.33062166589816416,-0.08753627048210404
2024-10-08 00:02:07.871039,127.8710394663702,12.971803613488996,77.59487641419817,19.74642321822766,4.7054449057430405,-0.08420497456587822,0.295467635663627,4.715464278567851,-2.2514261197480767,1.1323035069997922,2.4897969330064513,9.051545906748334,0.5,1315.780272247818,1327.0713886510002,1338.777370259597,1321.309170157839,1324.4896729632299,1327.9845898676413,-0.3630644465889822,-0.01753449698319686,0.8760235351076272
2024-10-08 00:02:07.971095,127.97109505280712,12.97179724488178,77.59487183468677,20.1541393411092,5.053915710577516,-0.18249405943459962,0.7720743678953426,5.115805598428477,1.1755451685698415,0.49011360166585305,2.536712792638386,8.860273703163855,0.5,1320.1810161759204,1327.9622684339943,1335.2851212862486,1330.8408714990462,1332.5177274467783,1323.2994790275018,-0.28806637581434286,-0.18633686289207135,0.06822076775877978
2024-10-08 00:02:08.071151,128.07115063924402,12.97179528869342,77.59488888500488,19.900923925533007,4.596156579698747,-0.025219569701800792,-1.3444118259347562,4.788813474078653,-0.9108292111636056,-1.7993950996822194,2.5702990746394856,9.054566164077015,0.5,1334.5944418724166,1323.592997288845,1337.1686995511802,1319.4347877008574,1325.723726603904,1319.7146175533658,0.2931048582972276,0.044854937896606634,-1.016213640744652
2024-10-08 00:02:08.171206,128.17120622568095,12.97180084321824,77.5948839666451,19.88510751379598,4.7787139682352535,0.08294849432062071,-0.01025221025415135,4.779444816161379,-1.1827488462472302,-0.4962345973180332,2.5081460695173305,8.81888217701302,0.5,1325.5815597636058,1321.1667301855762,1327.7170615712346,1318.9457355454706,1326.7999699060488,1331.7345692669403,-0.6514974095085143,0.05563487313825979,-0.3012529357845253
2024-10-08 00:02:08.271262,128.27126181211784,12.971803981288556,77.5948934604592,19.898872343714494,4.881073526516601,0.17942657036285503,-0.27838779905968636,4.892297255081571,0.6067460212237525,0.40218137566343554,2.5002184154031335,8.807594908152174,0.5,1328.4065066180567,1325.7195377594699,1313.888316654537,1330.7324961222314,1313.766055144005,1333.2079173799766,-0.12951759845937333,-0.19835898590077675,-0.5986609061305534
2024-10-08 00:02:08.371317,128.37131739855477,12.971809502174297,77.59489511469539,19.82939900481236,4.4306395396245515,-0.017841935041872304,-0.8751343065333543,4.516275580520094,0.15441889448771756,0.8101932579670752,2.5157042797303943,8.596531732948645,0.5,1328.5459128016112,1319.4440501110594,1320.5652657695632,1323.6751915036816,1317.0639151317164,1328.1937701325667,-0.45666700428379936,0.1677883212513319,-0.8438862210372216
2024-10-08 00:02:08.471373,128.47137298499166,12.971798171294797,77.59490385274884,19.723748191212,4.662119375289199,-0.001481169271835559,0.5189916267670043,4.690917988194169,0.8250578441702723,-1.726409384917269,2.4372390882353976,8.555918605027244,0.5,1325.1119382580482,1312.338208400106,1324.1588373591073,1319.6723881208861,1321.1062938990153,1330.9858433319416,-0.11334506119724012,-0.3059934567677581,-0.3624894351150582
2024-10-08 00:02:08.571429,128.57142857142858,12.971785191856272,77.59490588051747,19.933255027956484,4.698900398780111,-0.013185033079565773,3.5043148040432044,5.8617455632763145,0.9354196371549224,0.7471859379918456,2.2588389230326964,8.5637621076382,0.5,1315.1506529858202,1329.6996325171938,1323.7728288426617,1331.331785609697,1316.0889374585304,1322.4134868187018,0.11168897343706438,-0.026333172159773384,0.30715243477324417
2024-10-08 00:02:08.671484,128.67148415786548,12.97179537867935,77.59489756815607,20.42500073676809,4.8233955236964325,-0.04849116489974521,-0.21406568584758645,4.82838688269131,-1.1887585771623441,0.7325029370997341,2.2988227907366734,8.484900566677338,0.5,1318.0746939877508,1321.6960080575386,1324.1427782285828,1329.3448826580643,1329.0698413696866,1323.2876212646988,0.5990950628808351,-0.0661691163631219,-0.1287310864202995
2024-10-08 00:02:08.771540,128.7715397443024,12.971797453647156,77.59490093324843,19.890418092489192,4.726879819454943,0.1349460545458927,-0.3877100372966851,4.744673048612359,-0.4858730412843105,-1.4324527975899597,2.357917967526903,8.395501784192431,0.5,1326.4812302585105,1308.5100178664861,1318.091216763244,1332.728210790258,1331.5267459917754,1324.8238104768136,-0.34200282417683886,-0.4178744749335364,-0.32595696906995875
2024-10-08 00:02:08.871595,128.8715953307393,12.971791434040409,77.59489793360422,20.34741562646942,4.4671373094040145,-0.11932131158495177,1.2943393492284088,4.652404503848382,1.3646770193656566,-0.4119796054718542,2.406806836024722,8.146140765436202,0.5,1321.315343444312,1331.0359325948846,1337.220123383756,1321.090398183299,1329.3097361680193,1325.390823502439,0.2347049197410013,-0.07709329803745177,-0.3252153364970355
2024-10-08 00:02:08.971651,128.97165091717622,12.97179076116434,77.59488274488109,20.149429857759834,4.709453284304288,0.12322056603699051,-4.8734702838519155,6.778262768034785,-0.5719419560963683,1.6384516680359167,2.3457116788743946,8.306435447783562,0.5,1341.6968491804296,1313.4923775878376,1326.5072528258042,1346.441191202354,1332.2868139683421,1326.253421406119,0.08428957045815431,0.32573467578111576,-0.4100330229991726
2024-10-08 00:02:09.071707,129.07170650361311,12.971790440539415,77.59487461108237,19.37217977200228,4.976042766911055,0.2284255502896649,-1.7409766904276722,5.276758444989258,0.9462743936742976,-2.1718029414225164,2.2580591764392017,8.257185132665171,0.5,1312.3644936836354,1323.451623116763,1327.0638506108585,1333.002290872623,1327.692298353216,1313.670025330053,0.16273127588205302,-0.2847494001113217,0.5957214305633103
2024-10-08 00:02:09.171762,129.17176209005004,12.971797613296491,77.59486828142754,19.801040970292714,4.5749870229351846,0.02468368646880681,1.4484507993144007,4.798867081138793,-0.8371668067098315,-2.1098223651770383,2.2199636888979626,8.110615098455225,0.5,1307.8884731747337,1325.219544432807,1332.9451571736874,1324.7605981956815,1325.9856270389198,1327.3340816424864,-0.037220452641086706,-0.26509361810468635,-0.10452168139732618
2024-10-08 00:02:09.271818,129.27181767648693,12.971802716781065,77.59486580882849,19.662030960303266,4.538865228300267,0.08454731689270788,0.3705848646589516,4.554753445729119,-0.4934127390466274,-1.3295178850246805,2.2462162097211733,7.89709680635852,0.5,1321.5698179761905,1329.0163226948682,1335.3635648726538,1328.5635071350011,1308.181531738662,1322.5110208587123,-0.5086539900226694,0.2519595965160848,-0.1907827339570253
2024-10-08 00:02:09.371873,129.37187326292386,12.97180533735869,77.59484526100874,19.875199142209002,5.296749777935523,-0.19414484783662017,4.2458890558719276,6.791231427861557,0.0023493027761113754,-4.416377010978671,2.2318118425735816,7.849539821125583,0.5,1312.7262338292471,1327.064156318989,1312.6563100178682,1316.9515046197405,1328.0613519489252,1325.9702470810819,0.14272791318195957,-0.09185032145224964,0.8772295127102634
2024-10-08 00:02:09.471929,129.47192884936075,12.9717999202724,77.59483630509612,20.511680799165788,4.879685268924218,-0.3162774594507684,1.23483725649605,5.043429666917478,2.464979231963781,0.30328831277855045,2.1500426635634144,7.9921963216677465,0.5,1322.1037858662082,1339.2254143538603,1341.1858816237102,1328.0022264995719,1324.521243317266,1306.1315927507403,0.2760581367134798,0.4477437073287676,-0.5474088288376265
2024-10-08 00:02:09.571984,129.57198443579767,12.971812597257328,77.59483704698081,20.122303873914422,5.000827826927981,0.2035971995006611,-4.139346990603457,6.49491526371512,-0.305360502116755,-1.299446674079927,2.0470832114979722,7.814687647223571,0.5,1324.0638612382666,1340.7083045510942,1317.131347624796,1336.974616698839,1321.4985787627404,1325.6113621478999,-0.20877965910991755,0.1646312457342329,0.45487995062698816
2024-10-08 00:02:09.672040,129.67204002223457,12.97183130492723,77.59483535391524,19.683351217944438,5.111197303156911,0.025658961341939335,0.1124655165912003,5.112498874964937,1.650847496463313,0.5558736247827494,2.0914116533081906,7.65929656772228,0.5,1323.2358783946318,1336.2415343386028,1328.9588347387673,1326.0584041719815,1307.8442934986601,1319.831974242308,0.6906975827139586,-0.10055730430021462,0.14318627110726062
2024-10-08 00:02:09.772096,129.7720956086715,12.971827134749159,77.59484076634577,20.1448094803476,4.933803185269402,0.11876350934479711,-1.661545097372013,5.207422659313084,-0.680435627582456,1.9333834354824473,2.1565767106894227,7.745097139244021,0.5,1329.0450873437408,1334.5487584419684,1359.851466088158,1330.1978822555127,1308.4505437219502,1336.981713663348,-0.41899857851346367,-0.04931759414784545,0.8176234563592023
2024-10-08 00:02:09.872151,129.8721511951084,12.971816299781896,77.59483261387109,19.35085747972694,4.889439482204822,0.06809955235766371,1.5602659038747788,5.132804856018671,-0.5078154565601349,-0.7933615861814487,2.1836732126436744,7.594974288646932,0.5,1317.085857373334,1315.1804679408035,1331.4525519396843,1331.1956639811956,1314.675673817841,1330.402309604241,-0.1712113220522651,0.5623807545075913,-0.30489056154780814
2024-10-08 00:02:09.972207,129.9722067815453,12.971824884229875,77.59484031492387,20.457036120367547,4.9583327794707595,-0.009766039335640377,2.142305692469904,5.401354738164073,0.2576703438081307,0.7055671038107731,2.2299067307932896,7.565788761305588,0.5,1334.853855424946,1341.4128144089646,1334.3715758403125,1330.6773788204848,1328.3987095444083,1329.6642507268498,0.043434229908597556,-0.24722943096820443,-0.35328203661077245
2024-10-08 00:02:10.072262,130.07226236798223,12.971823360668415,77.5948461683338,19.77955678450141,4.873154856672872,0.035714146309030914,-2.084843480863583,5.300517531058675,3.912331258254741,2.9302721447494675,2.2964786416807543,7.601544661874404,0.5,1323.4857392885076,1327.402636553235,1320.0588284833802,1320.898315094508,1323.3136505203452,1343.3263956244157,-0.20500754678320918,0.28320410761014564,0.915015262962455
2024-10-08 00:02:10.172318,130.17231795441913,12.971820044216436,77.59485282478757,20.03983564615334,4.782535235763627,-0.1370448748349687,1.2231384596619819,4.93836939389344,-0.29319274578620697,0.06154903888585074,2.346557528164054,7.354571866177455,0.5,1303.1435192147705,1333.1587284865711,1336.5470772418391,1340.106838004641,1332.4751527510116,1337.074851949064,0.09656717913024075,-0.43741059313212105,0.19479772366000925
2024-10-08 00:02:10.272374,130.27237354085605,12.971810252798708,77.59486941026464,20.024320456251363,4.849157851877333,-0.019433236226493476,-1.405116327174838,5.048669271796988,0.5385616864675251,-0.2659963647793907,2.4277637324219445,7.382993674938319,0.5,1329.0109595215665,1322.4922290387797,1324.1753773712603,1324.171562668816,1333.9407111826308,1325.4888349599605,0.011287712916132913,-0.33341858833048305,-0.470275937058574
2024-10-08 00:02:10.372429,130.37242912729295,12.971814980351043,77.59487355155066,19.758656169898302,5.278464006456572,-0.23430641505587596,-1.597861355677864,5.519985749579667,-0.46269332395641494,-1.039177818663633,2.4860070945401715,7.35239110438253,0.5,1309.6855655091438,1319.500073948959,1317.1510514645006,1331.088020647797,1332.9971505035205,1312.0000858546389,0.401876868584145,-0.2501269844225534,0.33444675328552376
2024-10-08 00:02:10.472485,130.47248471372987,12.97182105946678,77.59487206797937,19.704570546276976,4.537846897926343,0.23986535661440758,-1.7878834416488303,4.883248617390431,-1.0892473616314686,0.8949590834682843,2.6548094214217253,7.214603612978525,0.5,1314.5219645187278,1316.2427430625833,1321.175987219121,1326.325802655898,1323.8769122910642,1331.4402443511071,-0.035629096922077844,-0.29999219807052585,-0.27859637882347543
2024-10-08 00:02:10.572540,130.57254030016676,12.971826625420245,77.5948704914609,19.40088071742835,4.739131954600025,0.02932539937401682,0.9934457793639524,4.842227398490858,-1.1869681589605388,1.1164624600681075,2.703212289349748,7.033322759873503,0.5,1331.0152969095689,1329.0276707151818,1305.6434552349115,1326.9255596944593,1325.1617442484644,1314.2034757792526,-0.14808111568826948,0.42121079442290316,0.582497863130707
2024-10-08 00:02:10.672596,130.6725958866037,12.971831028269703,77.594873996347,19.903370146372268,4.634627288319538,0.08888814226752931,4.668564778193556,6.578994474208147,-1.3012711188789075,-2.1777341798650056,2.6133076699399864,6.967882160941223,0.5,1320.509133762092,1338.833935751256,1316.3452834436032,1334.8396529852723,1338.9767531286293,1322.0427753984002,-0.10322555760286865,0.3963699609967898,0.7389914707281495
2024-10-08 00:02:10.772651,130.77265147304058,12.971849253632135,77.59487242752705,20.33511269083008,4.880894084861126,-0.06651024779305655,-0.9085569388058303,4.965181405723867,1.1765631452561194,0.6332605210161477,2.438848004019521,6.939616898493122,0.5,1329.4759771798365,1312.9935600378508,1334.0880874040788,1333.5780036821843,1322.988343812516,1331.8325983232698,0.3227189821927539,0.2557351982783657,-0.018710399935379336
2024-10-08 00:02:10.872707,130.8727070594775,12.971845380193875,77.59487899719734,19.721557751724887,4.7664878476314465,-0.19158355423464699,-2.401806313340188,5.340859877086482,-0.3195370930729967,-1.6628724333813132,2.415534082411651,6.969605103690626,0.5,1314.330949844717,1315.8120702322167,1320.8754882279402,1323.718306771829,1315.4330246780842,1316.4789427966323,-0.4967059346868359,-0.10925888432843159,-0.1712219069102129
2024-10-08 00:02:10.972763,130.9727626459144,12.971837541175312,77.59488804528824,19.854484412451626,4.9731342343157685,0.3041980999438718,1.7300170932377341,5.274235464920739,3.1489973796321356,-1.4719155981541778,2.5131134911597433,6.771189905646711,0.5,1335.5002531058692,1317.8342868947682,1313.933176303218,1332.809705842002,1322.2961804484937,1330.7504837413119,-0.18624850266035295,-0.41820161951766693,0.310189254402492
2024-10-08 00:02:11.072818,131.07281823235132,12.971832307908725,77.59489295388603,20.067753501344466,4.8778385014118495,-0.032315071982270634,0.7098681783113392,4.929327087981895,0.5075671987688466,-0.865162309111422,2.606137848996195,6.836646015190459,0.5,1321.0151916864047,1320.5627141582786,1337.2722566924997,1327.892930754245,1321.3825296513398,1340.6803241224839,-0.4269262681337976,-0.5341476127543306,0.3657759528178921
2024-10-08 00:02:11.172874,131.17287381878822,12.97183953994837,77.59490436568854,19.996536966199393,4.471617769093183,-0.08079470808034495,0.1777031592390017,4.475876637098838,-1.2869802860069406,-2.7063301331707854,2.542219111349904,6.792933480727877,0.5,1323.8130579677788,1328.4050910926892,1324.703557062559,1314.1286157052932,1321.827737975743,1333.0421966596032,0.4000252077280502,0.37506949591277966,0.4014437930718639
2024-10-08 00:02:11.272929,131.27292940522514,12.97183055064003,77.59489620138157,20.103313888963214,5.0458236655947335,-0.0939930234946006,-0.8353327410529374,5.115364301886674,-0.3288505225177657,-1.7305059198796573,2.6757050070663233,6.583182133878264,0.5,1329.915821889804,1337.0721256861436,1319.4588028084404,1321.333716248077,1327.2844764443068,1325.802678113368,0.14105078654316328,-0.19703715483867254,-0.18407944281064686
2024-10-08 00:02:11.372985,131.37298499166204,12.97183782826766,77.5949010013139,19.829377551647497,4.547867300930797,-0.1728768823025196,0.2815290541145714,4.559851095334238,-0.026203840429153875,-0.6338896660161941,2.7475112746469406,6.453298350259645,0.5,1324.5851292498312,1330.2323413519698,1312.141597291833,1317.3310009327593,1333.5757029496144,1317.9824986006008,0.5726633367127134,0.23022667387996645,0.24132323371807446
2024-10-08 00:02:11.473041,131.47304057809896,12.971830337731527,77.59489180913087,20.159650998180307,4.757838826405164,0.2050542078141073,1.509573112009619,4.99578707579628,0.22168694318110257,0.6050046464430554,2.7435531861816504,6.4526328190336395,0.5,1315.5132252227345,1321.6374379483418,1326.1414486994481,1331.215760689532,1324.2334448683437,1321.7699058504538,0.1634831733809521,0.1302271971693047,0.9571951136811847
2024-10-08 00:02:11.573096,131.57309616453585,12.971835392791586,77.59489842216719,20.131459997630625,4.563237856014818,-0.1071426755539292,-3.174253641866173,5.559721707638992,-0.718728507796542,1.0856736313762791,2.75209148066417,6.336269619334462,0.5,1327.0967554495844,1314.7611508239804,1326.0075712832943,1327.8089256500616,1313.184834291911,1317.9935544031746,-0.5175066494042604,0.2672775969849912,-0.25129984034081915
2024-10-08 00:02:11.673152,131.67315175097278,12.971830672395386,77.59491056727457,19.52444737890731,5.17344352678696,0.020634504128407963,-3.123247464591742,6.043146401725947,-0.24072512045354705,-2.5430301452211332,2.6433031608026827,6.191564503624754,0.5,1316.7600910971978,1322.741897792166,1308.6743892879733,1330.346775736108,1327.6203595958214,1325.925881780861,0.14757106877337098,-0.043935342207457734,0.31759926905119684
2024-10-08 00:02:11.773207,131.77320733740967,12.971836658795908,77.59491291096694,19.506463284315828,4.998006590044597,-0.16856517033184915,-2.6371479588681552,5.653585892841879,1.170671992711335,-0.6084109886864167,2.6596294025124556,6.202284499796855,0.5,1315.9055945336445,1334.605282838832,1322.0625586697865,1322.6937014575585,1341.342723181846,1327.2481658899005,-0.14516203592908386,-0.3411002410965436,0.3865152244218091
2024-10-08 00:02:11.873263,131.8732629238466,12.97182955705355,77.59492747860338,18.99672460781627,4.459343766154118,-0.054518092608318997,3.995681022026787,5.987836493838511,-1.2129851903544306,0.8403350368973198,2.6779220553597662,6.219977272073461,0.5,1316.3547782362864,1324.2835837365972,1313.8307250647526,1311.691996380388,1331.9214682040986,1317.8054115157042,0.32988066284069895,0.1467147014762104,0.030865338329580366
2024-10-08 00:02:11.973319,131.9733185102835,12.971823427604317,77.59492325546918,20.30604370006275,4.864611759933433,-0.20534344205318508,4.535171343822313,6.653900556959353,1.265713218945376,-1.7446222525491104,2.7845763761400106,5.937399180366065,0.5,1328.5693473865463,1322.339455563067,1331.1601632695806,1327.8536782629426,1338.0457995281815,1317.5462972447438,-0.02423769354392713,0.24192605473796508,0.39826810670813007
2024-10-08 00:02:12.073374,132.0733740967204,12.971822671952165,77.59491114138848,19.904263064611794,4.4574390998891955,-0.11367122215733358,-0.03491023174196073,4.459024915858625,0.39541987548536384,-1.403931328704254,2.673816846128757,5.869202759099935,0.5,1326.596662640271,1329.0778882683042,1316.1216304035888,1324.5254321774487,1332.8812826474395,1322.3674642800645,-0.2599660838312678,-0.4471292960592137,-0.20396605660248052
2024-10-08 00:02:12.173430,132.1734296831573,12.971831867501974,77.59491597852865,20.299057772643344,4.4970367004988665,-0.1433510046004177,0.84467707904885,4.5779217953154445,1.906524871268432,2.32778759563877,2.5591350826656267,6.000856986365037,0.5,1344.388160647804,1339.997588685855,1333.0616005307945,1337.0831699838018,1313.9656654122975,1332.8802676721523,0.15921057457599072,0.2964184840432888,0.5472087289411848
2024-10-08 00:02:12.273485,132.27348526959423,12.971825815218368,77.59492278991843,20.073292385599714,4.647229563913362,-0.05577308098823335,-0.2262608676021074,4.653068582825892,-1.153033405102942,-0.9608720250893421,2.6420159054892562,5.862447157742506,0.5,1333.7555845280758,1338.29773867215,1330.6378433038337,1321.1880129125552,1322.1220530419994,1328.5378011408714,0.03032716422064057,-0.33657249830294167,-0.6512388218516678
2024-10-08 00:02:12.373541,132.37354085603113,12.971828417138616,77.59491157313545,20.253780445051923,4.6073721944671195,-0.11933540222344613,-1.4555273470069636,4.833288666576592,-1.739050949435029,0.2698560675811087,2.661760432662652,5.8625933754590465,0.5,1319.6942949823904,1316.6733395176332,1333.1042315279951,1335.8508781500252,1325.4056567467487,1336.534196570346,-0.11307947316335788,0.5622449254133355,0.6297141156062043
2024-10-08 00:02:12.473596,132.47359644246805,12.971829127909054,77.5949148925677,19.78202510104005,5.070962330864095,-0.1819192202409156,-2.230663476679098,5.542888516822773,-0.1927449585160388,0.17384503176102906,2.6287405425007853,5.938621869229153,0.5,1316.3391155992194,1307.6661215827037,1334.2782411588016,1332.1782118524807,1327.6390125739197,1333.8551802220425,0.19763167334303539,-0.221676557676399,-0.4006369006107018
2024-10-08 00:02:12.573652,132.57365202890495,12.971843800362214,77.59492063291086,19.80739976044674,4.791024868732555,0.08133773300713755,3.1978073302882137,5.76077311142086,-0.18653013819232211,-0.0511053366873157,2.6120674756767768,5.6315116913508305,0.5,1322.6920546141882,1334.9086773537013,1311.1811676624063,1329.40305852933,1321.9264688706073,1324.0738201781687,0.07392463654755307,-0.2957649614694691,0.722006991801034
2024-10-08 00:02:12.673708,132.67370761534187,12.971860953743358,77.59490989878958,20.421942076528683,4.581176579874938,0.051789926287590014,0.5190765586584973,4.610781010437197,-0.2248781728574697,1.2618188015004783,2.567549455837556,5.581931648579848,0.5,1334.934855625409,1314.6136590928927,1316.0805471730514,1334.3747957899761,1325.1401456987303,1333.8128522013087,0.2475724635902134,-0.28580504037965504,-0.5974804137100496
2024-10-08 00:02:12.773763,132.77376320177876,12.97185562335761,77.59492645092828,19.91127277941152,5.050192232879722,0.05293458957538922,-0.16519914108405942,5.053170728960886,-2.3485480091834363,-1.0705424350519133,2.364242893073721,5.576446023180249,0.5,1328.803940796024,1328.1070326342438,1320.9011607382247,1334.1219377940874,1337.8438111105327,1323.215617824185,-0.08948405047563873,0.4701686302155143,-0.02088836875854919
2024-10-08 00:02:12.873819,132.8738187882157,12.971868232302352,77.59491653360094,20.388883882648884,4.569844811978348,0.2242933720274397,0.8362525549510451,4.651140447026194,-3.362762790439633,-0.17459213541823537,2.4392306939455053,5.462825177861639,0.5,1326.6176864823635,1333.573712905431,1341.5153037390573,1333.5640994549115,1335.2212623849546,1334.7554957343664,-0.4641686789502065,0.3642716756573846,-0.043320286878469484
2024-10-08 00:02:12.973874,132.97387437465258,12.971869234763728,77.59491119491575,20.078616259001723,4.60215683914297,0.047119753344693364,-0.4092177507366017,4.6205548379760195,2.2103137593340207,-2.59360933529866,2.3891789243234216,5.483679680455138,0.5,1322.4965252820157,1330.7163592132008,1329.3799671440058,1328.1276237149902,1321.2494275424192,1329.742521740133,0.029058482233166007,0.061415452766619964,0.1739350526090984
2024-10-08 00:02:13.073930,133.0739299610895,12.971878784542412,77.59491321467365,20.30699483858835,4.809445255544388,-0.03842898525147706,-0.010687207155427814,4.8096106567353925,-1.206579243917263,-1.656529389156932,2.325048167193679,5.412568559228582,0.5,1324.224044905263,1322.4794546664043,1325.3709744703986,1327.447043091649,1324.977107791917,1339.6023738934284,-0.233623590562145,0.14329526203551557,-0.14042122881697847
2024-10-08 00:02:13.173986,133.1739855475264,12.97187782436101,77.59491251167472,20.076477629443236,4.935455532138573,0.20876248574155948,-1.3315587013252497,5.116185264456832,1.3664173500498848,1.037127202231174,2.419766886772682,5.367402910128761,0.5,1327.4581321008145,1326.6119330762506,1328.7228429400352,1324.3274605085005,1326.024001731859,1315.0290205775914,-0.23398016865838636,0.21470438037463924,-0.23495913449963507
2024-10-08 00:02:13.274041,133.27404113396332,12.97187521909626,77.59490981868876,20.04053506511587,4.469724894534275,0.1937818393961648,0.35240817805197366,4.487781585377915,1.118316180771894,-0.977509102871693,2.378170437595042,5.296905512010101,0.5,1332.4874362150333,1328.9505738262328,1339.1800008398372,1315.9024391492285,1327.4726027619513,1315.8351518253419,0.18208865752350104,-0.07051496992316005,0.8347714650802357
2024-10-08 00:02:13.374097,133.37409672040022,12.971883329436682,77.59490810472715,20.146998443283504,4.593554047716652,-0.18364994378376617,0.6471183541565608,4.642545450012538,1.4867142000101317,1.5800310097773924,2.4199944899622277,4.989977859174854,0.5,1327.4250340802084,1329.16039878788,1337.202375083799,1328.5984433193137,1317.5547279960401,1328.7250063458189,0.17323999617007071,-0.015281488051512481,0.0009186973688066506
2024-10-08 00:02:13.474152,133.47415230683714,12.97186425153458,77.59491586075521,20.170030677954287,4.811508843809317,0.1301523636796543,-1.4330241276786495,5.022062837354371,1.1386476053127028,0.5351198006364231,2.3371887223508763,4.914640197714451,0.5,1322.348083671502,1327.0268493952453,1317.0081223652332,1332.0883272571396,1332.6627264330157,1318.6630986508253,-0.33168119091841813,-0.31895068552040534,-0.409973198266829
2024-10-08 00:02:13.574208,133.57420789327404,12.97187636413021,77.5949109072827,19.860234304337347,4.72074982796956,0.22817972938252898,1.7355857410937574,5.034858765830844,-1.3897907641041534,1.7937890826749627,2.318066320638786,4.917844370280002,0.5,1324.1809657076897,1308.1301713734672,1320.9275813972104,1330.7377810833393,1323.8867095491728,1319.7179595828272,0.2266269389394416,0.13894279925603834,0.0959981715692999
2024-10-08 00:02:13.674263,133.67426347971096,12.971881425060305,77.59491070271254,20.517340776227908,4.8113739562238855,-0.17730712985124092,-0.4627991122815587,4.8368316265148374,-1.8046107371056257,0.27958496350448314,2.514027436397429,5.107831634662281,0.5,1327.1244406986448,1326.3443558465715,1315.244310469027,1312.6399357230032,1316.8014656831263,1313.8709612806128,-0.6329700574179047,0.03878350321309582,-0.10617489371077325
2024-10-08 00:02:13.774319,133.77431906614785,12.971869594090473,77.59490554610043,19.767623031174125,5.051699838196734,0.015466108117281522,-0.9243747680214653,5.13559920238057,4.459870919208536,2.318889794539402,2.6125795832353997,4.760503693262632,0.5,1336.2059381716745,1321.885396546232,1318.340370427515,1318.7414800537904,1327.9031157186269,1315.9138613892283,-0.05235629670493005,0.22977239560355966,0.36096753291773653
2024-10-08 00:02:13.874375,133.87437465258478,12.971872361979512,77.59490758830749,20.33236305722454,4.591951603571657,-0.14368628495359392,-3.1125244874719726,5.549276886508795,0.2656253226628049,0.9986492384649353,2.5202826739682176,4.696007614587171,0.5,1317.466288055503,1325.4772670479292,1337.1278937967252,1319.7938251193168,1316.2053165809953,1333.4927870380245,0.4483427135943639,0.4487576679669087,0.08197939974507311
2024-10-08 00:02:13.974430,133.97443023902167,12.971875692192372,77.59491398785381,19.144772105388128,4.596946528821179,-0.10497576707211582,-3.99964557118615,6.094267962243082,-2.683075624508783,-0.4472352250393189,2.685845445908348,4.852478021284031,0.5,1323.9660188954283,1325.307473750726,1331.7582666384878,1335.4342934080335,1326.1814934868705,1309.3603271350137,0.32194295486069063,-0.2025102502134317,-0.7392770857728448
2024-10-08 00:02:14.074486,134.0744858254586,12.97187185256854,77.59490546350223,19.531989290895353,4.52707449607234,-0.14269244410212048,3.102733577871888,5.490147564669474,0.2534301296515344,-1.7438092781373027,2.7721817749432103,4.561568972021105,0.5,1324.5896356782762,1326.8089016278952,1318.5399022366364,1324.3820026252422,1317.6702948024258,1308.1068286248626,-0.3030113763197227,-0.18861231029552997,-0.22052893791264533
2024-10-08 00:02:14.174541,134.17454141189552,12.97186336717996,77.59491362846448,19.76566376077114,4.741799075240476,-0.15579566276206538,2.999645869169271,5.61309238289476,-0.70145064245552,0.1149340046605786,2.779192396012903,4.351733278830254,0.5,1328.0069519760264,1323.4569717080215,1326.3199745726458,1324.1896883566546,1316.3940735354856,1337.0852519130747,-0.02718274897875712,0.2621925819015948,0.09711834103859697
2024-10-08 00:02:14.274597,134.2745969983324,12.971850460298317,77.59491028309472,20.132251943980883,4.605847437985824,0.023353056255468903,-0.8887521894217798,4.690869476060815,0.06147831795827234,2.568643949020029,2.9340182959530954,4.558381175261434,0.5,1303.2020851162504,1333.6187737842156,1333.676640836574,1318.88590570022,1331.1803988193242,1317.6605644656743,-0.35057077497004524,-0.6798991377280867,-0.60406262841112
2024-10-08 00:02:14.374653,134.37465258476934,12.971857001277035,77.59491023346554,19.587814517751514,5.081836562223299,-0.10894952341279808,-0.5486291568999349,5.112526459159124,1.4521837384859448,-0.2729516832598211,2.9516097628434843,4.360919985501908,0.5,1333.4540166026377,1315.4359942581923,1317.4675394864116,1334.2193166136892,1318.9549040122586,1331.0734318956852,-0.5797844379893379,-0.39126443971953195,-1.1255155562141552
2024-10-08 00:02:14.474708,134.47470817120623,12.9718577889624,77.59491700099264,20.022465119920586,4.850574879737917,-0.14053070747681884,2.114948612868943,5.2934708064524845,-1.2513236061515491,-0.4130979160429069,2.991523535296516,4.360267212783811,0.5,1341.279453012999,1320.17061502978,1313.2338156362039,1334.8335616641407,1328.3175520062703,1322.1232373975377,-0.1085138203307814,-0.030700419675970664,-0.4495901540432954
2024-10-08 00:02:14.574764,134.57476375764315,12.97185260416572,77.5949199395242,20.011039365240443,4.557858874616712,-0.1224557864744659,1.0939889458457088,4.688910828134398,1.8283796284799751,0.42826221855282653,2.9539286986067226,4.29124075025997,0.5,1318.6477392185693,1332.7526793703296,1327.4184557776687,1332.3979360677395,1322.4174389080608,1314.3406032713874,0.0928264315716827,-0.09683192992344646,-0.08513367957992968
2024-10-08 00:02:14.674819,134.67481934408005,12.971847847928625,77.59491844773626,20.241384530984696,4.823741432398516,0.013984130446203176,0.8038340029603717,4.890278730998645,-0.12162656923127624,-0.33692952726764136,2.9259432647828847,3.965675999668827,0.5,1327.6873489012598,1328.9305306213175,1319.2819051739305,1329.580338667657,1321.8165981591017,1326.145072594335,0.17759605360737113,0.23033229886264656,-0.7412060468790087
2024-10-08 00:02:14.774875,134.77487493051697,12.971850577886928,77.59491097146281,20.171895530368612,4.943686321835406,-0.11278242112827823,-2.9373891344965415,5.751609274861809,1.6588027711367466,-0.7712224313292768,2.997188035419848,4.296674317881561,0.5,1330.4653936283528,1309.6133594094558,1334.1114787260763,1329.029660944406,1329.8629777317208,1336.5786200048035,0.5552452114453849,-0.4763281428625601,-0.0534821635094276
2024-10-08 00:02:14.874931,134.87493051695387,12.971845889077093,77.5948990186604,19.653580146093915,4.982207666608838,-0.10831531555976032,0.15906738836548584,4.985922971210257,-1.5252497297553873,-2.5466862080944495,3.011016262679616,4.269934061168672,0.5,1330.6385395732837,1328.4568292800975,1315.4126034003273,1322.0597809453461,1320.3966074125558,1330.593552968455,-0.3551421784635828,0.19551712930444487,0.29209918245189276
2024-10-08 00:02:14.974986,134.9749861033908,12.971846789068024,77.594905879458,20.203726692020705,4.7448615634148394,-0.15787482391050595,0.7613141830063626,4.808142572890589,-0.7210765506793415,2.5240492247545108,3.1262524750640086,4.011627964732039,0.5,1328.7722376905424,1323.0506504359819,1330.529746412534,1325.5693236806683,1329.361009798398,1322.0885659835092,0.16664666746205745,-0.02939471025571475,0.33670871257509694
2024-10-08 00:02:15.075042,135.07504168982769,12.971831616365701,77.59491467956936,19.805927620181063,4.984422933620536,0.13746234695994802,-2.122505733717631,5.419261800992669,1.5811132751067132,0.9183815434845212,3.151419155663718,3.921918824644657,0.5,1311.6659465255002,1314.8872928681108,1332.6777576098673,1319.1068767552022,1319.4696817555193,1322.2259877081972,-0.20152121950549082,-0.1801587952849915,0.2526717460375948
2024-10-08 00:02:15.175097,135.1750972762646,12.971837477484645,77.59491814193105,19.778989580215168,4.676920267836688,0.07861713224201314,0.3573263675408498,4.691209436608378,-0.5927847229319385,-3.206302888347091,3.315758725064168,4.02208841565696,0.5,1318.8745594977388,1317.4781765937807,1326.7382790566544,1328.081814081652,1307.6126894775691,1331.0184017264955,-0.3423270848752524,0.019821912080449512,-0.9415855002650767
2024-10-08 00:02:15.275153,135.2751528627015,12.971835010795933,77.5949110679706,19.877432618688367,5.005544362884254,-0.22637763693380236,1.6018088168363533,5.260466964918679,-0.2199571281539034,-0.41259083846529965,3.1873966516741654,3.711577945526125,0.5,1331.261977832198,1309.2202912532096,1335.1830833257704,1318.105445593493,1333.875985574212,1322.7254814872592,0.2808594780742537,-0.1290555115883766,1.2574932197928492
2024-10-08 00:02:15.375208,135.37520844913843,12.971849422275174,77.59490854935646,20.09952942127195,4.705802985639199,0.24669827780879044,0.17585288719449466,4.715545145352683,0.05221566444564893,-0.5881071773600203,3.1334975636924334,3.6349850972899507,0.5,1327.461545902861,1323.429252665045,1339.3669025288975,1327.786778350065,1326.8891183163314,1318.2981176493602,-0.00921242625914319,0.3825248366205058,-0.8900167954934353
2024-10-08 00:02:15.475264,135.47526403557532,12.97185487360328,77.59491338858543,19.91262274619822,4.7245372302813085,0.18732903690255479,-0.9349722189975438,4.819804690926616,-1.797106267554588,-3.603812170509884,3.1414275593966385,3.5786863375681692,0.5,1312.7896339366127,1329.1751217458368,1308.731416535387,1325.4534756741893,1315.0645266707954,1337.8755024185261,-0.3314543040107624,0.23161565168789264,0.2423559762275474
2024-10-08 00:02:15.575320,135.57531962201224,12.971857911593666,77.5949167373627,19.912431033923966,4.636443989147915,-0.05338485056824304,0.22931695765979043,4.642418450963502,1.1428387955244754,0.2910825241828223,2.981765299697536,3.53520993830166,0.5,1319.2825005732918,1317.7079962815342,1333.40668343033,1320.6861883477293,1322.0375856905475,1324.7804880930523,-0.6059163431651508,0.26140815641694165,-0.46197911387047375
2024-10-08 00:02:15.675375,135.67537520844914,12.971853366013585,77.59492530466171,19.958511631555364,5.011401812975879,-0.09690054469387432,-1.5631936221887486,5.250439233731924,-1.0037678656440225,2.9192472600549007,2.8952826116479526,3.5244928084453715,0.5,1325.6570696167275,1320.59813500154,1328.9362195389178,1324.3148512388925,1319.0686722202383,1323.9987717056504,0.243119646388488,-0.11990092142289308,0.40743138872763834
2024-10-08 00:02:15.775431,135.77543079488606,12.971848216210063,77.59491408989939,19.59961852475879,4.590543436721079,-0.14958104691047167,-1.4413654770030604,4.813834020021262,0.5634111855775367,1.1878224112308633,2.900618045190188,3.3195371676830314,0.5,1330.2239849878772,1330.519846525766,1308.2554753253735,1334.7321641603555,1327.8727949364416,1320.9669469133903,-0.24751030236057706,0.24897651437174984,-0.7490251689335742
2024-10-08 00:02:15.875486,135.87548638132296,12.971855063444448,77.59490498615466,19.67007829541233,4.907588923644883,-0.11405485781863015,-0.5890426678640637,4.944128721892097,0.9241006298609805,0.15712958658044043,2.9029726217803815,3.431432332691078,0.5,1326.6197654461193,1346.8875142151908,1341.5569604820946,1329.0961172137975,1317.8479379818084,1320.8945602552828,0.02794676527193119,0.23183933795050782,0.10601453003785596
2024-10-08 00:02:15.975542,135.97554196775988,12.971846662827764,77.59491511149199,19.481744505619712,4.776150844290987,0.0741888757769895,0.8991773454290239,4.860621439203361,-0.5706445823090204,0.9711963581804379,2.78564100792096,3.2339385861505625,0.5,1324.875154523028,1337.0951421335176,1314.0854190550813,1330.2075407378454,1339.3120921697223,1336.914640569288,0.007741585086032366,0.1496305038064982,-0.6050848080010341
2024-10-08 00:02:16.075598,136.07559755419678,12.971834251708978,77.59492447739261,19.850013728627545,4.592073015659012,0.07963358856033367,4.217792187034462,6.235643272556537,-0.42474999854454476,-0.5849957148762848,2.877131846231988,3.2077570781212326,0.5,1318.0810876491978,1331.8514313858273,1321.9547855496287,1329.16065746279,1322.5151578218772,1320.5120814496188,0.289926567444754,0.12192829658932466,-0.20295552355313795
2024-10-08 00:02:16.175653,136.1756531406337,12.971817316862143,77.59492183104587,20.325771847105234,4.625525653170953,-0.048050208165698674,0.7035461930126274,4.678971429315411,1.2987796574214299,1.0777317762262648,2.8467899508181262,3.076890864716623,0.5,1330.2989736624409,1322.0506126435487,1321.093066750246,1326.094075529206,1325.3744388893376,1333.6526346435278,0.08951249639871332,-0.10391824124217383,0.6617824960755249
2024-10-08 00:02:16.275709,136.2757087270706,12.971814539082782,77.59492571131615,19.990801182482443,4.600834616402589,-0.3158633130611738,-2.6487493524656998,5.318206646249637,2.305132541610228,0.7222923646031943,2.890662495802652,3.033024558584152,0.5,1337.474935757944,1328.4521466276783,1325.474504203982,1322.9693823248988,1303.59017175462,1338.1614407475085,0.08153702080686459,0.4863757627493413,0.09116170826560781
2024-10-08 00:02:16.375764,136.37576431350752,12.97182734721288,77.59490992884919,19.795727507534593,4.719238345584727,-0.08331821579893423,-1.8176584935481515,5.0578686110543565,0.6340255386227774,1.2775362538547999,3.0243862866064504,2.9258564308334942,0.5,1327.5817292883717,1327.2204245767396,1317.4810859386564,1317.6388983756585,1323.6876166158759,1343.824180162036,0.05641622514038642,0.181766662811268,-0.15550387115525785
2024-10-08 00:02:16.475820,136.4758198999444,12.971833836234145,77.59492017747547,19.62706740945446,5.22761429160878,-0.12678654531031885,0.6357191931921307,5.267652693799862,0.481720449766854,0.5360055482451069,3.1652579097439704,2.9822147223823663,0.5,1335.877965681146,1327.4764295983282,1333.0154655557205,1322.4414916550031,1336.9034171654384,1328.443510257799,0.0018159207692512317,0.015603998900195884,-0.4680955110534154
2024-10-08 00:02:16.575875,136.57587548638134,12.971837498283604,77.59492090180242,19.9229420209028,4.863087338927979,-0.0024225651333566133,3.2582205377077145,5.853684771765882,-2.6044801300216998,1.268048783911225,3.1806586058346387,2.8880907114465137,0.5,1310.940855752121,1328.521943712817,1320.940670515516,1327.9082540860513,1332.2820045711285,1331.6977736458055,-0.059697690432413394,0.12276694367426991,-0.5173533995069338
2024-10-08 00:02:16.675931,136.67593107281823,12.971829535936386,77.5949139487337,20.2790737427367,4.991205051766867,0.1281037718042982,-0.08250257829318741,4.993530326388196,-1.3898292577791271,-0.4314800042065353,3.299922009700115,2.8932828930007832,0.5,1321.7660022182831,1331.9629311694298,1327.2901717819177,1335.064107525932,1326.466277373885,1309.9826205190143,0.14719468921101767,-0.3911887344920691,0.7840228598479707
2024-10-08 00:02:16.775987,136.77598665925515,12.971828275765382,77.59492286593967,19.906432333195227,4.870225506076854,-0.21725585863107233,-2.6794241182315517,5.562877869728222,-1.3328442424895122,0.6488819559141192,3.1527228436951376,2.7226752310595037,0.5,1331.8597126912919,1337.902345413044,1332.3507035961038,1346.9793094727797,1321.543343495269,1334.718325139432,-0.3659848859893501,0.1537525700745428,0.18458855301457414
2024-10-08 00:02:16.876042,136.87604224569205,12.971843242819038,77.59491601087431,19.742891039810928,4.9232017161480925,0.1112285659934502,-0.0764154215369075,4.9250508879020884,-0.9470642362107545,3.078085315355441,3.0966795251964134,2.5957343348505266,0.5,1330.7584241509412,1325.9168775036078,1337.205485674221,1324.450125981423,1339.4775997968322,1311.5871787785952,-0.0038472558616550953,0.2712912575128079,0.29125207959788446
2024-10-08 00:02:16.976098,136.97609783212897,12.971839670976138,77.59493138095624,19.891140753565917,4.565763136670305,0.20823393291979342,2.747280173738389,5.332645004499431,-2.232530537619885,-0.45852978405325434,3.0054448080322094,2.5176934143761653,0.5,1321.8293778723075,1322.7613218046886,1320.7636420951424,1328.2796219803897,1331.5088589377806,1324.0301405057921,0.4888543937594091,-0.17654191731981594,-0.529867864304476
2024-10-08 00:02:17.076153,137.07615341856587,12.971858144556656,77.5949307066316,20.292652497590634,4.726617555817915,0.12538048005247127,-0.18649421699250013,4.731956664712385,0.9899357161396803,0.7049628712274204,2.9430897953581763,2.4524230443114763,0.5,1317.6072120582874,1340.217795164081,1330.4571283659457,1321.7540135660627,1315.4451391540154,1326.007617611172,-0.36985712388966835,0.09347845253676793,0.12757626826340723
2024-10-08 00:02:17.176209,137.1762090050028,12.971858034115602,77.59494175913495,19.853821177069126,4.867750358427675,0.03588415888075758,-1.378346426970893,5.0592608252169375,0.6364047810681911,0.3528064202610814,2.86826992388697,2.332670373821657,0.5,1325.2113344884253,1323.679498475467,1326.0850032195644,1328.8996127066903,1344.971500780316,1318.0806397633976,-0.2255367825290006,-0.2644192262201334,-0.2913983029944132
2024-10-08 00:02:17.276265,137.27626459143968,12.971874104424861,77.59493698234179,20.016829977462884,5.116336866024068,0.027494119593382105,1.6060202589535209,5.362551624499137,2.529687453823774,-0.3876562415892016,2.855210917277475,2.2996542535826703,0.5,1325.5171171002319,1325.0656992494478,1333.1251731696293,1341.3158434324268,1328.4079502970426,1306.4525907545446,0.1254794268424328,0.005913029070106398,0.40062830351217926
2024-10-08 00:02:17.376320,137.3763201778766,12.971866165775417,77.59494136697127,20.175203774747423,4.884487593327737,-0.13663306842704961,-0.6509800319419412,4.929570229416304,-1.664718246601317,-1.534238453308388,2.866828708144392,2.3091261877311067,0.5,1331.4533496329364,1324.6234982367514,1324.2142781704233,1318.6959148559383,1322.649863329561,1325.495673370102,-0.16572221823972194,-0.5371433826837252,0.5254114250089081
2024-10-08 00:02:17.476376,137.4763757643135,12.971875636722308,77.59494899412528,19.886561599753676,4.892163979952215,0.09501819282349083,-4.7207071607192574,6.799071477854562,-1.1372068437386478,-1.0135688378620966,2.857138749487476,2.0801431307792493,0.5,1336.2658755670195,1326.0473024574699,1329.617768661238,1324.9257591477424,1329.3215910626482,1323.6342864670744,0.14526823102277855,0.15341796459706677,0.026227024015409984
2024-10-08 00:02:17.576431,137.57643135075043,12.971873213828431,77.59495191741054,19.230537528021955,4.957943907371691,0.023569413186385155,1.3659910122323708,5.142732226295827,2.275177900167623,1.0642763039295144,3.015054718078009,2.0916455795823907,0.5,1328.2264385315166,1329.7922898188453,1315.4053420097796,1325.1104285332485,1345.6515025008596,1328.6410072814865,0.30971833700052026,0.47630218606663355,-0.9512732003685557
2024-10-08 00:02:17.676487,137.67648693718732,12.971885336115296,77.59494116424965,20.159911663346143,4.706979888689395,0.12590806601323243,2.3298191726876496,5.253529279544998,-0.8002428219325074,-0.7159280912271346,3.018887015514339,2.2070717484602556,0.5,1335.3311207978993,1321.7021407569837,1325.136342527444,1312.8469104184303,1338.699681586864,1319.9777500229368,-0.02929040027443065,0.4175397894857266,0.6030653834486271
2024-10-08 00:02:17.776543,137.77654252362424,12.97188879365911,77.59493823068799,19.69676037525199,4.6899812364847815,-0.051855545726265176,-1.318923223659482,4.872183439291896,-2.5833936282527157,-2.5129517185735915,3.1252056284334953,2.1297789731478476,0.5,1338.1666946670186,1311.2652249958514,1327.0944820731168,1313.4647004560488,1319.9019324346773,1342.6555255280168,0.25587284578479025,-0.04047995902401223,0.9148474695271995
2024-10-08 00:02:17.876598,137.87659811006114,12.971890833011363,77.59494989478348,19.89598039012894,5.024777702585179,-0.08690106737137877,2.207546772474643,5.489007697987923,-0.5137005431550686,-1.9269289276222241,3.1478274942114934,2.0492983970144243,0.5,1319.5036265515705,1319.2057205322385,1328.389832476533,1302.6034505496075,1316.7245164634362,1321.5814313821215,0.004094397172586299,-0.17926199739663407,-0.5825738373425742
2024-10-08 00:02:17.976654,137.97665369649806,12.971889078297213,77.59494856569023,20.13851514906571,4.494911329049655,-0.10172328137313248,0.5828587717583673,4.533685016607123,1.2499449183726559,-1.6170641323196546,3.054489279457918,1.754254390554971,0.5,1343.298452878941,1329.4328784993716,1318.3613737390826,1320.049099791386,1330.2794716254775,1312.4128672512495,-0.127721270304303,-0.19030272984297208,0.88516154329903
2024-10-08 00:02:18.076709,138.07670928293498,12.971890257374763,77.59495978962231,20.012616942565316,4.925898624144323,0.04372678823074249,-1.8601241191997673,5.265591232348426,0.792231025815572,-0.21935610688344617,3.0539220542632424,1.6882152386838027,0.5,1332.6493230991491,1335.2882951754411,1325.6107897008162,1322.0229449669332,1309.8001324540458,1333.3995255257876,-0.04182012483936396,-0.19952427662444872,-0.7107482663302274
2024-10-08 00:02:18.176765,138.17676486937188,12.971897334700069,77.59495965320725,19.766283529881804,4.540092906193413,0.1003281638814348,0.8368696952878878,4.617668267018194,1.1600713807461909,-0.33058168993550274,3.0761076238936655,1.640025364710047,0.5,1322.0383864342361,1321.5104224306506,1329.10552342545,1328.3975711170654,1324.974610634254,1335.0138568324714,0.5536484599916627,0.02857993484421056,0.6299778023562218
2024-10-08 00:02:18.276820,138.2768204558088,12.971909091295046,77.59495725930167,20.180083918832114,4.767105366181597,0.07601040415468623,1.1950193581149051,4.915195054124149,-1.3166976964261226,1.4141103968052864,3.1283793582505406,1.828545078441528,0.5,1336.1986323190638,1330.1405007008457,1331.9912707929186,1308.558587284664,1324.4142999445492,1326.2099543110485,0.057064509800772364,0.1806554351860243,0.29551295795621063
2024-10-08 00:02:18.376876,138.3768760422457,12.971926377585778,77.5949512495932,20.005420255241265,4.590316970992124,0.10952303840366422,-0.8354426580871035,4.667008637775499,-0.04573557863377631,1.4792741936141756,3.141637237349223,1.5203530463348518,0.5,1312.4883169713669,1324.1038775396032,1326.0165282112357,1334.1277321864777,1332.9639619821926,1337.2538756976667,0.0030937859456974495,0.6736730134983991,-0.5036853938545183
2024-10-08 00:02:18.476932,138.47693162868262,12.971929673920544,77.59494881170905,20.012902508653532,4.3628338185905555,-0.09930669329644133,1.2449419154856827,4.5380679943015485,1.9476465316115885,0.4589257928028894,3.0977992012166835,1.5478603964218631,0.5,1319.2811692345797,1332.3663226661572,1324.3762939886108,1321.966852644607,1319.6378396463613,1319.0772532612386,0.15291680140126745,0.33411245701953446,0.46438957240159845
2024-10-08 00:02:18.576987,138.57698721511952,12.971933493941519,77.5949401744175,20.25454704210882,5.107952864164407,0.20989992824013565,-0.45903284010726964,5.132830758041563,-0.8887064766548535,0.7361216277524256,3.1221767054406886,1.4461593296993707,0.5,1328.472976922616,1314.35293874997,1332.3350649193376,1334.8821703441897,1312.7816625259418,1321.2658614261259,0.1308313325529461,0.2836029134295304,-0.21796053450806907
2024-10-08 00:02:18.677043,138.67704280155644,12.971941512544143,77.59494630731751,19.921044908631902,4.5264957273217785,-0.24467572276626137,-0.4320541201006449,4.553646949585514,-1.5331114128118286,-2.6122455814052232,3.070859531066417,1.129334384029903,0.5,1323.9179763658751,1317.4594467178301,1323.718780942038,1319.633264731019,1319.2623272399346,1322.83125183043,-0.433613137188794,-0.400158310187872,0.7583418007131636
2024-10-08 00:02:18.777098,138.77709838799333,12.971928348354773,77.59495653999578,20.16808818539035,4.6867806503189335,-0.060611558970266446,1.6480298034302194,4.968459404914064,0.73251310745815,-2.761013293480133,3.0084767753526047,1.0237723921134605,0.5,1331.9752098923007,1308.6867106571672,1328.1078121154335,1328.9765851607858,1334.265721460265,1333.8215323613595,0.08155279968684287,-0.6578097671058183,0.4545692438322289
2024-10-08 00:02:18.877154,138.87715397443026,12.971917283754111,77.59495876271644,20.250834085527284,4.966219670141127,-0.03901895900986382,0.651066698813608,5.008866951473447,1.2560565308365559,-1.410659168224962,2.968142659846363,1.2781564964191803,0.5,1328.9938834612208,1329.7161371992336,1322.3466163584876,1317.803241778331,1330.7315334245532,1321.506608670723,0.3676855464071554,0.404715952691665,-0.23630465198541253
2024-10-08 00:02:18.977210,138.97720956086715,12.97191737893114,77.59496949022811,20.29837390610904,4.9653105782499605,-0.1566282277026214,1.4880589075400792,5.185861630674656,1.6994147787708007,1.3996317351123861,2.913934230793325,1.0571820733755413,0.5,1326.2580351348217,1337.1814014494134,1328.6051944764374,1314.6692194601017,1332.1828844988904,1329.088897859063,-0.35673176284640257,-0.37072457924917024,-0.10367565527496755
2024-10-08 00:02:19.077265,139.07726514730408,12.971905455776756,77.59497262769219,20.548611298820518,4.677745115361463,-0.10185607045205247,-1.0516529535801453,4.795586299729138,-0.5273863986036336,-0.38073282320274465,2.828020329511578,1.326875762459986,0.5,1333.3984886644018,1320.9758660696154,1323.6794572621125,1329.297280669843,1329.8417065695971,1321.3125220050008,-0.08675720560801968,0.2530879186830516,-0.23811629263848588
2024-10-08 00:02:19.177321,139.17732073374097,12.971918647620857,77.59496878635709,20.087926400112103,4.922263875188241,0.22502752583361998,-2.1228662309500663,5.365247438737015,-2.205444192221757,0.2792032330913624,2.9775684555409248,0.9018071781189204,0.5,1342.6303489086645,1329.0908261447637,1322.1997998179434,1337.8383822084486,1317.3785274630895,1331.3911530568164,0.23109734232773288,0.34137908892043245,0.31569700769495024
2024-10-08 00:02:19.277376,139.2773763201779,12.971921008147948,77.59496356135921,20.12380204749102,4.8913660600126905,-0.0782023832827663,-1.1061200829834092,5.015483943127961,0.18948261173108463,-0.921938690246229,3.065692765676515,0.8422505047471694,0.5,1323.5391856007739,1327.7300691562666,1329.9104077264271,1324.9902371306073,1321.2701388635069,1313.3597512015247,-0.07838911241342321,-0.4022782433885917,-0.3817530362035008
2024-10-08 00:02:19.377432,139.3774319066148,12.971910381200695,77.59497371600014,19.86657941296709,5.14898135313177,0.1489033549575734,-1.0057946275759235,5.248409665496482,-1.7652944517434128,-2.4279314059525845,2.9995928520833752,0.7854512892939237,0.5,1320.1513478703177,1330.4250639241327,1325.8977125051933,1326.3803338915284,1325.4848438276424,1333.1776129733346,-0.31162436964104395,-0.0960476487209088,0.16181609468354877
2024-10-08 00:02:19.477487,139.4774874930517,12.971909962791809,77.59497273432694,19.922531304896705,4.573045183562305,-0.12275334086559758,-0.5084131350531607,4.602857215848722,-0.6135290749572045,0.8769737001664161,2.927563685650851,0.7168460102982279,0.5,1342.552146800951,1328.9718856209004,1327.9884149847446,1311.0107317026298,1296.9764874992006,1329.6487339573273,0.283640569652838,0.07002441945340519,-0.15283886035661934
2024-10-08 00:02:19.577543,139.5775430794886,12.971905818207174,77.59496636981935,19.76484026420721,4.372718881933137,-0.10513141682570894,0.0333152859431749,4.374109388606535,-1.5786770612915733,-2.448995942797118,3.013445640209861,0.6093507820358511,0.5,1325.4243657892623,1318.5269163729608,1331.9536125172297,1330.0811638919854,1321.1625772652453,1326.562571962257,-0.0712046167951679,0.16731359143594599,-0.32818303678105426
2024-10-08 00:02:19.677599,139.67759866592553,12.971901768641757,77.59496109793822,19.929198065841508,4.719451643615688,0.06472475349930985,0.6946584614055524,4.770740350107591,0.8789511206368008,-2.2643847446731282,3.12623316396297,0.6587262801688807,0.5,1333.9451882980793,1333.9990053666827,1337.4552859142914,1335.3664755986488,1323.1410034114776,1324.721941230682,0.2696805965663185,0.3833011362822578,-0.8741746522607836
2024-10-08 00:02:19.777654,139.77765425236242,12.971899351528187,77.59496000808159,19.90384918366585,4.7104327822451815,0.006646932919093274,-3.5483243533272173,5.897357619661736,2.717169174976306,-0.8839417629864721,2.9460528516437727,0.46949730287602665,0.5,1320.479041770866,1327.120815541297,1327.7584700087039,1327.6400905968962,1318.629221231113,1322.6866486544216,0.7455664535064188,-0.17845281791962683,-0.7988534028177261
2024-10-08 00:02:19.877710,139.87770983879935,12.971908708094137,77.59496559186975,19.21913871776028,4.868556372603932,-0.019793010274972878,0.3876424057001202,4.884004458553972,1.0479394688472814,0.07761140383830038,3.027630973106857,0.49196515760784937,0.5,1319.6385393751907,1326.7357142606513,1324.334944544717,1322.6501312882363,1329.2213874386616,1328.2386265996279,0.11430446665517056,0.2786087025797604,-0.04709712684416542
2024-10-08 00:02:19.977765,139.97776542523624,12.97191846213794,77.5949572546931,19.981420760125722,4.893414962522008,0.29692758765510135,3.2075411395523616,5.85849777243841,-1.6452786518974825,-0.9989085920315578,2.957407054320663,0.46921838986713765,0.5,1318.2406307841914,1332.6147516967546,1315.377854974641,1318.7496954735573,1320.1565047919457,1332.4538028730276,0.21772197768936621,0.09803907577710633,-0.17987144236601688
2024-10-08 00:02:20.077821,140.07782101167317,12.971921185210496,77.59495156000315,19.861003537236872,4.908107569073486,0.003974830159712162,0.49024304847137046,4.932532205211208,-3.9026434802017977,-0.03508581898877321,2.899147840571857,0.2093785079647789,0.5,1330.752090195789,1325.643137646734,1319.425843927013,1329.1182655390446,1314.9588414134498,1332.5007509253562,-0.24599200586890857,-0.27354047740166076,-0.04597092003763458
2024-10-08 00:02:20.177877,140.17787659811006,12.9719229088702,77.59494839433907,20.07952387154847,4.889999674441302,0.22330327865088723,-1.998971417033573,5.287518122560857,0.038202128901632604,-1.197619338657645,2.826922635567076,0.3606288439923167,0.5,1329.5455715176329,1328.2753750973,1327.2067193089888,1337.323834165352,1326.7224490986978,1324.4416381693898,-0.5166428388042096,0.24800583475693067,0.2440613293555468
2024-10-08 00:02:20.277932,140.27793218454698,12.971906410535084,77.59495254160942,19.460987022432807,4.893808124878643,0.033715675048975574,0.06250673104099747,4.894323426307018,-0.11527615304100368,-0.24189452729307095,2.785634549692053,0.25678385144988203,0.5,1307.3209553358465,1332.5048434611615,1317.3287508355027,1300.1496519577877,1319.3612867009656,1324.710755536397,0.19652247810232595,0.3136849050373081,0.08533528872256926
2024-10-08 00:02:20.377988,140.37798777098388,12.97190612231844,77.59496827894998,20.09203216680924,4.672772547782304,-0.036964592364082685,2.901410175678876,5.50039550140983,-1.5992212641992833,-0.42639431945070955,2.8456697133695354,0.14176037525817914,0.5,1315.808225941797,1327.2060611048591,1330.6493828124221,1317.2068285442942,1324.4596794486008,1324.0170466837724,0.3930401991261966,-0.1654652743569637,-0.5068371746666616
2024-10-08 00:02:20.478043,140.4780433574208,12.971911702254285,77.59496870718175,20.041591615675742,5.031649337480107,-0.09183225804672117,-0.9334949359189579,5.118333812322942,-1.50725390390157,-1.6901660908731797,2.6443659597062323,0.0,0.5,1312.0502104123145,1327.3725596718557,1330.1224783835457,1333.3519084864251,1332.1011767205775,1331.752032593438,0.19576777584401842,0.02482219559164038,0.24008316928420717
2024-10-08 00:02:20.578099,140.5780989438577,12.97191271133659,77.5949733401652,19.905229400310755,4.5322225615493785,-0.27786396218461484,1.432089178331836,4.761210890476633,0.21642328604101346,0.9799122068859198,2.5834739304221546,0.03644756455640725,0.5,1327.0974891248723,1337.5737409485162,1317.6697165183966,1315.1341349401869,1326.417437113629,1334.3440521451332,0.2840860688697966,0.31299316411216505,-0.09497539132881619
2024-10-08 00:02:20.678155,140.67815453029462,12.97190588930486,77.5949854501224,20.328168660811784,4.9611792208209815,0.24874977503456538,-0.6864948796402075,5.0146237078626195,-1.0689971368949873,0.5188221079127104,2.5302596104603445,0.0,0.5,1318.582155223385,1330.9506074636863,1338.0064738441854,1306.7076928013946,1333.4319700696085,1330.5542827290624,-0.49490676830390745,0.5023944566313939,-0.2977874642686713
2024-10-08 00:02:20.778210,140.77821011673151,12.971907760249396,77.59497811615873,19.76785410477436,4.666485097689953,-0.044899634804469034,-1.374242988464303,4.864837400726902,-1.2407355540522473,-1.3579063497423265,2.4314896411574853,0.0,0.5,1322.2626099602467,1329.85113689089,1332.0992114662631,1332.2820602834422,1336.8706676474526,1319.6140184514195,-0.439036806632666,-0.3431394447743938,-0.23064078438743507
2024-10-08 00:02:20.878266,140.87826570316844,12.971899016566665,77.59497168937072,20.053167284576812,4.539680407388377,0.04310993695711766,3.1755160407635685,5.540258007804066,-1.5390983969479912,-0.3023817668228696,2.410326541733164,0.0,0.5,1308.1758917653356,1332.6684570233062,1321.5734665621635,1327.3437304414083,1338.5043533698586,1326.0978179321578,0.24294757996194769,-0.26478924784741736,-0.18557192674676143
2024-10-08 00:02:20.978321,140.97832128960533,12.971888690845345,77.5949758512312,20.403310344171164,4.718232412463655,-0.26552021969753814,0.7912129342098382,4.79147534610706,0.18836719690449627,-0.38872015149239136,2.4539838107237837,0.0,0.5,1324.1308064975126,1320.1826211377052,1332.441307386585,1324.6217965449944,1322.8335457849919,1326.8731420553986,-0.05048929375961515,-0.016613474198991233,-0.054434518485642375
2024-10-08 00:02:21.078377,141.07837687604226,12.971887556272105,77.5949624847949,20.211497832834322,4.635166247049694,0.010929233796767307,-2.2979720777673833,5.173544361087346,-0.9057342261246223,0.03774833831135809,2.363289140123843,0.0,0.5,1335.2134148013467,1320.284098322317,1340.3878791526063,1343.752889669353,1339.3580152569461,1330.334019562457,-0.08724580013772164,-0.08025265177226641,-0.32871610230734616
2024-10-08 00:02:21.178432,141.17843246247915,12.971899031514042,77.59497604760344,19.94346045645787,4.761675370864391,0.1563921118965973,-2.53776109897818,5.397985015322565,0.8718784210003665,2.158072011700207,2.468166155321027,0.0,0.5,1333.0772776058263,1339.2846252787267,1327.7258639292195,1303.60151572859,1332.397529984908,1344.968406134455,-0.2614509957878833,-0.043869399817931136,0.29928811897606045
2024-10-08 00:02:21.278488,141.27848804891607,12.971896845245993,77.59497815165096,19.703663482844256,4.919965280023186,0.03482861534243059,-0.988650758894309,5.01843618193383,-0.3700269420401653,-2.308238199727622,2.3794921743169595,0.0,0.5,1324.501682101416,1309.7519133345272,1321.6736191357354,1322.762789375539,1328.7630587923413,1311.2231475909753,-0.11595226404594444,-0.1399149794831053,0.6666878956864067
2024-10-08 00:02:21.378544,141.37854363535297,12.971907597840168,77.59497141490826,19.74562039353286,4.792580147085671,-0.03925121720572756,0.23363362570850654,4.798432014247315,0.3388206353226891,0.0673891212424749,2.4790770109865647,0.0,0.5,1330.9714044840268,1323.8207624119755,1330.9430974635718,1321.8629754277156,1321.5608890933415,1317.8820650816633,-0.21959641230135382,0.34295337879096527,0.7518774562388683
2024-10-08 00:02:21.478599,141.4785992217899,12.971903337083354,77.59497150660438,19.750416181707536,5.116936627562759,0.18433948106860715,-1.6087562375092546,5.367039978097696,-0.7545733715154324,-1.138141277498079,2.4564922891982603,0.0,0.5,1319.3943278350048,1319.9586680803986,1319.8585297254185,1338.165126457779,1329.0952616155491,1323.1276196984045,-0.2487137629969713,0.18676038186954133,-0.05889806732747397
2024-10-08 00:02:21.578655,141.5786548082268,12.971896556986602,77.59498204936088,19.42369029597691,4.668467598446285,-0.1886388117220674,2.0948748453623267,5.120417457274608,-0.08365588818314983,0.4370230084059195,2.345271314241043,0.0,0.5,1328.7246300338024,1307.9052487169695,1309.870582425533,1325.5978418590014,1321.926086593698,1325.9948010375604,-0.36838699493810634,-0.00640535651774114,0.5578852504929576
2024-10-08 00:02:21.678710,141.6787103946637,12.971904794109818,77.5949835212376,20.169624044037153,4.79878388606131,-0.1995960694212011,2.7743417750037906,5.546633002153763,-2.9443850725719454,-1.2625473820072743,2.24973953859363,0.0,0.5,1314.8856449913144,1318.7448046835493,1341.9292493025912,1320.2922472598093,1333.295671641553,1324.8317666477128,0.07247750018169859,-0.21675290810349468,0.05033113252888978
2024-10-08 00:02:21.778766,141.7787659811006,12.971901994822195,77.59498245116103,19.978867082526016,4.637365850999503,-0.10068793348828968,0.7074887433904706,4.692104050209322,-1.2274149105957786,-1.600955337456181,2.2536089487840636,0.0,0.5,1333.169051069751,1332.0279099269774,1318.9470379300114,1315.8372219490966,1323.097096745026,1324.839891364105,0.33128446266265116,-0.162929737345923,0.2916584971171618
2024-10-08 00:02:21.878822,141.87882156753753,12.971896787942255,77.59498209123741,20.311200446272192,4.90723655480898,0.13148788040416437,1.0140299453102273,5.012635673728199,1.1866935832494634,0.021368731308105276,2.378138301027464,0.0,0.5,1330.9477022098454,1332.9958691627955,1330.1661212674874,1319.6241785415923,1335.042844739458,1329.202434611517,0.26970966600137974,-0.27747415929274805,0.33106010776857064
2024-10-08 00:02:21.978877,141.97887715397445,12.97190706294061,77.59499165381088,20.18178580421125,4.618869962554997,-0.09983575295006099,1.5050703410291817,4.8589261817818965,-0.8336349726709238,-1.1470342825832893,2.281024806358949,0.0,0.5,1331.7239518327622,1340.8400132014983,1328.7208191194668,1319.8110237772808,1313.5403821905184,1330.1737717737526,-0.3323043546005539,-0.4165283811214049,0.5802908365215271
2024-10-08 00:02:22.078933,142.07893274041135,12.971902231482368,77.59499726274349,20.61238183747298,4.909496704771988,-0.12968075106136892,-1.0330870449406433,5.018689453810332,0.8488869829644825,-1.2365999988636,2.2962968805346207,0.0,0.5,1330.0951750987467,1326.0931845812383,1329.257672264818,1328.0297071199852,1332.7668811984286,1336.4434047912132,-0.3177603547709265,-0.06935424806039607,0.2835551162632865
2024-10-08 00:02:22.178988,142.17898832684827,12.971900759054138,77.59500109976304,19.975053543967125,4.637977274116188,0.08856013982145126,-4.203900019526685,6.2603076176622405,-3.7377103309624276,-0.7567433489894366,2.16395811034067,0.0,0.5,1325.008513985144,1344.220483255699,1336.2730475107742,1328.605099544888,1307.3438901177833,1318.7334184660608,-0.3039148047103476,-0.07940600331874306,0.5981433116173034
2024-10-08 00:02:22.279044,142.27904391328516,12.971900559586125,77.59500604848844,19.77113447392111,4.504034766437568,0.031468508114921134,2.64619362439295,5.223950625920884,-1.3767167102577345,2.197934675949867,2.1890011733386956,0.0,0.5,1321.3238831900637,1319.0957006158612,1330.8897168539663,1326.4769384114693,1322.5056152969364,1331.667801357101,0.20843653686161723,0.12189503050502207,-0.13556301881941304
2024-10-08 00:02:22.379099,142.3790994997221,12.971913807079785,77.59500157324796,20.50458645379588,4.5334692206501765,0.31644963357614764,2.0245681497946464,4.975073842500824,0.7265029587708383,0.9690163303906353,2.127708151757846,0.0,0.5,1324.7449266412304,1327.887042448166,1330.7321629355765,1327.6616482053541,1321.3128054442147,1322.7671887579218,0.30823208434323873,0.30938323144452123,1.0592234943269536
2024-10-08 00:02:22.479155,142.47915508615898,12.97191064322777,77.594998826496,20.176273180939795,4.773446042209079,-0.1447465801353699,-3.788046438860434,6.095574994478012,-0.2107790369850685,1.5555352544358048,2.0683681202181243,0.0,0.5,1321.4609835785343,1323.5619124661139,1339.9378124676518,1322.940153588157,1331.3045114385538,1336.5891083003314,-0.4123375785607471,-0.2718749964201932,0.5263144378200794
2024-10-08 00:02:22.579211,142.5792106725959,12.971895590652453,77.59500530544496,19.746556038014997,4.7740424500355525,-0.04781446410812462,0.07909719519545888,4.774937057596382,-0.621790095896538,0.4757195896207371,1.9650937397977568,0.0,0.5,1323.5676492705363,1310.9756330896485,1339.409367046832,1326.8930380540253,1315.366414124874,1320.7271865142893,0.10616110982380848,-0.1599596202124972,0.12173239590397877
2024-10-08 00:02:22.679266,142.6792662590328,12.97190349072894,77.59500124354487,20.19210141344114,4.6585688844366695,-0.06336632663809444,-0.1061417728639924,4.660208731198618,-1.830662176576305,1.5857251569062087,2.0539112142615217,0.0,0.5,1319.7766197070077,1327.5184575754504,1320.979172704486,1320.4449224669154,1312.9375240949514,1328.6809275198123,0.0804419406082771,0.1515958894481108,-0.41438733821845286
2024-10-08 00:02:22.779322,142.77932184546972,12.971898911851683,77.59500070396697,19.725315883356014,4.524882728998751,0.031727973080262525,0.11222897847316915,4.526385502702581,0.7731094077675587,0.6371517627312728,2.1450780113196486,0.0,0.5,1316.9899564072782,1314.695680239431,1326.7296480285686,1333.859824050449,1317.0238652521034,1334.1334728229874,-0.11382088783013113,-0.13479099688017543,0.25814673602029564
2024-10-08 00:02:22.879377,142.87937743190662,12.971907522059539,77.59499616023527,20.214559685953567,4.509256370678474,-0.051446082559601716,2.398172666978624,5.107570054004007,1.4959153301131525,-0.707588427934875,2.2358100340120557,0.0,0.5,1329.0623355440268,1329.1317937949714,1335.486965658977,1318.0665823077547,1321.5843492298955,1327.727575429348,-0.23113245518673384,0.006637627805701416,-0.15455554956538575
2024-10-08 00:02:22.979433,142.97943301834354,12.971914511050064,77.59499190741846,20.205217028498897,5.0230603639911955,-0.33153633467136623,-2.8458276574960166,5.782714485228883,-2.1220769850434342,0.4639999324267677,2.251424187637391,0.0,0.5,1321.1346937693304,1324.1776403369415,1348.7794592397142,1346.2915314252161,1323.291770416408,1338.922603056751,0.20255392330756908,-0.18098383935139178,0.3196446768736275
2024-10-08 00:02:23.079489,143.07948860478044,12.971908799835045,77.59499068893044,19.645077775615448,4.448050894702545,-0.13212668437298833,-1.182352616848874,4.604407880841672,-0.19440570827751533,0.5712887660906959,2.191338686923659,0.0,0.5,1332.8206912301387,1319.885299731702,1337.136217259882,1315.8319320256144,1326.3073280469443,1329.344450303162,0.09965378940268575,0.10524676100036418,0.8284337792074874
2024-10-08 00:02:23.179544,143.17954419121736,12.971899499520708,77.59499367802819,19.96861505959109,4.574529434337159,0.14812034702135687,1.6872740881459976,4.878027575910953,0.7768064321580117,-0.8872117182617631,2.1700557284471,0.0,0.5,1324.4293150192616,1328.355479606649,1308.939446447555,1324.4903417861376,1322.1767599427367,1319.0380033537372,0.0972333175847036,0.17094858056068898,0.3264134132251388
2024-10-08 00:02:23.279600,143.27959977765425,12.9718806728322,77.59499418568903,19.982720172354032,4.878036591141115,0.04027963346023756,2.87813392402758,5.663966659331755,-0.2660049273502529,-2.545876664652386,2.21532554435609,0.0,0.5,1321.3623804254755,1325.564341044793,1323.189236421498,1316.1170585594161,1335.9870166361186,1336.3999415808682,0.1624900590727372,0.18784804732990007,-0.029501886737330944
2024-10-08 00:02:23.379655,143.37965536409118,12.971873761622836,77.59500966899381,20.54456181481633,4.672826599437582,-0.157631970111929,-1.1236535253583213,4.808612430989105,-0.9809096671284286,0.047637485447628705,2.130710579721624,0.0,0.5,1343.7615050168092,1322.030971160777,1319.3348313685224,1325.9653988504267,1325.043014946273,1321.9419909738372,0.08300156352938061,-0.6719988080527796,-0.47498936193107893
2024-10-08 00:02:23.479711,143.47971095052807,12.971876394566799,77.59500014061942,19.75786454749116,4.516946284059554,0.23405318877796208,-2.091838489889568,4.983309432098313,1.9443239504532563,0.6360548404137095,2.0623121159317344,0.0,0.5,1321.9439618309325,1312.249208545776,1327.8033295565126,1319.1076560085871,1307.2860645269334,1309.6298690199274,-0.052631080389301664,0.0885041049789431,-0.9466421065601577
2024-10-08 00:02:23.579767,143.579766536965,12.971876702441934,77.59498020488573,20.125961561142258,4.954207381274818,0.13440560258976234,2.0072604530164,5.347086138162449,0.9217430912667256,1.3461423490635251,2.139654992902768,0.0,0.5,1335.1594716985373,1334.9805560020154,1326.468620005652,1333.000045494172,1334.2236917613618,1321.521179238508,-0.3457063725115744,-0.35220176290225985,0.2139534531885598
2024-10-08 00:02:23.679822,143.6798221234019,12.9718814549883,77.59499776475198,20.1595397910076,4.721686339973696,0.09179397247310674,-0.8988559856063603,4.80735791358798,1.2842834101031477,1.717974329656102,2.1834139815337905,0.0,0.5,1315.2852285499305,1325.477480183304,1329.7354605523633,1335.1308435981653,1321.8133661500947,1319.0822272876794,-0.1809867186726626,-0.29966355871646405,0.6364397091995356
2024-10-08 00:02:23.779878,143.77987770983881,12.971891042983092,77.59499053754797,19.946090435617847,4.861436855970289,0.1887181073472222,1.9902613681721277,5.256455378129391,-0.22328547198688237,0.37230184056529975,2.2116270698999796,0.0,0.5,1322.5338237788771,1330.7559190213278,1328.0311492005976,1326.1650676914805,1329.2069467961637,1322.9567274792737,-0.08677260076008853,0.18096408669104558,0.8682817373059453
2024-10-08 00:02:23.879933,143.8799332962757,12.971884081566587,77.59500290154165,20.557813327717742,4.823459158114969,-0.23837102437884983,-1.4359243790756864,5.0382990996655295,0.5969801440694296,1.6514375742343206,2.0636533299343087,0.0,0.5,1324.6236534134346,1320.663335922758,1331.9371877295084,1338.7480113954937,1319.4012442022552,1339.8232173514666,0.44785370123456625,-0.4709236005011825,0.2762324069845317
2024-10-08 00:02:23.979989,143.97998888271263,12.971899199776766,77.59500284467792,19.65874592396247,4.871510609336414,-0.28753454186558913,-3.1583173132279256,5.812852998371656,-1.119190477040351,1.7709113103908058,2.040335068690039,0.0,0.5,1323.555983188457,1332.5451582915753,1331.7045491524748,1326.0347067177204,1326.1326983773083,1333.045941588984,-0.08788670463153006,0.0016310203797449687,-0.8681241015190754
2024-10-08 00:02:24.080044,144.08004446914953,12.971897421269967,77.59500897830384,19.925798745859684,4.757240858629969,0.057864834623475254,2.2992232657795597,5.284043579684637,1.601892093401644,1.7926568146724338,1.942744340862723,0.0,0.5,1316.1433665886789,1327.2297484377175,1334.087156238336,1339.2521634699992,1323.1414857272846,1314.3397980298805,0.14769625640009496,0.48400483496757746,0.3160400555279451
2024-10-08 00:02:24.180100,144.18010005558645,12.971876798754503,77.59501601800096,20.118846188376367,4.754237542315436,-0.04139618194465561,-3.0175407989679286,5.631166906252834,0.281404928148483,-1.0507520058070066,1.8245838959319691,0.0,0.5,1317.651149622786,1326.6290020422741,1332.7272370062676,1334.1343355150418,1319.369881252983,1337.1352751801783,-0.28216475425558,0.23108057839266202,0.009366327020127707
2024-10-08 00:02:24.280156,144.28015564202335,12.97188182597412,77.59500999682278,19.321955117383897,4.973990635200297,0.1770274222281339,-0.6450776764075385,5.018769446376307,0.5348795496114973,-1.7954409798679873,1.761107191309972,0.0,0.5,1324.5168951572693,1334.4998921033878,1327.2216193585296,1316.7855273374237,1334.383891689542,1328.932710066362,-0.16790385410992842,0.10928413995627635,-0.9588843663823904
2024-10-08 00:02:24.380211,144.38021122846027,12.971887475423578,77.59501638261492,19.98975893795615,5.0451068356602375,-0.1267513181964636,3.7810834176535337,6.306009886698936,1.9311216885392,-0.007360006750341926,1.827504114429803,0.0,0.5,1340.0901228790483,1315.963125390581,1323.551638778563,1330.5353935287485,1332.7891636356906,1322.7519351392716,0.22577920990751527,-0.1472262986617358,0.7180402509908578
2024-10-08 00:02:24.480267,144.48026681489716,12.971886205369945,77.59501877934464,20.07859215482446,4.499674006934217,0.10727051554676567,0.2309948796219885,4.506876054053038,-2.7018520993407025,2.0629534831875835,1.8784376915982461,0.0,0.5,1332.5961471437893,1326.6832974366919,1330.9261554288203,1327.574944529485,1322.7671657896644,1327.1673629414092,-0.1607110842461669,0.18778165626130716,-0.4602535746533783
2024-10-08 00:02:24.580322,144.5803224013341,12.971880725531374,77.59501154064928,20.035983594245113,4.881817057409492,0.029627161002965776,-2.922717380504878,5.689929036199719,-0.25615527770390417,1.6040446920562803,1.87434092864977,0.0,0.5,1330.9380932896797,1320.5953172565862,1319.172996168908,1310.6703699781194,1322.4133509388678,1335.3169635914362,0.3281968753320398,-0.20622421633082397,-0.09294338376207327
2024-10-08 00:02:24.680378,144.68037798777098,12.971888195734543,77.59501171324365,19.49372375183308,4.356772873940928,0.16860346438713367,-1.3166451087574984,4.554497924659301,2.0589531811451636,0.5925522805375221,1.8345325798121006,0.0,0.5,1319.5207614123583,1325.1356628643002,1315.2250248658456,1322.9533291956498,1321.1342899903389,1324.8103087073648,-0.145418769229485,-0.7714103521229354,0.3919897425890847
2024-10-08 00:02:24.780434,144.7804335742079,12.971892441558234,77.5950170945064,19.772508197273307,5.089835679699164,-0.0883890471633713,5.886818757227871,7.782600783185979,-2.670715298586696,-1.1739283349216423,1.9332381552086209,0.0,0.5,1323.996612780028,1324.3169116164495,1333.9686478236836,1322.7510537673215,1324.4451599106624,1337.1358351084516,-0.36342358246803524,-0.22035492833490714,0.032513557422755954
2024-10-08 00:02:24.880489,144.8804891606448,12.97188928255084,77.59501561052785,20.671741957837366,4.845919393068681,0.017887807930829443,-0.94520168938827,4.93727262478123,-1.2374545645062562,2.0690591815098793,1.9330214308001925,0.0,0.5,1325.91728727531,1331.0548614999957,1325.4775962899243,1320.1787385457717,1327.0198090473598,1327.5073814487287,-0.09781457936790473,0.0694574656383683,-0.35504806532291094
2024-10-08 00:02:24.980545,144.98054474708172,12.97189774925484,77.59500351763289,19.58336277860694,4.756265786464544,-0.30563310973333274,-3.700218448210407,6.033828999378014,-1.0994303690507319,-2.134757620281497,1.9445873320686367,0.0,0.5,1337.7776503464306,1325.920704798343,1327.3950397990345,1324.55232169007,1322.138006235726,1325.6520148991626,-0.12754702100652035,-0.07426202900365139,0.5838545448407414
2024-10-08 00:02:25.080600,145.08060033351862,12.971886102688435,77.59500960357026,19.931286904276234,4.8056973909536875,0.04298343510184082,3.040822795223292,5.68710631701763,1.4112294288031255,-2.3683466444104044,1.9474132277388183,0.0,0.5,1325.428116979597,1334.3164595867288,1321.122090250791,1336.605088384479,1332.0467651726517,1330.7951230868266,0.28028482838754876,0.36044667754920856,0.354706082508214
2024-10-08 00:02:25.180656,145.18065591995554,12.971896772585428,77.59501162257324,20.19186539466049,4.6672864816979045,0.09718452828616732,1.377558515302212,4.867306791014908,-0.04922526406675337,-0.1585360859985907,1.9942293683370171,0.0,0.5,1323.4520445538815,1313.9878534234447,1329.8877067126703,1327.9257696489221,1339.821850910384,1334.7140606756443,0.020187964923075508,-0.06277081956918668,-0.13206950015762398
2024-10-08 00:02:25.280712,145.28071150639244,12.971892264833858,77.5950225915603,20.206951754475746,5.1902831374985805,-0.04308429408039014,-0.023344412219614696,5.190514450936477,0.806812135682864,2.943281576280769,1.9921095140104588,0.0,0.5,1322.0722436641731,1329.6630022132003,1336.0029219142316,1326.886549089746,1334.7921994238422,1312.5842141063436,-0.08758413949954327,-0.2594930823509461,0.6276840590300977
2024-10-08 00:02:25.380767,145.38076709282936,12.97188771521012,77.59503837503955,20.18719391695116,4.991717061456226,-0.06061942685427666,-2.1183288687395248,5.4229356563286455,-1.3371180719615736,1.829202308422457,1.998496966760678,0.0,0.5,1333.7444633548666,1323.0281693079223,1326.967523001778,1331.21567390261,1320.276450234672,1328.4105670788078,0.11748872419640641,0.14755020186484596,0.5665997365599834
2024-10-08 00:02:25.480823,145.48082267926625,12.971885787826656,77.59503302580667,19.78305048001992,4.933530498741016,0.2346375376319542,-3.900453425032012,6.293513714684168,2.9049003558935533,0.7472458425931784,2.004059505659275,0.0,0.5,1329.1106443222966,1312.9075253725666,1329.4439404926527,1329.3262417447208,1339.6352682198817,1317.598186640259,0.08165456121067807,0.698138999866245,-0.22238301232851473
2024-10-08 00:02:25.580878,145.58087826570318,12.971890049848586,77.59503876221353,19.406669607328308,4.640098157385045,0.3446889842265988,0.6809395038244332,4.702446173416972,1.5662629487376838,-3.487267071596177,1.9532152408541492,0.0,0.5,1317.3511271721795,1315.8406291249908,1326.214361777285,1321.1604285756362,1323.8515255069367,1318.8527929744419,0.13309532452624456,-0.6005747391540804,-0.6617094639951041
2024-10-08 00:02:25.680934,145.68093385214007,12.971885677141405,77.59504451310374,19.91931408278609,4.737567091922545,0.08480002533059332,3.4718059573168603,5.874110111329575,-3.2938821175522444,2.071963809727186,1.9535845404442553,0.0,0.5,1318.6571211101189,1319.099075736539,1323.5360871644118,1313.2544274804816,1313.6094263524724,1323.8216410178966,0.2036796193556866,0.38064489159387654,0.8992857960962309
2024-10-08 00:02:25.780989,145.780989438577,12.971884773206574,77.59504388019157,20.101416769437197,4.95021207261936,-0.02333693928238957,0.46050591082570236,4.971640561278233,-1.1996774090934224,-2.2557458529725407,2.0515613374269317,0.0,0.5,1321.292468846817,1318.9416776143712,1343.5627763101822,1336.3856041408542,1324.8040733832374,1323.4001952586477,-0.1322921924900736,0.44984691952861955,0.53053264851289
2024-10-08 00:02:25.881045,145.88104502501392,12.971867344022968,77.59504204441845,20.01146646071676,4.844156220060469,0.030521143508371807,0.13014324893717344,4.846000236256238,-1.1074971711655701,-0.26833788067269915,2.1557489263921092,0.0,0.5,1321.4512645643626,1332.1276932773087,1325.8625823246907,1330.8148554175966,1335.7807855453595,1319.9997271548298,-0.06477411644690953,0.1365329510371381,1.1455738741681096
2024-10-08 00:02:25.981101,145.9811006114508,12.971864262957727,77.59504945264501,20.12745988762357,4.662982940652166,0.10169869575266001,2.650722534259586,5.364707119979848,-0.35936316071937563,-0.6852851113064692,2.211791785142132,0.0,0.5,1320.9084316420046,1327.246126811755,1331.6392793388968,1323.3911241795222,1329.100621449522,1325.8624629196609,-0.12397979741801593,-0.034811170150645526,0.34286758597493006
2024-10-08 00:02:26.081156,146.08115619788774,12.971860442554764,77.59503652535143,20.541905656010588,4.992911224487074,-0.12414635409699411,0.10065787830504291,4.9954686287984496,0.8827078504936918,-1.026558964553286,2.2545393943403997,0.0,0.5,1336.4674496618927,1322.257641510287,1318.822640614109,1315.695893274956,1336.233539537815,1327.6558469986433,0.09112415387810184,-0.16293883779248933,1.008814593229841
2024-10-08 00:02:26.181212,146.18121178432463,12.971851194153965,77.59504624006792,20.147602653710415,4.661832072305287,-0.06101019827003912,-3.436446611827506,5.791853402030122,3.387636897793984,0.882150428302499,2.1691104356735718,0.0,0.5,1319.9990511525739,1328.090670344661,1323.282546715559,1345.944262083838,1317.021297937695,1332.1839424352088,0.4827267563191259,-0.5045468461977047,-1.3416371966828473
2024-10-08 00:02:26.281267,146.28126737076155,12.971850033670655,77.59505465891128,19.854234293999554,4.5944999433775395,0.10610250726447774,0.7605081191250918,4.658224991453205,-1.8332480100094921,1.026576221116881,2.19882104422543,0.0,0.5,1330.440085223493,1312.8103293105362,1332.9544492171285,1326.2427477123476,1319.1736373324427,1318.553795200729,-0.24843979681374756,-0.4078191253587537,0.6581711197038582
2024-10-08 00:02:26.381323,146.38132295719845,12.971854750695837,77.59505308559454,20.29978882540839,5.078589252023997,0.29222141757638387,0.2660398336642942,5.093941434759546,0.3710294211520428,1.2417573488108595,2.175329436231457,0.0,0.5,1332.5990502529528,1326.1808054047824,1325.2741047083737,1329.0933421057728,1324.3372686008404,1327.9275812209494,-0.08088786927583178,0.7342679546038658,-0.03687146983057106
2024-10-08 00:02:26.481379,146.48137854363537,12.971860566017293,77.59505050814197,19.907471837145035,4.520058982510233,-0.034697515734832755,0.7144665209077772,4.576308504948904,-1.8985449229816735,0.35799262519714176,2.1634994616256766,0.0,0.5,1328.1762906346803,1330.8367758539919,1319.7126575664615,1323.134885960395,1336.3829079026275,1317.4571733274202,-0.2708101510070917,0.02630657120471524,-0.39863181364457023
2024-10-08 00:02:26.581434,146.58143413007227,12.97186713562706,77.59504711705462,20.44276155888606,5.0308138140690914,0.027692276328765395,2.999185133178969,5.857044131392422,-2.3426519468529836,2.8761472873837106,2.0250344400218747,0.0,0.5,1340.5034774899655,1332.71355216415,1331.77534254342,1320.6976129594316,1335.3243219581207,1329.586444795225,0.1477343643161742,0.12990537221647028,-0.3973798273020033
2024-10-08 00:02:26.681490,146.6814897165092,12.971873687630675,77.59505005325204,20.507642291811063,4.864562618081923,0.29479816785608476,1.0686569020005976,4.989278805519378,-1.0616919912783416,-2.1593240782827436,2.100705863031156,0.0,0.5,1316.6760774317734,1334.2400011290474,1326.6218531632978,1326.4162253780337,1336.0852287980385,1328.1448870296379,0.7428056280778962,0.04112752373127244,0.20296272413189217
2024-10-08 00:02:26.781545,146.78154530294609,12.971882793184085,77.59505056212028,20.656611744945074,4.767648373573414,0.19460969636264203,-3.817679167921554,6.110893402534345,1.845175471101538,-1.897466931466143,1.9691664499121337,0.0,0.5,1332.4719040035054,1326.0896342471453,1333.3003153744176,1317.820313091489,1321.213595428886,1326.3563030729229,-0.3628048459926893,0.33830561396190406,-0.397596863636133
2024-10-08 00:02:26.881601,146.881600889383,12.971874679165625,77.59503621048339,19.743682035862037,4.695622460658783,-0.1696560633750242,-2.739455628483583,5.43895859639633,2.1142727144594042,0.7423170346458894,2.0319475673803433,0.0,0.5,1333.2023505535376,1326.3654416671845,1323.3455960122903,1330.7043337067594,1320.164893498632,1332.1791386703574,-0.4742217168257007,0.5592416773028145,0.14003720187012783
2024-10-08 00:02:26.981656,146.9816564758199,12.97187338471666,77.59502999064779,20.108416066093078,4.988639884648808,-0.14423431112006407,-0.6533620111645178,5.033310377161942,-1.3014460492365616,0.8843306388415674,2.0254672448369333,0.0,0.5,1326.0644055065927,1325.6221146065072,1327.7011925446225,1320.5514379248284,1329.7098636576322,1326.3987956986823,0.009655870717397855,0.2124642366011598,-0.7367294122551722
2024-10-08 00:02:27.081712,147.08171206225683,12.971870229795488,77.5950277845636,19.612936997496462,4.645639357923183,-0.061549110333717155,1.1299162535438398,4.78147091143409,2.0649178788397635,-0.17217861187200292,1.9403327032677082,0.0,0.5,1334.9165320968298,1325.501213165051,1330.3768493529865,1322.7693286535118,1316.2872123029913,1331.4827097883733,0.40874527273660216,-0.06354969560366384,1.3024969521019896
2024-10-08 00:02:27.181768,147.18176764869372,12.971871537292808,77.59501578077627,20.33452493283858,4.709743310305098,-0.06938496535502976,1.512595078915652,4.947164864358251,-1.4838671497862685,0.6612832415454688,1.9587746360593372,0.0,0.5,1316.9362573105332,1331.2726536693822,1313.101267095739,1320.4717407859307,1318.8043610371235,1320.4774151865968,0.23105126486667035,0.19253055130201183,-0.17055443137088552
2024-10-08 00:02:27.281823,147.28182323513064,12.971880949506296,77.59500965292256,19.91562417282111,4.674371067492469,0.10026096670750674,0.559168417480322,4.708764854732423,-0.6750352919153566,2.066160338548455,1.9277147988012664,0.0,0.5,1325.468098652484,1327.1960017621298,1330.602647446398,1313.6508005696264,1332.5368640320526,1329.6018606840698,0.31900540192366617,-0.06183196248414256,-0.873382464933088
2024-10-08 00:02:27.381879,147.38187882156754,12.971877013635078,77.59500196268128,20.446420780694297,4.69026467051647,0.11185953966287684,-0.18060470473055545,4.695073300330823,1.277618825439623,1.5355002061899772,1.9873745040922295,0.0,0.5,1326.0787193978563,1326.9056068927325,1319.9927634691473,1333.9703213097675,1335.2990669310143,1334.8294805099922,0.025071083617794022,-0.018362253760950634,0.03161599736926765
2024-10-08 00:02:27.481934,147.48193440800446,12.9718694927742,77.59499202743666,19.879483153530636,4.664503842240995,0.0989674291417851,2.578234136113849,5.330542365175861,0.8495480624051297,-0.39923863218099664,2.188616850149736,0.0,0.5,1314.449836682947,1322.1975214886295,1316.7605346909975,1323.3362700652285,1332.228974219336,1322.110876029741,-0.19353479713688126,0.06189756848436277,-0.5432468255026124
2024-10-08 00:02:27.581990,147.58198999444136,12.971871877335973,77.5949995017714,20.962354237614885,4.721908717868134,0.32736275706848833,3.220740654895593,5.725099010557971,-1.4176737910743507,-0.730051114200618,2.2291442173171525,0.0,0.5,1332.9466075431214,1323.2560572673435,1329.1271311736364,1346.8119307826319,1322.7481349639927,1350.3829444150465,-0.5229467021267814,-0.03793562489897358,0.23861441899403577
2024-10-08 00:02:27.682046,147.68204558087828,12.971881331049513,77.59499228101694,20.523989343503747,4.5534092051979735,-0.0533855419527843,-6.290832239893561,7.766012855806734,1.2912606670571938,-0.8295719171561818,2.3117108766423184,0.0,0.5,1326.9567662566142,1324.643310025774,1330.8134795629533,1333.8484403227596,1325.8935356178895,1317.925260347765,0.19043543963900303,0.24700223599307433,-0.6108285013706924
2024-10-08 00:02:27.782101,147.78210116731518,12.971880558931442,77.59499488435966,19.703488419737464,4.5703008712500015,-0.0797891603076396,-0.183214456330262,4.5746676273648035,-0.7375415643709806,-0.6551707755517715,2.3353839937203986,0.0,0.5,1324.40092425874,1309.910973339007,1315.7408625070937,1326.2077142624166,1308.628299312598,1316.6618355021947,-0.22692972439539144,-0.4557542944042984,-0.29822298998833036
2024-10-08 00:02:27.882157,147.8821567537521,12.971877588041115,77.59499767043617,20.487326083760514,5.106182025541392,-0.04440086821730784,1.7837306186218171,5.408951953462834,0.4603100131737201,0.07863522155358853,2.346951135062762,0.0,0.5,1324.278570096623,1323.9403177443314,1330.5354686399837,1325.0904975271185,1323.3489436840896,1315.258566725322,-0.3753540398378393,0.31685915165893735,0.4952457604398793
2024-10-08 00:02:27.982212,147.982212340189,12.971870394575115,77.59499985373243,20.060432845921163,4.90313373172866,0.12874669129175415,-3.175656684879044,5.843123435453932,2.5248652750072833,-0.46861171958032233,2.367928198196956,0.0,0.5,1323.676855743023,1315.3575377030613,1326.354105010076,1313.9735986898572,1330.9263100470923,1328.3534227328917,-0.3033787025041656,-0.6750170810632236,-0.1571376312603316
2024-10-08 00:02:28.082268,148.08226792662592,12.971861409497308,77.59499746774432,19.851841699904845,4.693418132038204,-0.3160019852323518,-1.965855837668613,5.098295812456505,-0.06934151608965264,1.7236306849422431,2.4227277441900554,0.0,0.5,1333.6897189210274,1325.8879036844423,1320.92999994063,1306.9069765312713,1316.8791711424285,1320.0268491297868,-0.13979225787004526,-0.44191196714062714,0.8928510830730084
2024-10-08 00:02:28.182324,148.1823235130628,12.97184886051338,77.59499952219866,19.66704312854445,5.038659689285951,-0.17622064604993032,-2.2799203636809438,5.533279501819559,-0.39398645197276094,0.9865998731776113,2.5060625307475024,0.0,0.5,1336.249575162718,1332.850730559902,1333.3082957307645,1320.6248443248433,1316.9963180601744,1314.5646497754287,-0.1893882185019543,0.010724427515801358,-0.008313182124930176
2024-10-08 00:02:28.282379,148.28237909949974,12.971842137207972,77.59500284565931,19.395604161869723,4.660274445930004,-0.16167728422453673,0.9946359158476668,4.76797630664379,0.3778391795166083,-0.1561893998263373,2.4499617605227124,0.0,0.5,1320.8404066062533,1321.5238510845923,1337.4529016581214,1317.0870682118104,1322.8113022991315,1318.565844212669,0.36741510031614394,-0.057985326545044874,-0.16765131715145187
2024-10-08 00:02:28.382435,148.38243468593663,12.9718432833416,77.59501783142285,19.86608088824694,5.032053743224788,-0.12561802584041254,3.0784769667972682,5.900369920455831,0.1894080726885483,-0.7498720815423259,2.528964779252389,0.0,0.5,1334.1034340400568,1321.9176247689268,1309.6303207220078,1328.5811211128357,1317.97737293287,1325.07676191491,0.08300289620512882,0.27565082383622164,0.6906873968862666
2024-10-08 00:02:28.482490,148.48249027237355,12.97184772811296,77.5950218173773,20.011641798360465,5.009522164437087,0.04524217569843606,0.2964115403268863,5.018487717598531,-0.5371813476779208,-0.38835072960876676,2.4367743561416617,0.0,0.5,1327.15144379168,1320.7283033053843,1334.5723254687932,1325.7312869589266,1316.108404972682,1334.5425908503682,-0.36262575447176587,0.01261315705943586,-0.06545105632654985
2024-10-08 00:02:28.582546,148.58254585881045,12.97184694680023,77.59502800381519,19.92539614923516,4.739709478247997,0.04494064098647971,-4.514970251264501,6.546130304936621,-1.1384308593612769,0.2961095949113559,2.3785638125957895,0.0,0.5,1319.059035982198,1313.1827378853282,1333.4350911504998,1314.4310985632994,1319.373648298821,1325.2319067284468,0.41296158198382277,-0.21288854003128702,-0.06338196680871187
2024-10-08 00:02:28.682601,148.68260144524737,12.971851104360061,77.59502043747153,19.10814580588932,4.735343636541976,-0.004884128927718327,-2.131287053863659,5.192868929293402,-2.3017666065604554,0.49423420281173047,2.414145415809875,0.0,0.5,1326.0424563077963,1314.6483626237211,1328.3334373535954,1314.057701420443,1322.1492529274396,1325.5602509287626,-0.1182783436798486,-0.3122409778325038,0.25736161839580857
2024-10-08 00:02:28.782657,148.78265703168427,12.971851776920019,77.5950259552286,19.498901797155373,4.830295632000485,-0.05200881084792589,4.872133773226182,6.860914539122315,2.6213381248606553,2.5330308204106573,2.4931273179884395,0.0,0.5,1317.507289151605,1317.0286742611784,1330.34430066522,1328.1939465176308,1317.3720572374255,1312.2162807938191,-0.026824387003376766,-0.038817896813881404,0.7859721819930215
2024-10-08 00:02:28.882713,148.8827126181212,12.97185403149692,77.5950173621968,20.083114209647807,4.589060828594872,-0.19464904302373168,2.6875357911198847,5.3216741883587995,-2.286734689139294,0.2952922340983455,2.571728067890398,0.0,0.5,1330.7855401205593,1324.3851206943511,1315.3243493292966,1318.5275464448355,1324.3782568257545,1324.0408946008356,-0.274249551440075,0.2571076102802639,-0.32707741880188235
2024-10-08 00:02:28.982768,148.98276820455808,12.971846601225446,77.5950243676252,20.03670773645692,4.633498537375635,-0.24710658219337184,0.6608215795604764,4.686902550601863,0.7917670689120009,-2.2049060712725894,2.3927941539858124,0.0,0.5,1340.001063709633,1325.7830759668398,1334.0976455282978,1319.7107678203568,1324.8240625539634,1332.923513925766,0.18113227966971754,0.11127937347271175,0.15163392798168035
2024-10-08 00:02:29.082824,149.082823790995,12.971851906704421,77.59501325441911,20.215351990994044,4.7797066620606055,0.012367066796360992,2.1968167563769043,5.260394717203836,4.198815714705762,-0.395019399938397,2.4258990738531314,0.0,0.5,1325.7397939316347,1325.7797765040648,1319.0863024307794,1325.7545104876735,1319.1914034194788,1322.9072820110603,-0.6201315535289073,0.10816507934712614,-0.31296826157011626
2024-10-08 00:02:29.182879,149.1828793774319,12.971832271731557,77.59501764919266,20.476315314164335,4.45326730137293,0.17630565893077652,-0.9998237509757075,4.567528968256631,-1.7089191256987926,0.5038384695897876,2.4817933009330586,0.0,0.5,1329.294160577899,1321.3843356740329,1329.8839391082884,1325.2699871977406,1334.6337221558308,1311.6221586679712,-0.15753094842309828,-0.1811868691736989,1.2209678789648968
2024-10-08 00:02:29.282935,149.28293496386883,12.971839801549365,77.59501957740297,20.015276087518988,5.037836350621582,-0.07668534140794807,-2.439710047027404,5.598022941253232,1.9494790414665628,-0.34671890413910816,2.550234765650765,0.0,0.5,1327.893396404148,1332.9178010639064,1332.3124387621724,1327.873311719136,1316.102268054077,1325.8948474083568,-0.601834772081829,-0.07132639320718663,0.46768098775115813
2024-10-08 00:02:29.382991,149.38299055030572,12.971842012454324,77.59501253613024,19.988102075181523,5.108890874765338,-0.13812678144655394,0.11075725368223743,5.111957760707394,0.539631320022145,1.9741625846604296,2.580160306350173,0.0,0.5,1328.1738422440612,1337.5956158970068,1318.5187808734008,1322.021326667732,1322.5055915006692,1321.8324457027186,0.10765344937579933,-0.22629565310720226,-0.755365260053713
2024-10-08 00:02:29.483046,149.48304613674264,12.971865603444323,77.59501217371299,20.037439851457645,5.039153129969354,-0.15422424372761812,1.7667652289839992,5.342125865138351,0.9684534066784966,-0.3332536470869659,2.5027885199784663,0.0,0.5,1326.6136532219882,1325.1803916959882,1321.8016063902578,1333.1924329266517,1321.7483037196191,1332.97887328378,-0.2837419993263708,-0.012538729598206611,-1.118737285037576
2024-10-08 00:02:29.583102,149.58310172317954,12.97185884146726,77.59500348293571,20.34165153734612,5.021393039055287,-0.24416098519397378,-2.091074251059439,5.444868608406228,-1.3195414703497261,1.5065775503358538,2.4496385790221344,0.0,0.5,1329.751779222431,1325.4185968564532,1316.7301711291568,1306.7974560978823,1331.444320797736,1333.3993712638955,0.41261188307194696,0.380064046162698,0.16185097852414065
2024-10-08 00:02:29.683157,149.68315730961646,12.971850718357123,77.5949895887691,19.618992530511605,4.839192472061736,-0.2527618954605889,-2.046633863244068,5.260264492174623,1.787068850006568,2.5627362871940162,2.4520136020518484,0.0,0.5,1322.944999965622,1319.8412118914814,1316.332950839767,1316.8590229537579,1328.8453861286985,1333.8825993915448,-0.03340633206759577,-0.03936157607577076,0.09997105654838952
2024-10-08 00:02:29.783213,149.78321289605339,12.971852553900453,77.59498387186402,19.932097234529017,4.517848874592981,-0.06684984948919297,4.281193146874813,6.22447123191084,-2.245524902078868,-1.4560200130362055,2.422339607877276,0.0,0.5,1324.805883190864,1336.490138836946,1324.8400701324633,1322.537003251679,1321.5175285364226,1318.8435175896366,0.018528047228989982,-0.3899739887357177,-1.0313311502591043
2024-10-08 00:02:29.883268,149.88326848249028,12.971856261902236,77.59499223522249,20.475707112432012,4.801392611359894,0.16291744249479936,-1.7620970235341247,5.117118234107773,0.4153416176071865,0.29316910701021626,2.5499876133010324,0.0,0.5,1344.5183146571637,1332.9173627036305,1324.329667806325,1340.6100161971983,1324.5564175600923,1322.831820231851,-0.011036685519848526,0.1198563952861639,-0.8803350869659328
2024-10-08 00:02:29.983324,149.9833240689272,12.97186365848129,77.59498447212671,19.57948193243173,4.740529762146395,0.02341266626577746,-2.514339687843247,5.366104233482714,-3.1557770570073194,2.493205178361669,2.5941336697906427,0.0,0.5,1314.0318893727188,1328.549465726184,1323.2567839349265,1326.8445192074482,1321.0607966565688,1308.6218774665942,0.5785181308153492,-0.08738583818204103,0.4227723904956713
2024-10-08 00:02:30.083380,150.0833796553641,12.971868305042857,77.59498319444052,19.972559648494148,4.512573390671105,0.01693778831209234,2.591008071573242,5.203549588677282,0.794787179841294,-0.6643266393588654,2.5004128015785283,0.0,0.5,1327.3608966466043,1318.6634249184067,1337.0907591758182,1339.3267320434124,1319.0751049545827,1326.3924555510184,0.11462115470106397,-0.14848381104823913,-0.24177049424823338
2024-10-08 00:02:30.183435,150.18343524180102,12.971854225526489,77.59497259970297,20.097971596559702,4.855453838949744,-0.05256277675091945,-3.1231900647994166,5.773431476040342,-0.7686962311612096,3.060242418780865,2.4525184549598644,0.0,0.5,1330.0409708612956,1325.596408196935,1330.6922960076913,1330.8817370674074,1326.312384959587,1334.4702469712067,0.2235174747379595,-0.0109426503922538,-1.0610527218493184
2024-10-08 00:02:30.283491,150.28349082823792,12.971852824666056,77.59496727052324,19.347574421519532,4.559336633998554,-0.003767413422545754,1.034248670566015,4.675172194485753,1.7661882899369001,-0.736686178020574,2.533567153872596,0.0,0.5,1331.1447977379062,1317.5217701671577,1310.8588608430973,1331.8098148587146,1323.1196037054356,1294.1542802224274,-0.3180290406475018,-0.07608995793295577,-0.4881799437459336
2024-10-08 00:02:30.383546,150.38354641467484,12.97185508645565,77.59495347392124,20.30493631107034,4.967396704786896,0.32909662501660547,5.5479821455448075,7.454088844292708,2.295211166701833,2.7588572938696103,2.5470900526008613,0.0,0.5,1322.6932369206058,1341.7361310347812,1345.7867615269877,1324.301021488001,1328.5651039150944,1323.6283984524378,-0.17772658665565202,-0.5217783873532666,-0.11533843664023048
2024-10-08 00:02:30.483602,150.48360200111173,12.971854335947015,77.59496191083261,20.457787635747735,4.839840774612623,-0.22996871970679317,-4.223511385598883,6.427673977414372,0.5084283498446215,-0.995928090092987,2.488423555787925,0.0,0.5,1334.0570706966923,1334.9857645484653,1318.3962545908084,1318.0638747295743,1317.7827480947378,1320.3986888476425,0.10346988345291573,-0.22036859898865624,-0.02367781082416624
2024-10-08 00:02:30.583658,150.58365758754866,12.97185827382066,77.59495050948757,19.459764494051893,4.851878263415957,0.04851887082033995,-1.4546172509240307,5.065470176648927,-0.005970774463731834,0.5737936222207316,2.4600656716528584,0.0,0.5,1328.2137332909504,1319.3744966830536,1333.7466020902982,1319.7038606190683,1326.83997969317,1321.4682072530052,-0.369245615282876,0.28847793557762597,-0.02328393712053769
2024-10-08 00:02:30.683713,150.68371317398555,12.971855796363272,77.59495698575478,20.166702471582358,4.635643036261982,-0.24570115371639173,0.6159282494345746,4.682832799175443,-2.039261662304465,0.14721580503708565,2.5975559731088467,0.0,0.5,1319.998682889729,1336.0154587620982,1342.7863168181923,1335.3236822038764,1328.8344839159506,1321.524177761557,-0.030175729366177573,0.2740510090285131,0.4614368232062865
2024-10-08 00:02:30.783769,150.78376876042248,12.971858071415816,77.59494536124568,19.583018618451995,4.647403796704603,-0.01262020652716902,-3.290330586356035,5.694277538612532,-0.753309033309187,0.08220473216155297,2.593455661465359,0.0,0.5,1322.6290275874264,1323.057690690542,1334.2779350315739,1314.4487463100327,1333.222046448872,1326.3284408572956,-0.6720452617173034,-0.03719950502122079,0.10318400148690536
2024-10-08 00:02:30.883824,150.88382434685937,12.971855804155247,77.5949430192081,19.50827055880391,4.556260097934453,-0.15442160857810772,1.3367429248608147,4.750814010292443,1.8474210603052887,-2.072936954501875,2.6022928900383127,0.0,0.5,1322.4820724081403,1325.8343556232876,1315.3949036215631,1321.270207218839,1317.5820344368055,1322.8835732894304,0.25288758429598407,0.23158482535581917,-0.013116279453054854
2024-10-08 00:02:30.983880,150.9838799332963,12.971849419867532,77.5949445523037,19.850515812976788,4.702693285379624,-0.4083167278200556,4.495802815043945,6.51876442574276,-0.15615262999079485,-2.3730097266130437,2.5277462283085015,0.0,0.5,1322.9090800580027,1323.9118947998643,1319.6606397516061,1321.634019589924,1324.1607020941854,1318.7879162158604,0.17554190951307072,-0.3116284138084185,-0.03070442927968987
2024-10-08 00:02:31.083936,151.0839355197332,12.97184672187994,77.59494447834749,20.40793093313171,4.870338199390207,0.043358705540105076,0.9820644648764585,4.968553589019509,0.4209480313882002,0.5358369308019756,2.7004172157240403,0.0,0.5,1321.073762616055,1329.120139388024,1316.4228346064215,1337.82910705626,1315.8906519177128,1330.3714044100127,-0.34975994550411665,0.07565341078018187,0.6771178785182177
2024-10-08 00:02:31.183991,151.1839911061701,12.97186070885958,77.59493592272553,20.047037884880652,4.661077999337363,-0.05553008687215103,-4.251955565630055,6.309346863071267,-0.4744223100652859,-1.2766037682207934,2.793594900258609,0.0,0.5,1336.5143885829966,1321.6730898447336,1316.2425882505793,1330.4810834910004,1333.2390056112758,1301.6583178271694,-0.3167498852088118,-0.24499984233188038,0.1758051956739967
2024-10-08 00:02:31.284047,151.284046692607,12.971860824294914,77.59492935933801,19.55706711788616,4.804179030630325,-0.1996507428284774,-1.5303423689944395,5.045982990835345,-1.9146750340659624,2.4890952791812655,2.750700654893289,0.0,0.5,1322.8922472589118,1310.7267680231598,1321.3920555896352,1311.9588217210019,1328.8946082370062,1312.9969619875399,0.08303193790399739,0.08806806794650819,-0.09830891765170964
2024-10-08 00:02:31.384102,151.38410227904393,12.97183816273867,77.59492497197992,19.740799278522868,4.727091489546009,0.06407158708989157,2.353678521725655,5.281032257281069,-1.6824104875371049,0.7357758973928044,2.8293868153751216,0.0,0.5,1317.3441814942428,1329.5363475350825,1334.3150860160188,1323.1587702790205,1336.827021127362,1313.9427340122397,-0.0636943713334124,0.032696895825139155,0.09133051331414434
2024-10-08 00:02:31.484158,151.48415786548082,12.97185930333084,77.59491903975793,20.02806448743657,4.84440440560953,0.013292118991894827,1.4839473830802064,5.066609375239708,1.8910583541887722,0.8855535424311307,2.7530050965220547,0.0,0.5,1325.0784329862968,1335.054135337248,1320.6832159378373,1315.802284050205,1311.7051054377814,1327.4631631347208,-0.17414348496984144,-0.003533167003629596,0.20924127317992167
2024-10-08 00:02:31.584213,151.58421345191775,12.97185151279695,77.59491938029329,20.037753729834,4.765277402129027,0.004320268963454258,1.471695921657485,4.987361654200422,-0.8015330534851042,-3.5298557122307006,2.785806557804155,0.0,0.5,1320.6871519092983,1339.240461389571,1319.0219077520085,1332.0949126307016,1324.768157364357,1319.9525015636602,0.29602071389934476,0.25730638033237224,-0.18713995449998122
2024-10-08 00:02:31.684269,151.68426903835464,12.971858988674352,77.59492923939942,20.32256728443299,5.010756279061009,-0.1484664303829974,0.5248763935379515,5.040358717154306,-1.577050043259745,2.3327143979302956,2.7776839205716213,0.0,0.5,1328.618197134993,1326.5552026116493,1323.935726085159,1314.7304504181402,1323.09696851246,1317.5669211688125,-0.1568743960868432,-0.18348890189989644,-0.5191892649172051
2024-10-08 00:02:31.784325,151.78432462479157,12.971850314875628,77.59491707363847,20.142787360558525,4.609950555295284,0.11657620495777657,-3.7174637150621095,5.923239874142617,-1.116998567960538,0.008675440002776794,2.8213584598513632,0.0,0.5,1327.758209625529,1324.6057201624037,1336.1050007062338,1314.5211357132732,1318.9924100226588,1321.7591657027908,-0.26181485815123323,0.051422042479438594,0.4964424414933806
2024-10-08 00:02:31.884380,151.88438021122846,12.97182836274133,77.59492142195582,19.57866126029616,4.547599879896178,-0.2040413037682155,-0.16075596372269274,4.555012623599147,1.192516222177895,1.4798794332190148,2.74645969438373,0.0,0.5,1330.8999370269487,1319.6581403951463,1321.2641398556227,1318.4855113339402,1318.7279299744337,1320.245863643511,0.5049902342502253,0.08859965455187423,0.2242214908536758
2024-10-08 00:02:31.984436,151.98443579766538,12.97182188051154,77.59492704572614,20.110618296111827,4.91853223481602,-0.0890077003214143,2.3843724437658125,5.4667278756336986,-0.16333071072873628,-0.09055962425705247,2.8283529812256836,0.0,0.5,1316.389371449577,1318.449866154716,1320.6291005219875,1321.3649007672038,1327.8497403850224,1330.8941870270942,-0.521009678207344,-0.02622775699110959,-0.5456059354512663
2024-10-08 00:02:32.084491,152.08449138410228,12.971817563852838,77.59494373216545,20.055800826586317,4.293015260709812,0.354511009766907,2.7417376565855136,5.106151531464016,1.7678030354621908,0.7180029896364708,2.8306712152850126,0.0,0.5,1333.7587816903135,1310.7028838757963,1323.5661578073725,1337.3921434757074,1316.708332393558,1331.027315664233,0.3505126874350557,0.46881895139013896,-0.6650131086336721
2024-10-08 00:02:32.184547,152.1845469705392,12.971823688737649,77.59493358190937,20.65927063428365,4.5968332720461795,0.10185971484422444,0.5101906885755483,4.626180505688048,1.3552944667066176,0.36256242685989404,2.7118212055698816,0.0,0.5,1324.0567201311926,1334.8212914417113,1312.569436806814,1323.538487507447,1324.5446026169636,1333.0578847893362,0.09831179108253121,0.20735125007520802,0.1262607325657279
2024-10-08 00:02:32.284603,152.2846025569761,12.971826361256047,77.59494634977804,20.157895683666787,4.812216490740825,0.10840538049593354,-2.4939316018944737,5.421150626500461,1.1658526393149629,-1.2065274886197213,2.8876109524573934,0.0,0.5,1320.8721509820534,1314.7665345983796,1328.4653816594957,1332.4268546462263,1319.364735257187,1325.7479905909024,0.1072393737068493,0.022310089284208766,-0.36213540614090256
2024-10-08 00:02:32.384658,152.38465814341302,12.97182305451006,77.59494812478295,20.16020705636161,5.082592249638783,0.24897231364049224,1.4109552379243127,5.28067475541467,2.1348243521563113,0.6196179097979012,3.012531825216247,0.0,0.5,1317.1908530890191,1316.4862128791456,1323.307215940461,1306.9852417063044,1333.869327663252,1331.19979529556,0.2935256748457486,-0.1356289589090687,0.710099411626169
2024-10-08 00:02:32.484714,152.48471372984991,12.97182453078254,77.59494903131264,20.440243591200204,4.793453552075592,0.20715600244481722,-1.1350404500834799,4.930357734341468,1.3910185411686105,-2.039351709911002,2.9216207233667384,0.0,0.5,1330.6064585927131,1331.4378165085313,1329.0538999394446,1314.0174680256866,1330.2272357407207,1330.8276550088196,-0.2149390895879353,-0.1801538599626679,-0.5466078560991986
2024-10-08 00:02:32.584769,152.58476931628684,12.971831390087281,77.59494607123841,19.933072780635953,4.764283140086309,-0.20033526363770918,-4.153260413048116,6.323614481873484,-1.9208434151515048,-1.2297486704822964,3.060489209738869,0.0,0.5,1329.7384335591796,1328.7430887057035,1327.7013012374155,1334.2478006335969,1312.8084792058391,1327.205444160734,0.20533388290015228,0.1790521150634564,0.2359174815725614
2024-10-08 00:02:32.684825,152.68482490272373,12.971842680465958,77.59493869154856,19.609129778694697,5.003155530425158,0.16169886284659254,-1.0051285528521845,5.105682637182657,0.24782474192504272,-0.7662407820205204,3.0489539647670956,0.0,0.5,1322.8949961256556,1324.9706405284678,1325.541772477263,1315.6529420789127,1303.719312097371,1314.4318360238444,-0.06716953601390152,-0.3743906235263697,-0.6182663171424413
2024-10-08 00:02:32.784880,152.78488048916066,12.971837520459635,77.59493780467076,19.731935327035867,4.725667147915608,0.02007467029594322,3.3751056462986497,5.807208547051961,1.2176609202082185,-2.105751708873125,3.009565262145945,0.0,0.5,1329.5385940254969,1330.7587136994164,1305.982879655987,1306.9207720354632,1313.6612492218892,1324.182273033209,-0.27684623265875896,-0.08584533160147657,0.15277907777455974
2024-10-08 00:02:32.884936,152.88493607559755,12.971842751010369,77.59494562818698,20.284526128148446,4.7498392617972724,-0.20594691679792024,1.3336971715072394,4.937826980639949,-0.9376278629886173,1.8948537507204217,3.03011682746422,0.0,0.5,1328.4217172530257,1323.2573556383218,1325.4931678723183,1330.4035302340783,1333.8430461898288,1334.1874266023926,0.7495093777247203,0.27508984966074107,-0.0584698511694576
2024-10-08 00:02:32.984992,152.98499166203447,12.971848987460245,77.59494966017067,19.998823032284438,4.949326536050201,-0.10634809675915231,-2.5939935034667485,5.5889127184241,0.921417468929439,0.6427914138771734,3.2869625616836253,0.0,0.5,1326.2321588150762,1316.286347924203,1320.688641755884,1323.6693800259918,1319.0771126160491,1322.4966554183966,-0.16184006111764476,0.3847809565740417,-0.37020212566692856
2024-10-08 00:02:33.085047,153.08504724847137,12.971840338566995,77.59495035919211,19.765439045742635,4.783117749308546,-0.22656958246758713,-0.35743111234539526,4.801802388637255,-1.0843666811564896,2.6652150541883946,3.265144656888159,0.0,0.5,1317.3144701281835,1323.47578446054,1328.09107257032,1317.3110692733976,1315.7542865891864,1321.3042912538442,0.28125379696496844,0.5034694670036411,0.17950294431394803
2024-10-08 00:02:33.185103,153.1851028349083,12.971838245056771,77.59495807576653,19.927297073171516,4.593764380642733,0.09888995344139025,1.665485267477223,4.887360390224689,-0.4787370695777268,-0.932357148513133,3.306307110880212,0.0,0.5,1336.3935898523735,1322.0766253467098,1318.2784132726058,1335.0652780836983,1318.0122743756035,1335.4065546255138,0.1795724615886257,0.3026098805772915,0.7333410990198856
2024-10-08 00:02:33.285158,153.2851584213452,12.97184362854586,77.59496815164817,20.098721256021566,5.049182013501549,-0.07637640833774018,2.50994943704265,5.639141649021494,-1.306687758175364,-0.5081046027875633,3.248087504912158,0.0,0.5,1323.010201852816,1326.4428242069514,1324.4569519890135,1321.0768698050233,1326.7449894858237,1324.7239519188138,0.02661330704459578,-0.6240759968186922,-0.7013907881562382
2024-10-08 00:02:33.385214,153.3852140077821,12.971851022620589,77.59497493008476,20.429565998872143,4.780806918357716,-0.29660928306285533,0.9753662648869721,4.888295327421987,0.012378574359263053,0.25552884642150775,3.3346895753080097,0.0,0.5,1322.1903075377943,1316.1559146223256,1346.9260815009716,1329.4531085289323,1327.549659185582,1341.669799038793,0.03142300305801056,-0.8416246989093096,0.5289240402721497
2024-10-08 00:02:33.485270,153.485269594219,12.971855480335742,77.59497494812305,20.293902943269785,5.232033209066728,0.20416154356609634,-2.1849519565523963,5.673611591313818,0.21805320197607397,1.6955514499935247,3.2502208490116207,0.0,0.5,1335.7250266435549,1311.4960456553351,1337.7481901612157,1312.587047852193,1325.285624284622,1336.8220055291245,-0.40394993708334853,0.11838842210294363,0.6234848353175746
2024-10-08 00:02:33.585325,153.58532518065593,12.971854287118939,77.59497296427189,19.99233270017345,4.850060257182993,-0.023454975811625863,0.41018160628945566,4.867430901855155,1.2122904574838096,1.1648714481590918,3.183360600332156,0.0,0.5,1323.8368528684039,1328.5493801912364,1341.2572670061984,1317.668337339957,1325.111337256143,1310.8624944967507,0.21845478718220693,-0.11977984473504914,0.07687474382784594
2024-10-08 00:02:33.685381,153.68538076709285,12.971868293986379,77.59495552262757,20.375984865595647,4.845844467144201,-0.017532445353786917,0.9046898957245588,4.929602397132883,0.4470582043473662,-1.03596068138618,3.069455671786885,0.0,0.5,1336.1990006289068,1318.236493252672,1336.3878667831532,1329.1848913847982,1325.087935744713,1321.6801257052282,-0.19394412942618447,0.04620780543451501,0.5142240414891646
2024-10-08 00:02:33.785436,153.78543635352975,12.971859525366082,77.59493954420006,20.173371256294153,5.020864108037116,0.023229656372877047,-2.971380260298602,5.834270876433724,0.42342602149665126,0.7981977559956905,3.116606365320965,0.0,0.5,1314.8065887750317,1324.456844381101,1330.335192485089,1328.6795310988352,1327.599515227282,1337.8915894895285,-0.20605341402437455,0.5021530858426215,-0.6943865452995996
2024-10-08 00:02:33.885492,153.88549193996667,12.971858686030028,77.59494035538577,19.781378476653128,4.527608514672115,-0.14395764130057379,-1.3278117618944236,4.720492213704565,1.61221556500477,0.4657033823071515,3.136990237508839,0.0,0.5,1322.0562131733193,1327.0296726695537,1303.581698238592,1323.8357935881604,1306.7919234134863,1326.2754679367686,-0.19295667365163396,0.09799303222265433,0.3565812621614515
2024-10-08 00:02:33.985548,153.98554752640356,12.971866482394448,77.5949530686912,19.907661287265665,4.921999606407046,0.020312060733216657,-1.5494618201572052,5.160167113321741,0.09738127369697515,0.45469033813534954,3.1768955235110945,0.0,0.5,1329.8658221198298,1324.5466172074575,1312.6921906282676,1319.0203632113776,1309.8913802386062,1324.0058688240383,0.439583566013771,0.2517970494185273,0.07163312214893898
2024-10-08 00:02:34.085603,154.0856031128405,12.971856333714646,77.59496804766782,19.47131385449811,4.600265727955662,-0.056662239000359674,1.1056432673242824,4.7316067473651575,1.8330719819465844,1.4433623933819715,3.327175894200995,0.0,0.5,1317.346204246137,1319.1706142752498,1330.6151128149586,1311.5959066149694,1313.7363408606395,1325.858783854458,0.003622357947661963,0.04434846646363268,0.18172558463125024
2024-10-08 00:02:34.185659,154.18565869927738,12.97185124984764,77.59494760816371,20.128912858269658,4.836467795090835,-0.07921516537587613,2.8374403484884567,5.607919712924448,-1.09781791418478,-0.3058196372682127,3.2830122106377857,0.0,0.5,1335.1962508869694,1322.6653439515148,1323.047208995927,1319.1039733497023,1317.2838719278107,1328.171909953856,0.22997810211648675,-0.12661981595342925,-0.8263075380128593
2024-10-08 00:02:34.285714,154.2857142857143,12.971851320425062,77.59495359209753,20.039117370593416,4.841179665167244,0.12666936687822533,-1.4886942892158999,5.066485603026835,-0.038952399093292185,-2.4322206309531347,3.3448838346359127,0.0,0.5,1326.7731609482212,1338.846958155468,1325.2896755966212,1328.2138679518955,1321.1691343183477,1336.8564005512437,-0.26514071904119063,-0.16076227360820228,0.09474841460503895
2024-10-08 00:02:34.385770,154.3857698721512,12.971849383443777,77.5949516420462,19.83100849800414,4.938765958162441,0.0038417360380898383,0.0817576900703898,4.939444125438166,0.6098255919778033,1.1345302523274206,3.290201541253096,0.0,0.5,1336.3466353362987,1318.6907470784267,1325.4491601084503,1332.9296872669393,1328.0597622706423,1323.090995061973,0.18199027460258255,-0.1056418095876302,-0.1221395407798995
2024-10-08 00:02:34.485825,154.48582545858812,12.971853995758824,77.5949576386886,20.055477997844974,4.487237884358657,-0.14421376035165856,2.136449352888974,4.9719731774173965,-0.9886529578960528,0.3588796101140587,3.309864850588352,0.0,0.5,1317.4271678638931,1322.96830872353,1326.0881614843533,1305.8987086455074,1327.3177439632252,1318.0387960061037,-0.2154317845981006,-0.19072361822008202,-0.09028289210594252
2024-10-08 00:02:34.585881,154.58588104502502,12.971867539456504,77.59496381792634,20.258535883796274,5.018635288356705,-0.14238569280428626,1.13069762785193,5.146401749638725,0.6727916450618627,-1.9948574783266018,3.2955090172168204,0.0,0.5,1333.9010448332476,1322.541576995368,1333.1773734240933,1320.345350809128,1342.4439520922504,1324.9783339804128,-0.4102289012999757,-0.004627048279596437,0.3614691230745261
2024-10-08 00:02:34.685937,154.68593663146194,12.971870737099673,77.5949683574747,20.281743226320017,4.965173630334941,-0.0342102841497818,-0.5204390583234328,4.992491996622893,-1.4077670061040584,0.8521639638878726,3.283626097577188,0.0,0.5,1347.648968751119,1314.5369830116306,1327.8551133879246,1326.4634622142416,1334.2924935341714,1322.0964246248645,-0.3300288530682106,-0.12647341986754948,-0.5442250750016775
2024-10-08 00:02:34.785992,154.78599221789884,12.971867328619519,77.59497266664486,20.15439021342587,4.742964886754969,-0.11203661171832817,-1.8746744485807767,5.101242241603268,-1.0701707963234681,3.5481668856257955,3.372487779754163,0.0,0.5,1317.465300447956,1321.4959504467192,1325.5753541593308,1319.3182029373093,1307.3269426996267,1311.4767813250512,-0.1933509833053322,0.01594869721241122,-0.18469276575897234
2024-10-08 00:02:34.886048,154.88604780433576,12.971852861010559,77.59497466815768,19.906599923657904,4.864224131200324,-0.12435480912672542,-0.5048846556324236,4.891937145201026,0.47983189594421044,-1.1486237737587413,3.410855980366216,0.0,0.5,1331.992146904654,1324.2434147734084,1321.133108529479,1328.0722310003139,1320.781275091591,1324.765617679444,-0.2475169531018614,-0.05513986985526142,0.23684586263769977
2024-10-08 00:02:34.986103,154.98610339077266,12.971836317434196,77.59497760238865,20.05335715282116,4.6503109459568766,-0.05746859596947197,1.3887169204217145,4.853579011273497,1.7913444089837847,1.1552224912182276,3.3655038915437046,0.0,0.5,1329.5045286533018,1325.6389862163253,1324.8680321702957,1328.6844412787236,1336.4445488790568,1322.8058086113394,-0.20031181739952023,0.11989350415609867,0.09301616622380551
2024-10-08 00:02:35.086159,155.08615897720958,12.971840692049437,77.59496585107767,20.184497695393205,4.554258595334558,0.21520950832024213,2.326294280152908,5.118518493033143,0.5973461676222751,-0.8826539445787385,3.3440970899635376,0.0,0.5,1320.464675573076,1325.2566695156497,1332.4617705836658,1328.7829876488518,1322.1679266017634,1329.781659170169,0.07215461549689918,-0.3552609639263535,0.44892154636527276
2024-10-08 00:02:35.186215,155.18621456364647,12.971835286798798,77.59496816850377,20.518874629672155,4.83248124360441,0.14029009217186303,1.5482984920116962,5.076394832961253,-0.5480512575380818,-1.2471687665766913,3.2071724280737373,0.0,0.5,1319.340301017607,1322.0773025897165,1332.4059471169692,1322.9914304778258,1321.641057928853,1312.4988595009638,0.04352554901535286,-0.17917868240693688,-0.17631221880409959
2024-10-08 00:02:35.286270,155.2862701500834,12.971831683419957,77.59496831427715,20.494329522588327,4.493015203255451,-0.31050693566647397,-3.4624604397937873,5.680865468475608,3.0369859800424317,2.9583596192244985,3.178241818580152,0.0,0.5,1318.512813310847,1337.4825283336584,1330.0517982553038,1334.527756521525,1331.7516704546108,1326.0941903530556,0.37420419456149284,0.311268997139535,-0.16500818913117424
2024-10-08 00:02:35.386326,155.3863257365203,12.971836065823124,77.59496319167488,19.82599761003601,4.607155331334861,0.01630528424792613,-5.178413945876855,6.931242103995036,-1.1364508512661762,0.10010949144132839,3.1252052811048383,0.0,0.5,1321.8187162181334,1321.5634015946873,1327.9134034999088,1317.0263383188212,1321.0516192826676,1328.7982900959837,-0.021510789862934043,0.5233075902002629,-0.1725488855184576
2024-10-08 00:02:35.486381,155.48638132295721,12.971828597880283,77.5949612846035,19.458071034252857,4.605424459037406,0.26680866622002286,2.9385381706212854,5.469563775336053,0.38417618940484355,1.225905515670198,3.1473079773033046,0.0,0.5,1319.5746236206494,1330.0693613906255,1318.2392730361908,1331.1135127833925,1325.9670365443344,1314.5658476034346,0.18427587004274318,-0.2713428084164742,0.39440317671159664
2024-10-08 00:02:35.586437,155.5864369093941,12.971828719684177,77.59495071833089,20.41403192989314,4.738931876080816,-0.16504245214345337,2.9887661293470984,5.605125985477651,2.126991915347615,-0.18004665635354214,3.1203885139664655,0.0,0.5,1319.9899310230576,1314.6286526296492,1329.8501767740736,1312.2101217315044,1331.1669830094713,1324.0532337894906,0.6860764851172676,0.22149893145512836,0.5521182056351828
2024-10-08 00:02:35.686492,155.68649249583103,12.971835073788073,77.59496901238721,20.056156529841672,4.8312450974513235,0.0001644650198462609,-2.5779588112700935,5.4760205305770455,1.5127820766073157,2.574793022491461,3.0598094199540995,0.0,0.5,1335.4456437211127,1327.1179830856097,1314.010046663765,1320.42939024534,1326.8235812045884,1312.7835702248283,0.2649245474061226,-0.17998089440036785,-0.7297295912204791
2024-10-08 00:02:35.786548,155.78654808226793,12.971839386403461,77.59495800323586,19.898153568549436,4.4490692739285205,-0.06864013395590816,-0.5676182143459556,4.485657065521352,-1.1393957783080002,1.0641420321840658,3.068913069930255,0.0,0.5,1342.9935297315171,1321.0666500508112,1322.8520361097503,1323.0920085950665,1329.8472666827827,1307.7125643771428,0.1941225804248366,0.07621797597097069,0.3570394771668787
2024-10-08 00:02:35.886604,155.88660366870485,12.971837716357426,77.59496014872596,19.942569783224418,4.802141464178,0.05518475841663427,1.6290572851996075,5.071236105527038,0.45375561971333583,-0.0026124589585645092,3.0018358092818964,0.0,0.5,1330.4900006044822,1327.82620426164,1320.6272031722976,1320.3300592245484,1318.1189289327951,1325.463702693457,0.02282081251016063,-0.4900475269836333,-0.32804816840292444
2024-10-08 00:02:35.986659,155.98665925514175,12.971851905615631,77.59495892074301,20.224146132569302,4.753594145065789,0.16536012793493313,-1.4910952609121324,4.984713266079507,-0.43208876747037794,-0.4729240143264557,2.928953288796343,0.0,0.5,1314.4241380001936,1318.0481040876396,1335.0433172338303,1327.3931602459616,1330.7868549091215,1321.3273969653042,-0.1637156708168312,-0.02065757098293295,-0.20526004005852994
2024-10-08 00:02:36.086715,156.08671484157867,12.971858924889771,77.59496590983973,19.644184961696453,4.427819201189459,0.050269956044245535,-4.4368223599547605,6.26845296709621,-0.6723238936524847,-0.5541484751431229,3.065827206803437,0.0,0.5,1333.6631438418528,1311.0568165940356,1330.0902843621598,1322.9379361207746,1316.8234454358485,1317.2136643153465,-0.03120570001519118,0.19432548190735,-0.1762933897102814
2024-10-08 00:02:36.186770,156.18677042801556,12.971853034791565,77.59497654392001,19.336288406285895,4.75890435551237,0.2588575234160781,0.9773206506643959,4.865113928425396,1.5657288447144282,-0.8478734935974966,3.065286306896885,0.0,0.5,1325.232333411463,1336.6700269330474,1324.7219390843875,1322.770468945219,1315.5746097903143,1314.4047887948104,-0.26587068906431466,0.19645677211171506,0.20357011143936313
2024-10-08 00:02:36.286826,156.2868260144525,12.971851359091376,77.59497383351115,19.83975774337494,4.448180680647791,-0.32222382852572523,3.585025146032251,5.722110175542026,-2.314172249632071,-1.696149745012257,3.1064092491304347,0.0,0.5,1326.8344289765594,1319.8345822066665,1333.8597571163298,1323.9653260594791,1325.9907259732388,1328.5770352128197,0.05784788450373667,-0.5723779092271312,0.23119913622780017
2024-10-08 00:02:36.386882,156.38688160088938,12.971848215789816,77.59497807976359,20.053691993040623,4.600381187349219,-0.12045771870319817,-1.949331884361996,4.997790704531561,-1.8886538532973889,-0.7275644087142714,3.096203572554125,0.0,0.5,1327.9917945368466,1314.7819166395993,1334.2058137860047,1330.8792119710592,1320.73304697271,1331.9401588243866,-0.10124659583743705,0.4254586020448403,-0.1932271540847979
2024-10-08 00:02:36.486937,156.4869371873263,12.971841633518029,77.59498081914136,19.449674653674695,4.526198528376973,0.16767339933935252,-1.1135402776756962,4.664178323899501,-0.418676704318754,-2.3350933502752373,3.1956011416258514,0.0,0.5,1329.63666117242,1311.5871618829572,1325.2651680747363,1315.8646890870343,1314.7347272470297,1317.423759070503,0.12064245551049728,-0.05301291665425615,0.06906920448472927
2024-10-08 00:02:36.586993,156.5869927737632,12.97184548892097,77.5949733395229,19.830860142032424,5.060472517604438,0.18076108144130515,1.3418092502804484,5.2384643488461204,-1.8089921017461836,1.1328522032955073,3.170120328522125,0.0,0.5,1318.9442564520568,1318.4943272449368,1321.2646023629584,1322.8626490736833,1330.2211742379693,1312.6984449279514,-0.5429900611126216,-0.04835841684652525,0.10260397033328873
2024-10-08 00:02:36.687048,156.68704836020012,12.971847880574881,77.59497621256219,19.718185676521113,4.684092710017026,0.0894897138510731,0.26461927364593407,4.692414760536913,-0.4709025246486227,1.0291765185136599,3.10799832450629,0.0,0.5,1322.6728732065494,1319.3168350144977,1328.0368422087197,1318.4328951597936,1320.9021506256502,1321.3178875419715,-0.03619352658121271,-0.38361000398789963,1.3156380810645687
2024-10-08 00:02:36.787104,156.78710394663702,12.971865933549465,77.59497825096177,19.883813415246653,4.671998616650069,-0.14943677525443583,0.10645164222707137,4.675599894763392,-0.5750423403039536,-2.3245610194501434,3.162316816553982,0.0,0.5,1334.840970381307,1324.2488923272072,1328.3404281897153,1337.2600663723495,1322.7493346024485,1321.4316813000378,-0.007213344591807406,-0.006074718254911041,0.37843821070867206
2024-10-08 00:02:36.887160,156.88715953307394,12.971867885106148,77.59499001849144,19.73948783950143,4.5596555674730945,0.23209827746101808,-0.45670729455146386,4.588345023784205,1.598955248226668,1.729802637434918,3.152175913479034,0.0,0.5,1334.3655785672122,1310.1029580103827,1323.7570682293879,1313.1861527094256,1311.6870587840451,1323.8338261073186,-0.05627123645697661,0.07858404051995886,1.0121091569086458
2024-10-08 00:02:36.987215,156.98721511951084,12.971856152481184,77.59499272424429,19.792421182873877,5.231033535410107,-0.10287685852339712,-2.9547530083076765,6.008732049002358,-0.36256885581246556,0.2618926133644114,3.093053760004559,0.0,0.5,1343.9941366057162,1315.5781298209292,1338.84755645425,1326.2670594447584,1311.3152346719085,1319.4693309935356,-0.4676771407492462,0.2302257531925586,0.1858251656537498
2024-10-08 00:02:37.087271,157.08727070594776,12.971850070094842,77.59500397626435,19.148208749456337,4.814598910219846,0.01016910485982752,0.9145235863670536,4.900695814576277,-1.7456683497531973,2.0899749462845723,2.9900843934907484,0.0,0.5,1320.463125493044,1313.8454311854996,1316.4805043961849,1326.2062757945257,1326.4723845596197,1312.8349265137613,0.11012513779639112,-0.21467537775837509,-0.1165927126198541
2024-10-08 00:02:37.187326,157.18732629238465,12.97184355115291,77.59500577967594,19.97542757036214,5.070954916648922,0.13810982443100167,3.331100337627049,6.0687632636006885,0.18446401217424535,2.836678982700317,2.970401257799295,0.0,0.5,1307.910401604895,1316.6202263301172,1328.332875906659,1331.9559352851252,1319.5897842103357,1311.0815437697968,-0.20782696326274416,0.3387100525975843,0.40628349516039686
2024-10-08 00:02:37.287382,157.28738187882158,12.971849884777946,77.59500064989196,19.814799144978974,4.749341217364196,-0.06839455048620283,-0.9070547294696496,4.835666251484266,1.7044068279032105,-0.6994736618003037,2.8899266122781215,0.0,0.5,1320.5411113311313,1333.8155884520174,1331.6009427063566,1311.7381106915823,1314.3057987827708,1337.44141201708,-0.26544209193727064,0.1649254544288373,-0.07687659012520523
2024-10-08 00:02:37.387437,157.38743746525847,12.971840252745283,77.59499856991131,19.79391578458719,4.82612909853945,0.16082485196407276,-1.5565228029208384,5.073475134933749,-0.43887765325858696,2.320428061110477,2.9484079857502477,0.0,0.5,1330.8164255092488,1326.6792662764808,1334.743589975499,1323.1430565764626,1339.37868119732,1326.0095151134105,0.16825498072259384,-0.030872109616726855,0.1570780410644917
2024-10-08 00:02:37.487493,157.4874930516954,12.971847562164974,77.5949946185022,19.503321541281565,4.786658532034361,-0.18824883400451448,1.7923350591421752,5.114684984437613,-0.7411344335248967,1.370139268704821,2.8909563769388305,0.0,0.5,1306.0482086691015,1321.8042616053176,1325.4209274903408,1332.6244308738205,1324.3826825460094,1325.4263517930613,0.21381431288780528,-0.2525924756731634,-0.23897000943978536
2024-10-08 00:02:37.587549,157.5875486381323,12.97183600047547,77.59500058095121,20.152582055454726,4.790276629567755,0.04300361602050825,2.4300998731956582,5.371590536561718,-2.944286342009228,0.7300652361866221,2.876998053033878,0.0,0.5,1335.6350701665583,1315.2842822178795,1340.9168624278705,1323.3250167977558,1335.8632448188082,1330.0082889548696,-0.09403148000064299,0.09129234458273099,-0.6930115383286466
2024-10-08 00:02:37.687604,157.6876042245692,12.971838026760949,77.59499524863718,19.989611677107035,4.9492889769346,-0.1082890000256169,-0.19729880427456692,4.954403566818216,-0.33832284726119577,0.9280167161662334,2.845994961976808,0.0,0.5,1326.79694570169,1341.1726503958005,1321.8333255539674,1313.9852892660542,1314.4946861487372,1338.0451568756118,-0.4425346607588911,0.01836035848927523,-0.5681219981287242
2024-10-08 00:02:37.787660,157.78765981100614,12.971833522532554,77.59499564787143,20.113100360324736,5.18167361787475,-0.06500473818000808,2.9863639801691733,5.980997986976497,-0.059800554407254285,0.1971345238786038,2.6791169417832026,0.0,0.5,1317.1301736994158,1325.3780001092466,1323.3805250477976,1329.3058790671043,1339.8238738011298,1325.7279790482648,0.09931161560095123,0.0022416233131070085,-0.8887334587349563
2024-10-08 00:02:37.887715,157.88771539744303,12.971840095848565,77.5950006829175,20.587216475806713,4.690599486119078,0.06343892543929155,-3.670799019071822,5.956552146574401,1.4407113495393118,3.628950973583371,2.7521451233086274,0.0,0.5,1334.103485966905,1319.8344048565218,1316.0441101487468,1317.5902874907529,1323.9772428953088,1329.4318175538756,-0.12288248578628011,0.23745198962853278,-0.6465196797304716
2024-10-08 00:02:37.987771,157.98777098387995,12.971824756268232,77.59500231111475,19.378532463233732,4.926507355559694,-0.1946224189902281,-1.7056424620756871,5.21704598588061,0.3450053397537586,-2.22745309981929,2.857648966308097,0.0,0.5,1327.6095476148867,1322.4923587041787,1314.2162256305155,1317.99168722821,1335.752793720016,1319.502973092095,0.08796589932263295,0.010640465892915195,0.815271540321761
2024-10-08 00:02:38.087827,158.08782657031685,12.971817422116514,77.59499973901838,20.24589836221677,4.983481851221329,0.05557445925297959,4.380925467967643,6.635562360332479,-0.6305815628627343,3.0849142213762786,2.87967845415607,0.0,0.5,1323.1388633068325,1324.4250843884865,1318.9824303395453,1332.9159029957561,1336.5845436928846,1320.3503148663485,0.09293512031599509,0.42210445484227027,0.375837789287802
2024-10-08 00:02:38.187882,158.18788215675377,12.971822924598609,77.59500488675033,20.255204596901272,4.949258206800497,0.09676591898188219,-0.421675327424353,4.968131492061871,-1.3087548936367432,2.2059954980646976,2.971114023641474,0.0,0.5,1329.1578908372155,1327.2030900405034,1326.1589086302245,1331.655180879025,1329.7837788651082,1328.4061731690667,0.450763069849868,-0.07583691664777485,0.20289979913721987
2024-10-08 00:02:38.287938,158.28793774319067,12.971827831145479,77.5950102130098,20.161516417873965,5.167029015112359,0.1614528846965643,1.293177672498274,5.3288426857656335,-2.2402692100318076,-1.9354887029880474,3.002543202792534,0.0,0.5,1327.376766448013,1325.6170270331984,1334.3217005775552,1330.7398198083513,1337.3231967554289,1328.1322011892512,-0.06383406345049979,-0.16100294920641917,0.29744408759690305
2024-10-08 00:02:38.387993,158.3879933296276,12.971840958950269,77.59501642188742,20.51398389767926,4.739856148593317,0.151186087704916,-0.8071334326547515,4.81046337898777,1.2310782087503869,-1.6358253603445028,3.0111647457544413,0.0,0.5,1325.8783777100898,1326.057314476571,1324.6388547333743,1332.4623157940223,1320.5074092106406,1324.6287539171024,0.0992220479316554,0.05673307792193829,-0.47125179877952833
2024-10-08 00:02:38.488049,158.48804891606449,12.971831916094645,77.59500508607671,20.0,0.0,0.2703970999337316,-3.0333496364847434,3.0453775806646206,-1.2836412382696052,-1.5205804348266638,3.056628809966278,0.0,0.5,1318.3562506027167,1311.13319209635,1334.4549442693985,1326.492713621552,1333.5255914331076,1324.355046174549,-0.21570224181942474,0.1738977908353438,-0.5113959392880063
2024-10-08 00:02:38.588105,158.5881045025014,12.971845630011007,77.59499927994379,19.906976744186046,0.0,-0.07446279737852808,-0.929715762273915,0.9326929327565437,0.3919780944254913,0.9626510351554809,3.03378375379758,0.0,0.5,1332.4222400667934,1327.685133288712,1324.8598223065276,1317.762147967542,1324.3362614572793,1323.4331551097828,-0.008307868554901536,0.16870671205263377,0.6716529205115948
2024-10-08 00:02:38.688160,158.6881600889383,12.971845516666937,77.59500016459475,19.813953488372093,0.0,0.12724433759915857,-0.929715762273915,0.9383829282716174,-5.502874115105392,-1.6886463517395698,3.215621436407009,0.0,0.5,1331.8342393374244,1323.4230615140457,1304.5276107931684,1324.3208333937182,1315.105202562075,1330.0016363662392,0.23275714814160964,-0.4726471021389465,0.5089837723614545
2024-10-08 00:02:38.788216,158.78821567537523,12.971845481815345,77.59500157776819,19.72093023255814,0.0,0.06673841399991783,-0.929715762273915,0.9321080487388741,-1.5363701986802893,0.36012980006327394,3.143407065978177,0.0,0.5,1319.8408833925268,1316.972139442576,1321.9727611416,1329.0709830600142,1319.5443779480977,1337.2810658979129,-0.3657901937617847,0.14021880335981146,-0.042557070529965754
2024-10-08 00:02:38.888271,158.88827126181212,12.971850876361808,77.59499462740108,19.627906976744185,0.0,-0.04892015997982169,-0.929715762273915,0.9310019230232653,-0.16179724546643406,-1.130093042705214,3.1118168235309787,0.0,0.5,1319.7101713062698,1327.7168726461218,1315.751019418968,1329.7434980422793,1332.8764805687235,1315.305542196137,0.2628392577306021,0.5079411445315388,-1.3061006990909807
2024-10-08 00:02:38.988327,158.98832684824905,12.971850482024301,77.59500729228199,19.53488372093023,0.0,0.18081939752268497,-0.929715762273915,0.947136237898769,-0.7217525962500106,-1.8104655693531708,3.0766223641169694,0.0,0.5,1334.5024254146026,1329.0347646426578,1308.2100797748942,1329.1929827571203,1331.5936197677154,1326.974430165657,-0.3640246803152862,0.20758428815946847,-0.17379386939603372
2024-10-08 00:02:39.088382,159.08838243468594,12.971840820513851,77.59501457439148,19.441860465116278,0.0,0.1775875110348847,-0.9297157622739007,0.9465245494418545,0.5056623888045939,1.4353240573072976,3.1691523358754976,0.0,0.5,1317.961328430364,1330.1667613941772,1327.5770897037266,1334.4519346320367,1310.4951424388662,1316.9998273147019,-0.30919387910612867,0.2869159977495974,-0.11041395821166844
2024-10-08 00:02:39.188438,159.18843802112286,12.97184584239395,77.59502137766165,19.348837209302324,0.0,0.06833010722253792,-0.9297157622739007,0.9322233649579825,0.583460469863599,1.530965505480458,3.255741757579765,0.0,0.5,1325.2004148686246,1324.088610061506,1320.7374920542204,1318.2486574058987,1319.6022139261456,1316.99012374487,0.05792192791802321,0.061278657169172884,1.1576807302879206
2024-10-08 00:02:39.288494,159.28849360755976,12.97183534379537,77.5950224997272,19.25581395348837,0.0,0.14181124851665583,-0.9297157622739007,0.940468940915325,2.689076656424781,0.8398687506001268,3.3567063208468353,0.0,0.5,1324.0101732941205,1317.612991996807,1318.6589244530785,1317.071919055947,1307.8402120937378,1308.6004979882846,-0.10344726116818186,0.3129744052245018,-1.4320923302821718
2024-10-08 00:02:39.388549,159.38854919399668,12.971839019348584,77.59503465701489,19.162790697674417,0.0,0.03483685003950273,-0.929715762273915,0.9303682092275303,-1.5503593934880833,1.3628297214461573,3.422292705294077,0.0,0.5,1313.6264952206889,1315.3925911621477,1321.671989815049,1322.5206597042225,1328.1720668265145,1329.0174124443024,-0.1372834208485423,-0.4597479412475123,0.5373974524625234
2024-10-08 00:02:39.488605,159.48860478043358,12.97184262782417,77.59502779187189,19.069767441860463,0.0,-0.011928848995684945,-0.9297157622739007,0.9297922865129084,-1.456513916282585,-0.8202501049502348,3.475117393267344,0.0,0.5,1329.3403982349823,1328.685069254963,1324.5974924949887,1318.3933304861384,1328.9443286860546,1325.1209760980714,0.1359682941807183,-0.15710414512192727,-0.44914245826096566
2024-10-08 00:02:39.588660,159.5886603668705,12.97184267295616,77.59504204864444,18.97674418604651,0.0,0.05951275742406412,-0.9297157622739007,0.9316185737289462,1.4384924025644292,0.19326669210276162,3.424945458457304,0.0,0.5,1331.0843173497638,1328.7792756637123,1315.44937335089,1320.946943018361,1323.8620702571193,1330.5249973909956,-0.18874405500017208,0.08519185305391644,-0.344800717703932
2024-10-08 00:02:39.688716,159.6887159533074,12.97184137097923,77.5950377319149,18.88372093023256,0.0,0.07037060941782576,-0.9297157622738865,0.932375150510968,1.0286968606288767,-1.695486462921146,3.4738830494568282,0.0,0.5,1298.5769267092605,1315.070322666269,1316.70934944256,1327.5277373287001,1315.7129735656895,1340.1244777139268,0.04839146534378213,-0.5387155070976318,0.6667472044982151
2024-10-08 00:02:39.788772,159.78877153974432,12.97182874628789,77.5950461684552,18.790697674418606,0.0,0.16808408453941417,-0.929715762273915,0.9447876259223655,-0.32616221604552065,-1.3022042926664499,3.4135461692826463,0.0,0.5,1328.1919406271363,1322.765415971918,1313.9978265576008,1322.9140414133421,1320.5032542687063,1309.072228275858,-0.18939369911066556,-0.17396838083667354,0.6963245332632148
2024-10-08 00:02:39.888827,159.8888271261812,12.971836400445062,77.59504734988705,18.697674418604652,0.0,-0.15464007133971233,-0.929715762273915,0.9424887003484541,1.4050450723909649,0.8228446184142015,3.5307247259247476,0.0,0.5,1317.6535288084763,1336.245843116775,1333.8371501959334,1305.376473513268,1335.4850683764848,1315.0239566973353,-0.08848623369212469,-0.29387309471123646,0.7232271888089502
2024-10-08 00:02:39.988883,159.98888271261814,12.97182779165625,77.5950449277098,18.6046511627907,0.0,-0.1266217437021036,-0.929715762273915,0.9382987075546507,-0.13920128338261356,-2.0936225204033665,3.531960065143197,0.0,0.5,1325.9590295661144,1313.566252886837,1316.5975442709469,1313.8524896631493,1333.1874777421283,1303.168576822465,0.31974566896144546,0.03221722592848701,-0.4976521448999112
2024-10-08 00:02:40.088938,160.08893829905503,12.971828616680623,77.59504563083236,18.511627906976745,0.0,-0.16439717585970956,-0.9297157622739007,0.9441386709859885,-1.8059473848954313,-0.04776287817716286,3.4503973197328017,0.0,0.5,1310.5791264774296,1322.8858245709378,1325.0846871350334,1312.9995504341587,1301.466052826126,1313.146518624939,-0.2842356172923226,0.3488946152345211,0.5905439383353852
2024-10-08 00:02:40.188994,160.18899388549195,12.971825358375954,77.59504899778887,18.41860465116279,0.0,-0.12643868172577616,-0.9297157622739292,0.9382740211991086,-2.7720593164095995,1.18609408014916,3.471031017676693,0.0,0.5,1299.723490349881,1327.3321654011118,1320.9438993596027,1322.0931584166228,1323.3644626680195,1311.7532961874222,0.14733825795996972,-0.38303537862540055,-0.13474925824843503
2024-10-08 00:02:40.289049,160.28904947192885,12.971815188781992,77.59503660135195,18.325581395348838,0.0,0.10746749111940551,-0.9297157622739007,0.9359063309263592,-0.004117320064685932,0.7879973492635658,3.504600413591208,0.0,0.5,1319.3035805307002,1314.4353549813202,1319.7164177834861,1319.8939297071322,1312.2537112802308,1313.6462771274469,0.4222147184753088,0.02808283739339943,-0.10300234770391302
2024-10-08 00:02:40.389105,160.38910505836577,12.971817512409947,77.59502621309562,18.232558139534884,0.0,-0.12962075883150545,-0.929715762273915,0.9387081227626732,1.4495304395204751,-2.120279397457744,3.6301654149961986,0.0,0.5,1319.1025666045182,1312.227888471088,1308.1837626743247,1312.3600778040834,1326.1867455684048,1332.772124573792,-0.08776592593984274,0.29126810276032783,-0.2263346583044797
2024-10-08 00:02:40.489161,160.48916064480267,12.971801098555021,77.59504187867635,18.13953488372093,0.0,0.08935092153886932,-0.9297157622739007,0.9339994570664297,1.6511473744029292,2.3976483008659777,3.8113285235364236,0.0,0.5,1310.5943259512671,1320.5666333111267,1316.3244156768994,1303.1716352040778,1310.3460052253804,1317.8816392838626,0.16066402710351854,0.08322985000113735,0.0008531967739362412
2024-10-08 00:02:40.589216,160.5892162312396,12.971798285514922,77.59503725662523,18.046511627906977,0.0,0.0025041003870445036,-0.929715762273915,0.9297191345451137,0.8340768768374667,-1.8270365550043048,3.9298358252721903,0.0,0.5,1312.9966865088518,1330.0473217233668,1317.616824586764,1324.880461954806,1314.6185343039392,1324.5392781569083,0.1707455109437751,-0.10444720122580378,0.44270163987477973
2024-10-08 00:02:40.689272,160.68927181767648,12.971801272408461,77.59504185733594,17.953488372093023,0.0,0.14544164344240196,-0.9297157622739007,0.9410232038944455,0.8442424599375955,-0.04059125305800683,3.9299942910600794,0.0,0.5,1303.886486992728,1307.2982842965964,1311.9030623104784,1318.6400134357602,1305.463732346269,1315.6936769926358,-0.011026514616854733,0.4831345079628969,0.5776822232610774
2024-10-08 00:02:40.789327,160.7893274041134,12.97181521543849,77.59504126915954,17.86046511627907,0.0,-0.24494254576799226,-0.929715762273915,0.9614407154618905,-4.004083218628618,-2.4420870488430038,3.9685073600039655,0.0,0.5,1305.072448155075,1312.2075331125097,1302.0354809111218,1325.2233784109555,1345.229435891238,1312.1975206329146,-0.30069845688682667,0.5135145884134635,0.22622665767770925
2024-10-08 00:02:40.889383,160.8893829905503,12.971810543313884,77.59504966109552,17.767441860465116,0.0,0.3293965934283394,-0.9297157622739007,0.9863435072948649,-0.04604523690705516,-5.916743346020808,3.942131630136603,0.0,0.5,1326.5153104183264,1316.4699281502253,1313.0259175561755,1316.6487922333138,1312.5281455179093,1319.5323599198666,0.5747029926087899,0.5155574627621339,0.6255085092420408
2024-10-08 00:02:40.989439,160.98943857698723,12.97179815480793,77.59505274887076,17.674418604651162,0.0,-0.0942026540736106,-0.929715762273915,0.9344760770908366,1.2097428781877246,-1.596041456672437,3.9572648402440596,0.0,0.5,1322.4963541486725,1304.141251032726,1317.6846539574763,1328.333549689426,1304.0357463167277,1301.2580633995344,-0.06124814177596277,0.1320949201534348,-0.7252072867336764
2024-10-08 00:02:41.089494,161.08949416342412,12.971799590159321,77.59504400350697,17.58139534883721,0.0,0.048456949555640554,-0.929715762273915,0.9309776982188159,-1.3976576272964016,0.23480270733829375,4.030636889899021,0.0,0.5,1322.1950631349378,1315.9560979257865,1324.7369485962147,1306.611970416613,1316.6029149780038,1323.24484709501,0.142096351210171,-0.15600254384201734,-0.2841487338229963
2024-10-08 00:02:41.189550,161.18954974986104,12.971808540851963,77.59504299018309,17.488372093023255,0.0,-0.15202684318187812,-0.929715762273915,0.9420634584084101,-1.6126599665967332,1.9349323034799601,4.007785775627898,0.0,0.5,1313.7643226657594,1309.5945501421306,1303.725745837366,1318.6790843016745,1312.7203560612154,1313.4156655384513,0.10356589460246979,0.42836585490180795,-1.5989433005423195
2024-10-08 00:02:41.289605,161.28960533629794,12.971803718883894,77.59502698873301,17.3953488372093,0.0,0.12891233204444025,-0.9297157622739007,0.9386105624664983,-2.233336714261148,-2.4761429891503757,4.024291134526932,0.0,0.5,1317.7104717794032,1316.7534165883708,1319.246824342689,1306.842838190068,1315.0215357640864,1306.4087377830613,0.48877529378326784,0.022648137191761276,-0.24967282582675493
2024-10-08 00:02:41.389661,161.38966092273486,12.971798580326224,77.59503612913073,17.302325581395348,0.0,0.07960193265113719,-0.9297157622739292,0.9331172843230316,2.0328893708626747,0.9210861132064937,3.9817734507550533,0.0,0.5,1324.1151878040318,1304.512618607311,1323.196185078532,1307.913027882815,1321.0813879193179,1312.5697768068922,-0.08000387993785758,-0.3502028983828824,0.6990235312636746
2024-10-08 00:02:41.489717,161.48971650917176,12.971792613355467,77.5950447824481,17.209302325581394,0.0,-0.10716719820120506,-0.9297157622738865,0.9358718966775369,-1.9664887639762225,0.7100427449060303,3.9350862150820216,0.0,0.5,1320.6486082262518,1319.1107934185495,1320.4964857554887,1323.9992304847124,1329.524540000095,1309.9407582488157,-0.31013256801934047,-0.3531303106860936,-0.13583301477815773
2024-10-08 00:02:41.589772,161.58977209560868,12.971793013574327,77.59504620787148,17.116279069767444,0.0,0.09337708799932198,-0.9297157622737586,0.9343932144357157,-1.7245716277379453,2.78936496295903,3.9319976604542215,0.0,0.5,1308.579806035965,1306.4797546554419,1314.4034910869655,1309.3478587254776,1315.2797767226984,1322.9788179002417,0.35735987729532764,-0.17366494211365083,0.1302681158840114
2024-10-08 00:02:41.689828,161.6898276820456,12.971793202647879,77.59503994700154,17.02325581395349,0.0,0.05132417738622595,-0.929715762273915,0.9311313386439851,0.17209417225859752,0.5002845598404554,3.7359332740136795,0.0,0.5,1309.510400098034,1305.4374041274848,1316.7001844443782,1308.3507464148088,1306.2740785173737,1305.4945681946704,-0.2733589679435678,0.036922396549339646,0.024256096418128252
2024-10-08 00:02:41.789883,161.7898832684825,12.971798448402664,77.59504318931734,16.930232558139537,0.0,0.0976259655495261,-0.9297157622739007,0.9348273785945818,1.1216664878272808,0.07784058842770739,3.7954276880784055,0.0,0.5,1313.7972720732957,1298.2481087082645,1315.4599084811307,1309.1617302440843,1302.8829788999067,1299.911241111916,-0.0770692550725753,0.21979018014609983,0.16001591240179044
2024-10-08 00:02:41.889939,161.88993885491942,12.971797713756944,77.59504305232836,16.837209302325583,0.0,-0.10000129242401262,-0.929715762273915,0.935078422971592,1.6414151523169633,-1.1203778426330118,3.847890953765966,0.0,0.5,1298.6886001215262,1320.6027525574914,1300.7695821590526,1308.7543098352999,1308.5654452345966,1294.6148150940555,0.07113505594369407,0.15676356138581496,0.45597903376697635
2024-10-08 00:02:41.989994,161.98999444135632,12.971802250851974,77.59505346194139,16.74418604651163,0.0,-0.2553401438415403,-0.9297157622739007,0.9641420993181238,-1.3848473475382947,-0.6900487830613293,3.8529380831390814,0.0,0.5,1310.2200027377366,1304.5193620223006,1308.1339902924522,1302.9204233351927,1309.382697206088,1290.8683200832336,-0.16287749869168874,-0.03922903084389697,0.02995493366223234
2024-10-08 00:02:42.090050,162.09005002779324,12.971813285880152,77.59505293630764,16.651162790697676,0.0,-0.04331818477553875,-0.929715762273915,0.9307243758239141,0.26266290158726946,-1.1463629226706624,3.913353004414385,0.0,0.5,1308.828226055408,1309.4771862413293,1304.3576977862353,1310.0000114241345,1310.5203474319626,1317.3428310031172,0.44677786659115537,-0.4648079144796329,0.08745885615894916
2024-10-08 00:02:42.190106,162.19010561423013,12.971808037111357,77.5950473401821,16.558139534883722,0.0,0.0876137276486401,-0.9297157622738865,0.9338348697135934,0.31894347942979917,0.6837949818017368,3.809897548472385,0.0,0.5,1305.117750996433,1305.2192193818128,1306.612297463465,1293.8739867693903,1315.3477028158254,1304.960295521599,0.13143145386258878,-0.30890590755557185,0.20049456791348164
2024-10-08 00:02:42.290161,162.29016120066706,12.97180871540607,77.59505026644806,16.46511627906977,0.0,-0.20780125706364053,-0.929715762273915,0.9526556361339579,-1.631132620542636,-1.2547411291644053,3.694240427383259,0.0,0.5,1308.9289448826698,1324.7445006924738,1306.3264862534468,1311.3264466141677,1294.4024861776297,1304.04165087008,-0.5072084412898704,0.12463666818230075,-0.341671711229539
2024-10-08 00:02:42.390217,162.39021678710395,12.971794797454082,77.59503358803781,16.372093023255815,0.0,0.13139262628650963,-0.9297157622738865,0.9389544295986788,0.4553525332682175,-3.609981658133836,3.706994179891809,0.0,0.5,1313.371137067146,1311.3111958247332,1299.907980493379,1302.925465711067,1299.518307742297,1308.1426872332927,-0.14758729449323876,0.0319615603255132,-1.014870750399737
2024-10-08 00:02:42.490272,162.49027237354088,12.97180301087789,77.59502489415735,16.27906976744186,0.0,0.0056491319686725475,-0.929715762273915,0.9297329247222378,-1.1160101310270785,-0.1358054069519152,3.752827122187274,0.0,0.5,1292.5053234479592,1299.1689650405576,1306.9237650887922,1314.8843088366762,1305.5388901608449,1308.2950781354807,-0.4105360442660279,0.06864781149762252,0.1305301302878352
2024-10-08 00:02:42.590328,162.59032795997777,12.97180829337548,77.59502318047443,16.186046511627907,0.0,0.04924505496845918,-0.9297157622738865,0.9310190513944172,0.3250355341479254,0.13879991622403376,3.604953093678402,0.0,0.5,1320.1284520854792,1316.5478923086896,1301.1154873239848,1310.1327763245129,1302.3381352340284,1288.7530546120586,0.03752990280217517,-0.09847858019361895,0.4334555934832423
2024-10-08 00:02:42.690384,162.6903835464147,12.97179774967659,77.59501872646531,16.093023255813954,0.0,0.12943375191485937,-0.929715762273915,0.938682318335295,0.13647653358960365,-0.5705582774413029,3.4351672211547744,0.0,0.5,1319.670357266577,1314.6092473674178,1305.7525834802739,1318.7173531670755,1301.25805929007,1307.5994538885327,-0.020424474371385164,-0.17195666867472453,0.202277193171189
2024-10-08 00:02:42.790439,162.7904391328516,12.971790802336587,77.59501225215323,16.0,0.0,-0.2084776012690577,-0.9297157622739007,0.9528033946473116,0.14494932675175493,-3.5063192074791587,3.458632854416272,0.0,0.5,1307.3533191943216,1299.8839493992946,1307.2916597984067,1314.9740863166514,1306.5041023992105,1295.441435166134,0.012939419550304998,0.553568374935958,0.2929599889420719
2024-10-08 00:02:42.890495,162.8904947192885,12.97178868766975,77.59500670349261,15.906976744186046,0.0,0.35503323496896083,-0.929715762273915,0.9951984709358692,-0.2660289099837438,0.05733949835737605,3.4077640047262436,0.0,0.5,1311.120533439831,1299.6581608870815,1301.1103745127841,1307.7535576364414,1307.4910811159693,1312.9801646150638,-0.20232005143592052,0.12306655578166271,0.9357712155699871
2024-10-08 00:02:42.990550,162.9905503057254,12.971787563853827,77.59500810733671,15.813953488372093,0.0,0.2503150654854411,-0.929715762273915,0.9628234680508923,0.37809955119981853,-0.39031339962348377,3.4961615613868924,0.0,0.5,1299.6569518317867,1309.247955411349,1307.4286768663337,1309.8966900795297,1301.9983167982684,1287.8154886966627,-0.20856657824303138,0.2570782202752525,-0.2969928097060238
2024-10-08 00:02:43.090606,163.09060589216233,12.971796212562056,77.59501256783533,15.720930232558139,0.0,-0.18955212961024126,-0.929715762273915,0.9488421409593613,-1.5572793044430762,-0.7181372112134141,3.5472636861241584,0.0,0.5,1305.7481249479624,1293.4246841556064,1286.1352173080961,1306.5337117706458,1309.1868722129482,1315.169126336908,0.1325993065350444,0.2195090330728367,-0.5398125710315838
2024-10-08 00:02:43.190661,163.19066147859922,12.971790689530534,77.59500877331395,15.627906976744185,0.0,0.07371870540171671,-0.929715762273915,0.9326338221116967,-1.6332805514901292,0.8956892606964392,3.662535435204693,0.0,0.5,1295.8975480226554,1310.5206866029657,1291.0161491411227,1320.6843811993922,1292.8545808354158,1315.4113074600207,-0.2075844323110941,-0.1882454290403571,0.5675723338177447
2024-10-08 00:02:43.290717,163.29071706503615,12.971786690036842,77.5950079105259,15.534883720930232,0.0,-0.08548044780419499,-0.929715762273915,0.9336371380666969,2.1226851276493526,-0.06140829555369891,3.6040810270221186,0.0,0.5,1306.567063910019,1312.1486950617157,1315.9846509286092,1303.7360136278878,1285.1919338978523,1307.7254894830885,0.3508849051938144,0.20491947726289003,-0.29792045335895506
2024-10-08 00:02:43.390773,163.39077265147304,12.971785622657537,77.59501144203081,15.441860465116278,0.0,-0.15423551893400336,-0.9297157622739007,0.9424224073744117,-0.43535173090553336,-1.9860323130117457,3.5662426230270117,0.0,0.5,1300.1041180824222,1305.815193829012,1297.8281354324286,1300.8339058641168,1299.2546763716737,1293.4239438929299,-0.3658977732910615,-0.1982271859789401,0.3624627846724384
2024-10-08 00:02:43.490828,163.49082823790997,12.97177902596449,77.59501320341003,15.348837209302324,0.0,0.02964734997565427,-0.9297157622738865,0.9301883486590729,0.06193020505095202,0.6687059449585423,3.559823692400353,0.0,0.5,1310.778032625741,1318.6810997934654,1302.0794029548338,1302.2966983931037,1318.1647378629148,1309.8117367201737,0.012645852430999008,-0.15754084126412163,-0.6323288937944713
2024-10-08 00:02:43.590884,163.59088382434686,12.97179204945271,77.59500191664368,15.255813953488373,0.0,-0.17770787943225208,-0.9297157622739007,0.9465471404176594,-2.7113265727956994,-1.1317359377741472,3.4248911749343574,0.0,0.5,1297.5874759452931,1302.8143962428842,1298.5397448476938,1294.0748079176449,1291.407178216758,1301.8259643601125,-0.296908819200042,-0.1313789371470478,0.7149486951917199
2024-10-08 00:02:43.690939,163.69093941078378,12.971800949451149,77.59499466034907,15.162790697674419,0.0,-0.03956564447286998,-0.9297157622739007,0.9305572732739742,0.8077146898372325,-0.2876420781329751,3.479259743346179,0.0,0.5,1293.6262814863233,1303.957132442076,1297.1713054540432,1291.1792448245023,1291.3163170800785,1291.816746399451,0.09424821957832993,0.17886673606469336,-0.05420550476746209
2024-10-08 00:02:43.790995,163.79099499722068,12.971796131195887,77.59500033065784,15.069767441860465,0.0,-0.01524834435184149,-0.9297157622738865,0.929840798538108,0.8827597950291165,-2.031745952384215,3.49454423360667,0.0,0.5,1299.4219496184244,1299.668268776133,1302.4535748415274,1303.6101151565963,1309.7303780921318,1316.618393007969,0.5006555429164593,0.09162273217177237,-0.6837670236070938
2024-10-08 00:02:43.891051,163.8910505836576,12.9717915140407,77.5949965408667,14.976744186046512,0.0,0.11822501647862191,-0.9297157622739007,0.9372025144769462,-0.5795293114867304,0.1157977325314821,3.5723260968413233,0.0,0.5,1312.220466763396,1310.8005640150423,1290.1805168902088,1290.231594836114,1310.6507962881074,1294.713168425861,-0.0007841396317630347,0.02786516303125718,0.7308291219057323
2024-10-08 00:02:43.991106,163.9911061700945,12.971792275255561,77.59499388944161,14.883720930232558,0.0,0.03228053310232076,-0.9297157622739007,0.9302759974533957,1.3271065333811223,-0.5134001719775446,3.453077210434065,0.0,0.5,1276.7915729391816,1295.527942216556,1283.779847203714,1298.0797110751978,1304.3702116886861,1305.332122494841,-0.08802588796486617,0.28823485751182315,0.9968013338994551
2024-10-08 00:02:44.091162,164.09116175653142,12.971792661948376,77.59499484128449,14.790697674418604,0.0,-0.07924801420463348,-0.929715762273915,0.9330871590456835,0.7222933074919489,-0.4189140933298981,3.4785672459978145,0.0,0.5,1304.929712413511,1295.2034818704328,1298.640427902279,1290.845814018048,1290.8521776464343,1298.3021518268226,0.11014761946821063,-0.12461196353772003,-0.18935720745040324
2024-10-08 00:02:44.191217,164.19121734296832,12.971784367807095,77.59499350932019,14.697674418604652,0.0,-0.043713948025157,-0.9297157622739007,0.9307428795711985,-0.16406597823479968,-1.0280444874846142,3.3768913397076137,0.0,0.5,1292.9175433448904,1294.28587714691,1293.5086423231055,1301.533064256253,1295.2752228195989,1296.3560311388276,0.12787154369592013,-0.13124718842986763,0.20478892019805256
2024-10-08 00:02:44.291273,164.29127292940524,12.971785815170337,77.59498636123492,14.604651162790699,0.0,0.15019310831675906,-0.929715762273915,0.941769275569349,-0.4984951615037662,1.17867126076476,3.4460533361845966,0.0,0.5,1313.8692807785765,1296.1583241502024,1281.843620058492,1296.0060022282446,1288.6227980243013,1297.1671789882953,0.22890723377854535,0.20444982616150456,-0.7295843609097341
2024-10-08 00:02:44.391329,164.39132851584213,12.97177989061091,77.59499361636276,14.511627906976745,0.0,0.10267394854107784,-0.9297157622739007,0.9353680229351206,-0.0028722172377450648,-4.2936950216811045,3.455462534578063,0.0,0.5,1293.1963364155952,1304.3579822038291,1292.9239362384094,1295.6549698284648,1307.1370321221284,1297.1408328634463,0.04823828759772182,0.06804556774539375,-1.4493469503239145
2024-10-08 00:02:44.491384,164.49138410227906,12.971783732710566,77.59499083765894,14.418604651162791,0.0,-0.04039821222854867,-0.9297157622739292,0.9305930443388539,1.8404461172060218,1.9235267123150692,3.4424271614071316,0.0,0.5,1288.373277288094,1297.7261639036285,1304.5170251443142,1298.8777311361239,1291.1244949491286,1299.2645207710357,-0.013896527831225048,-0.29724078502526263,-0.5255613138910797
2024-10-08 00:02:44.591440,164.59143968871595,12.971795943473444,77.5949956743589,14.325581395348838,0.0,-0.13035834971580443,-0.9297157622739007,0.9388102566339848,-1.09475153545707,0.6053082630776178,3.452977361176729,0.0,0.5,1291.956594175745,1285.30608452421,1297.7996173311633,1285.6095250787948,1296.1359179150886,1299.1355323012963,0.3778526097186432,-0.2082451354538548,-1.0827877514107451
2024-10-08 00:02:44.691495,164.69149527515287,12.97180622530507,77.594995532024,14.232558139534884,0.0,0.019941788537405518,-0.929715762273915,0.929929606771737,1.4534748569685885,-0.8142219370474402,3.447705226649423,0.0,0.5,1280.6497236723064,1306.1917607628232,1294.2185511143791,1290.6692676052764,1279.6719187373692,1307.1955536714695,-0.07819630630812885,0.025318875741515704,0.6140508198330514
2024-10-08 00:02:44.791551,164.79155086158977,12.9718060549022,77.59500165203085,14.13953488372093,0.0,-0.03107826611837978,-0.9297157622739007,0.9302350548358544,1.07032744535681,0.6575226667599791,3.3922541243361977,0.0,0.5,1289.363745603421,1305.141729181958,1291.8921838680867,1292.2372084046197,1303.2378791315193,1308.147403188444,0.03233910506194254,-0.10747125641671941,0.4961981607837255
2024-10-08 00:02:44.891606,164.8916064480267,12.971806847692008,77.59499127041431,14.046511627906977,0.0,0.2601966617119009,-0.929715762273915,0.965439641503592,-1.528121825566827,0.24664614385079675,3.5536047840276725,0.0,0.5,1283.2886153543595,1301.8049541942773,1289.0565714101308,1296.0470743107262,1286.2979169513815,1295.0344744041104,-0.09547018627968067,0.043038609747497035,0.386886103099985
2024-10-08 00:02:44.991662,164.9916620344636,12.971808418394486,77.59499973601396,13.953488372093023,0.0,-0.06887665397489806,-0.9297157622739007,0.9322635850891733,0.8694088924425185,0.23619984934187122,3.5138405439336995,0.0,0.5,1291.7443381972041,1289.6858184896776,1277.871783050496,1299.7847972192055,1303.1728074866512,1296.4439555988185,0.12765808938121395,0.19070843964741227,0.04723638315641368
2024-10-08 00:02:45.091718,165.0917176209005,12.9718032252287,77.59500284435462,13.86046511627907,0.0,-0.4107516450214885,-0.929715762273915,1.0164095200795915,-0.5769804761544917,1.2459961595568034,3.498711788635911,0.0,0.5,1293.7546950511369,1289.5663020039274,1294.4514650677518,1287.7777712447528,1293.5960879847041,1293.340357205493,-0.18115436814452976,-0.1330867966585893,-0.09768050538608034
2024-10-08 00:02:45.191773,165.1917732073374,12.971804755290364,77.59498762254736,13.767441860465116,0.0,0.19113024202999693,-0.929715762273915,0.949158663258684,-2.1708684652516506,-0.3049691690154196,3.592418192703558,0.0,0.5,1292.3526930032979,1288.233359336732,1287.1651492063852,1295.7920212102838,1296.4570022415755,1287.5421252584779,-0.24429508732173216,-0.21028705634813996,0.361805126338573
2024-10-08 00:02:45.291829,165.29182879377433,12.971805508254366,77.59500002046904,13.674418604651162,0.0,-0.03491999174355777,-0.929715762273915,0.9303713261079883,-2.022858534328731,1.2444810468553662,3.469247472455129,0.0,0.5,1291.3631583787812,1284.8960375003585,1291.4835033851077,1296.8348559211618,1284.9429261810574,1302.1948442261125,-0.022544095935555217,-0.3234213146244371,0.45073811396992397
2024-10-08 00:02:45.391884,165.39188438021122,12.971819261846814,77.59500989978118,13.581395348837209,0.0,-0.14626907032717804,-0.929715762273915,0.9411514434749296,-0.7801153654060027,-2.2067617986088544,3.5916366492088936,0.0,0.5,1287.7379781412285,1291.3073109155787,1299.905288171228,1300.35624851807,1291.9732762498977,1288.571750197181,0.07647421095386946,-0.3149981926896332,0.5171472249802903
2024-10-08 00:02:45.491940,165.49193996664815,12.97182952472635,77.59500490588671,13.488372093023255,0.0,-0.26397927514603586,-0.929715762273787,0.9664659623219823,0.09272762261487169,0.10753830652991614,3.619776592218069,0.0,0.5,1296.5306462464223,1283.9962438750401,1281.8900613470337,1287.352117505502,1285.0173202181402,1286.5827451890996,0.11961624101041844,0.16135717443798375,1.909783370250717
2024-10-08 00:02:45.591996,165.59199555308507,12.971832510060137,77.59501107560979,13.395348837209301,0.0,-0.1212655620346097,-0.9297157622739007,0.9375909210077229,-0.015074604206007335,0.3200875384903902,3.5931812114549775,0.0,0.5,1304.6004000576593,1279.7567502502716,1307.6627299850156,1292.0142252719463,1293.9264559741969,1291.0522005925563,-0.1993530507195878,-0.06829900438008249,0.3722917223617901
2024-10-08 00:02:45.692051,165.69205113952196,12.971837290889397,77.59499729892032,13.30232558139535,0.0,0.18183282226166256,-0.9297157622738865,0.947330234855911,-1.4134579726773937,-0.16210001203671404,3.575198765439884,0.0,0.5,1287.2188449568885,1303.0203672352807,1284.6304046199866,1291.1063690907747,1286.8112738150164,1287.0178435836124,0.4186030414299928,-0.21539069617831053,-0.5521887757547069
2024-10-08 00:02:45.792107,165.7921067259589,12.971831801884374,77.59500000079791,13.209302325581396,0.0,-0.06517802821863919,-0.929715762273915,0.9319976255243553,0.3853513726493216,0.34791758277659945,3.653155094112683,0.0,0.5,1299.4723705938038,1287.0121930611288,1280.4891130593808,1295.07846572128,1287.870056279674,1299.4110178765147,-0.2259120771097161,-0.0686574701358328,0.16705401412981988
2024-10-08 00:02:45.892162,165.89216231239578,12.971840853092246,77.59500118473349,13.116279069767442,0.0,-0.030905775497429903,-0.929715762273915,0.9302293080631594,2.2326484472230517,2.627866453114722,3.7899799719333123,0.0,0.5,1283.9972363914007,1279.2566666476587,1282.8140210325746,1287.4154331647117,1289.2617651084674,1291.49956265011,0.15531116066791137,0.11010224739735246,-0.1065850501891713
2024-10-08 00:02:45.992218,165.9922178988327,12.971846860284264,77.59499409925594,13.023255813953488,0.0,-0.1594379450306345,-0.929715762273915,0.9432877911518618,-1.2575001149961178,1.2080029678120436,3.7451641389744155,0.0,0.5,1295.4599291204263,1286.4942748735348,1297.7505459350227,1295.335463737616,1278.88469883348,1290.146395274389,-0.11394732878879552,-0.32292799818725487,-0.4504121634270129
2024-10-08 00:02:46.092273,166.0922734852696,12.971839666604673,77.59499172138982,12.930232558139535,0.0,0.02959131177222669,-0.9297157622739007,0.9301865642724267,2.2976651893758375,0.9637522852176535,3.698395108475832,0.0,0.5,1282.3561635090687,1309.679643929787,1287.834552382098,1292.48413590113,1287.697619219717,1301.8231007160887,0.11225397733915084,0.42917885333567724,0.395328471381506
2024-10-08 00:02:46.192329,166.19232907170652,12.971827862176786,77.59498741203167,12.837209302325581,0.0,0.029790487851220515,-0.929715762273915,0.9301929218108362,-1.5008585340665817,0.5732251429014971,3.7129134114661064,0.0,0.5,1295.66830465387,1292.0932959598786,1291.3473248911232,1291.3928542134477,1285.3512696751354,1295.5822647563689,0.11744752029386163,0.15215737096793416,0.20038050459226453
2024-10-08 00:02:46.292385,166.29238465814342,12.971808808704576,77.59498012821086,12.74418604651163,0.0,-0.0908120401954057,-0.9297157622738936,0.9341403670032568,0.000830498118583579,-0.6007621049184173,3.769001431887896,0.0,0.5,1289.014610280357,1288.7018819524515,1288.5727715453522,1303.6225126178872,1282.3097339354522,1297.909551790756,-0.478974864118526,0.4883673458667695,0.237082329611659
2024-10-08 00:02:46.392440,166.39244024458034,12.971806390283826,77.59497419546197,12.651162790697676,0.0,0.0387283602524725,-0.929715762273915,0.9305220494477345,1.5612376130169483,-0.34105215778956866,3.8873986281960398,0.0,0.5,1290.5445964192195,1290.518953837071,1287.2562918961423,1296.097827256714,1285.7255964087726,1278.2913043571216,0.15098240886200034,0.08996939872061871,-0.8906557681815963
2024-10-08 00:02:46.492496,166.49249583101724,12.971811105743221,77.59497074782362,12.558139534883722,0.0,-0.17030015118268058,-0.9297157622739007,0.9451843947682295,1.5903795576342452,-1.4171565079738278,3.931893084275223,0.0,0.5,1287.0980346016065,1298.7184299894457,1279.0939964157378,1284.0422584894604,1286.9355773937305,1294.3178916228028,-0.5967746669365801,-0.005130378022003461,-0.37853715367153645
2024-10-08 00:02:46.592551,166.59255141745416,12.97180558893172,77.59497143239717,12.465116279069768,0.0,0.17705912465320667,-0.929715762273915,0.9464255555739852,-0.8943348332621568,0.39843565403401504,3.86032474270197,0.0,0.5,1287.6030574868973,1283.7688899772002,1289.3078484489854,1279.4805705129968,1292.1163593012345,1279.7831150029365,-0.23457171905378377,0.348157212471439,0.10412399049855844
2024-10-08 00:02:46.692607,166.69260700389106,12.971791877276472,77.5949747549678,12.372093023255815,0.0,0.03750227851895625,-0.9297157622739007,0.9304718262874238,-1.31186941008863,1.3780509208453748,3.86426020693434,0.0,0.5,1290.6240451725396,1287.8782698610423,1296.8458606643617,1290.0742724024838,1306.4516897723743,1279.0164185219649,-0.4214806254087797,0.19165569133165503,0.4246032589326987
2024-10-08 00:02:46.792663,166.79266259032798,12.971779629905189,77.59497864750256,12.279069767441861,0.0,0.009248259230467465,-0.9297157622739078,0.9297617592261727,1.2928891390880426,-0.47142570488603,3.916267206219501,0.0,0.5,1293.9917928897141,1299.085731863697,1279.53603534443,1287.6916980073856,1298.999413789817,1283.8904690018035,-0.0236225880678673,-0.6055882879831649,0.14077958458505413
2024-10-08 00:02:46.892718,166.89271817676487,12.97177448152445,77.59497800439645,12.186046511627907,0.0,0.19178810787811615,-0.9297157622739007,0.9492913551402479,-0.8661173616488934,-2.6794205960935766,3.8737182740754617,0.0,0.5,1285.387091529558,1274.3109643243681,1278.1493489402294,1279.3813226241718,1278.7588020608534,1286.6015172084751,-0.3203598717448787,-0.5162111587649855,0.010673363056562399
2024-10-08 00:02:46.992774,166.9927737632018,12.971768592226933,77.59496056710056,12.093023255813954,0.0,0.07372352335213762,-0.929715762273915,0.9326342029520577,-0.4744635265741703,-0.44080866158977283,3.8579587407937814,0.0,0.5,1306.0261739610862,1275.5368007596178,1280.2471369592547,1288.2238522361583,1294.4736418404932,1278.8437716352223,-0.18923575087625727,0.5428892779357276,-0.2099579698404393
2024-10-08 00:02:47.092829,167.0928293496387,12.97176722410417,77.59495275521908,12.0,0.0,-0.1448240699383757,-0.9297157622739007,0.9409279514681536,2.0456217995189707,0.62999228195172,3.9215927236595554,0.0,0.5,1285.0969353684525,1284.9056737577553,1290.4905634495394,1293.0421519575284,1298.5133903235737,1284.5822174872028,-0.1949651356205275,-0.20358704845279535,-0.54545578292645
2024-10-08 00:02:47.192885,167.19288493607561,12.971784100710888,77.5949491583869,11.906976744186046,0.0,-0.17600436258421479,-0.929715762273915,0.9462287959416805,0.5864220765466966,-2.366659727333965,3.780687103108383,0.0,0.5,1279.3504063408957,1271.1692271157299,1286.1266026786996,1276.9598201143933,1296.1658042656172,1297.2117497406048,0.005420225006858219,-0.28418434809713594,0.309679742349151
2024-10-08 00:02:47.292941,167.2929405225125,12.971787925692379,77.59495856419164,11.813953488372093,0.0,-0.21546376630181238,-0.9297157622739078,0.9543563449831073,1.5486758519823907,0.2586020359189111,3.737003877670176,0.0,0.5,1277.1642771864933,1276.8454437922062,1282.7182194386692,1274.8452546006033,1291.6225655780647,1268.9765112862035,-0.08732833634356713,0.07805996467049273,0.2740086576179223
2024-10-08 00:02:47.392996,167.39299610894943,12.9717965053304,77.59494648336148,11.720930232558139,0.0,0.14555978837296085,-0.9297157622739078,0.9410414712496653,-1.091889536269315,-2.7627324582952753,3.6027021241350634,0.0,0.5,1286.3663878565053,1276.7956766755624,1270.892110375951,1279.1578308887526,1277.777152941803,1274.3748707850555,0.006001363203041608,0.008322547173085195,0.34406512772685477
2024-10-08 00:02:47.493052,167.49305169538633,12.971794540568053,77.59494339860596,11.627906976744185,0.0,0.1769319333362203,-0.9297157622738936,0.9464017686239918,-0.7917337267753355,-0.36333263830477985,3.650126795215984,0.0,0.5,1300.9583628257858,1278.214234455532,1279.588662454191,1273.0054827548586,1273.953765598482,1277.4241218646823,0.30679295224418285,0.25596036667681343,0.3991201960091236
2024-10-08 00:02:47.593107,167.59310728182325,12.971781050152693,77.59494367601467,11.534883720930234,0.0,-0.024904576612035736,-0.9297157622739078,0.9300492656611145,3.991575900180701,0.3961054000982704,3.6607449635248623,0.0,0.5,1295.7853285849267,1283.3098851338234,1275.712774643391,1286.4430790066892,1266.7243978259091,1285.1681287092613,-0.6124726596002562,0.4308947737387244,0.0005747800493665604
2024-10-08 00:02:47.693163,167.69316286826015,12.97176693382275,77.59494605728818,11.44186046511628,0.0,-0.31126708592523145,-0.9297157622739007,0.9804379620358066,0.12403233375204561,0.9462429989146799,3.6640627612018997,0.0,0.5,1272.9447790615218,1276.413135325184,1275.7925378717102,1284.4607355832331,1280.9239101261571,1280.5067149251884,0.03678692248107142,-0.2114406732463094,0.7728316650911905
2024-10-08 00:02:47.793218,167.79321845469707,12.971767100106206,77.59493416436422,11.348837209302326,0.0,0.19027066500450135,-0.9297157622739078,0.9489859454079437,2.9449676260066795,-1.347606067848816,3.559484867321746,0.0,0.5,1281.528474998487,1289.590401830219,1275.26102905094,1281.307949423497,1288.363923610708,1276.9365446353188,0.06564158262146112,0.5062107586835405,0.2953686364067399
2024-10-08 00:02:47.893274,167.89327404113396,12.971759918923393,77.59493761640766,11.255813953488373,0.0,0.1676540806278967,-0.9297157622739007,0.9447112200941226,-1.5690498315450134,2.034697934411214,3.6212638114018527,0.0,0.5,1273.4448319732935,1287.658468338493,1279.754970245624,1280.5402371240182,1285.5505442405115,1277.211453883337,0.5516452694823428,-0.17995500244434914,-0.4804024994646741
2024-10-08 00:02:47.993330,167.9933296275709,12.97175547730136,77.59493119003034,11.162790697674419,0.0,-0.18900374567714462,-0.929715762273915,0.9487327413452945,-1.167313845839851,-2.7094286111966697,3.5552687887640135,0.0,0.5,1283.6333906113457,1282.3443958891,1286.016762207005,1284.7476997711601,1277.775712120986,1297.5476230522033,0.12738944884508874,-0.1407502345950452,-0.3133075286182143
2024-10-08 00:02:48.093385,168.09338521400778,12.97174510346029,77.59493726282493,11.069767441860465,0.0,0.12516766693068718,-0.9297157622739007,0.9381035888778018,0.5729321697455447,-0.5919673183538403,3.5413117036366164,0.0,0.5,1279.0893401494875,1274.2086304167417,1288.7539676209965,1267.1288171526978,1288.5926183173056,1297.905556736137,0.024085196952432355,-0.01888434545985346,0.8471707762614017
2024-10-08 00:02:48.193441,168.1934408004447,12.97174377935643,77.59494101973985,10.976744186046512,0.0,0.1352233224147428,-0.929715762273915,0.9394981349345236,1.9753865467323073,1.7474839948083005,3.528959669577185,0.0,0.5,1284.620856578616,1279.169220971617,1287.5148218078116,1261.6419468424813,1294.2616824766214,1272.5053317686663,-0.024993220418708297,0.2651494467122531,-0.3307384256145886
2024-10-08 00:02:48.293496,168.2934963868816,12.971761833855904,77.59493871779243,10.883720930232558,0.0,-0.2298855507511,-0.9297157622739007,0.9577153883407518,-0.7221658507119504,-3.1706397124629113,3.474102193951608,0.0,0.5,1290.8298676352401,1286.1908771017133,1270.7051859571259,1276.2836411536637,1287.471360996816,1273.113311891835,0.19302692894965892,-0.09343033680961313,-0.32908585696924564
2024-10-08 00:02:48.393552,168.39355197331852,12.97176680563061,77.59492180881522,10.790697674418604,0.0,0.033144855536771066,-0.9297157622739078,0.9303063904268889,-0.7854746919706562,-0.4891766828013636,3.5756008129184176,0.0,0.5,1280.757136152845,1292.6508356079057,1273.9562714819147,1275.5677419791075,1273.4295085370954,1275.6508656648089,0.24730770731248247,0.521217735909027,-0.04356019592707688
2024-10-08 00:02:48.493608,168.49360755975542,12.971769198205463,77.59491713168713,10.69767441860465,0.0,-0.05902082007382209,-0.9297157622739007,0.9315872776196157,0.320966013208437,1.1885747881625237,3.6403654716820024,0.0,0.5,1293.0094459515326,1281.1145607747078,1277.0268978970255,1269.623918957355,1272.5741000922424,1280.3181011833271,-0.4409339843545839,-0.2841536305230955,-0.22928857248385343
2024-10-08 00:02:48.593663,168.59366314619234,12.971778340309681,77.5949062619088,10.604651162790697,0.0,0.05535064898656644,-0.9297157622739078,0.9313619559353858,-0.2920391155036403,-1.5527944623577206,3.5418730245434604,0.0,0.5,1278.22387851206,1275.521299821247,1281.4305856693993,1277.95050879682,1291.2370543785516,1293.1418069129932,-0.11263923479408988,-0.36826497642467715,0.41133505499827083
2024-10-08 00:02:48.693719,168.69371873262924,12.971777562682304,77.59491719688512,10.511627906976745,0.0,0.20921111031031478,-0.9297157622738936,0.9529641584539273,-1.0587103698099545,-0.8321036707116558,3.5372492228286667,0.0,0.5,1261.3587766474905,1263.8874839774633,1279.1914187031264,1282.0071377629297,1272.2668188955645,1272.4985094392964,-0.09112006021488346,-0.5665729894716377,-1.1272851821720762
2024-10-08 00:02:48.793774,168.79377431906616,12.971783827989059,77.59490862393764,10.418604651162791,0.0,0.05890148662840595,-0.929715762273915,0.9315797248478539,-0.7657071322790465,0.6925231102739513,3.407208741006062,0.0,0.5,1274.4289347862102,1272.7246188773113,1283.5960737335788,1274.52428565385,1282.1320974819155,1289.0157394749594,-0.5959880901276083,0.09235320627150533,-0.7433956201301103
2024-10-08 00:02:48.893830,168.89382990550305,12.971776322201084,77.59491513771937,10.325581395348838,0.0,0.12023946517612213,-0.9297157622738936,0.9374587604830236,0.22822133314445592,-1.023174422607947,3.4326559512072183,0.0,0.5,1285.5351959643544,1280.20340402803,1274.9176469250015,1271.779477215838,1279.734914993025,1272.1008311222724,-0.050801107249037754,0.1326727450868837,-0.6890842231320284
2024-10-08 00:02:48.993885,168.99388549193998,12.971771332072544,77.59492975611839,10.232558139534884,0.0,0.06633963148239361,-0.9297157622739078,0.9320795810046336,2.1401518665659225,-0.18638260003606422,3.2839031381434163,0.0,0.5,1278.9765378845257,1265.2237736291152,1276.1526324198708,1268.5509487293505,1281.8448541532355,1273.955549408595,-0.2864601922480565,0.05754422064403519,0.32992344650281813
2024-10-08 00:02:49.093941,169.09394107837687,12.97176300852254,77.59493608520935,10.13953488372093,0.0,0.03467655072273332,-0.9297157622739007,0.9303622207455366,0.3558202409571174,0.2178892917202584,3.2233699423770514,0.0,0.5,1276.927761566153,1293.440619198348,1282.7441048017288,1284.1937898948847,1276.2620847745052,1274.9424576878043,-0.5152776750525894,-0.0008417664624145487,0.33420232136561195
2024-10-08 00:02:49.193997,169.1939966648138,12.971759861071344,77.59493309689817,10.046511627906977,0.0,-0.11201685550250401,-0.9297157622739078,0.9364396267444167,0.8899814072832187,0.9406704296888629,3.247297886771368,0.0,0.5,1269.6735842886237,1271.010726590084,1269.595763801349,1271.665036521123,1253.4520629448075,1286.4411086400814,0.1593746844498066,0.14488993562152044,-0.17219674479013103
2024-10-08 00:02:49.294052,169.2940522512507,12.971755733000427,77.59493377398638,9.953488372093023,0.0,0.045778684517907814,-0.9297157622739007,0.9308421383761751,-0.2630462636165982,-0.9118894477294104,3.291472016351197,0.0,0.5,1273.2334352242417,1270.1611787398995,1268.9637896440147,1276.2365994387844,1277.5037917241018,1267.9911797220482,0.4435280244511096,-0.004784548061835608,-0.04203370093429464
2024-10-08 00:02:49.394108,169.3941078376876,12.971766646059056,77.59494641951696,9.86046511627907,0.0,-0.3378993436148342,-0.9297157622737728,0.9892155301225504,0.16244568829057288,-0.7279583117811457,3.274047722023034,0.0,0.5,1277.1388728895897,1271.5406921751699,1276.154786042142,1279.4260499157288,1277.0938666650954,1262.799467097613,-0.05605982734132413,0.18225434414712066,0.34237048427920397
2024-10-08 00:02:49.494163,169.49416342412454,12.97175974203811,77.59493244219529,9.767441860465116,0.0,-0.1288131180063802,-0.9297157622739078,0.9385969411792685,0.4073194949712283,-0.7182534824447082,3.2953088477493373,0.0,0.5,1282.226597254726,1269.8819117512128,1267.5090183019738,1275.4764241933838,1274.3135565963084,1275.4247236326912,0.016509200804240818,-0.06979295631495495,0.07252240848102308
2024-10-08 00:02:49.594219,169.59421901056143,12.97175095373398,77.5949237179424,9.674418604651162,0.0,0.08879511224471891,-0.9297157622739078,0.933946449524332,1.904458362977215,2.437933575042245,3.356194345479062,0.0,0.5,1287.2495339351276,1267.747638996105,1272.9704794518084,1273.1870798061934,1272.7529470333081,1279.2750773825667,-0.36404486033667494,0.6953759780774603,0.22545553625787706
2024-10-08 00:02:49.694275,169.69427459699835,12.971757951672231,77.59492203271435,9.581395348837209,0.0,-0.009231716507552353,-0.9297157622739007,0.9297615948242949,-0.0030587496542145327,-0.8393142640906032,3.446041221596452,0.0,0.5,1263.698137313254,1276.0714095894878,1269.7788772415263,1282.8444420529227,1272.804181556324,1267.5378962864015,-0.1757538335163952,0.4461086327403693,-0.30869106606896446
2024-10-08 00:02:49.794330,169.79433018343525,12.971751787899642,77.594922014747,9.488372093023257,0.0,0.19427215428083125,-0.9297157622739007,0.9497963300357901,-0.01808974465489164,0.4307053570954482,3.3712564321000325,0.0,0.5,1280.527490408614,1266.7302632556386,1277.4865168336835,1297.3161168123402,1286.1688003846298,1264.349904857913,-0.4484684869800694,0.45904036901563794,-0.016077678666813592
2024-10-08 00:02:49.894386,169.89438576987217,12.971745796479457,77.59491042660837,9.395348837209303,0.0,0.09781958081159073,-0.9297157622739078,0.9348476180697627,-0.8562824408146475,1.5341885246750828,3.384385226804912,0.0,0.5,1265.2807084667859,1284.3892016919933,1268.6425344654028,1270.7087533138651,1285.0502451213606,1274.442685258359,0.5891055823609301,-0.04270019536295557,-0.11261220525520692
2024-10-08 00:02:49.994441,169.99444135630907,12.971747632328231,77.5949092761234,9.30232558139535,0.0,0.044805783311582116,-0.9297157622739007,0.9307947984592011,-2.559802564398436,-0.24838801997209603,3.478456087013869,0.0,0.5,1272.3868805345655,1271.7628634556668,1264.3282514284344,1253.8994338644432,1254.802589204315,1276.4526046290862,-0.12033019743840967,-0.3476688373815218,-0.5773846677889508
2024-10-08 00:02:50.094497,170.094496942746,12.971748408105906,77.59491405892555,9.209302325581396,0.0,0.285313063908611,-0.9297157622739078,0.9725096107789746,-1.2077452351088187,-2.149600979940619,3.462949356372853,0.0,0.5,1254.3168249020741,1267.8420751875092,1271.9136329226083,1260.2180132972499,1262.3720136904044,1262.4804696702172,0.017859926064336437,-0.49328908894174445,0.5524013033258097
2024-10-08 00:02:50.194553,170.1945525291829,12.971750191484562,77.5949066711413,9.116279069767442,0.0,0.18139925482087865,-0.9297157622739078,0.9472471104575213,0.6091641086141144,-3.6865841709956513,3.4709302261966952,0.0,0.5,1275.6889176291074,1265.5055318562754,1281.510042260333,1277.193703739622,1269.4838425450205,1260.2606805199632,-0.11416313369099239,0.21090437879823648,-0.25134185837511536
2024-10-08 00:02:50.294608,170.2946081156198,12.971746777432658,77.59490581175005,9.023255813953488,0.0,0.11555040718046132,-0.9297157622739078,0.936868878349646,-2.832672232502819,-0.09311632477265763,3.255689793161614,0.0,0.5,1268.7451887202974,1260.3508102533108,1253.6247203574878,1273.0181454498147,1273.5022885344238,1264.0505907498436,-0.11738084266372434,-0.05811629137054468,0.023283361834087052
2024-10-08 00:02:50.394664,170.3946637020567,12.971748857639131,77.59489500253109,8.930232558139535,0.0,0.05848505617910229,-0.9297157622739078,0.9315534876843231,-0.9336282164509498,-0.38790556635569906,3.3791531968002992,0.0,0.5,1263.5985547525315,1263.0171029516118,1268.9744785763912,1265.9231479363086,1266.1555323310802,1294.0699716349245,-0.08015293759126364,0.2420079575570953,0.09281431730810355
2024-10-08 00:02:50.494719,170.49471928849363,12.971755449705508,77.59487791346689,8.837209302325581,0.0,-0.16200254834351274,-0.9297157622739078,0.943724654912833,1.6793937389887454,-0.15807991175087582,3.2584128840674103,0.0,0.5,1274.7281341069183,1289.3192433413587,1276.5458811095186,1274.4689539528028,1255.0840130338277,1258.4034710794956,-0.1439965662887636,-0.03679407578872717,-0.08719949665102895
2024-10-08 00:02:50.594775,170.59477487493052,12.97176811173752,77.59486497766348,8.744186046511627,0.0,0.07190724441044126,-0.9297157622739007,0.9324923862526939,-1.7645192350185195,3.6275892257551705,3.218933436937659,0.0,0.5,1263.7503385956131,1266.7400364412315,1267.6144635127375,1267.3146604380559,1261.0552999508805,1271.4416586454327,0.08965681509080192,-0.1437748044869312,-0.049639602751260496
2024-10-08 00:02:50.694830,170.69483046136745,12.971767434411433,77.59485774702868,8.651162790697674,0.0,0.2500321394431926,-0.9297157622739007,0.9627499516359793,-0.778932647140306,-1.2258807952015378,3.238075305329894,0.0,0.5,1260.9401996407132,1258.6458792456208,1267.932897719727,1253.492057255349,1247.793284606566,1258.1885241531172,0.057594404421496236,-0.11150002169149964,-1.1134765460561415
2024-10-08 00:02:50.794886,170.79488604780434,12.971763390129054,77.59485535483942,8.558139534883722,0.0,0.2034647065978022,-0.9297157622739007,0.9517191210916538,0.19178785241534357,0.11610937457330013,3.238701511095651,0.0,0.5,1266.2884335899287,1277.9269959719625,1268.1876983155364,1277.185713577886,1257.642758318459,1266.1455409777473,0.2147235342716525,0.54487266992863,0.6202880847828253
2024-10-08 00:02:50.894942,170.89494163424126,12.97176028132101,77.59485665547764,8.465116279069768,0.0,0.25833770640022086,-0.9297157622739078,0.9649402930589438,1.1620593186564399,-1.419925396963353,3.2124854754569543,0.0,0.5,1252.2608890988322,1268.2120260721194,1257.4987198684632,1254.4751424915157,1269.9976664977726,1276.2823935087706,-0.11257232238164784,-0.0008115669102498322,0.14190015360802766
2024-10-08 00:02:50.994997,170.99499722067816,12.97177248176554,77.5948596971664,8.372093023255815,0.0,-0.06746209147683654,-0.9297157622739007,0.9321601431122065,0.5746134392270044,-2.571302311457435,3.2843798374841304,0.0,0.5,1269.180345284821,1282.0700164922337,1264.0842902959116,1259.9505297409694,1254.2903364641911,1271.79375104652,-0.5336541955838198,-0.028006954279911827,-0.40166735923862984
2024-10-08 00:02:51.095053,171.09505280711508,12.97179128573844,77.59486774164718,8.279069767441861,0.0,-0.2701364778767703,-0.9297157622739078,0.9681658511330692,-1.1046304503189355,-1.1575454321302727,3.492255659901114,0.0,0.5,1254.6998507820567,1266.1319434353038,1253.9312310639405,1283.1984051006382,1261.3406486784154,1275.8437783691325,0.4656963926194707,0.34376090043162455,0.881670836636136
2024-10-08 00:02:51.195108,171.19510839355198,12.971799392421346,77.59486233138416,8.186046511627907,0.0,-0.29181013891325247,-0.9297157622739007,0.974435506225585,0.09961978184191735,0.26322027511506313,3.448762631996476,0.0,0.5,1275.5896707373556,1255.3701499236595,1270.3627204405948,1257.331851327067,1272.416939938754,1251.6616257651451,0.03594004679259922,0.15434893878913544,0.4382042046404638
2024-10-08 00:02:51.295164,171.2951639799889,12.971798247513265,77.59486677396235,8.093023255813954,0.0,-0.09644123929652124,-0.929715762273915,0.9347043977951616,-0.9057164096927643,0.9525442148276462,3.3878457457736917,0.0,0.5,1273.6696682025038,1259.224548192528,1273.2360065932505,1270.7142780560473,1259.4573153711542,1258.729365147649,-0.18706066667569415,0.08169266487177984,0.15359662276501068
2024-10-08 00:02:51.395220,171.3952195664258,12.971800928000732,77.59485791187541,8.0,0.0,0.054385202156456244,-0.9297157622739078,0.9313050782821665,-1.0584955202898327,-0.9794953494883414,3.3020872959911376,0.0,0.5,1268.5171922011864,1253.7647915496468,1263.8716810300202,1266.6526904562493,1261.397864320946,1263.7801665978961,0.1932501871526025,-0.2540937753053024,-0.9212159455670051
2024-10-08 00:02:51.495275,171.49527515286272,12.971801116451813,77.59485376227906,7.906976744186046,0.0,-0.088755684620449,-0.9297157622739078,0.9339427017611938,-0.05849053298674001,-0.9691759812032014,3.4777449038454407,0.0,0.5,1255.454001042986,1267.8571848251236,1267.8744769645623,1281.0348569020737,1272.535621123484,1267.4095332891127,0.12894380220420562,0.05953879784827111,-0.7355628672945951
2024-10-08 00:02:51.595331,171.5953307392996,12.971801641447168,77.5948608382531,7.813953488372093,0.0,0.1119752258322874,-0.9297157622739078,0.9364346479176993,-0.49162652230469206,1.895341367597452,3.498463946916911,0.0,0.5,1273.9001911544776,1256.157441716997,1261.9092897976036,1267.7180794615206,1273.718309165728,1263.5601773640126,0.02757041911715292,-0.2799713043191137,0.1262464343880552
2024-10-08 00:02:51.695386,171.69538632573654,12.97180291767372,77.59485142837572,7.720930232558139,0.0,-0.13678827462772195,-0.9297157622739078,0.9397246568523051,-0.318660336640892,-0.7360791502218189,3.2918603684113465,0.0,0.5,1274.75498220807,1259.0536811682252,1244.739257057225,1261.9258287133136,1265.4187223986683,1255.4309678348732,0.11767092773900305,0.5115828171014262,-0.5041311885063933
2024-10-08 00:02:51.795442,171.79544191217343,12.971797713064465,77.59485625416394,7.627906976744185,0.0,-0.07448524786329784,-0.9297157622738936,0.9326947253897087,-0.5493095863876306,0.803819502264931,3.2777076403857106,0.0,0.5,1264.679247157252,1264.9412246617337,1265.1548098611877,1272.9543923187528,1271.0477919217471,1265.978870716299,0.14629416342474186,-0.02367534907397684,0.5535439440049126
2024-10-08 00:02:51.895497,171.89549749861035,12.971795138451133,77.59484416567486,7.5348837209302335,0.0,-0.11530941322130678,-0.9297157622739078,0.9368391854518019,-1.6677016640111169,-0.47357971028344137,3.3332135069838214,0.0,0.5,1249.9065345362553,1270.3201202181913,1266.0724850393299,1269.4371171860564,1264.4194961320325,1269.1952560983273,0.0033363035909840326,-0.2096775793645511,-0.07294540882812947
2024-10-08 00:02:51.995553,171.99555308504725,12.97179791069625,77.59482088348241,7.44186046511628,0.0,0.04505267572127903,-0.9297157622739078,0.9308067158170917,-2.9843962034109817,-0.3808939654637388,3.3087235236513175,0.0,0.5,1270.0727569441192,1269.5688581530687,1270.673703792305,1256.528257351537,1257.3263992181496,1263.217120153065,-0.37989687400649635,-0.37211913630585564,0.20349295415263116
2024-10-08 00:02:52.095609,172.09560867148417,12.971793716275027,77.59482327667205,7.348837209302326,0.0,0.09236496734523422,-0.9297157622739078,0.9342926125220298,0.3896509470286188,1.032857798130827,3.3116279455581497,0.0,0.5,1245.4423723413327,1268.1766121651613,1267.86049739313,1262.0114905559553,1246.2294504536872,1260.16987733486,0.4658073506085737,-0.56483845177988,0.3728542226030271
2024-10-08 00:02:52.195664,172.19566425792107,12.971794233931837,77.59482858317729,7.2558139534883725,0.0,-0.04302160553083989,-0.9297157622739007,0.9307106194532173,1.7376894988627594,0.16275896301495912,3.4103452950103774,0.0,0.5,1263.6164354185169,1264.21290173083,1272.1143046653997,1249.9562315840374,1262.9648181107123,1259.244055395746,-0.07346449886981452,-0.8236909892936414,0.1750776652486002
2024-10-08 00:02:52.295720,172.295719844358,12.971784191197248,77.59483026360083,7.162790697674419,0.0,0.14999171593038924,-0.929715762273915,0.9417371785526518,4.097512455971772,-0.14277994401176558,3.423490357178135,0.0,0.5,1254.8021509203047,1271.399510655376,1258.3365134821156,1261.523279580833,1260.2483331047165,1264.2480151696923,-0.06846558710019156,0.36650204187411545,-0.629120034244203
2024-10-08 00:02:52.395775,172.39577543079488,12.97179142288544,77.59482867237388,7.069767441860465,0.0,-0.16006155546524378,-0.9297157622739007,0.9433933962873037,-0.4452992396131563,-2.368437808925427,3.2813144279639217,0.0,0.5,1265.1814468406558,1264.0784621097505,1260.6156049891817,1252.2178782633398,1274.2977055722163,1257.508313797694,-0.6116953183578513,0.7227268032434163,-0.11912519441394909
2024-10-08 00:02:52.495831,172.4958310172318,12.971789312929696,77.59483170756003,6.976744186046512,0.0,-0.33727377848342105,-0.929715762273915,0.9890020223806676,-0.2590592150547962,0.6370793030087835,3.3088191682284824,0.0,0.5,1249.0014350417532,1254.556862982685,1258.097067364877,1264.5812536223925,1267.564234053118,1260.772776741701,-0.21076585840061252,0.17869707344073069,-0.059303938973731034
2024-10-08 00:02:52.595887,172.5958866036687,12.9717705648104,77.59483117072111,6.883720930232558,0.0,0.04959074070547786,-0.9297157622739078,0.9310373999922191,0.023058377919095017,-2.5755527496439026,3.2826461946072576,0.0,0.5,1260.560015052408,1269.9724520552852,1258.92430490358,1262.9449491740672,1261.623959937549,1248.6017272845547,-0.043389455027365555,-0.30725900481291557,0.44221808934808915
2024-10-08 00:02:52.695942,172.69594219010563,12.971778951182579,77.59483797829212,6.790697674418604,0.0,-0.17311285408849822,-0.9297157622739078,0.9456952251498467,-1.3314466039559225,-2.2758251260314957,3.5019484766100453,0.0,0.5,1275.225205588999,1248.8862794002816,1258.8080600988308,1253.3087737096741,1263.8333074024104,1261.785259972025,-0.4685574060727616,0.36968676432502495,-0.4936047876128785
2024-10-08 00:02:52.795998,172.79599777654252,12.971793146654896,77.59484352406342,6.697674418604651,0.0,0.16658850188369956,-0.9297157622738936,0.9445226982875438,-2.2254476633008475,1.1864171872436342,3.556462644529537,0.0,0.5,1272.1666908960744,1250.75494544496,1256.8132682873415,1265.2843414659155,1262.5508664558165,1264.392074464255,0.5149379081205079,0.04919761408472673,0.24693022331206205
2024-10-08 00:02:52.896053,172.89605336297944,12.971794717032456,77.59484619466782,6.604651162790699,0.0,0.2474093678442338,-0.9297157622739078,0.962072135506292,1.7830195748194693,-0.4567378563532549,3.5345322676953326,0.0,0.5,1258.080232231006,1263.5408779335746,1265.550706362924,1265.7165677548307,1238.0141156642273,1265.5757174071962,0.13141111778622927,-0.0927189780001587,0.459283659114644
2024-10-08 00:02:52.996109,172.99610894941634,12.97180341653271,77.59482942016196,6.511627906976745,0.0,0.20818843320415023,-0.9297157622739007,0.9527401651764973,-0.07005552441938076,-0.8402470787082429,3.5688581737345793,0.0,0.5,1253.3373041197128,1261.6804482834284,1262.4488577667366,1266.0924846665364,1254.9336026137382,1258.8934999726282,0.35441620703438825,-0.0878866973735593,-0.1406861986498335
2024-10-08 00:02:53.096165,173.09616453585326,12.971800273737816,77.59482350467363,6.418604651162791,0.0,0.0459162615995806,-0.9297157622739114,0.9308489145397556,1.8381317420315306,2.025985639184863,3.5108442272915417,0.0,0.5,1240.3533213761998,1258.085541355624,1263.8978054536008,1274.3527060203003,1246.9283488190597,1257.3226059632073,0.11461303835463187,-0.2860170321537363,-0.14579919248436118
2024-10-08 00:02:53.196220,173.19622012229016,12.971803771523915,77.59482536270602,6.325581395348838,0.0,0.109101477315851,-0.9297157622739043,0.9360953642514463,0.3775935415888362,-0.5706597041302539,3.5502405507820356,0.0,0.5,1253.871038918894,1268.4336536976823,1251.8839150906285,1244.5210187516775,1258.4802498789238,1245.850141141587,0.011277918594689849,0.4856234025178979,-0.817105616164127
2024-10-08 00:02:53.296276,173.29627570872708,12.971815983366458,77.59480744312003,6.232558139534884,0.0,-0.045150827085388257,-0.9297157622737728,0.9308114716776954,-0.30876052689330696,-0.04009834974857098,3.634338118916095,0.0,0.5,1234.790894888234,1239.2384188910294,1257.1979175509805,1239.151393562879,1258.8712027228778,1257.629288515553,0.5194111933776965,0.4908294571474602,-0.9125383690971745
2024-10-08 00:02:53.396331,173.396331295164,12.971807499111215,77.59480843239085,6.1395348837209305,0.0,-0.07229336778543925,-0.9297157622739078,0.9325222408319891,-1.4470084583539438,-0.19988705747910623,3.5837973072231293,0.0,0.5,1254.896412455149,1264.5568781723896,1253.851452942839,1258.034285004703,1260.0465093752414,1256.4345206626797,0.33510650187499397,0.28988505320543917,0.1471405725942267
2024-10-08 00:02:53.496387,173.4963868816009,12.97180389734558,77.59480393961854,6.046511627906977,0.0,-0.07336144102487357,-0.9297157622739043,0.9326056506636623,1.716045324967058,-1.230031813271332,3.726334238095179,0.0,0.5,1254.5390541037798,1268.9000643540735,1266.6746722149396,1254.0699153370329,1259.1824327544598,1257.2456480309406,0.7146156984205568,0.07699323834497988,-0.0703954716506754
2024-10-08 00:02:53.596442,173.59644246803782,12.97180893838147,77.59480521261104,5.953488372093023,0.0,-0.10585543970285595,-0.9297157622739114,0.9357225939001607,-0.6031155983364211,-0.3522269864472822,3.779796227808547,0.0,0.5,1259.7067920919278,1251.7855945550632,1261.3726478355757,1258.7246420641452,1270.5385006686327,1248.762018289367,-0.11614457697325038,-0.024572405179530216,-0.45519429004284484
2024-10-08 00:02:53.696498,173.69649805447472,12.971797143122417,77.59480324325138,5.8604651162790695,0.0,0.09780161355215768,-0.9297157622739043,0.934845738201738,3.899722410729585,-0.3206082063129603,3.7186806640023566,0.0,0.5,1244.0987985396578,1266.6518110765603,1269.5132454336795,1256.7911649888933,1247.053033878128,1266.1421579408088,0.11974019747348386,-0.19389304369789384,0.6472301799209822
2024-10-08 00:02:53.796554,173.79655364091164,12.971818006393281,77.59478532801677,5.767441860465116,0.0,0.014619690315350698,-0.9297157622739078,0.9298307017761192,1.6771991785119345,0.40793443036465116,3.7780817539540807,0.0,0.5,1261.9649926518284,1253.0968774647877,1253.996366086701,1251.273011687205,1253.294376876245,1250.5539184844567,-0.2815157491082538,-0.04088698216472114,-0.21712379731473533
2024-10-08 00:02:53.896609,173.89660922734853,12.971826724899888,77.59478389971443,5.674418604651162,0.0,0.13052774331500652,-0.9297157622738972,0.9388337927425929,0.7931505428913208,0.03202103861220161,3.6840793557053084,0.0,0.5,1259.0710357899682,1262.8938895589677,1268.0689085613242,1247.6782638949278,1262.5218518581373,1272.790310288444,-0.04741088935385993,0.27267726895198513,-0.30967637576477003
2024-10-08 00:02:53.996665,173.99666481378546,12.971830974138225,77.5947990469909,5.58139534883721,0.0,-0.014907963987482047,-0.9297157622739007,0.9298352789665449,2.1497329692394964,-1.3756849192503566,3.6372549926989093,0.0,0.5,1259.6173218624167,1245.0758909458757,1253.265189477575,1246.8721877297403,1252.5081780317769,1249.038991594362,0.31933622164617775,-0.04688084802011404,-0.24872620240126747
2024-10-08 00:02:54.096720,174.09672040022235,12.971830096054514,77.59480194228598,5.488372093023257,0.0,0.17025712951988628,-0.9297157622739007,0.945176644216779,2.060717657726518,-2.3284513354940986,3.6499952147115144,0.0,0.5,1246.051024217355,1267.9401274944225,1257.6590858335028,1239.7606083429243,1247.1502693567093,1252.782457490304,-0.1530529018191854,-0.20065581301702531,-0.036513545438564894
2024-10-08 00:02:54.196776,174.19677598665928,12.971834663076873,77.59480063188191,5.395348837209303,0.0,0.14350782322402447,-0.9297157622739078,0.9407262587740662,2.3650254955164076,0.4245433671811262,3.6750309111556807,0.0,0.5,1245.64101426711,1241.334378810113,1255.1519098558736,1252.5564709383345,1244.235937022669,1254.163476748305,-0.20984868694112555,-0.1809783178504152,-0.054990943987964044
2024-10-08 00:02:54.296832,174.29683157309617,12.971825849842547,77.59480344810333,5.302325581395349,0.0,0.17429204197148837,-0.9297157622739043,0.9459117900286146,-0.17687452892459413,-2.762135327904208,3.6559695011984243,0.0,0.5,1256.1876621269446,1255.4927582735625,1246.6341327639718,1243.1413189296281,1230.8338050790453,1250.9389303133248,0.23477199954759786,0.41619762923120096,0.36350648510064487
2024-10-08 00:02:54.396887,174.3968871595331,12.971830409730526,77.59479115864437,5.209302325581396,0.0,0.10257930609127584,-0.9297157622739114,0.935357638905423,1.9328856752689136,0.5405612121842103,3.6121385661998553,0.0,0.5,1258.8521163276798,1243.9215835542748,1244.4947484384338,1249.3458900374346,1252.7465127881014,1253.207398599,-0.15003723204737993,0.3208415054933522,0.32867187602898
2024-10-08 00:02:54.496943,174.49694274597,12.971847751392346,77.59478944243646,5.116279069767442,0.0,-0.2067347192641263,-0.9297157622739043,0.9524235626913921,-0.9612244339679847,-1.4847117980554767,3.513428646577784,0.0,0.5,1261.2702798488197,1261.7837819712765,1248.9379295611823,1255.070459260305,1239.5819920827832,1256.8445674593236,-0.20303628556178313,0.15974016957207354,0.21602759764200616
2024-10-08 00:02:54.596998,174.5969983324069,12.971861567990347,77.59478697218985,5.023255813953488,0.0,-0.13669287908656744,-0.9297157622739078,0.939710775618503,-3.6899131618358205,-0.5299375964054549,3.4922102263852257,0.0,0.5,1253.732898981793,1239.1913824139453,1240.96243589581,1238.381174427254,1249.6519230565834,1257.7431369332305,0.5535402482525548,-0.006215473835930174,0.7147545398486552
2024-10-08 00:02:54.697054,174.6970539188438,12.971866048065467,77.59479040666548,4.930232558139535,0.0,-0.17268766019326862,-0.9297157622739007,0.9456174842945567,0.25660189397598665,2.494569353428834,3.4312867609526108,0.0,0.5,1255.1317023812562,1249.5654807240198,1249.1537149722085,1246.8263103435072,1254.3032978480346,1249.3442869933972,0.1654200945872638,0.21347302486093106,-0.09054805446949624
2024-10-08 00:02:54.797110,174.79710950528073,12.9718649351545,77.59478962642696,4.837209302325581,0.0,0.0438795497160133,-0.9297157622739043,0.9307506720404918,2.2659344686158414,-0.2833225121564532,3.5030200415104735,0.0,0.5,1254.9420340415354,1270.4025557676396,1251.292760379796,1256.3209966772208,1231.4052863637028,1247.9951063402902,0.13606684043486666,0.05902267552759022,-0.2934669560842943
2024-10-08 00:02:54.897165,174.89716509171762,12.971876698855063,77.5948027458984,4.7441860465116275,0.0,-0.09175306938821949,-0.9297157622739078,0.93423231819645,1.3338037876127384,-0.3376439088054583,3.428227731962544,0.0,0.5,1267.4368508495513,1226.8557998634903,1239.596113900329,1256.5561268898703,1249.821579281236,1245.724012214089,0.06709631220615693,-0.36640435048604664,-0.294040207489766
2024-10-08 00:02:54.997221,174.99722067815455,12.971863797273423,77.59480336342726,4.651162790697674,0.0,-0.026712958460318494,-0.9297157622739007,0.9300994467099973,-0.16966977643992032,1.6104931095191644,3.576954949854321,0.0,0.5,1246.1066242907189,1239.4030367659807,1252.581045302249,1260.974454252257,1255.852045767261,1249.3634711507996,0.46327606228296087,0.33515327919860205,-0.03779130507835886
2024-10-08 00:02:55.097276,175.09727626459144,12.971865968740717,77.59480664475684,4.558139534883722,0.0,0.28370476605198514,-0.9297157622739007,0.9720389873359772,0.7549433520069497,-1.039700335715349,3.479581680216592,0.0,0.5,1243.543048975081,1248.3558500866034,1250.682160945893,1249.4138695087095,1244.7729001014497,1248.5298751197888,0.3981634157236427,-0.3007744886183248,0.39817763104326304
2024-10-08 00:02:55.197332,175.19733185102837,12.971858599914915,77.59479901609032,4.465116279069768,0.0,-0.03726642917329513,-0.9297157622739078,0.930462350320464,-1.2250380639695955,1.5653844027664525,3.3846064600545582,0.0,0.5,1254.572290893909,1256.908590973675,1244.7037356279568,1243.6674163853609,1248.5971296649673,1250.9418003597216,0.11537494743924691,0.052506931504541506,0.8341652538720787
2024-10-08 00:02:55.297387,175.29738743746526,12.971854645676784,77.59478991526649,4.372093023255815,0.0,-0.07085539628551987,-0.9297157622739043,0.9324118648984069,-0.5878527211140647,-2.0759404314385135,3.336550612341279,0.0,0.5,1238.9525997384499,1254.314689717543,1238.9472404968574,1241.9393061756077,1236.0526848051531,1254.97901735245,0.27181701307428385,0.3894597104925005,-0.3345071158440158
2024-10-08 00:02:55.397443,175.39744302390218,12.97185155474172,77.59477841356656,4.279069767441861,0.0,-0.0284387628337499,-0.9297157622739078,0.9301506124558903,-0.0009094015156765221,1.3324628361352153,3.1637223407407915,0.0,0.5,1235.0269313043436,1251.8042168099303,1239.3108103519637,1235.9065954919731,1241.8226836734696,1239.067303282988,0.45184909339184787,-0.6537842530260197,0.1963788263657806
2024-10-08 00:02:55.497499,175.49749861033908,12.971861418260863,77.59476984237479,4.186046511627907,0.0,0.43832125038641667,-0.9297157622739043,1.0278603587846253,1.0067717883747052,-2.899990089226651,3.234101792695568,0.0,0.5,1234.8264152868708,1225.0537075465727,1248.7701034269762,1225.3103416933297,1239.5945204554457,1245.4964065621507,-0.3884717511133941,0.048229077186901344,0.41627007269854654
2024-10-08 00:02:55.597554,175.597554196776,12.97186198196873,77.59475823838926,4.093023255813954,0.0,-0.03169610442475762,-0.9297157622739078,0.9302559011671244,-0.8241570346580546,1.3569620116333612,3.1815570196069114,0.0,0.5,1252.464237029599,1247.0712124237266,1237.001837701158,1244.5556590737258,1236.3515455372233,1243.9378839066167,-0.1719433096816661,-0.06576439733224387,-0.24469777469411066
2024-10-08 00:02:55.697610,175.6976097832129,12.971852681355665,77.59476180877554,4.0,0.0,-0.13955986696937048,-0.9297157622739078,0.940132094489419,0.8671064788973946,1.2656619736822536,3.1201730283219513,0.0,0.5,1249.772001186802,1237.7440000991344,1246.7594110929215,1247.920946242558,1249.3716200223935,1239.5161038591068,1.0241356904372727,-0.6882373440501317,0.701109593634989
2024-10-08 00:02:55.797665,175.79766536964982,12.971862139365076,77.59475711494822,3.9069767441860463,0.0,-0.280296278763295,-0.9297157622739078,0.9710496395700399,-3.0664945062430338,-1.7015882740829382,3.1154339691198083,0.0,0.5,1246.325270046328,1243.5400317935905,1241.5407656501172,1247.1020009759886,1239.4224385107257,1247.3431065698032,0.24051276864658883,0.21477374765944282,-0.5996715051758322
2024-10-08 00:02:55.897721,175.89772095608672,12.971872312944027,77.59476117942413,3.8139534883720927,0.0,-0.1902776971257624,-0.9297157622739043,0.9489873553657237,-1.1751771954077737,0.8365649408146627,3.19558875179475,0.0,0.5,1246.4479285186626,1237.0052907085449,1237.6618839862613,1243.7458712585699,1249.0823234556315,1248.634663506046,0.04403049283325341,-0.13127291751346404,0.16090648389799336
2024-10-08 00:02:55.997777,175.99777654252364,12.971864342267859,77.59476884355863,3.720930232558139,0.0,-0.09268351941752463,-0.9297157622739078,0.9343241586259944,1.3188961386064526,-2.61687268716408,3.089564628109157,0.0,0.5,1241.474908335662,1245.3995708581906,1244.007553939772,1251.9006915850123,1249.2428984390488,1246.04527342769,-0.44428984587634474,-0.42946503135530223,-0.19548642775083033
2024-10-08 00:02:56.097832,176.09783212896053,12.97186363570227,77.59478066262746,3.6279069767441854,0.0,-0.014020521983273767,-0.9297157622739043,0.9298214740783471,-1.2582310158864658,3.128330933312088,3.0545206102896465,0.0,0.5,1240.4834887734742,1228.9188076134992,1216.8085673030826,1241.0177004737484,1240.1644899061316,1225.0644874883087,-0.17928556855985106,-0.05463151593298184,0.12957952940944392
2024-10-08 00:02:56.197888,176.19788771539746,12.971857519379462,77.5947842071254,3.5348837209302317,0.0,0.1720011008915243,-0.9297157622739078,0.945492346520293,0.48167566154160874,-0.39426852751013974,3.182170569560802,0.0,0.5,1250.1677559145387,1252.5576408607153,1251.7151740836123,1239.3483874122855,1249.7269688284728,1249.6382724604362,-0.03063927984284849,0.19660605436223022,0.11788048260080276
2024-10-08 00:02:56.297943,176.29794330183435,12.971848123012576,77.59479116503095,3.441860465116278,0.0,0.32704739116041903,-0.9297157622739078,0.9855614616478211,-1.7735030095084403,-1.232109615272675,3.0513949297591965,0.0,0.5,1240.442875727917,1255.6348932195517,1240.74596122767,1246.763713038297,1241.1821644171903,1257.8216505760104,0.17689020891390575,-0.03990837655693843,-0.15441055275917645
2024-10-08 00:02:56.397999,176.39799888827127,12.971842405157327,77.59478293362494,3.3488372093023244,0.0,0.1319162545961813,-0.9297157622739078,0.9390278466835997,0.1902642379656424,-0.8350207196197512,2.930382000292574,0.0,0.5,1248.489681847966,1241.0601766212296,1232.4909704174001,1230.584371296885,1245.1437389943524,1239.6583573886926,0.21013905715039474,0.41858302231735744,0.5878851584954691
2024-10-08 00:02:56.498054,176.49805447470817,12.971840298375337,77.59478179852796,3.2558139534883708,0.0,0.27644337615045644,-0.9297157622739043,0.9699445029680871,-1.4845422708320053,-0.30972564817544956,2.8428008926518187,0.0,0.5,1235.4830436630514,1249.3183164251113,1246.4594526903195,1245.8852591448726,1237.6430144475462,1243.1780378448939,-0.19378593275728384,-0.30839980717342746,-0.09627479987785177
2024-10-08 00:02:56.598110,176.5981100611451,12.971836147978161,77.5947894604695,3.162790697674417,0.0,-0.019508021333193275,-0.9297157622738901,0.9299204060116418,3.5084250166282915,-1.1467318913838394,2.862102638080526,0.0,0.5,1230.5224574992217,1241.1890077732562,1249.5128870252963,1242.009539055134,1227.2631157990015,1245.1743385483421,0.4917754003099414,-0.03723930608548761,-0.4827369063580275
2024-10-08 00:02:56.698166,176.698165647582,12.971836745702621,77.59478458338981,3.069767441860467,0.0,-0.09685756165220799,-0.9297157622738883,0.9347474449656059,-1.8258625502754493,1.4105436647563365,2.8524929172370928,0.0,0.5,1237.9244718744512,1246.5152258003184,1243.1650972994485,1247.2192298102595,1228.8038914408319,1239.757683951686,-0.30715995869692375,-0.4000953787955771,-0.6571017353220778
2024-10-08 00:02:56.798221,176.7982212340189,12.9718170190066,77.59478088468362,2.9767441860465134,0.0,0.0697267552964399,-0.9297157622739096,0.9323267769536207,-0.30883236400203645,-1.4761010313654466,2.788115218744523,0.0,0.5,1232.9614177987469,1254.4821082861886,1242.7611133168425,1252.7403219280468,1235.4662050901918,1246.1303074983543,0.21166466277196513,-0.19348144234106535,0.1891381298662147
2024-10-08 00:02:56.898277,176.8982768204558,12.97181417205464,77.59478363000763,2.8837209302325597,0.0,0.05389193059878846,-0.9297157622739061,0.9312764030105213,-0.6006761810682105,1.7511919949175918,2.807358031320547,0.0,0.5,1245.7077491843904,1234.53474310975,1232.6003208561947,1239.8830448922943,1241.6513094891072,1241.9756782411764,0.05221567986848654,0.3611863246001763,0.656614542456544
2024-10-08 00:02:56.998332,176.99833240689273,12.971824228547355,77.59478160596052,2.790697674418606,0.0,0.0009426513386773764,-0.9297157622739078,0.929716240157232,-1.7115196176932947,-1.6554742478813256,2.837810010847026,0.0,0.5,1242.5597684231548,1237.1085445226136,1248.850084797076,1249.9621205821602,1243.4056124815506,1231.2727616948075,-0.6307891415523224,-0.2828859358603391,-0.0695960077065259
2024-10-08 00:02:57.098388,177.09838799332962,12.971823204680087,77.59478113922698,2.6976744186046524,0.0,0.013598475303942878,-0.9297157622739061,0.9298152059152088,2.5296923967868357,0.34248172340181227,2.696241493728525,0.0,0.5,1246.5809820211548,1250.2595881824968,1246.9131008907464,1234.5160243938626,1249.4109881312413,1227.8557418052253,-0.09908708266887746,0.314603684390427,0.17595088392762
2024-10-08 00:02:57.198444,177.19844357976655,12.97182392733055,77.59477786409116,2.6046511627906987,0.0,-0.009015543467822544,-0.9297157622739078,0.9297594735438697,0.552863404551482,-0.7907456676626079,2.717800754439587,0.0,0.5,1255.9399651122599,1231.2185440059607,1247.7536411510077,1235.5441629561344,1238.0394624370501,1230.7893309415665,0.27972918067709296,-0.24271377552645979,-0.5815097824263468
2024-10-08 00:02:57.298499,177.29849916620344,12.971823199713171,77.59477636407607,2.511627906976745,0.0,0.1548944417590195,-0.9297157622739061,0.9425304699098,1.0093992925450053,1.1594240865401164,2.7410550587717837,0.0,0.5,1233.8984213040999,1237.1994351812193,1225.7085257065735,1232.8405059073964,1225.8442062814304,1236.4401646019335,-0.3768718905103029,-1.0147476467372445,0.9578874004072082
2024-10-08 00:02:57.398555,177.39855475264036,12.971838205284353,77.59476554700468,2.4186046511627914,0.0,-0.0834770854117974,-0.9297157622737746,0.933455849201854,-2.320695893556338,-0.3578368475488658,2.679884726402293,0.0,0.5,1242.3079508211465,1232.9100232042535,1238.6835815694453,1242.22104775926,1245.4688145668408,1226.0434968777631,0.34710160025907283,-0.1510913087639782,-0.010773116739381276
2024-10-08 00:02:57.498610,177.4986103390773,12.971846698069303,77.59476142568784,2.325581395348838,0.0,-0.08258672073241773,-0.9297157622739078,0.933376646944784,-0.8345295950897984,-0.3753209831511917,2.7031555309179995,0.0,0.5,1241.1933068229268,1237.3179434028436,1226.864554702699,1230.703114968046,1223.6745997610017,1227.0649505936553,0.5595542174530977,-0.12748186187558036,0.05070067452649556
2024-10-08 00:02:57.598666,177.59866592551418,12.97183808071575,77.59474752321074,2.232558139534884,0.0,-0.0653680971486471,-0.9297157622739061,0.9320109370309907,-4.3713525351514715,0.05968220443737374,2.6136168145898355,0.0,0.5,1216.3327711896688,1240.0227735829974,1236.2353420487464,1251.5654748986244,1233.868801943567,1247.895935941113,0.48443573183136207,-0.2884195450236581,0.13832082021857925
2024-10-08 00:02:57.698722,177.6987215119511,12.971853338286317,77.59474180726534,2.1395348837209305,0.0,-0.05469724581438631,-0.9297157622739061,0.9313233527192527,-1.2859219816234664,-1.1924037971528092,2.4273215291181502,0.0,0.5,1226.42044528791,1254.8123205505938,1236.5787228710137,1224.7177708572124,1234.1996446101361,1245.6236011567808,-0.15572311762343224,0.3275878249165162,-0.27296932486776904
2024-10-08 00:02:57.798777,177.798777098388,12.971849645167968,77.59474842226464,2.046511627906977,0.0,0.16803456813013154,-0.9297157622739061,0.9447788178760307,0.23322600078525318,-0.22406419135209585,2.2589972872256556,0.0,0.5,1234.4562168541263,1246.0314649335528,1236.629709802951,1245.1332472948052,1229.7428608575226,1237.1880524965984,-0.03353896849311057,-0.46026996551318217,-0.12881172480410077
2024-10-08 00:02:57.898833,177.89883268482492,12.971857998733716,77.59474684040143,1.9534883720930232,0.0,0.01074208365806325,-0.9297157622739078,0.9297778180736893,-1.8256674340062573,-0.18086206275297217,2.1658785522277197,0.0,0.5,1255.0969012686012,1228.5178841628574,1232.1206375568268,1227.6141137143927,1226.941440279594,1241.0045345359201,0.42482421646265883,0.4390393083646746,-0.5146295100289028
2024-10-08 00:02:57.998888,177.99888827126182,12.971851989893539,77.59474776571047,1.8604651162790695,0.0,-0.05952289766825142,-0.9297157622739061,0.931619221553192,-0.6780806003294123,0.8301606324118311,2.1476925928166564,0.0,0.5,1224.0108591162677,1229.1993056048673,1240.5915624926113,1213.7721929974414,1242.441352919903,1237.5773654224806,-0.3302641779322559,0.10347680042944479,0.5794007460020082
2024-10-08 00:02:58.098944,178.09894385769874,12.971856778512043,77.59475635726652,1.7674418604651159,0.0,-0.1793952204743666,-0.9297157622739078,0.9468653778386873,-0.6526127097190129,0.4642717761478502,2.1640166276425874,0.0,0.5,1239.1515647080096,1236.6573734872893,1235.0982028411383,1246.8588895148393,1234.4138688177636,1239.507940757068,0.42726928235946443,0.33628890359312696,0.9527472106236508
2024-10-08 00:02:58.198999,178.19899944413564,12.971847029194757,77.59475421036117,1.6744186046511622,0.0,-0.13764193449498419,-0.9297157622739061,0.9398492968301204,0.6464750537742603,0.6166005245150363,2.0155223680822782,0.0,0.5,1225.2028386380277,1242.3134691321325,1237.0260529378766,1240.3982042241498,1230.3432449980337,1225.7574649728601,-0.21919928163227603,0.036201937775260026,-0.5558128394021319
2024-10-08 00:02:58.299055,178.29905503057256,12.971850792374504,77.5947514834779,1.5813953488372086,0.0,-0.16429891699576932,-0.9297157622739061,0.9441215667203736,0.6655557966736352,1.0170221151184302,1.9878010462995086,0.0,0.5,1240.315685379186,1234.4832508379327,1226.8640852129593,1238.1858425207029,1226.4839822455126,1242.8952027466337,-0.33788348025529635,-0.3745992651442555,-0.2740218093665477
2024-10-08 00:02:58.399111,178.39911061700946,12.97184205317729,77.5947563024299,1.488372093023255,0.0,0.20198824714662755,-0.9297157622739061,0.9514045672614344,0.004505692803965776,0.7053531439234458,1.9207722662773958,0.0,0.5,1237.853381056645,1235.6379894023994,1219.6038842115133,1235.4101007732902,1244.0775710735934,1231.0662968385636,-0.012310960625235873,0.09010986773560294,-1.4091829015127098
2024-10-08 00:02:58.499166,178.49916620344638,12.971837044486781,77.59476764827009,1.3953488372093013,0.0,0.20626135026000467,-0.929715762273907,0.9523209244953259,0.25181643620997446,-0.7011150576081947,1.8341796163510873,0.0,0.5,1237.8061346850907,1224.8957638754691,1243.3447920529663,1240.590315509004,1230.4920431169362,1222.4983745394934,-0.07861315234112863,0.05794852329169187,-0.7327239848490461
2024-10-08 00:02:58.599222,178.59922178988327,12.971834928004858,77.59476264814992,1.3023255813953476,0.0,0.024058468503396633,-0.9297157622739061,0.9300269934401255,0.13709421244728703,0.6461752929665507,1.7397910199487585,0.0,0.5,1232.2259405814696,1219.578514541434,1231.8985975029918,1219.0589854659006,1217.0806145542876,1238.3030733017292,-0.1520674765087663,0.1206025818369364,-0.22526007361768263
2024-10-08 00:02:58.699277,178.6992773763202,12.971833423596587,77.5947649382546,1.209302325581394,0.0,0.1037496492350254,-0.9297157622738892,0.9354867120044569,-3.7514151061413337,2.047639732883644,1.7466411251034362,0.0,0.5,1246.7637042294455,1234.1190454515527,1241.0949558941422,1216.6179293332139,1234.4298884164662,1244.9507487671365,0.048072508800646854,0.14456527848249512,0.5894179744739271
2024-10-08 00:02:58.799333,178.7993329627571,12.971843065114548,77.59477493312721,1.1162790697674438,0.0,0.06111576592346956,-0.9297157622738883,0.9317223489135212,-1.111531414379475,0.000284538265805129,1.6534398871640341,0.0,0.5,1233.8483464551045,1230.6917164193503,1227.9279203249737,1242.8639041433987,1219.0472571635617,1229.4189191418657,0.007756226550443813,0.20942698016952394,-0.6274874471642766
2024-10-08 00:02:58.899389,178.89938854919401,12.97182827688168,77.59476499883706,1.0232558139534902,0.0,-0.0798375644052529,-0.929715762273907,0.9331374150202717,-0.18460289968336416,1.3903315407435,1.7893293647573387,0.0,0.5,1238.5108945570357,1231.4388941507127,1225.9998661117022,1244.0527087445582,1231.641947945655,1232.2571190766446,0.013937038692358503,0.060865968407258456,0.059886039804591874
2024-10-08 00:02:58.999444,178.9994441356309,12.971842395316107,77.59476327987335,0.9302325581395365,0.0,-0.019854255020834665,-0.929715762273907,0.9299277337852573,-1.1588191502334533,-0.20668876430759034,1.8471680708985339,0.0,0.5,1239.0086642101144,1231.4795710427168,1233.6528217052187,1252.7596825065743,1214.0214063588123,1231.6197281039113,0.04997661286378745,0.062423536563010126,0.45072031080629843
2024-10-08 00:02:59.099500,179.09949972206783,12.971843506082362,77.59474852337873,0.8372093023255829,0.0,0.06328439764946157,-0.929715762273907,0.9318671115595867,-0.4109678620040444,-2.65691948871436,1.8073411557186887,0.0,0.5,1228.8027177732515,1230.875296356568,1212.1079390930863,1225.7270910305483,1227.2389093149511,1232.6298483630048,0.09663514505015085,-0.09043384125095742,0.33277588778152095
2024-10-08 00:02:59.199555,179.19955530850473,12.971835253190049,77.5947408862774,0.7441860465116292,0.0,0.23762500754157406,-0.9297157622739061,0.959602544197171,-1.2737249239909674,-0.44552607897915686,1.8270008088547778,0.0,0.5,1225.8814778690075,1228.0029452883223,1219.9566483138149,1233.3327201365269,1220.5725323201682,1235.9729601687527,0.07627784935597713,-0.2788075496810788,-0.3116319927588169
2024-10-08 00:02:59.299611,179.29961089494165,12.971855114874467,77.59474081509043,0.6511627906976756,0.0,0.020541459631390268,-0.929715762273907,0.9299426596217317,0.884032443140512,0.4764590291899493,1.8010646894141125,0.0,0.5,1245.7141295314204,1225.2724245255508,1242.213056742103,1239.9344059743325,1215.2419966083078,1229.4547214527006,-0.03172944111175104,0.20792318530037385,0.24153772537655738
2024-10-08 00:02:59.399666,179.39966648137855,12.971847714568154,77.5947388946334,0.5581395348837219,0.0,-0.35541721350490574,-0.9297157622739065,0.9953355184439782,-2.470404870098302,2.2642112339179548,1.8377184704898477,0.0,0.5,1208.269244470255,1236.149397750706,1222.0525982025154,1220.9054558719968,1230.1825324136958,1225.544524433547,0.17947524590454797,0.3755268012739401,0.5917498881977434
2024-10-08 00:02:59.499722,179.49972206781547,12.971840752573247,77.59475256312568,0.46511627906976827,0.0,-0.2847824752305923,-0.9297157622739065,0.972354079962137,-1.2825297900667818,0.8191046639336774,1.8965485766229748,0.0,0.5,1225.0311163924794,1229.2978527722712,1231.755948388082,1237.4400544337493,1239.3854146171616,1227.4375214010875,-0.33361185437997787,0.322825638420772,-0.6491877252894077
2024-10-08 00:02:59.599778,179.59977765425236,12.971838322196673,77.59476210342221,0.3720930232558146,0.0,0.04728714878488213,-0.9297157622739065,0.930917543642161,-0.05751080659969336,-0.7346345586438602,1.9007992555659985,0.0,0.5,1224.4645406458692,1222.1816266246997,1216.2780781164533,1207.1318337713715,1241.0852114289776,1218.586163030688,0.18119591711950703,0.5664342748745935,0.3646429930502164
2024-10-08 00:02:59.699833,179.6998332406893,12.971838641488597,77.59475838089023,0.27906976744186096,0.0,0.07137932439070785,-0.9297157622739067,0.9324518253352424,0.8733275252703261,0.2158040894920042,1.8432787814193945,0.0,0.5,1230.8506501391378,1232.4035813154085,1219.6172577254804,1225.3633673699985,1234.4416436315696,1230.5204732975424,0.04426117568764274,0.5935809416109296,-0.41066645261345536
2024-10-08 00:02:59.799889,179.79988882712618,12.971845138561477,77.59476681223704,0.1860465116279073,0.0,0.070005700936679,-0.9297157622739065,0.9323476802052906,-2.645628455360597,-2.3032339736062166,1.6660588293363336,0.0,0.5,1225.7535279129584,1235.8108364206507,1215.8687936844763,1230.2088673426024,1219.1673169698192,1221.3897493168831,0.25388576249724826,-0.08058611135930421,0.7923989114570971
2024-10-08 00:02:59.899944,179.8999444135631,12.971842361437986,77.59477296964816,0.09302325581395365,0.0,-0.02206532297499871,-0.9297157622739067,0.9299775680620165,-3.2846744348011887,0.3619016936186605,1.709569480310718,0.0,0.5,1221.0464506134379,1230.6423783440966,1233.7927422467767,1216.4455021559468,1212.5314483005482,1232.5221504529823,-0.3181594993210117,0.3412991368995569,1.2131742426483318
2024-10-08 00:03:00.000000,180.0,12.971850416505204,77.59477037643327,0.0,0.0,0.06942303440314612,-0.9297157622740388,0.932304111503611,-0.3591701275640398,0.3489043320705476,1.6968004812652886,0.0,0.5,1232.780169198711,1225.9301258044084,1217.7303000813206,1235.7459392043666,1228.4219704439236,1229.0323526842776,-0.11510041921143299,-0.01678793398603837,0.5563812908265431
